pert_id	pert_iname	molecule_chembl_id	parent_chembl_id	target_chembl_id	uniprot	gene_symbol	entrez	target_type	organism	action_type	direct_interaction	is_landmark	mechanism_of_action
BRD-A42571354	cetirizine	CHEMBL1000	CHEMBL1000	CHEMBL231	P35367	HRH1		SINGLE PROTEIN	Homo sapiens	ANTAGONIST	1	0	Histamine H1 receptor antagonist
BRD-A44008656	doxylamine	CHEMBL1004	CHEMBL1004	CHEMBL231	P35367	HRH1		SINGLE PROTEIN	Homo sapiens	ANTAGONIST	1	0	Histamine H1 receptor antagonist
BRD-A65671304	candesartan-cilextil	CHEMBL1014	CHEMBL1014	CHEMBL227	P30556	AGTR1		SINGLE PROTEIN	Homo sapiens	ANTAGONIST	1	0	Type-1 angiotensin II receptor antagonist
BRD-K73999723	telmisartan	CHEMBL1017	CHEMBL1017	CHEMBL227	P30556	AGTR1		SINGLE PROTEIN	Homo sapiens	ANTAGONIST	1	0	Type-1 angiotensin II receptor antagonist
BRD-K34730807	levodopa	CHEMBL1009	CHEMBL1009	CHEMBL234	P35462	DRD3		SINGLE PROTEIN	Homo sapiens	AGONIST	1	0	Dopamine D3 receptor agonist
BRD-K77175907	calcifediol	CHEMBL1040	CHEMBL1040	CHEMBL1977	P11473	VDR		SINGLE PROTEIN	Homo sapiens	AGONIST	1	0	Vitamin D receptor agonist
BRD-K33251802	miglustat	CHEMBL1029	CHEMBL1029	CHEMBL2063	Q16739	UGCG		SINGLE PROTEIN	Homo sapiens	INHIBITOR	1	0	Ceramide glucosyltransferase inhibitor
BRD-K95309561	dienestrol	CHEMBL1018	CHEMBL1018	CHEMBL206	P03372	ESR1		SINGLE PROTEIN	Homo sapiens	AGONIST	1	0	Estrogen receptor alpha agonist
BRD-A14262390	guanadrel	CHEMBL1037	CHEMBL1037	CHEMBL222	P23975	SLC6A2		SINGLE PROTEIN	Homo sapiens	SUBSTRATE	1	0	Norepinephrine transporter substrate
BRD-K64994968	progesterone	CHEMBL103	CHEMBL103	CHEMBL208	P06401	PGR		SINGLE PROTEIN	Homo sapiens	AGONIST	1	0	Progesterone receptor agonist
BRD-K04112579	nepafenac	CHEMBL1021	CHEMBL1021	CHEMBL2094253	P35354	PTGS2	5743	PROTEIN FAMILY	Homo sapiens	INHIBITOR	1	1	Cyclooxygenase inhibitor
BRD-K04112579	nepafenac	CHEMBL1021	CHEMBL1021	CHEMBL2094253	P23219	PTGS1		PROTEIN FAMILY	Homo sapiens	INHIBITOR	1	0	Cyclooxygenase inhibitor
BRD-K82562631	tolmetin	CHEMBL1020	CHEMBL1020	CHEMBL2094253	P35354	PTGS2	5743	PROTEIN FAMILY	Homo sapiens	INHIBITOR	1	1	Cyclooxygenase inhibitor
BRD-K82562631	tolmetin	CHEMBL1020	CHEMBL1020	CHEMBL2094253	P23219	PTGS1		PROTEIN FAMILY	Homo sapiens	INHIBITOR	1	0	Cyclooxygenase inhibitor
BRD-K10843433	phenylbutazone	CHEMBL101	CHEMBL101	CHEMBL2094253	P35354	PTGS2	5743	PROTEIN FAMILY	Homo sapiens	INHIBITOR	1	1	Cyclooxygenase inhibitor
BRD-K10843433	phenylbutazone	CHEMBL101	CHEMBL101	CHEMBL2094253	P23219	PTGS1		PROTEIN FAMILY	Homo sapiens	INHIBITOR	1	0	Cyclooxygenase inhibitor
BRD-K34469523	levalbuterol	CHEMBL1002	CHEMBL1002	CHEMBL210	P07550	ADRB2	154	SINGLE PROTEIN	Homo sapiens	AGONIST	1	1	Beta-2 adrenergic receptor agonist
BRD-K34469523	levalbuterol	CHEMBL1002	CHEMBL1002	CHEMBL210	P07550	ADRB2	154	SINGLE PROTEIN	Homo sapiens	AGONIST	1	1	Beta-2 adrenergic receptor agonist
BRD-K60160658	tiagabine	CHEMBL1027	CHEMBL1027	CHEMBL1903	P30531	SLC6A1		SINGLE PROTEIN	Homo sapiens	INHIBITOR	1	0	GABA transporter 1 inhibitor
BRD-K15916496	clotrimazole	CHEMBL104	CHEMBL104	CHEMBL1780	P10613	ERG11		SINGLE PROTEIN	Candida albicans (strain SC5314 / ATCC MYA-2876) (Yeast)	INHIBITOR	1	0	Cytochrome P450 51 inhibitor
BRD-K92441787	bexarotene	CHEMBL1023	CHEMBL1023	CHEMBL2363070	P28702	RXRB		PROTEIN FAMILY	Homo sapiens	AGONIST	1	0	Retinoid X receptor agonist
BRD-K92441787	bexarotene	CHEMBL1023	CHEMBL1023	CHEMBL2363070	P48443	RXRG		PROTEIN FAMILY	Homo sapiens	AGONIST	1	0	Retinoid X receptor agonist
BRD-K92441787	bexarotene	CHEMBL1023	CHEMBL1023	CHEMBL2363070	P19793	RXRA		PROTEIN FAMILY	Homo sapiens	AGONIST	1	0	Retinoid X receptor agonist
BRD-K28935038	loracarbef	CHEMBL1013	CHEMBL1013	CHEMBL2354204	P24228	dacB		PROTEIN FAMILY	Bacteria	INHIBITOR	1	0	Bacterial penicillin-binding protein inhibitor
BRD-K28935038	loracarbef	CHEMBL1013	CHEMBL1013	CHEMBL2354204	P0AD68	ftsI		PROTEIN FAMILY	Bacteria	INHIBITOR	1	0	Bacterial penicillin-binding protein inhibitor
BRD-K28935038	loracarbef	CHEMBL1013	CHEMBL1013	CHEMBL2354204	P02918	mrcA		PROTEIN FAMILY	Bacteria	INHIBITOR	1	0	Bacterial penicillin-binding protein inhibitor
BRD-K28935038	loracarbef	CHEMBL1013	CHEMBL1013	CHEMBL2354204	P02919	mrcB		PROTEIN FAMILY	Bacteria	INHIBITOR	1	0	Bacterial penicillin-binding protein inhibitor
BRD-K28935038	loracarbef	CHEMBL1013	CHEMBL1013	CHEMBL2354204	P0AEB2	dacA		PROTEIN FAMILY	Bacteria	INHIBITOR	1	0	Bacterial penicillin-binding protein inhibitor
BRD-K28935038	loracarbef	CHEMBL1013	CHEMBL1013	CHEMBL2354204	P0AD65	mrdA		PROTEIN FAMILY	Bacteria	INHIBITOR	1	0	Bacterial penicillin-binding protein inhibitor
BRD-K28935038	loracarbef	CHEMBL1013	CHEMBL1013	CHEMBL2354204	P08506	dacC		PROTEIN FAMILY	Bacteria	INHIBITOR	1	0	Bacterial penicillin-binding protein inhibitor
BRD-A67097164	ifosfamide	CHEMBL1024	CHEMBL1024	CHEMBL2311221				NUCLEIC-ACID	Homo sapiens	INHIBITOR	1	0	DNA inhibitor
BRD-A91008255	bepridil	CHEMBL1008	CHEMBL1008	CHEMBL2363032	O95180	CACNA1H		PROTEIN COMPLEX GROUP	Homo sapiens	BLOCKER	1	0	Voltage-gated calcium channel blocker
BRD-A91008255	bepridil	CHEMBL1008	CHEMBL1008	CHEMBL2363032	P54289	CACNA2D1		PROTEIN COMPLEX GROUP	Homo sapiens	BLOCKER	1	0	Voltage-gated calcium channel blocker
BRD-A91008255	bepridil	CHEMBL1008	CHEMBL1008	CHEMBL2363032	Q13936	CACNA1C		PROTEIN COMPLEX GROUP	Homo sapiens	BLOCKER	1	0	Voltage-gated calcium channel blocker
BRD-A91008255	bepridil	CHEMBL1008	CHEMBL1008	CHEMBL2363032	Q8IZS8	CACNA2D3		PROTEIN COMPLEX GROUP	Homo sapiens	BLOCKER	1	0	Voltage-gated calcium channel blocker
BRD-A91008255	bepridil	CHEMBL1008	CHEMBL1008	CHEMBL2363032	Q13698	CACNA1S		PROTEIN COMPLEX GROUP	Homo sapiens	BLOCKER	1	0	Voltage-gated calcium channel blocker
BRD-A91008255	bepridil	CHEMBL1008	CHEMBL1008	CHEMBL2363032	Q9NY47	CACNA2D2		PROTEIN COMPLEX GROUP	Homo sapiens	BLOCKER	1	0	Voltage-gated calcium channel blocker
BRD-A91008255	bepridil	CHEMBL1008	CHEMBL1008	CHEMBL2363032	Q01668	CACNA1D		PROTEIN COMPLEX GROUP	Homo sapiens	BLOCKER	1	0	Voltage-gated calcium channel blocker
BRD-A91008255	bepridil	CHEMBL1008	CHEMBL1008	CHEMBL2363032	O00555	CACNA1A		PROTEIN COMPLEX GROUP	Homo sapiens	BLOCKER	1	0	Voltage-gated calcium channel blocker
BRD-A91008255	bepridil	CHEMBL1008	CHEMBL1008	CHEMBL2363032	Q00975	CACNA1B		PROTEIN COMPLEX GROUP	Homo sapiens	BLOCKER	1	0	Voltage-gated calcium channel blocker
BRD-A91008255	bepridil	CHEMBL1008	CHEMBL1008	CHEMBL2363032	O43497	CACNA1G		PROTEIN COMPLEX GROUP	Homo sapiens	BLOCKER	1	0	Voltage-gated calcium channel blocker
BRD-A91008255	bepridil	CHEMBL1008	CHEMBL1008	CHEMBL2363032	Q7Z3S7	CACNA2D4		PROTEIN COMPLEX GROUP	Homo sapiens	BLOCKER	1	0	Voltage-gated calcium channel blocker
BRD-A91008255	bepridil	CHEMBL1008	CHEMBL1008	CHEMBL2363032	Q9P0X4	CACNA1I		PROTEIN COMPLEX GROUP	Homo sapiens	BLOCKER	1	0	Voltage-gated calcium channel blocker
BRD-A91008255	bepridil	CHEMBL1008	CHEMBL1008	CHEMBL2363032	O60840	CACNA1F		PROTEIN COMPLEX GROUP	Homo sapiens	BLOCKER	1	0	Voltage-gated calcium channel blocker
BRD-A91008255	bepridil	CHEMBL1008	CHEMBL1008	CHEMBL2363032	Q15878	CACNA1E		PROTEIN COMPLEX GROUP	Homo sapiens	BLOCKER	1	0	Voltage-gated calcium channel blocker
BRD-A91008255	bepridil	CHEMBL1008	CHEMBL1008	CHEMBL2363032	O00305	CACNB4		PROTEIN COMPLEX GROUP	Homo sapiens	BLOCKER	1	0	Voltage-gated calcium channel blocker
BRD-A91008255	bepridil	CHEMBL1008	CHEMBL1008	CHEMBL2363032	Q08289	CACNB2		PROTEIN COMPLEX GROUP	Homo sapiens	BLOCKER	1	0	Voltage-gated calcium channel blocker
BRD-A91008255	bepridil	CHEMBL1008	CHEMBL1008	CHEMBL2363032	Q02641	CACNB1		PROTEIN COMPLEX GROUP	Homo sapiens	BLOCKER	1	0	Voltage-gated calcium channel blocker
BRD-A91008255	bepridil	CHEMBL1008	CHEMBL1008	CHEMBL2363032	P54284	CACNB3		PROTEIN COMPLEX GROUP	Homo sapiens	BLOCKER	1	0	Voltage-gated calcium channel blocker
BRD-A91008255	bepridil	CHEMBL1008	CHEMBL1008	CHEMBL2363032	P62955	CACNG7		PROTEIN COMPLEX GROUP	Homo sapiens	BLOCKER	1	0	Voltage-gated calcium channel blocker
BRD-A91008255	bepridil	CHEMBL1008	CHEMBL1008	CHEMBL2363032	Q9UF02	CACNG5		PROTEIN COMPLEX GROUP	Homo sapiens	BLOCKER	1	0	Voltage-gated calcium channel blocker
BRD-A91008255	bepridil	CHEMBL1008	CHEMBL1008	CHEMBL2363032	Q9Y698	CACNG2		PROTEIN COMPLEX GROUP	Homo sapiens	BLOCKER	1	0	Voltage-gated calcium channel blocker
BRD-A91008255	bepridil	CHEMBL1008	CHEMBL1008	CHEMBL2363032	Q9UBN1	CACNG4		PROTEIN COMPLEX GROUP	Homo sapiens	BLOCKER	1	0	Voltage-gated calcium channel blocker
BRD-A91008255	bepridil	CHEMBL1008	CHEMBL1008	CHEMBL2363032	Q8WXS5	CACNG8		PROTEIN COMPLEX GROUP	Homo sapiens	BLOCKER	1	0	Voltage-gated calcium channel blocker
BRD-A91008255	bepridil	CHEMBL1008	CHEMBL1008	CHEMBL2363032	O60359	CACNG3		PROTEIN COMPLEX GROUP	Homo sapiens	BLOCKER	1	0	Voltage-gated calcium channel blocker
BRD-A91008255	bepridil	CHEMBL1008	CHEMBL1008	CHEMBL2363032	Q9BXT2	CACNG6		PROTEIN COMPLEX GROUP	Homo sapiens	BLOCKER	1	0	Voltage-gated calcium channel blocker
BRD-A91008255	bepridil	CHEMBL1008	CHEMBL1008	CHEMBL2363032	Q06432	CACNG1		PROTEIN COMPLEX GROUP	Homo sapiens	BLOCKER	1	0	Voltage-gated calcium channel blocker
BRD-K74065929	doramapimod	CHEMBL103667	CHEMBL103667	CHEMBL260	Q16539	MAPK14		SINGLE PROTEIN	Homo sapiens	INHIBITOR	1	0	MAP kinase p38 alpha inhibitor
BRD-K47095176	talnetant	CHEMBL10188	CHEMBL10188	CHEMBL4429	P29371	TACR3		SINGLE PROTEIN	Homo sapiens	ANTAGONIST	1	0	Neurokinin 3 receptor antagonist
BRD-K70163715	vatalanib	CHEMBL101253	CHEMBL101253	CHEMBL1936	P10721	KIT	3815	SINGLE PROTEIN	Homo sapiens	INHIBITOR	1	1	Stem cell growth factor receptor inhibitor
BRD-K70163715	vatalanib	CHEMBL101253	CHEMBL101253	CHEMBL2095189	P09619	PDGFRB		PROTEIN COMPLEX	Homo sapiens	INHIBITOR	1	0	Platelet-derived growth factor receptor inhibitor
BRD-K70163715	vatalanib	CHEMBL101253	CHEMBL101253	CHEMBL2095189	P16234	PDGFRA		PROTEIN COMPLEX	Homo sapiens	INHIBITOR	1	0	Platelet-derived growth factor receptor inhibitor
BRD-K70163715	vatalanib	CHEMBL101253	CHEMBL101253	CHEMBL2095227	P17948	FLT1		PROTEIN FAMILY	Homo sapiens	INHIBITOR	1	0	Vascular endothelial growth factor receptor inhibitor
BRD-K70163715	vatalanib	CHEMBL101253	CHEMBL101253	CHEMBL2095227	P35916	FLT4		PROTEIN FAMILY	Homo sapiens	INHIBITOR	1	0	Vascular endothelial growth factor receptor inhibitor
BRD-K70163715	vatalanib	CHEMBL101253	CHEMBL101253	CHEMBL2095227	P35968	KDR		PROTEIN FAMILY	Homo sapiens	INHIBITOR	1	0	Vascular endothelial growth factor receptor inhibitor
BRD-K70163715	vatalanib	CHEMBL101253	CHEMBL101253	CHEMBL1844	P07333	CSF1R		SINGLE PROTEIN	Homo sapiens	INHIBITOR	1	0	Macrophage colony stimulating factor receptor inhibitor
BRD-K84091759	candesartan	CHEMBL1016	CHEMBL1016	CHEMBL227	P30556	AGTR1		SINGLE PROTEIN	Homo sapiens	ANTAGONIST	1	0	Type-1 angiotensin II receptor antagonist
BRD-A18696154	idazoxan	CHEMBL10316	CHEMBL10316	CHEMBL2095158	P08913	ADRA2A		PROTEIN FAMILY	Homo sapiens	ANTAGONIST	1	0	Adrenergic receptor alpha-2 antagonist
BRD-A18696154	idazoxan	CHEMBL10316	CHEMBL10316	CHEMBL2095158	P18825	ADRA2C		PROTEIN FAMILY	Homo sapiens	ANTAGONIST	1	0	Adrenergic receptor alpha-2 antagonist
BRD-A18696154	idazoxan	CHEMBL10316	CHEMBL10316	CHEMBL2095158	P18089	ADRA2B		PROTEIN FAMILY	Homo sapiens	ANTAGONIST	1	0	Adrenergic receptor alpha-2 antagonist
BRD-K64931368	aminocaproic-acid	CHEMBL1046	CHEMBL1046	CHEMBL1801	P00747	PLG		SINGLE PROTEIN	Homo sapiens	INHIBITOR	1	0	Plasminogen inhibitor
BRD-K45158365	valsartan	CHEMBL1069	CHEMBL1069	CHEMBL227	P30556	AGTR1		SINGLE PROTEIN	Homo sapiens	ANTAGONIST	1	0	Type-1 angiotensin II receptor antagonist
BRD-K35941380	methysergide	CHEMBL1065	CHEMBL1065	CHEMBL1833	P41595	HTR2B		SINGLE PROTEIN	Homo sapiens	ANTAGONIST	1	0	Serotonin 2b (5-HT2b) receptor antagonist
BRD-K64931368	aminocaproic-acid	CHEMBL1046	CHEMBL1046	CHEMBL1873	P00750	PLAT		SINGLE PROTEIN	Homo sapiens	INHIBITOR	1	0	Tissue-type plasminogen activator inhibitor
BRD-K38197229	bumetanide	CHEMBL1072	CHEMBL1072	CHEMBL1874	Q13621	SLC12A1		SINGLE PROTEIN	Homo sapiens	INHIBITOR	1	0	Sodium-(potassium)-chloride cotransporter 2 inhibitor
BRD-A28940325	trichlormethiazide	CHEMBL1054	CHEMBL1054	CHEMBL1876	P55017	SLC12A3		SINGLE PROTEIN	Homo sapiens	INHIBITOR	1	0	Thiazide-sensitive sodium-chloride cotransporter inhibitor
BRD-A26384407	chlorthalidone	CHEMBL1055	CHEMBL1055	CHEMBL1876	P55017	SLC12A3		SINGLE PROTEIN	Homo sapiens	INHIBITOR	1	0	Thiazide-sensitive sodium-chloride cotransporter inhibitor
BRD-K35941380	methysergide	CHEMBL1065	CHEMBL1065	CHEMBL214	P08908	HTR1A		SINGLE PROTEIN	Homo sapiens	PARTIAL AGONIST	1	0	Serotonin 1a (5-HT1a) receptor partial agonist
BRD-K35941380	methysergide	CHEMBL1065	CHEMBL1065	CHEMBL225	P28335	HTR2C		SINGLE PROTEIN	Homo sapiens	ANTAGONIST	1	0	Serotonin 2c (5-HT2c) receptor antagonist
BRD-K10961822	latanoprost	CHEMBL1051	CHEMBL1051	CHEMBL1987	P43088	PTGFR		SINGLE PROTEIN	Homo sapiens	AGONIST	1	0	Prostanoid FP receptor agonist
BRD-K18855837	varenicline	CHEMBL1076903	CHEMBL1076903	CHEMBL1907589	P17787	CHRNB2		PROTEIN COMPLEX	Homo sapiens	AGONIST	1	0	Neuronal acetylcholine receptor; alpha4/beta2 agonist
BRD-K18855837	varenicline	CHEMBL1076903	CHEMBL1076903	CHEMBL1907589	P43681	CHRNA4		PROTEIN COMPLEX	Homo sapiens	AGONIST	1	0	Neuronal acetylcholine receptor; alpha4/beta2 agonist
BRD-K22134346	simvastatin	CHEMBL1064	CHEMBL1064	CHEMBL402	P04035	HMGCR	3156	SINGLE PROTEIN	Homo sapiens	INHIBITOR	1	1	HMG-CoA reductase inhibitor
BRD-K00259736	colchicine	CHEMBL107	CHEMBL107	CHEMBL2095182	P68371	TUBB4B		PROTEIN COMPLEX GROUP	Homo sapiens	INHIBITOR	1	0	Tubulin inhibitor
BRD-K00259736	colchicine	CHEMBL107	CHEMBL107	CHEMBL2095182	Q9H4B7	TUBB1		PROTEIN COMPLEX GROUP	Homo sapiens	INHIBITOR	1	0	Tubulin inhibitor
BRD-K00259736	colchicine	CHEMBL107	CHEMBL107	CHEMBL2095182	P0DPH7	TUBA3C		PROTEIN COMPLEX GROUP	Homo sapiens	INHIBITOR	1	0	Tubulin inhibitor
BRD-K00259736	colchicine	CHEMBL107	CHEMBL107	CHEMBL2095182	P68366	TUBA4A		PROTEIN COMPLEX GROUP	Homo sapiens	INHIBITOR	1	0	Tubulin inhibitor
BRD-K00259736	colchicine	CHEMBL107	CHEMBL107	CHEMBL2095182	Q13509	TUBB3		PROTEIN COMPLEX GROUP	Homo sapiens	INHIBITOR	1	0	Tubulin inhibitor
BRD-K00259736	colchicine	CHEMBL107	CHEMBL107	CHEMBL2095182	Q71U36	TUBA1A		PROTEIN COMPLEX GROUP	Homo sapiens	INHIBITOR	1	0	Tubulin inhibitor
BRD-K00259736	colchicine	CHEMBL107	CHEMBL107	CHEMBL2095182	P04350	TUBB4A		PROTEIN COMPLEX GROUP	Homo sapiens	INHIBITOR	1	0	Tubulin inhibitor
BRD-K00259736	colchicine	CHEMBL107	CHEMBL107	CHEMBL2095182	Q3ZCM7	TUBB8		PROTEIN COMPLEX GROUP	Homo sapiens	INHIBITOR	1	0	Tubulin inhibitor
BRD-K00259736	colchicine	CHEMBL107	CHEMBL107	CHEMBL2095182	P07437	TUBB		PROTEIN COMPLEX GROUP	Homo sapiens	INHIBITOR	1	0	Tubulin inhibitor
BRD-K00259736	colchicine	CHEMBL107	CHEMBL107	CHEMBL2095182	P68363	TUBA1B		PROTEIN COMPLEX GROUP	Homo sapiens	INHIBITOR	1	0	Tubulin inhibitor
BRD-K00259736	colchicine	CHEMBL107	CHEMBL107	CHEMBL2095182	Q9BQE3	TUBA1C		PROTEIN COMPLEX GROUP	Homo sapiens	INHIBITOR	1	0	Tubulin inhibitor
BRD-K00259736	colchicine	CHEMBL107	CHEMBL107	CHEMBL2095182	Q6PEY2	TUBA3E		PROTEIN COMPLEX GROUP	Homo sapiens	INHIBITOR	1	0	Tubulin inhibitor
BRD-K00259736	colchicine	CHEMBL107	CHEMBL107	CHEMBL2095182	Q13885	TUBB2A		PROTEIN COMPLEX GROUP	Homo sapiens	INHIBITOR	1	0	Tubulin inhibitor
BRD-K00259736	colchicine	CHEMBL107	CHEMBL107	CHEMBL2095182	Q9BVA1	TUBB2B		PROTEIN COMPLEX GROUP	Homo sapiens	INHIBITOR	1	0	Tubulin inhibitor
BRD-K00259736	colchicine	CHEMBL107	CHEMBL107	CHEMBL2095182	Q9BUF5	TUBB6	84617	PROTEIN COMPLEX GROUP	Homo sapiens	INHIBITOR	1	1	Tubulin inhibitor
BRD-K06335600	tizanidine	CHEMBL1079	CHEMBL1079	CHEMBL2095158	P08913	ADRA2A		PROTEIN FAMILY	Homo sapiens	AGONIST	1	0	Adrenergic receptor alpha-2 agonist
BRD-K06335600	tizanidine	CHEMBL1079	CHEMBL1079	CHEMBL2095158	P18825	ADRA2C		PROTEIN FAMILY	Homo sapiens	AGONIST	1	0	Adrenergic receptor alpha-2 agonist
BRD-K06335600	tizanidine	CHEMBL1079	CHEMBL1079	CHEMBL2095158	P18089	ADRA2B		PROTEIN FAMILY	Homo sapiens	AGONIST	1	0	Adrenergic receptor alpha-2 agonist
BRD-K47679368	bromfenac	CHEMBL1077	CHEMBL1077	CHEMBL2094253	P35354	PTGS2	5743	PROTEIN FAMILY	Homo sapiens	INHIBITOR	1	1	Cyclooxygenase inhibitor
BRD-K47679368	bromfenac	CHEMBL1077	CHEMBL1077	CHEMBL2094253	P23219	PTGS1		PROTEIN FAMILY	Homo sapiens	INHIBITOR	1	0	Cyclooxygenase inhibitor
BRD-K25394294	oxaprozin	CHEMBL1071	CHEMBL1071	CHEMBL2094253	P35354	PTGS2	5743	PROTEIN FAMILY	Homo sapiens	INHIBITOR	1	1	Cyclooxygenase inhibitor
BRD-K25394294	oxaprozin	CHEMBL1071	CHEMBL1071	CHEMBL2094253	P23219	PTGS1		PROTEIN FAMILY	Homo sapiens	INHIBITOR	1	0	Cyclooxygenase inhibitor
BRD-K25394294	oxaprozin	CHEMBL1071	CHEMBL1071	CHEMBL2094253	P35354	PTGS2	5743	PROTEIN FAMILY	Homo sapiens	INHIBITOR	1	1	Cyclooxygenase inhibitor
BRD-K25394294	oxaprozin	CHEMBL1071	CHEMBL1071	CHEMBL2094253	P23219	PTGS1		PROTEIN FAMILY	Homo sapiens	INHIBITOR	1	0	Cyclooxygenase inhibitor
BRD-K12219985	glipizide	CHEMBL1073	CHEMBL1073	CHEMBL2096972	Q14654	KCNJ11		PROTEIN COMPLEX	Homo sapiens	BLOCKER	1	0	Sulfonylurea receptor 1, Kir6.2 blocker
BRD-K12219985	glipizide	CHEMBL1073	CHEMBL1073	CHEMBL2096972	Q09428	ABCC8		PROTEIN COMPLEX	Homo sapiens	BLOCKER	1	0	Sulfonylurea receptor 1, Kir6.2 blocker
BRD-K05977355	fluconazole	CHEMBL106	CHEMBL106	CHEMBL1780	P10613	ERG11		SINGLE PROTEIN	Candida albicans (strain SC5314 / ATCC MYA-2876) (Yeast)	INHIBITOR	1	0	Cytochrome P450 51 inhibitor
BRD-K65146499	nabumetone	CHEMBL1070	CHEMBL1070	CHEMBL230	P35354	PTGS2	5743	SINGLE PROTEIN	Homo sapiens	INHIBITOR	1	1	Cyclooxygenase-2 inhibitor
BRD-K62363391	dapsone	CHEMBL1043	CHEMBL1043	CHEMBL2362993	P0C0X1	folP1		SINGLE PROTEIN	Mycobacterium leprae (strain TN)	INHIBITOR	1	0	Dihydropteroate synthase 1 inhibitor
BRD-K50938786	ropivacaine	CHEMBL1077896	CHEMBL1077896	CHEMBL2331043	P35498	SCN1A		PROTEIN FAMILY	Homo sapiens	BLOCKER	1	0	Sodium channel alpha subunit blocker
BRD-K50938786	ropivacaine	CHEMBL1077896	CHEMBL1077896	CHEMBL2331043	Q14524	SCN5A		PROTEIN FAMILY	Homo sapiens	BLOCKER	1	0	Sodium channel alpha subunit blocker
BRD-K50938786	ropivacaine	CHEMBL1077896	CHEMBL1077896	CHEMBL2331043	P35499	SCN4A		PROTEIN FAMILY	Homo sapiens	BLOCKER	1	0	Sodium channel alpha subunit blocker
BRD-K50938786	ropivacaine	CHEMBL1077896	CHEMBL1077896	CHEMBL2331043	Q01118	SCN7A		PROTEIN FAMILY	Homo sapiens	BLOCKER	1	0	Sodium channel alpha subunit blocker
BRD-K50938786	ropivacaine	CHEMBL1077896	CHEMBL1077896	CHEMBL2331043	Q99250	SCN2A		PROTEIN FAMILY	Homo sapiens	BLOCKER	1	0	Sodium channel alpha subunit blocker
BRD-K50938786	ropivacaine	CHEMBL1077896	CHEMBL1077896	CHEMBL2331043	Q15858	SCN9A		PROTEIN FAMILY	Homo sapiens	BLOCKER	1	0	Sodium channel alpha subunit blocker
BRD-K50938786	ropivacaine	CHEMBL1077896	CHEMBL1077896	CHEMBL2331043	Q9NY46	SCN3A		PROTEIN FAMILY	Homo sapiens	BLOCKER	1	0	Sodium channel alpha subunit blocker
BRD-K50938786	ropivacaine	CHEMBL1077896	CHEMBL1077896	CHEMBL2331043	Q9UI33	SCN11A		PROTEIN FAMILY	Homo sapiens	BLOCKER	1	0	Sodium channel alpha subunit blocker
BRD-K50938786	ropivacaine	CHEMBL1077896	CHEMBL1077896	CHEMBL2331043	Q9UQD0	SCN8A		PROTEIN FAMILY	Homo sapiens	BLOCKER	1	0	Sodium channel alpha subunit blocker
BRD-K50938786	ropivacaine	CHEMBL1077896	CHEMBL1077896	CHEMBL2331043	Q9Y5Y9	SCN10A		PROTEIN FAMILY	Homo sapiens	BLOCKER	1	0	Sodium channel alpha subunit blocker
BRD-K21548250	moracizine	CHEMBL1075	CHEMBL1075	CHEMBL2331043	P35498	SCN1A		PROTEIN FAMILY	Homo sapiens	BLOCKER	1	0	Sodium channel alpha subunit blocker
BRD-K21548250	moracizine	CHEMBL1075	CHEMBL1075	CHEMBL2331043	Q14524	SCN5A		PROTEIN FAMILY	Homo sapiens	BLOCKER	1	0	Sodium channel alpha subunit blocker
BRD-K21548250	moracizine	CHEMBL1075	CHEMBL1075	CHEMBL2331043	P35499	SCN4A		PROTEIN FAMILY	Homo sapiens	BLOCKER	1	0	Sodium channel alpha subunit blocker
BRD-K21548250	moracizine	CHEMBL1075	CHEMBL1075	CHEMBL2331043	Q01118	SCN7A		PROTEIN FAMILY	Homo sapiens	BLOCKER	1	0	Sodium channel alpha subunit blocker
BRD-K21548250	moracizine	CHEMBL1075	CHEMBL1075	CHEMBL2331043	Q99250	SCN2A		PROTEIN FAMILY	Homo sapiens	BLOCKER	1	0	Sodium channel alpha subunit blocker
BRD-K21548250	moracizine	CHEMBL1075	CHEMBL1075	CHEMBL2331043	Q15858	SCN9A		PROTEIN FAMILY	Homo sapiens	BLOCKER	1	0	Sodium channel alpha subunit blocker
BRD-K21548250	moracizine	CHEMBL1075	CHEMBL1075	CHEMBL2331043	Q9NY46	SCN3A		PROTEIN FAMILY	Homo sapiens	BLOCKER	1	0	Sodium channel alpha subunit blocker
BRD-K21548250	moracizine	CHEMBL1075	CHEMBL1075	CHEMBL2331043	Q9UI33	SCN11A		PROTEIN FAMILY	Homo sapiens	BLOCKER	1	0	Sodium channel alpha subunit blocker
BRD-K21548250	moracizine	CHEMBL1075	CHEMBL1075	CHEMBL2331043	Q9UQD0	SCN8A		PROTEIN FAMILY	Homo sapiens	BLOCKER	1	0	Sodium channel alpha subunit blocker
BRD-K21548250	moracizine	CHEMBL1075	CHEMBL1075	CHEMBL2331043	Q9Y5Y9	SCN10A		PROTEIN FAMILY	Homo sapiens	BLOCKER	1	0	Sodium channel alpha subunit blocker
BRD-K04196797	oxcarbazepine	CHEMBL1068	CHEMBL1068	CHEMBL2331043	P35498	SCN1A		PROTEIN FAMILY	Homo sapiens	BLOCKER	1	0	Sodium channel alpha subunit blocker
BRD-K04196797	oxcarbazepine	CHEMBL1068	CHEMBL1068	CHEMBL2331043	Q14524	SCN5A		PROTEIN FAMILY	Homo sapiens	BLOCKER	1	0	Sodium channel alpha subunit blocker
BRD-K04196797	oxcarbazepine	CHEMBL1068	CHEMBL1068	CHEMBL2331043	P35499	SCN4A		PROTEIN FAMILY	Homo sapiens	BLOCKER	1	0	Sodium channel alpha subunit blocker
BRD-K04196797	oxcarbazepine	CHEMBL1068	CHEMBL1068	CHEMBL2331043	Q01118	SCN7A		PROTEIN FAMILY	Homo sapiens	BLOCKER	1	0	Sodium channel alpha subunit blocker
BRD-K04196797	oxcarbazepine	CHEMBL1068	CHEMBL1068	CHEMBL2331043	Q99250	SCN2A		PROTEIN FAMILY	Homo sapiens	BLOCKER	1	0	Sodium channel alpha subunit blocker
BRD-K04196797	oxcarbazepine	CHEMBL1068	CHEMBL1068	CHEMBL2331043	Q15858	SCN9A		PROTEIN FAMILY	Homo sapiens	BLOCKER	1	0	Sodium channel alpha subunit blocker
BRD-K04196797	oxcarbazepine	CHEMBL1068	CHEMBL1068	CHEMBL2331043	Q9NY46	SCN3A		PROTEIN FAMILY	Homo sapiens	BLOCKER	1	0	Sodium channel alpha subunit blocker
BRD-K04196797	oxcarbazepine	CHEMBL1068	CHEMBL1068	CHEMBL2331043	Q9UI33	SCN11A		PROTEIN FAMILY	Homo sapiens	BLOCKER	1	0	Sodium channel alpha subunit blocker
BRD-K04196797	oxcarbazepine	CHEMBL1068	CHEMBL1068	CHEMBL2331043	Q9UQD0	SCN8A		PROTEIN FAMILY	Homo sapiens	BLOCKER	1	0	Sodium channel alpha subunit blocker
BRD-K04196797	oxcarbazepine	CHEMBL1068	CHEMBL1068	CHEMBL2331043	Q9Y5Y9	SCN10A		PROTEIN FAMILY	Homo sapiens	BLOCKER	1	0	Sodium channel alpha subunit blocker
BRD-K05104363	PD-184352	CHEMBL105442	CHEMBL105442	CHEMBL3587	Q02750	MAP2K1		SINGLE PROTEIN	Homo sapiens	INHIBITOR	1	0	Dual specificity mitogen-activated protein kinase kinase 1 inhibitor
BRD-K05104363	PD-184352	CHEMBL105442	CHEMBL105442	CHEMBL2964	P36507	MAP2K2		SINGLE PROTEIN	Homo sapiens	INHIBITOR	1	0	Dual specificity mitogen-activated protein kinase kinase 2 inhibitor
BRD-K68065987	MK-2206	CHEMBL1079175	CHEMBL1079175	CHEMBL2111353	P31751	AKT2		PROTEIN FAMILY	Homo sapiens	INHIBITOR	1	0	Serine/threonine-protein kinase AKT inhibitor
BRD-K68065987	MK-2206	CHEMBL1079175	CHEMBL1079175	CHEMBL2111353	Q9Y243	AKT3		PROTEIN FAMILY	Homo sapiens	INHIBITOR	1	0	Serine/threonine-protein kinase AKT inhibitor
BRD-K68065987	MK-2206	CHEMBL1079175	CHEMBL1079175	CHEMBL2111353	P31749	AKT1	207	PROTEIN FAMILY	Homo sapiens	INHIBITOR	1	1	Serine/threonine-protein kinase AKT inhibitor
BRD-K87737963	CYT387	CHEMBL1078178	CHEMBL1078178	CHEMBL2835	P23458	JAK1		SINGLE PROTEIN	Homo sapiens	INHIBITOR	1	0	Tyrosine-protein kinase JAK1 inhibitor
BRD-K87737963	CYT387	CHEMBL1078178	CHEMBL1078178	CHEMBL2971	O60674	JAK2		SINGLE PROTEIN	Homo sapiens	INHIBITOR	1	0	Tyrosine-protein kinase JAK2 inhibitor
BRD-K77561571	topiroxostat	CHEMBL1078685	CHEMBL1078685	CHEMBL1929	P47989	XDH		SINGLE PROTEIN	Homo sapiens	INHIBITOR	1	0	Xanthine dehydrogenase inhibitor
BRD-K18855837	varenicline	CHEMBL1076903	CHEMBL1076903	CHEMBL1907589	P17787	CHRNB2		PROTEIN COMPLEX	Homo sapiens	PARTIAL AGONIST	1	0	Neuronal acetylcholine receptor; alpha4/beta2 partial agonist
BRD-K18855837	varenicline	CHEMBL1076903	CHEMBL1076903	CHEMBL1907589	P43681	CHRNA4		PROTEIN COMPLEX	Homo sapiens	PARTIAL AGONIST	1	0	Neuronal acetylcholine receptor; alpha4/beta2 partial agonist
BRD-K87737963	CYT387	CHEMBL1078178	CHEMBL1078178	CHEMBL2971	O60674	JAK2		SINGLE PROTEIN	Homo sapiens	INHIBITOR	1	0	Tyrosine-protein kinase JAK2 inhibitor
BRD-K87737963	CYT387	CHEMBL1078178	CHEMBL1078178	CHEMBL2835	P23458	JAK1		SINGLE PROTEIN	Homo sapiens	INHIBITOR	1	0	Tyrosine-protein kinase JAK1 inhibitor
BRD-K87737963	CYT387	CHEMBL1078178	CHEMBL1078178	CHEMBL2971	O60674	JAK2		SINGLE PROTEIN	Homo sapiens	INHIBITOR	1	0	Tyrosine-protein kinase JAK2 inhibitor
BRD-K87737963	CYT387	CHEMBL1078178	CHEMBL1078178	CHEMBL5903	Q04771	ACVR1		SINGLE PROTEIN	Homo sapiens	INHIBITOR	1	0	Activin receptor type-1 inhibitor
BRD-A14395271	mesoridazine	CHEMBL1088	CHEMBL1088	CHEMBL217	P14416	DRD2		SINGLE PROTEIN	Homo sapiens	ANTAGONIST	1	0	Dopamine D2 receptor antagonist
BRD-K41260949	valproic-acid	CHEMBL109	CHEMBL109	CHEMBL1911	P51649	ALDH5A1		SINGLE PROTEIN	Homo sapiens	INHIBITOR	1	0	Succinate semialdehyde dehydrogenase inhibitor
BRD-K41260949	valproic-acid	CHEMBL109	CHEMBL109	CHEMBL1911	P51649	ALDH5A1		SINGLE PROTEIN	Homo sapiens	INHIBITOR	1	0	Succinate semialdehyde dehydrogenase inhibitor
BRD-K41260949	valproic-acid	CHEMBL109	CHEMBL109	CHEMBL1911	P51649	ALDH5A1		SINGLE PROTEIN	Homo sapiens	INHIBITOR	1	0	Succinate semialdehyde dehydrogenase inhibitor
BRD-K99121711	cinchocaine	CHEMBL1086	CHEMBL1086	CHEMBL1980	Q14524	SCN5A		SINGLE PROTEIN	Homo sapiens	BLOCKER	1	0	Sodium channel protein type V alpha subunit blocker
BRD-A14395271	mesoridazine	CHEMBL1088	CHEMBL1088	CHEMBL224	P28223	HTR2A		SINGLE PROTEIN	Homo sapiens	ANTAGONIST	1	0	Serotonin 2a (5-HT2a) receptor antagonist
BRD-K99121711	cinchocaine	CHEMBL1086	CHEMBL1086	CHEMBL5451	Q9Y5Y9	SCN10A		SINGLE PROTEIN	Homo sapiens	BLOCKER	1	0	Sodium channel protein type X alpha subunit blocker
BRD-K87024524	phenelzine	CHEMBL1089	CHEMBL1089	CHEMBL2095205	P21397	MAOA		PROTEIN FAMILY	Homo sapiens	INHIBITOR	1	0	Monoamine oxidase inhibitor
BRD-K87024524	phenelzine	CHEMBL1089	CHEMBL1089	CHEMBL2095205	P27338	MAOB		PROTEIN FAMILY	Homo sapiens	INHIBITOR	1	0	Monoamine oxidase inhibitor
BRD-K56851771	enzalutamide	CHEMBL1082407	CHEMBL1082407	CHEMBL1871	P10275	AR		SINGLE PROTEIN	Homo sapiens	ANTAGONIST	1	0	Androgen Receptor antagonist
BRD-K72093121	vidarabine	CHEMBL1090	CHEMBL1090	CHEMBL1872	P04293			SINGLE PROTEIN	Herpes simplex virus (type 1 / strain 17)	INHIBITOR	1	0	Human herpesvirus 1 DNA polymerase inhibitor
BRD-K55044200	amoxicillin	CHEMBL1082	CHEMBL1082	CHEMBL2354204	P24228	dacB		PROTEIN FAMILY	Bacteria	INHIBITOR	1	0	Bacterial penicillin-binding protein inhibitor
BRD-K55044200	amoxicillin	CHEMBL1082	CHEMBL1082	CHEMBL2354204	P0AD68	ftsI		PROTEIN FAMILY	Bacteria	INHIBITOR	1	0	Bacterial penicillin-binding protein inhibitor
BRD-K55044200	amoxicillin	CHEMBL1082	CHEMBL1082	CHEMBL2354204	P02918	mrcA		PROTEIN FAMILY	Bacteria	INHIBITOR	1	0	Bacterial penicillin-binding protein inhibitor
BRD-K55044200	amoxicillin	CHEMBL1082	CHEMBL1082	CHEMBL2354204	P02919	mrcB		PROTEIN FAMILY	Bacteria	INHIBITOR	1	0	Bacterial penicillin-binding protein inhibitor
BRD-K55044200	amoxicillin	CHEMBL1082	CHEMBL1082	CHEMBL2354204	P0AEB2	dacA		PROTEIN FAMILY	Bacteria	INHIBITOR	1	0	Bacterial penicillin-binding protein inhibitor
BRD-K55044200	amoxicillin	CHEMBL1082	CHEMBL1082	CHEMBL2354204	P0AD65	mrdA		PROTEIN FAMILY	Bacteria	INHIBITOR	1	0	Bacterial penicillin-binding protein inhibitor
BRD-K55044200	amoxicillin	CHEMBL1082	CHEMBL1082	CHEMBL2354204	P08506	dacC		PROTEIN FAMILY	Bacteria	INHIBITOR	1	0	Bacterial penicillin-binding protein inhibitor
BRD-K71799949	carbamazepine	CHEMBL108	CHEMBL108	CHEMBL2331043	P35498	SCN1A		PROTEIN FAMILY	Homo sapiens	BLOCKER	1	0	Sodium channel alpha subunit blocker
BRD-K71799949	carbamazepine	CHEMBL108	CHEMBL108	CHEMBL2331043	Q14524	SCN5A		PROTEIN FAMILY	Homo sapiens	BLOCKER	1	0	Sodium channel alpha subunit blocker
BRD-K71799949	carbamazepine	CHEMBL108	CHEMBL108	CHEMBL2331043	P35499	SCN4A		PROTEIN FAMILY	Homo sapiens	BLOCKER	1	0	Sodium channel alpha subunit blocker
BRD-K71799949	carbamazepine	CHEMBL108	CHEMBL108	CHEMBL2331043	Q01118	SCN7A		PROTEIN FAMILY	Homo sapiens	BLOCKER	1	0	Sodium channel alpha subunit blocker
BRD-K71799949	carbamazepine	CHEMBL108	CHEMBL108	CHEMBL2331043	Q99250	SCN2A		PROTEIN FAMILY	Homo sapiens	BLOCKER	1	0	Sodium channel alpha subunit blocker
BRD-K71799949	carbamazepine	CHEMBL108	CHEMBL108	CHEMBL2331043	Q15858	SCN9A		PROTEIN FAMILY	Homo sapiens	BLOCKER	1	0	Sodium channel alpha subunit blocker
BRD-K71799949	carbamazepine	CHEMBL108	CHEMBL108	CHEMBL2331043	Q9NY46	SCN3A		PROTEIN FAMILY	Homo sapiens	BLOCKER	1	0	Sodium channel alpha subunit blocker
BRD-K71799949	carbamazepine	CHEMBL108	CHEMBL108	CHEMBL2331043	Q9UI33	SCN11A		PROTEIN FAMILY	Homo sapiens	BLOCKER	1	0	Sodium channel alpha subunit blocker
BRD-K71799949	carbamazepine	CHEMBL108	CHEMBL108	CHEMBL2331043	Q9UQD0	SCN8A		PROTEIN FAMILY	Homo sapiens	BLOCKER	1	0	Sodium channel alpha subunit blocker
BRD-K71799949	carbamazepine	CHEMBL108	CHEMBL108	CHEMBL2331043	Q9Y5Y9	SCN10A		PROTEIN FAMILY	Homo sapiens	BLOCKER	1	0	Sodium channel alpha subunit blocker
BRD-A03216249	mepivacaine	CHEMBL1087	CHEMBL1087	CHEMBL2331043	P35498	SCN1A		PROTEIN FAMILY	Homo sapiens	BLOCKER	1	0	Sodium channel alpha subunit blocker
BRD-A03216249	mepivacaine	CHEMBL1087	CHEMBL1087	CHEMBL2331043	Q14524	SCN5A		PROTEIN FAMILY	Homo sapiens	BLOCKER	1	0	Sodium channel alpha subunit blocker
BRD-A03216249	mepivacaine	CHEMBL1087	CHEMBL1087	CHEMBL2331043	P35499	SCN4A		PROTEIN FAMILY	Homo sapiens	BLOCKER	1	0	Sodium channel alpha subunit blocker
BRD-A03216249	mepivacaine	CHEMBL1087	CHEMBL1087	CHEMBL2331043	Q01118	SCN7A		PROTEIN FAMILY	Homo sapiens	BLOCKER	1	0	Sodium channel alpha subunit blocker
BRD-A03216249	mepivacaine	CHEMBL1087	CHEMBL1087	CHEMBL2331043	Q99250	SCN2A		PROTEIN FAMILY	Homo sapiens	BLOCKER	1	0	Sodium channel alpha subunit blocker
BRD-A03216249	mepivacaine	CHEMBL1087	CHEMBL1087	CHEMBL2331043	Q15858	SCN9A		PROTEIN FAMILY	Homo sapiens	BLOCKER	1	0	Sodium channel alpha subunit blocker
BRD-A03216249	mepivacaine	CHEMBL1087	CHEMBL1087	CHEMBL2331043	Q9NY46	SCN3A		PROTEIN FAMILY	Homo sapiens	BLOCKER	1	0	Sodium channel alpha subunit blocker
BRD-A03216249	mepivacaine	CHEMBL1087	CHEMBL1087	CHEMBL2331043	Q9UI33	SCN11A		PROTEIN FAMILY	Homo sapiens	BLOCKER	1	0	Sodium channel alpha subunit blocker
BRD-A03216249	mepivacaine	CHEMBL1087	CHEMBL1087	CHEMBL2331043	Q9UQD0	SCN8A		PROTEIN FAMILY	Homo sapiens	BLOCKER	1	0	Sodium channel alpha subunit blocker
BRD-A03216249	mepivacaine	CHEMBL1087	CHEMBL1087	CHEMBL2331043	Q9Y5Y9	SCN10A		PROTEIN FAMILY	Homo sapiens	BLOCKER	1	0	Sodium channel alpha subunit blocker
BRD-K94293891	suvorexant	CHEMBL1083659	CHEMBL1083659	CHEMBL3307226	O43614	HCRTR2		PROTEIN FAMILY	Homo sapiens	ANTAGONIST	1	0	Orexin receptor antagonist
BRD-K94293891	suvorexant	CHEMBL1083659	CHEMBL1083659	CHEMBL3307226	O43613	HCRTR1		PROTEIN FAMILY	Homo sapiens	ANTAGONIST	1	0	Orexin receptor antagonist
BRD-K99545815	PF-562271	CHEMBL1084546	CHEMBL1084546	CHEMBL2695	Q05397	PTK2	5747	SINGLE PROTEIN	Homo sapiens	INHIBITOR	1	1	Focal adhesion kinase 1 inhibitor
BRD-K95880107	PH-797804	CHEMBL1088751	CHEMBL1088751	CHEMBL260	Q16539	MAPK14		SINGLE PROTEIN	Homo sapiens	INHIBITOR	1	0	MAP kinase p38 alpha inhibitor
BRD-K56195681	losmapimod	CHEMBL1088752	CHEMBL1088752	CHEMBL260	Q16539	MAPK14		SINGLE PROTEIN	Homo sapiens	INHIBITOR	1	0	MAP kinase p38 alpha inhibitor
BRD-K56195681	losmapimod	CHEMBL1088752	CHEMBL1088752	CHEMBL3961	Q15759	MAPK11		SINGLE PROTEIN	Homo sapiens	INHIBITOR	1	0	MAP kinase p38 beta inhibitor
BRD-K84698278	agomelatine	CHEMBL10878	CHEMBL10878	CHEMBL2094268	P48039	MTNR1A		PROTEIN FAMILY	Homo sapiens	AGONIST	1	0	Melatonin receptor agonist
BRD-K84698278	agomelatine	CHEMBL10878	CHEMBL10878	CHEMBL2094268	P49286	MTNR1B		PROTEIN FAMILY	Homo sapiens	AGONIST	1	0	Melatonin receptor agonist
BRD-K84698278	agomelatine	CHEMBL10878	CHEMBL10878	CHEMBL225	P28335	HTR2C		SINGLE PROTEIN	Homo sapiens	ANTAGONIST	1	0	Serotonin 2c (5-HT2c) receptor antagonist
BRD-K72951360	valrubicin	CHEMBL1096885	CHEMBL1096885	CHEMBL1806	P11388	TOP2A	7153	SINGLE PROTEIN	Homo sapiens	INHIBITOR	1	1	DNA topoisomerase II alpha inhibitor
BRD-K19761926	eplerenone	CHEMBL1095097	CHEMBL1095097	CHEMBL1994	P08235	NR3C2		SINGLE PROTEIN	Homo sapiens	ANTAGONIST	1	0	Mineralocorticoid receptor antagonist
BRD-K29530284	amlexanox	CHEMBL1096	CHEMBL1096	CHEMBL2093863	P27815	PDE4A		PROTEIN FAMILY	Homo sapiens	INHIBITOR	1	0	Phosphodiesterase 4 inhibitor
BRD-K29530284	amlexanox	CHEMBL1096	CHEMBL1096	CHEMBL2093863	Q08499	PDE4D		PROTEIN FAMILY	Homo sapiens	INHIBITOR	1	0	Phosphodiesterase 4 inhibitor
BRD-K29530284	amlexanox	CHEMBL1096	CHEMBL1096	CHEMBL2093863	Q07343	PDE4B		PROTEIN FAMILY	Homo sapiens	INHIBITOR	1	0	Phosphodiesterase 4 inhibitor
BRD-K29530284	amlexanox	CHEMBL1096	CHEMBL1096	CHEMBL2093863	Q08493	PDE4C		PROTEIN FAMILY	Homo sapiens	INHIBITOR	1	0	Phosphodiesterase 4 inhibitor
BRD-K99107520	felbamate	CHEMBL1094	CHEMBL1094	CHEMBL2094124	Q05586	GRIN1		PROTEIN COMPLEX GROUP	Homo sapiens	ANTAGONIST	1	0	Glutamate [NMDA] receptor antagonist
BRD-K99107520	felbamate	CHEMBL1094	CHEMBL1094	CHEMBL2094124	Q12879	GRIN2A		PROTEIN COMPLEX GROUP	Homo sapiens	ANTAGONIST	1	0	Glutamate [NMDA] receptor antagonist
BRD-K99107520	felbamate	CHEMBL1094	CHEMBL1094	CHEMBL2094124	Q13224	GRIN2B		PROTEIN COMPLEX GROUP	Homo sapiens	ANTAGONIST	1	0	Glutamate [NMDA] receptor antagonist
BRD-K99107520	felbamate	CHEMBL1094	CHEMBL1094	CHEMBL2094124	O15399	GRIN2D		PROTEIN COMPLEX GROUP	Homo sapiens	ANTAGONIST	1	0	Glutamate [NMDA] receptor antagonist
BRD-K99107520	felbamate	CHEMBL1094	CHEMBL1094	CHEMBL2094124	O60391	GRIN3B		PROTEIN COMPLEX GROUP	Homo sapiens	ANTAGONIST	1	0	Glutamate [NMDA] receptor antagonist
BRD-K99107520	felbamate	CHEMBL1094	CHEMBL1094	CHEMBL2094124	Q14957	GRIN2C		PROTEIN COMPLEX GROUP	Homo sapiens	ANTAGONIST	1	0	Glutamate [NMDA] receptor antagonist
BRD-K99107520	felbamate	CHEMBL1094	CHEMBL1094	CHEMBL2094124	Q8TCU5	GRIN3A		PROTEIN COMPLEX GROUP	Homo sapiens	ANTAGONIST	1	0	Glutamate [NMDA] receptor antagonist
BRD-K71106091	fludarabine-phosphate	CHEMBL1096882	CHEMBL1096882	CHEMBL2095215	P23921	RRM1		PROTEIN COMPLEX GROUP	Homo sapiens	INHIBITOR	1	0	Ribonucleoside-diphosphate reductase RR1 inhibitor
BRD-K71106091	fludarabine-phosphate	CHEMBL1096882	CHEMBL1096882	CHEMBL2095215	Q7LG56	RRM2B		PROTEIN COMPLEX GROUP	Homo sapiens	INHIBITOR	1	0	Ribonucleoside-diphosphate reductase RR1 inhibitor
BRD-K71106091	fludarabine-phosphate	CHEMBL1096882	CHEMBL1096882	CHEMBL2095215	P31350	RRM2		PROTEIN COMPLEX GROUP	Homo sapiens	INHIBITOR	1	0	Ribonucleoside-diphosphate reductase RR1 inhibitor
BRD-K89208535	indacaterol	CHEMBL1095777	CHEMBL1095777	CHEMBL210	P07550	ADRB2	154	SINGLE PROTEIN	Homo sapiens	AGONIST	1	1	Beta-2 adrenergic receptor agonist
BRD-K72951360	valrubicin	CHEMBL1096885	CHEMBL1096885	CHEMBL2311221				NUCLEIC-ACID	Homo sapiens	INHIBITOR	1	0	DNA inhibitor
BRD-K71106091	fludarabine-phosphate	CHEMBL1096882	CHEMBL1096882	CHEMBL2363042	P09884	POLA1		PROTEIN FAMILY	Homo sapiens	INHIBITOR	1	0	DNA polymerase (alpha/delta/epsilon) inhibitor
BRD-K71106091	fludarabine-phosphate	CHEMBL1096882	CHEMBL1096882	CHEMBL2363042	Q9HCU8	POLD4	57804	PROTEIN FAMILY	Homo sapiens	INHIBITOR	1	1	DNA polymerase (alpha/delta/epsilon) inhibitor
BRD-K71106091	fludarabine-phosphate	CHEMBL1096882	CHEMBL1096882	CHEMBL2363042	Q15054	POLD3		PROTEIN FAMILY	Homo sapiens	INHIBITOR	1	0	DNA polymerase (alpha/delta/epsilon) inhibitor
BRD-K71106091	fludarabine-phosphate	CHEMBL1096882	CHEMBL1096882	CHEMBL2363042	P28340	POLD1		PROTEIN FAMILY	Homo sapiens	INHIBITOR	1	0	DNA polymerase (alpha/delta/epsilon) inhibitor
BRD-K71106091	fludarabine-phosphate	CHEMBL1096882	CHEMBL1096882	CHEMBL2363042	P49005	POLD2		PROTEIN FAMILY	Homo sapiens	INHIBITOR	1	0	DNA polymerase (alpha/delta/epsilon) inhibitor
BRD-K71106091	fludarabine-phosphate	CHEMBL1096882	CHEMBL1096882	CHEMBL2363042	Q07864	POLE		PROTEIN FAMILY	Homo sapiens	INHIBITOR	1	0	DNA polymerase (alpha/delta/epsilon) inhibitor
BRD-K71106091	fludarabine-phosphate	CHEMBL1096882	CHEMBL1096882	CHEMBL2363042	Q14181	POLA2		PROTEIN FAMILY	Homo sapiens	INHIBITOR	1	0	DNA polymerase (alpha/delta/epsilon) inhibitor
BRD-K71106091	fludarabine-phosphate	CHEMBL1096882	CHEMBL1096882	CHEMBL2363042	P49642	PRIM1		PROTEIN FAMILY	Homo sapiens	INHIBITOR	1	0	DNA polymerase (alpha/delta/epsilon) inhibitor
BRD-K71106091	fludarabine-phosphate	CHEMBL1096882	CHEMBL1096882	CHEMBL2363042	P49643	PRIM2		PROTEIN FAMILY	Homo sapiens	INHIBITOR	1	0	DNA polymerase (alpha/delta/epsilon) inhibitor
BRD-K71106091	fludarabine-phosphate	CHEMBL1096882	CHEMBL1096882	CHEMBL2363042	P56282	POLE2	5427	PROTEIN FAMILY	Homo sapiens	INHIBITOR	1	1	DNA polymerase (alpha/delta/epsilon) inhibitor
BRD-K71106091	fludarabine-phosphate	CHEMBL1096882	CHEMBL1096882	CHEMBL2363042	Q9NRF9	POLE3		PROTEIN FAMILY	Homo sapiens	INHIBITOR	1	0	DNA polymerase (alpha/delta/epsilon) inhibitor
BRD-A30205217	ethotoin	CHEMBL1095	CHEMBL1095	CHEMBL2331043	P35498	SCN1A		PROTEIN FAMILY	Homo sapiens	BLOCKER	1	0	Sodium channel alpha subunit blocker
BRD-A30205217	ethotoin	CHEMBL1095	CHEMBL1095	CHEMBL2331043	Q14524	SCN5A		PROTEIN FAMILY	Homo sapiens	BLOCKER	1	0	Sodium channel alpha subunit blocker
BRD-A30205217	ethotoin	CHEMBL1095	CHEMBL1095	CHEMBL2331043	P35499	SCN4A		PROTEIN FAMILY	Homo sapiens	BLOCKER	1	0	Sodium channel alpha subunit blocker
BRD-A30205217	ethotoin	CHEMBL1095	CHEMBL1095	CHEMBL2331043	Q01118	SCN7A		PROTEIN FAMILY	Homo sapiens	BLOCKER	1	0	Sodium channel alpha subunit blocker
BRD-A30205217	ethotoin	CHEMBL1095	CHEMBL1095	CHEMBL2331043	Q99250	SCN2A		PROTEIN FAMILY	Homo sapiens	BLOCKER	1	0	Sodium channel alpha subunit blocker
BRD-A30205217	ethotoin	CHEMBL1095	CHEMBL1095	CHEMBL2331043	Q15858	SCN9A		PROTEIN FAMILY	Homo sapiens	BLOCKER	1	0	Sodium channel alpha subunit blocker
BRD-A30205217	ethotoin	CHEMBL1095	CHEMBL1095	CHEMBL2331043	Q9NY46	SCN3A		PROTEIN FAMILY	Homo sapiens	BLOCKER	1	0	Sodium channel alpha subunit blocker
BRD-A30205217	ethotoin	CHEMBL1095	CHEMBL1095	CHEMBL2331043	Q9UI33	SCN11A		PROTEIN FAMILY	Homo sapiens	BLOCKER	1	0	Sodium channel alpha subunit blocker
BRD-A30205217	ethotoin	CHEMBL1095	CHEMBL1095	CHEMBL2331043	Q9UQD0	SCN8A		PROTEIN FAMILY	Homo sapiens	BLOCKER	1	0	Sodium channel alpha subunit blocker
BRD-A30205217	ethotoin	CHEMBL1095	CHEMBL1095	CHEMBL2331043	Q9Y5Y9	SCN10A		PROTEIN FAMILY	Homo sapiens	BLOCKER	1	0	Sodium channel alpha subunit blocker
BRD-A70514680	articaine	CHEMBL1093	CHEMBL1093	CHEMBL2331043	P35498	SCN1A		PROTEIN FAMILY	Homo sapiens	BLOCKER	1	0	Sodium channel alpha subunit blocker
BRD-A70514680	articaine	CHEMBL1093	CHEMBL1093	CHEMBL2331043	Q14524	SCN5A		PROTEIN FAMILY	Homo sapiens	BLOCKER	1	0	Sodium channel alpha subunit blocker
BRD-A70514680	articaine	CHEMBL1093	CHEMBL1093	CHEMBL2331043	P35499	SCN4A		PROTEIN FAMILY	Homo sapiens	BLOCKER	1	0	Sodium channel alpha subunit blocker
BRD-A70514680	articaine	CHEMBL1093	CHEMBL1093	CHEMBL2331043	Q01118	SCN7A		PROTEIN FAMILY	Homo sapiens	BLOCKER	1	0	Sodium channel alpha subunit blocker
BRD-A70514680	articaine	CHEMBL1093	CHEMBL1093	CHEMBL2331043	Q99250	SCN2A		PROTEIN FAMILY	Homo sapiens	BLOCKER	1	0	Sodium channel alpha subunit blocker
BRD-A70514680	articaine	CHEMBL1093	CHEMBL1093	CHEMBL2331043	Q15858	SCN9A		PROTEIN FAMILY	Homo sapiens	BLOCKER	1	0	Sodium channel alpha subunit blocker
BRD-A70514680	articaine	CHEMBL1093	CHEMBL1093	CHEMBL2331043	Q9NY46	SCN3A		PROTEIN FAMILY	Homo sapiens	BLOCKER	1	0	Sodium channel alpha subunit blocker
BRD-A70514680	articaine	CHEMBL1093	CHEMBL1093	CHEMBL2331043	Q9UI33	SCN11A		PROTEIN FAMILY	Homo sapiens	BLOCKER	1	0	Sodium channel alpha subunit blocker
BRD-A70514680	articaine	CHEMBL1093	CHEMBL1093	CHEMBL2331043	Q9UQD0	SCN8A		PROTEIN FAMILY	Homo sapiens	BLOCKER	1	0	Sodium channel alpha subunit blocker
BRD-A70514680	articaine	CHEMBL1093	CHEMBL1093	CHEMBL2331043	Q9Y5Y9	SCN10A		PROTEIN FAMILY	Homo sapiens	BLOCKER	1	0	Sodium channel alpha subunit blocker
BRD-K36740062	GSK-1070916	CHEMBL1090479	CHEMBL1090479	CHEMBL2185	Q96GD4	AURKB	9212	SINGLE PROTEIN	Homo sapiens	INHIBITOR	1	1	Serine/threonine-protein kinase Aurora-B inhibitor
BRD-K36740062	GSK-1070916	CHEMBL1090479	CHEMBL1090479	CHEMBL3935	Q9UQB9	AURKC		SINGLE PROTEIN	Homo sapiens	INHIBITOR	1	0	Serine/threonine-protein kinase Aurora-C inhibitor
BRD-K07736136	VX-702	CHEMBL1090090	CHEMBL1090090	CHEMBL260	Q16539	MAPK14		SINGLE PROTEIN	Homo sapiens	INHIBITOR	1	0	MAP kinase p38 alpha inhibitor
BRD-K86118762	linsitinib	CHEMBL1091644	CHEMBL1091644	CHEMBL1957	P08069	IGF1R	3480	SINGLE PROTEIN	Homo sapiens	INHIBITOR	1	1	Insulin-like growth factor I receptor inhibitor
BRD-K86118762	linsitinib	CHEMBL1091644	CHEMBL1091644	CHEMBL1981	P06213	INSR		SINGLE PROTEIN	Homo sapiens	INHIBITOR	1	0	Insulin receptor inhibitor
BRD-K99498722	plinabulin	CHEMBL1096380	CHEMBL1096380	CHEMBL2095182	P68371	TUBB4B		PROTEIN COMPLEX GROUP	Homo sapiens	INHIBITOR	1	0	Tubulin inhibitor
BRD-K99498722	plinabulin	CHEMBL1096380	CHEMBL1096380	CHEMBL2095182	Q9H4B7	TUBB1		PROTEIN COMPLEX GROUP	Homo sapiens	INHIBITOR	1	0	Tubulin inhibitor
BRD-K99498722	plinabulin	CHEMBL1096380	CHEMBL1096380	CHEMBL2095182	P0DPH7	TUBA3C		PROTEIN COMPLEX GROUP	Homo sapiens	INHIBITOR	1	0	Tubulin inhibitor
BRD-K99498722	plinabulin	CHEMBL1096380	CHEMBL1096380	CHEMBL2095182	P68366	TUBA4A		PROTEIN COMPLEX GROUP	Homo sapiens	INHIBITOR	1	0	Tubulin inhibitor
BRD-K99498722	plinabulin	CHEMBL1096380	CHEMBL1096380	CHEMBL2095182	Q13509	TUBB3		PROTEIN COMPLEX GROUP	Homo sapiens	INHIBITOR	1	0	Tubulin inhibitor
BRD-K99498722	plinabulin	CHEMBL1096380	CHEMBL1096380	CHEMBL2095182	Q71U36	TUBA1A		PROTEIN COMPLEX GROUP	Homo sapiens	INHIBITOR	1	0	Tubulin inhibitor
BRD-K99498722	plinabulin	CHEMBL1096380	CHEMBL1096380	CHEMBL2095182	P04350	TUBB4A		PROTEIN COMPLEX GROUP	Homo sapiens	INHIBITOR	1	0	Tubulin inhibitor
BRD-K99498722	plinabulin	CHEMBL1096380	CHEMBL1096380	CHEMBL2095182	Q3ZCM7	TUBB8		PROTEIN COMPLEX GROUP	Homo sapiens	INHIBITOR	1	0	Tubulin inhibitor
BRD-K99498722	plinabulin	CHEMBL1096380	CHEMBL1096380	CHEMBL2095182	P07437	TUBB		PROTEIN COMPLEX GROUP	Homo sapiens	INHIBITOR	1	0	Tubulin inhibitor
BRD-K99498722	plinabulin	CHEMBL1096380	CHEMBL1096380	CHEMBL2095182	P68363	TUBA1B		PROTEIN COMPLEX GROUP	Homo sapiens	INHIBITOR	1	0	Tubulin inhibitor
BRD-K99498722	plinabulin	CHEMBL1096380	CHEMBL1096380	CHEMBL2095182	Q9BQE3	TUBA1C		PROTEIN COMPLEX GROUP	Homo sapiens	INHIBITOR	1	0	Tubulin inhibitor
BRD-K99498722	plinabulin	CHEMBL1096380	CHEMBL1096380	CHEMBL2095182	Q6PEY2	TUBA3E		PROTEIN COMPLEX GROUP	Homo sapiens	INHIBITOR	1	0	Tubulin inhibitor
BRD-K99498722	plinabulin	CHEMBL1096380	CHEMBL1096380	CHEMBL2095182	Q13885	TUBB2A		PROTEIN COMPLEX GROUP	Homo sapiens	INHIBITOR	1	0	Tubulin inhibitor
BRD-K99498722	plinabulin	CHEMBL1096380	CHEMBL1096380	CHEMBL2095182	Q9BVA1	TUBB2B		PROTEIN COMPLEX GROUP	Homo sapiens	INHIBITOR	1	0	Tubulin inhibitor
BRD-K99498722	plinabulin	CHEMBL1096380	CHEMBL1096380	CHEMBL2095182	Q9BUF5	TUBB6	84617	PROTEIN COMPLEX GROUP	Homo sapiens	INHIBITOR	1	1	Tubulin inhibitor
BRD-K83720053	avagacestat	CHEMBL1090771	CHEMBL1090771	CHEMBL2094135	Q96BI3	APH1A		PROTEIN COMPLEX	Homo sapiens	INHIBITOR	1	0	Gamma-secretase inhibitor
BRD-K83720053	avagacestat	CHEMBL1090771	CHEMBL1090771	CHEMBL2094135	Q9NZ42	PSENEN		PROTEIN COMPLEX	Homo sapiens	INHIBITOR	1	0	Gamma-secretase inhibitor
BRD-K83720053	avagacestat	CHEMBL1090771	CHEMBL1090771	CHEMBL2094135	Q8WW43	APH1B		PROTEIN COMPLEX	Homo sapiens	INHIBITOR	1	0	Gamma-secretase inhibitor
BRD-K83720053	avagacestat	CHEMBL1090771	CHEMBL1090771	CHEMBL2094135	P49768	PSEN1		PROTEIN COMPLEX	Homo sapiens	INHIBITOR	1	0	Gamma-secretase inhibitor
BRD-K83720053	avagacestat	CHEMBL1090771	CHEMBL1090771	CHEMBL2094135	Q92542	NCSTN		PROTEIN COMPLEX	Homo sapiens	INHIBITOR	1	0	Gamma-secretase inhibitor
BRD-K83720053	avagacestat	CHEMBL1090771	CHEMBL1090771	CHEMBL2094135	P49810	PSEN2		PROTEIN COMPLEX	Homo sapiens	INHIBITOR	1	0	Gamma-secretase inhibitor
BRD-K81473043	tanespimycin	CHEMBL109480	CHEMBL109480	CHEMBL2095165	P07900	HSP90AA1		PROTEIN FAMILY	Homo sapiens	INHIBITOR	1	0	Heat shock protein HSP90 inhibitor
BRD-K81473043	tanespimycin	CHEMBL109480	CHEMBL109480	CHEMBL2095165	P08238	HSP90AB1		PROTEIN FAMILY	Homo sapiens	INHIBITOR	1	0	Heat shock protein HSP90 inhibitor
BRD-A61194565	benserazide	CHEMBL1096979	CHEMBL1096979	CHEMBL1843	P20711	DDC		SINGLE PROTEIN	Homo sapiens	INHIBITOR	1	0	DOPA decarboxylase inhibitor
BRD-K79989959	nesbuvir	CHEMBL1092581	CHEMBL1092581	CHEMBL4296320	O39930	NS5b		SINGLE PROTEIN	Hepacivirus hominis	INHIBITOR	1	0	RNA-directed RNA polymerase inhibitor
BRD-K68507560	dicycloverine	CHEMBL1123	CHEMBL1123	CHEMBL245	P20309	CHRM3		SINGLE PROTEIN	Homo sapiens	ANTAGONIST	1	0	Muscarinic acetylcholine receptor M3 antagonist
BRD-K69650333	idarubicin	CHEMBL1117	CHEMBL1117	CHEMBL1806	P11388	TOP2A	7153	SINGLE PROTEIN	Homo sapiens	INHIBITOR	1	1	DNA topoisomerase II alpha inhibitor
BRD-A98990573	epinastine	CHEMBL1106	CHEMBL1106	CHEMBL231	P35367	HRH1		SINGLE PROTEIN	Homo sapiens	ANTAGONIST	1	0	Histamine H1 receptor antagonist
BRD-K70358946	aripiprazole	CHEMBL1112	CHEMBL1112	CHEMBL217	P14416	DRD2		SINGLE PROTEIN	Homo sapiens	PARTIAL AGONIST	1	0	Dopamine D2 receptor partial agonist
BRD-A00546892	biperiden	CHEMBL1101	CHEMBL1101	CHEMBL216	P11229	CHRM1		SINGLE PROTEIN	Homo sapiens	ANTAGONIST	1	0	Muscarinic acetylcholine receptor M1 antagonist
BRD-A00546892	biperiden	CHEMBL1101	CHEMBL1101	CHEMBL216	P11229	CHRM1		SINGLE PROTEIN	Homo sapiens	ANTAGONIST	1	0	Muscarinic acetylcholine receptor M1 antagonist
BRD-K68507560	dicycloverine	CHEMBL1123	CHEMBL1123	CHEMBL216	P11229	CHRM1		SINGLE PROTEIN	Homo sapiens	ANTAGONIST	1	0	Muscarinic acetylcholine receptor M1 antagonist
BRD-K46742498	alosetron	CHEMBL1110	CHEMBL1110	CHEMBL1899	P46098	HTR3A		SINGLE PROTEIN	Homo sapiens	ANTAGONIST	1	0	Serotonin 3a (5-HT3a) receptor antagonist
BRD-A98845662	desvenlafaxine	CHEMBL1118	CHEMBL1118	CHEMBL228	P31645	SLC6A4		SINGLE PROTEIN	Homo sapiens	INHIBITOR	1	0	Serotonin transporter inhibitor
BRD-K02265150	amoxapine	CHEMBL1113	CHEMBL1113	CHEMBL228	P31645	SLC6A4		SINGLE PROTEIN	Homo sapiens	INHIBITOR	1	0	Serotonin transporter inhibitor
BRD-A98845662	desvenlafaxine	CHEMBL1118	CHEMBL1118	CHEMBL228	P31645	SLC6A4		SINGLE PROTEIN	Homo sapiens	INHIBITOR	1	0	Serotonin transporter inhibitor
BRD-K38436528	imipramine	CHEMBL11	CHEMBL11	CHEMBL228	P31645	SLC6A4		SINGLE PROTEIN	Homo sapiens	INHIBITOR	1	0	Serotonin transporter inhibitor
BRD-K38436528	imipramine	CHEMBL11	CHEMBL11	CHEMBL228	P31645	SLC6A4		SINGLE PROTEIN	Homo sapiens	INHIBITOR	1	0	Serotonin transporter inhibitor
BRD-K70358946	aripiprazole	CHEMBL1112	CHEMBL1112	CHEMBL214	P08908	HTR1A		SINGLE PROTEIN	Homo sapiens	PARTIAL AGONIST	1	0	Serotonin 1a (5-HT1a) receptor partial agonist
BRD-K97158071	droperidol	CHEMBL1108	CHEMBL1108	CHEMBL224	P28223	HTR2A		SINGLE PROTEIN	Homo sapiens	ANTAGONIST	1	0	Serotonin 2a (5-HT2a) receptor antagonist
BRD-K70358946	aripiprazole	CHEMBL1112	CHEMBL1112	CHEMBL224	P28223	HTR2A		SINGLE PROTEIN	Homo sapiens	ANTAGONIST	1	0	Serotonin 2a (5-HT2a) receptor antagonist
BRD-K69688083	mestinon	CHEMBL1115	CHEMBL1115	CHEMBL220	P22303	ACHE		SINGLE PROTEIN	Homo sapiens	INHIBITOR	1	0	Acetylcholinesterase inhibitor
BRD-K81128206	edrophonium	CHEMBL1104	CHEMBL1104	CHEMBL220	P22303	ACHE		SINGLE PROTEIN	Homo sapiens	INHIBITOR	1	0	Acetylcholinesterase inhibitor
BRD-A01636364	bupivacaine	CHEMBL1098	CHEMBL1098	CHEMBL2072	P35499	SCN4A		SINGLE PROTEIN	Homo sapiens	BLOCKER	1	0	Sodium channel protein type IV alpha subunit blocker
BRD-A01636364	bupivacaine	CHEMBL1098	CHEMBL1098	CHEMBL2072	P35499	SCN4A		SINGLE PROTEIN	Homo sapiens	BLOCKER	1	0	Sodium channel protein type IV alpha subunit blocker
BRD-A98845662	desvenlafaxine	CHEMBL1118	CHEMBL1118	CHEMBL222	P23975	SLC6A2		SINGLE PROTEIN	Homo sapiens	INHIBITOR	1	0	Norepinephrine transporter inhibitor
BRD-A98845662	desvenlafaxine	CHEMBL1118	CHEMBL1118	CHEMBL222	P23975	SLC6A2		SINGLE PROTEIN	Homo sapiens	INHIBITOR	1	0	Norepinephrine transporter inhibitor
BRD-K38436528	imipramine	CHEMBL11	CHEMBL11	CHEMBL222	P23975	SLC6A2		SINGLE PROTEIN	Homo sapiens	INHIBITOR	1	0	Norepinephrine transporter inhibitor
BRD-K02265150	amoxapine	CHEMBL1113	CHEMBL1113	CHEMBL222	P23975	SLC6A2		SINGLE PROTEIN	Homo sapiens	INHIBITOR	1	0	Norepinephrine transporter inhibitor
BRD-K38436528	imipramine	CHEMBL11	CHEMBL11	CHEMBL222	P23975	SLC6A2		SINGLE PROTEIN	Homo sapiens	INHIBITOR	1	0	Norepinephrine transporter inhibitor
BRD-A51964809	halofantrine	CHEMBL1107	CHEMBL1107	CHEMBL613897				SMALL MOLECULE	Plasmodium falciparum	INHIBITOR	1	0	Ferriprotoporphyrin IX inhibitor
BRD-K41185545	ambrisentan	CHEMBL1111	CHEMBL1111	CHEMBL2096678	P24530	EDNRB		PROTEIN FAMILY	Homo sapiens	ANTAGONIST	1	0	Endothelin receptor, ET-A/ET-B antagonist
BRD-K41185545	ambrisentan	CHEMBL1111	CHEMBL1111	CHEMBL2096678	P25101	EDNRA		PROTEIN FAMILY	Homo sapiens	ANTAGONIST	1	0	Endothelin receptor, ET-A/ET-B antagonist
BRD-K60511616	pravastatin	CHEMBL1144	CHEMBL1144	CHEMBL402	P04035	HMGCR	3156	SINGLE PROTEIN	Homo sapiens	INHIBITOR	1	1	HMG-CoA reductase inhibitor
BRD-K02265150	amoxapine	CHEMBL1113	CHEMBL1113	CHEMBL2096905	P14416	DRD2		PROTEIN FAMILY	Homo sapiens	ANTAGONIST	1	0	Dopamine receptor antagonist
BRD-K02265150	amoxapine	CHEMBL1113	CHEMBL1113	CHEMBL2096905	P35462	DRD3		PROTEIN FAMILY	Homo sapiens	ANTAGONIST	1	0	Dopamine receptor antagonist
BRD-K02265150	amoxapine	CHEMBL1113	CHEMBL1113	CHEMBL2096905	P21918	DRD5		PROTEIN FAMILY	Homo sapiens	ANTAGONIST	1	0	Dopamine receptor antagonist
BRD-K02265150	amoxapine	CHEMBL1113	CHEMBL1113	CHEMBL2096905	P21917	DRD4		PROTEIN FAMILY	Homo sapiens	ANTAGONIST	1	0	Dopamine receptor antagonist
BRD-K02265150	amoxapine	CHEMBL1113	CHEMBL1113	CHEMBL2096905	P21728	DRD1		PROTEIN FAMILY	Homo sapiens	ANTAGONIST	1	0	Dopamine receptor antagonist
BRD-K41524689	paracetamol	CHEMBL112	CHEMBL112	CHEMBL2094253	P35354	PTGS2	5743	PROTEIN FAMILY	Homo sapiens	INHIBITOR	1	1	Cyclooxygenase inhibitor
BRD-K41524689	paracetamol	CHEMBL112	CHEMBL112	CHEMBL2094253	P23219	PTGS1		PROTEIN FAMILY	Homo sapiens	INHIBITOR	1	0	Cyclooxygenase inhibitor
BRD-K02404261	caffeine	CHEMBL113	CHEMBL113	CHEMBL2111329	P30542	ADORA1		PROTEIN FAMILY	Homo sapiens	ANTAGONIST	1	0	Adenosine receptor antagonist
BRD-K02404261	caffeine	CHEMBL113	CHEMBL113	CHEMBL2111329	P29275	ADORA2B		PROTEIN FAMILY	Homo sapiens	ANTAGONIST	1	0	Adenosine receptor antagonist
BRD-K02404261	caffeine	CHEMBL113	CHEMBL113	CHEMBL2111329	P0DMS8	ADORA3		PROTEIN FAMILY	Homo sapiens	ANTAGONIST	1	0	Adenosine receptor antagonist
BRD-K02404261	caffeine	CHEMBL113	CHEMBL113	CHEMBL2111329	P29274	ADORA2A		PROTEIN FAMILY	Homo sapiens	ANTAGONIST	1	0	Adenosine receptor antagonist
BRD-K02404261	caffeine	CHEMBL113	CHEMBL113	CHEMBL2111329	P30542	ADORA1		PROTEIN FAMILY	Homo sapiens	ANTAGONIST	1	0	Adenosine receptor antagonist
BRD-K02404261	caffeine	CHEMBL113	CHEMBL113	CHEMBL2111329	P29275	ADORA2B		PROTEIN FAMILY	Homo sapiens	ANTAGONIST	1	0	Adenosine receptor antagonist
BRD-K02404261	caffeine	CHEMBL113	CHEMBL113	CHEMBL2111329	P0DMS8	ADORA3		PROTEIN FAMILY	Homo sapiens	ANTAGONIST	1	0	Adenosine receptor antagonist
BRD-K02404261	caffeine	CHEMBL113	CHEMBL113	CHEMBL2111329	P29274	ADORA2A		PROTEIN FAMILY	Homo sapiens	ANTAGONIST	1	0	Adenosine receptor antagonist
BRD-K42260897	ezetimibe	CHEMBL1138	CHEMBL1138	CHEMBL2027	Q9UHC9	NPC1L1		SINGLE PROTEIN	Homo sapiens	INHIBITOR	1	0	Niemann-Pick C1-like protein 1 inhibitor
BRD-K09963420	saquinavir	CHEMBL114	CHEMBL114	CHEMBL243	Q72874	pol		SINGLE PROTEIN	Human immunodeficiency virus 1	INHIBITOR	1	0	Human immunodeficiency virus type 1 protease inhibitor
BRD-K09963420	saquinavir	CHEMBL114	CHEMBL114	CHEMBL243	Q72874	pol		SINGLE PROTEIN	Human immunodeficiency virus 1	INHIBITOR	1	0	Human immunodeficiency virus type 1 protease inhibitor
BRD-K62012036	acitretin	CHEMBL1131	CHEMBL1131	CHEMBL2363071	P28702	RXRB		PROTEIN FAMILY	Homo sapiens	AGONIST	1	0	Retinoid receptor agonist
BRD-K62012036	acitretin	CHEMBL1131	CHEMBL1131	CHEMBL2363071	P13631	RARG		PROTEIN FAMILY	Homo sapiens	AGONIST	1	0	Retinoid receptor agonist
BRD-K62012036	acitretin	CHEMBL1131	CHEMBL1131	CHEMBL2363071	P48443	RXRG		PROTEIN FAMILY	Homo sapiens	AGONIST	1	0	Retinoid receptor agonist
BRD-K62012036	acitretin	CHEMBL1131	CHEMBL1131	CHEMBL2363071	P10826	RARB		PROTEIN FAMILY	Homo sapiens	AGONIST	1	0	Retinoid receptor agonist
BRD-K62012036	acitretin	CHEMBL1131	CHEMBL1131	CHEMBL2363071	P10276	RARA		PROTEIN FAMILY	Homo sapiens	AGONIST	1	0	Retinoid receptor agonist
BRD-K62012036	acitretin	CHEMBL1131	CHEMBL1131	CHEMBL2363071	P19793	RXRA		PROTEIN FAMILY	Homo sapiens	AGONIST	1	0	Retinoid receptor agonist
BRD-K10671814	sulfaphenazole	CHEMBL1109	CHEMBL1109	CHEMBL2364668	P0AC13	folP		SINGLE PROTEIN	Bacteria	INHIBITOR	1	0	Bacterial dihydropteroate synthase inhibitor
BRD-K69650333	idarubicin	CHEMBL1117	CHEMBL1117	CHEMBL2311221				NUCLEIC-ACID	Homo sapiens	INHIBITOR	1	0	DNA inhibitor
BRD-K03243820	trifluridine	CHEMBL1129	CHEMBL1129	CHEMBL2366042				NUCLEIC-ACID	Human alphaherpesvirus 1	INHIBITOR	1	0	DNA inhibitor
BRD-K97158071	droperidol	CHEMBL1108	CHEMBL1108	CHEMBL2331075	P14416	DRD2		PROTEIN FAMILY	Homo sapiens	ANTAGONIST	1	0	D2-like dopamine receptor antagonist
BRD-K97158071	droperidol	CHEMBL1108	CHEMBL1108	CHEMBL2331075	P35462	DRD3		PROTEIN FAMILY	Homo sapiens	ANTAGONIST	1	0	D2-like dopamine receptor antagonist
BRD-K97158071	droperidol	CHEMBL1108	CHEMBL1108	CHEMBL2331075	P21917	DRD4		PROTEIN FAMILY	Homo sapiens	ANTAGONIST	1	0	D2-like dopamine receptor antagonist
BRD-K41524689	paracetamol	CHEMBL112	CHEMBL112	CHEMBL2243	O00519	FAAH		SINGLE PROTEIN	Homo sapiens	INHIBITOR	1	0	Anandamide amidohydrolase inhibitor
BRD-K41524689	paracetamol	CHEMBL112	CHEMBL112	CHEMBL4794	Q8NER1	TRPV1		SINGLE PROTEIN	Homo sapiens	OPENER	1	0	Vanilloid receptor opener
BRD-A98845662	desvenlafaxine	CHEMBL1118	CHEMBL1118	CHEMBL228	P31645	SLC6A4		SINGLE PROTEIN	Homo sapiens	INHIBITOR	1	0	Serotonin transporter inhibitor
BRD-A98845662	desvenlafaxine	CHEMBL1118	CHEMBL1118	CHEMBL222	P23975	SLC6A2		SINGLE PROTEIN	Homo sapiens	INHIBITOR	1	0	Norepinephrine transporter inhibitor
BRD-K13296708	rimonabant	CHEMBL111	CHEMBL111	CHEMBL218	P21554	CNR1		SINGLE PROTEIN	Homo sapiens	ANTAGONIST	1	0	Cannabinoid CB1 receptor antagonist
BRD-A48261811	argatroban	CHEMBL1166	CHEMBL1166	CHEMBL204	P00734	F2		SINGLE PROTEIN	Homo sapiens	INHIBITOR	1	0	Thrombin inhibitor
BRD-K34441861	moexipril	CHEMBL1165	CHEMBL1165	CHEMBL1808	P12821	ACE		SINGLE PROTEIN	Homo sapiens	INHIBITOR	1	0	Angiotensin-converting enzyme inhibitor
BRD-K89348303	ramipril	CHEMBL1168	CHEMBL1168	CHEMBL1808	P12821	ACE		SINGLE PROTEIN	Homo sapiens	INHIBITOR	1	0	Angiotensin-converting enzyme inhibitor
BRD-K82357231	desloratadine	CHEMBL1172	CHEMBL1172	CHEMBL231	P35367	HRH1		SINGLE PROTEIN	Homo sapiens	ANTAGONIST	1	0	Histamine H1 receptor antagonist
BRD-K30480208	torasemide	CHEMBL1148	CHEMBL1148	CHEMBL1874	Q13621	SLC12A1		SINGLE PROTEIN	Homo sapiens	INHIBITOR	1	0	Sodium-(potassium)-chloride cotransporter 2 inhibitor
BRD-K48367671	febuxostat	CHEMBL1164729	CHEMBL1164729	CHEMBL1929	P47989	XDH		SINGLE PROTEIN	Homo sapiens	INHIBITOR	1	0	Xanthine dehydrogenase inhibitor
BRD-K10799896	clobetasol	CHEMBL1159650	CHEMBL1159650	CHEMBL2034	P04150	NR3C1	2908	SINGLE PROTEIN	Homo sapiens	AGONIST	1	1	Glucocorticoid receptor agonist
BRD-K60640630	mometasone	CHEMBL1161	CHEMBL1161	CHEMBL2034	P04150	NR3C1	2908	SINGLE PROTEIN	Homo sapiens	AGONIST	1	1	Glucocorticoid receptor agonist
BRD-K92073408	norethisterone	CHEMBL1162	CHEMBL1162	CHEMBL208	P06401	PGR		SINGLE PROTEIN	Homo sapiens	AGONIST	1	0	Progesterone receptor agonist
BRD-K44227013	ponatinib	CHEMBL1171837	CHEMBL1171837	CHEMBL2096618	P00519	ABL1	25	CHIMERIC PROTEIN	Homo sapiens	INHIBITOR	1	1	Bcr/Abl fusion protein inhibitor
BRD-K44227013	ponatinib	CHEMBL1171837	CHEMBL1171837	CHEMBL2096618	P11274	BCR		CHIMERIC PROTEIN	Homo sapiens	INHIBITOR	1	0	Bcr/Abl fusion protein inhibitor
BRD-A22897758	pinacidil	CHEMBL1159	CHEMBL1159	CHEMBL2095198	Q14654	KCNJ11		PROTEIN COMPLEX	Homo sapiens	OPENER	1	0	Sulfonylurea receptor 2, Kir6.2 opener
BRD-A22897758	pinacidil	CHEMBL1159	CHEMBL1159	CHEMBL2095198	O60706	ABCC9		PROTEIN COMPLEX	Homo sapiens	OPENER	1	0	Sulfonylurea receptor 2, Kir6.2 opener
BRD-A43882281	pinacidil	CHEMBL1159	CHEMBL1159	CHEMBL2095198	Q14654	KCNJ11		PROTEIN COMPLEX	Homo sapiens	OPENER	1	0	Sulfonylurea receptor 2, Kir6.2 opener
BRD-A43882281	pinacidil	CHEMBL1159	CHEMBL1159	CHEMBL2095198	O60706	ABCC9		PROTEIN COMPLEX	Homo sapiens	OPENER	1	0	Sulfonylurea receptor 2, Kir6.2 opener
BRD-A58207013	pinacidil	CHEMBL1159	CHEMBL1159	CHEMBL2095198	Q14654	KCNJ11		PROTEIN COMPLEX	Homo sapiens	OPENER	1	0	Sulfonylurea receptor 2, Kir6.2 opener
BRD-A58207013	pinacidil	CHEMBL1159	CHEMBL1159	CHEMBL2095198	O60706	ABCC9		PROTEIN COMPLEX	Homo sapiens	OPENER	1	0	Sulfonylurea receptor 2, Kir6.2 opener
BRD-K90553655	testosterone	CHEMBL1170	CHEMBL1170	CHEMBL1871	P10275	AR		SINGLE PROTEIN	Homo sapiens	AGONIST	1	0	Androgen Receptor agonist
BRD-K33226500	indinavir	CHEMBL115	CHEMBL115	CHEMBL243	Q72874	pol		SINGLE PROTEIN	Human immunodeficiency virus 1	INHIBITOR	1	0	Human immunodeficiency virus type 1 protease inhibitor
BRD-K11905747	spectinomycin	CHEMBL1167	CHEMBL1167	CHEMBL2363135	P0A7V0	rpsB		PROTEIN NUCLEIC-ACID COMPLEX	Bacteria	INHIBITOR	1	0	Bacterial 70S ribosome inhibitor
BRD-K11905747	spectinomycin	CHEMBL1167	CHEMBL1167	CHEMBL2363135	P60723	rplD		PROTEIN NUCLEIC-ACID COMPLEX	Bacteria	INHIBITOR	1	0	Bacterial 70S ribosome inhibitor
BRD-K11905747	spectinomycin	CHEMBL1167	CHEMBL1167	CHEMBL2363135	P0AG67	rpsA		PROTEIN NUCLEIC-ACID COMPLEX	Bacteria	INHIBITOR	1	0	Bacterial 70S ribosome inhibitor
BRD-K11905747	spectinomycin	CHEMBL1167	CHEMBL1167	CHEMBL2363135	P0A7R5	rpsJ		PROTEIN NUCLEIC-ACID COMPLEX	Bacteria	INHIBITOR	1	0	Bacterial 70S ribosome inhibitor
BRD-K11905747	spectinomycin	CHEMBL1167	CHEMBL1167	CHEMBL2363135	P0A7R9	rpsK		PROTEIN NUCLEIC-ACID COMPLEX	Bacteria	INHIBITOR	1	0	Bacterial 70S ribosome inhibitor
BRD-K11905747	spectinomycin	CHEMBL1167	CHEMBL1167	CHEMBL2363135	P0A7S3	rpsL		PROTEIN NUCLEIC-ACID COMPLEX	Bacteria	INHIBITOR	1	0	Bacterial 70S ribosome inhibitor
BRD-K11905747	spectinomycin	CHEMBL1167	CHEMBL1167	CHEMBL2363135	P0A7S9	rpsM		PROTEIN NUCLEIC-ACID COMPLEX	Bacteria	INHIBITOR	1	0	Bacterial 70S ribosome inhibitor
BRD-K11905747	spectinomycin	CHEMBL1167	CHEMBL1167	CHEMBL2363135	P0AG59	rpsN		PROTEIN NUCLEIC-ACID COMPLEX	Bacteria	INHIBITOR	1	0	Bacterial 70S ribosome inhibitor
BRD-K11905747	spectinomycin	CHEMBL1167	CHEMBL1167	CHEMBL2363135	P0ADZ4	rpsO		PROTEIN NUCLEIC-ACID COMPLEX	Bacteria	INHIBITOR	1	0	Bacterial 70S ribosome inhibitor
BRD-K11905747	spectinomycin	CHEMBL1167	CHEMBL1167	CHEMBL2363135	P0A7T3	rpsP		PROTEIN NUCLEIC-ACID COMPLEX	Bacteria	INHIBITOR	1	0	Bacterial 70S ribosome inhibitor
BRD-K11905747	spectinomycin	CHEMBL1167	CHEMBL1167	CHEMBL2363135	P0AG63	rpsQ		PROTEIN NUCLEIC-ACID COMPLEX	Bacteria	INHIBITOR	1	0	Bacterial 70S ribosome inhibitor
BRD-K11905747	spectinomycin	CHEMBL1167	CHEMBL1167	CHEMBL2363135	P0A7T7	rpsR		PROTEIN NUCLEIC-ACID COMPLEX	Bacteria	INHIBITOR	1	0	Bacterial 70S ribosome inhibitor
BRD-K11905747	spectinomycin	CHEMBL1167	CHEMBL1167	CHEMBL2363135	P0A7U3	rpsS		PROTEIN NUCLEIC-ACID COMPLEX	Bacteria	INHIBITOR	1	0	Bacterial 70S ribosome inhibitor
BRD-K11905747	spectinomycin	CHEMBL1167	CHEMBL1167	CHEMBL2363135	P0A7U7	rpsT		PROTEIN NUCLEIC-ACID COMPLEX	Bacteria	INHIBITOR	1	0	Bacterial 70S ribosome inhibitor
BRD-K11905747	spectinomycin	CHEMBL1167	CHEMBL1167	CHEMBL2363135	P68679	rpsU		PROTEIN NUCLEIC-ACID COMPLEX	Bacteria	INHIBITOR	1	0	Bacterial 70S ribosome inhibitor
BRD-K11905747	spectinomycin	CHEMBL1167	CHEMBL1167	CHEMBL2363135	P0A7V3	rpsC		PROTEIN NUCLEIC-ACID COMPLEX	Bacteria	INHIBITOR	1	0	Bacterial 70S ribosome inhibitor
BRD-K11905747	spectinomycin	CHEMBL1167	CHEMBL1167	CHEMBL2363135	P0A7V8	rpsD		PROTEIN NUCLEIC-ACID COMPLEX	Bacteria	INHIBITOR	1	0	Bacterial 70S ribosome inhibitor
BRD-K11905747	spectinomycin	CHEMBL1167	CHEMBL1167	CHEMBL2363135	P0A7W1	rpsE		PROTEIN NUCLEIC-ACID COMPLEX	Bacteria	INHIBITOR	1	0	Bacterial 70S ribosome inhibitor
BRD-K11905747	spectinomycin	CHEMBL1167	CHEMBL1167	CHEMBL2363135	P02358	rpsF		PROTEIN NUCLEIC-ACID COMPLEX	Bacteria	INHIBITOR	1	0	Bacterial 70S ribosome inhibitor
BRD-K11905747	spectinomycin	CHEMBL1167	CHEMBL1167	CHEMBL2363135	P02359	rpsG		PROTEIN NUCLEIC-ACID COMPLEX	Bacteria	INHIBITOR	1	0	Bacterial 70S ribosome inhibitor
BRD-K11905747	spectinomycin	CHEMBL1167	CHEMBL1167	CHEMBL2363135	P0A7W7	rpsH		PROTEIN NUCLEIC-ACID COMPLEX	Bacteria	INHIBITOR	1	0	Bacterial 70S ribosome inhibitor
BRD-K11905747	spectinomycin	CHEMBL1167	CHEMBL1167	CHEMBL2363135	P0A7X3	rpsI		PROTEIN NUCLEIC-ACID COMPLEX	Bacteria	INHIBITOR	1	0	Bacterial 70S ribosome inhibitor
BRD-K11905747	spectinomycin	CHEMBL1167	CHEMBL1167	CHEMBL2363135	P0A7J3	rplJ		PROTEIN NUCLEIC-ACID COMPLEX	Bacteria	INHIBITOR	1	0	Bacterial 70S ribosome inhibitor
BRD-K11905747	spectinomycin	CHEMBL1167	CHEMBL1167	CHEMBL2363135	P0A7J7	rplK		PROTEIN NUCLEIC-ACID COMPLEX	Bacteria	INHIBITOR	1	0	Bacterial 70S ribosome inhibitor
BRD-K11905747	spectinomycin	CHEMBL1167	CHEMBL1167	CHEMBL2363135	P0AA10	rplM		PROTEIN NUCLEIC-ACID COMPLEX	Bacteria	INHIBITOR	1	0	Bacterial 70S ribosome inhibitor
BRD-K11905747	spectinomycin	CHEMBL1167	CHEMBL1167	CHEMBL2363135	P0ADY3	rplN		PROTEIN NUCLEIC-ACID COMPLEX	Bacteria	INHIBITOR	1	0	Bacterial 70S ribosome inhibitor
BRD-K11905747	spectinomycin	CHEMBL1167	CHEMBL1167	CHEMBL2363135	P02413	rplO		PROTEIN NUCLEIC-ACID COMPLEX	Bacteria	INHIBITOR	1	0	Bacterial 70S ribosome inhibitor
BRD-K11905747	spectinomycin	CHEMBL1167	CHEMBL1167	CHEMBL2363135	P0ADY7	rplP		PROTEIN NUCLEIC-ACID COMPLEX	Bacteria	INHIBITOR	1	0	Bacterial 70S ribosome inhibitor
BRD-K11905747	spectinomycin	CHEMBL1167	CHEMBL1167	CHEMBL2363135	P0AG44	rplQ		PROTEIN NUCLEIC-ACID COMPLEX	Bacteria	INHIBITOR	1	0	Bacterial 70S ribosome inhibitor
BRD-K11905747	spectinomycin	CHEMBL1167	CHEMBL1167	CHEMBL2363135	P0C018	rplR		PROTEIN NUCLEIC-ACID COMPLEX	Bacteria	INHIBITOR	1	0	Bacterial 70S ribosome inhibitor
BRD-K11905747	spectinomycin	CHEMBL1167	CHEMBL1167	CHEMBL2363135	P0A7K6	rplS		PROTEIN NUCLEIC-ACID COMPLEX	Bacteria	INHIBITOR	1	0	Bacterial 70S ribosome inhibitor
BRD-K11905747	spectinomycin	CHEMBL1167	CHEMBL1167	CHEMBL2363135	P0A7L0	rplA		PROTEIN NUCLEIC-ACID COMPLEX	Bacteria	INHIBITOR	1	0	Bacterial 70S ribosome inhibitor
BRD-K11905747	spectinomycin	CHEMBL1167	CHEMBL1167	CHEMBL2363135	P0A7L3	rplT		PROTEIN NUCLEIC-ACID COMPLEX	Bacteria	INHIBITOR	1	0	Bacterial 70S ribosome inhibitor
BRD-K11905747	spectinomycin	CHEMBL1167	CHEMBL1167	CHEMBL2363135	P0AG48	rplU		PROTEIN NUCLEIC-ACID COMPLEX	Bacteria	INHIBITOR	1	0	Bacterial 70S ribosome inhibitor
BRD-K11905747	spectinomycin	CHEMBL1167	CHEMBL1167	CHEMBL2363135	P61175	rplV		PROTEIN NUCLEIC-ACID COMPLEX	Bacteria	INHIBITOR	1	0	Bacterial 70S ribosome inhibitor
BRD-K11905747	spectinomycin	CHEMBL1167	CHEMBL1167	CHEMBL2363135	P0ADZ0	rplW		PROTEIN NUCLEIC-ACID COMPLEX	Bacteria	INHIBITOR	1	0	Bacterial 70S ribosome inhibitor
BRD-K11905747	spectinomycin	CHEMBL1167	CHEMBL1167	CHEMBL2363135	P60624	rplX		PROTEIN NUCLEIC-ACID COMPLEX	Bacteria	INHIBITOR	1	0	Bacterial 70S ribosome inhibitor
BRD-K11905747	spectinomycin	CHEMBL1167	CHEMBL1167	CHEMBL2363135	P68919	rplY		PROTEIN NUCLEIC-ACID COMPLEX	Bacteria	INHIBITOR	1	0	Bacterial 70S ribosome inhibitor
BRD-K11905747	spectinomycin	CHEMBL1167	CHEMBL1167	CHEMBL2363135	P0A7L8	rpmA		PROTEIN NUCLEIC-ACID COMPLEX	Bacteria	INHIBITOR	1	0	Bacterial 70S ribosome inhibitor
BRD-K11905747	spectinomycin	CHEMBL1167	CHEMBL1167	CHEMBL2363135	P0A7M2	rpmB		PROTEIN NUCLEIC-ACID COMPLEX	Bacteria	INHIBITOR	1	0	Bacterial 70S ribosome inhibitor
BRD-K11905747	spectinomycin	CHEMBL1167	CHEMBL1167	CHEMBL2363135	P0A7M6	rpmC		PROTEIN NUCLEIC-ACID COMPLEX	Bacteria	INHIBITOR	1	0	Bacterial 70S ribosome inhibitor
BRD-K11905747	spectinomycin	CHEMBL1167	CHEMBL1167	CHEMBL2363135	P60422	rplB		PROTEIN NUCLEIC-ACID COMPLEX	Bacteria	INHIBITOR	1	0	Bacterial 70S ribosome inhibitor
BRD-K11905747	spectinomycin	CHEMBL1167	CHEMBL1167	CHEMBL2363135	P0AG51	rpmD		PROTEIN NUCLEIC-ACID COMPLEX	Bacteria	INHIBITOR	1	0	Bacterial 70S ribosome inhibitor
BRD-K11905747	spectinomycin	CHEMBL1167	CHEMBL1167	CHEMBL2363135	P0A7N1	ykgM		PROTEIN NUCLEIC-ACID COMPLEX	Bacteria	INHIBITOR	1	0	Bacterial 70S ribosome inhibitor
BRD-K11905747	spectinomycin	CHEMBL1167	CHEMBL1167	CHEMBL2363135	P0A7M9	rpmE		PROTEIN NUCLEIC-ACID COMPLEX	Bacteria	INHIBITOR	1	0	Bacterial 70S ribosome inhibitor
BRD-K11905747	spectinomycin	CHEMBL1167	CHEMBL1167	CHEMBL2363135	P0A7N4	rpmF		PROTEIN NUCLEIC-ACID COMPLEX	Bacteria	INHIBITOR	1	0	Bacterial 70S ribosome inhibitor
BRD-K11905747	spectinomycin	CHEMBL1167	CHEMBL1167	CHEMBL2363135	P0A7N9	rpmG		PROTEIN NUCLEIC-ACID COMPLEX	Bacteria	INHIBITOR	1	0	Bacterial 70S ribosome inhibitor
BRD-K11905747	spectinomycin	CHEMBL1167	CHEMBL1167	CHEMBL2363135	P0A7P5	rpmH		PROTEIN NUCLEIC-ACID COMPLEX	Bacteria	INHIBITOR	1	0	Bacterial 70S ribosome inhibitor
BRD-K11905747	spectinomycin	CHEMBL1167	CHEMBL1167	CHEMBL2363135	P0A7Q1	rpmI		PROTEIN NUCLEIC-ACID COMPLEX	Bacteria	INHIBITOR	1	0	Bacterial 70S ribosome inhibitor
BRD-K11905747	spectinomycin	CHEMBL1167	CHEMBL1167	CHEMBL2363135	Q2EEQ2	rpmJ2		PROTEIN NUCLEIC-ACID COMPLEX	Bacteria	INHIBITOR	1	0	Bacterial 70S ribosome inhibitor
BRD-K11905747	spectinomycin	CHEMBL1167	CHEMBL1167	CHEMBL2363135	P0A7Q6	rpmJ1		PROTEIN NUCLEIC-ACID COMPLEX	Bacteria	INHIBITOR	1	0	Bacterial 70S ribosome inhibitor
BRD-K11905747	spectinomycin	CHEMBL1167	CHEMBL1167	CHEMBL2363135	P60438	rplC		PROTEIN NUCLEIC-ACID COMPLEX	Bacteria	INHIBITOR	1	0	Bacterial 70S ribosome inhibitor
BRD-K11905747	spectinomycin	CHEMBL1167	CHEMBL1167	CHEMBL2363135	P62399	rplE		PROTEIN NUCLEIC-ACID COMPLEX	Bacteria	INHIBITOR	1	0	Bacterial 70S ribosome inhibitor
BRD-K11905747	spectinomycin	CHEMBL1167	CHEMBL1167	CHEMBL2363135	P0AG55	rplF		PROTEIN NUCLEIC-ACID COMPLEX	Bacteria	INHIBITOR	1	0	Bacterial 70S ribosome inhibitor
BRD-K11905747	spectinomycin	CHEMBL1167	CHEMBL1167	CHEMBL2363135	P0A7K2	rplL		PROTEIN NUCLEIC-ACID COMPLEX	Bacteria	INHIBITOR	1	0	Bacterial 70S ribosome inhibitor
BRD-K88560311	rucaparib	CHEMBL1173055	CHEMBL1173055	CHEMBL3390820	P09874	PARP1	142	PROTEIN FAMILY	Homo sapiens	INHIBITOR	1	1	PARP 1, 2 and 3 inhibitor
BRD-K88560311	rucaparib	CHEMBL1173055	CHEMBL1173055	CHEMBL3390820	Q9Y6F1	PARP3		PROTEIN FAMILY	Homo sapiens	INHIBITOR	1	0	PARP 1, 2 and 3 inhibitor
BRD-K88560311	rucaparib	CHEMBL1173055	CHEMBL1173055	CHEMBL3390820	Q9UGN5	PARP2	10038	PROTEIN FAMILY	Homo sapiens	INHIBITOR	1	1	PARP 1, 2 and 3 inhibitor
BRD-K13756951	bitopertin	CHEMBL1171829	CHEMBL1171829	CHEMBL2337	P48067	SLC6A9		SINGLE PROTEIN	Homo sapiens	INHIBITOR	1	0	Glycine transporter 1 inhibitor
BRD-K80267133	aminosalicylic-acid	CHEMBL1169	CHEMBL1169	CHEMBL6065	P9WNX1	folA		SINGLE PROTEIN	Mycobacterium tuberculosis	INHIBITOR	1	0	Dihydrofolate reductase inhibitor
BRD-K88560311	rucaparib	CHEMBL1173055	CHEMBL1173055	CHEMBL3390820	P09874	PARP1	142	PROTEIN FAMILY	Homo sapiens	INHIBITOR	1	1	PARP 1, 2 and 3 inhibitor
BRD-K88560311	rucaparib	CHEMBL1173055	CHEMBL1173055	CHEMBL3390820	Q9Y6F1	PARP3		PROTEIN FAMILY	Homo sapiens	INHIBITOR	1	0	PARP 1, 2 and 3 inhibitor
BRD-K88560311	rucaparib	CHEMBL1173055	CHEMBL1173055	CHEMBL3390820	Q9UGN5	PARP2	10038	PROTEIN FAMILY	Homo sapiens	INHIBITOR	1	1	PARP 1, 2 and 3 inhibitor
BRD-K80267133	aminosalicylic-acid	CHEMBL1169	CHEMBL1169	CHEMBL6065	P9WNX1	folA		SINGLE PROTEIN	Mycobacterium tuberculosis	INHIBITOR	1	0	Dihydrofolate reductase inhibitor
BRD-K80267133	aminosalicylic-acid	CHEMBL1169	CHEMBL1169	CHEMBL6065	P9WNX1	folA		SINGLE PROTEIN	Mycobacterium tuberculosis	INHIBITOR	1	0	Dihydrofolate reductase inhibitor
BRD-K53061490	ozagrel	CHEMBL11662	CHEMBL11662	CHEMBL1835	P24557	TBXAS1		SINGLE PROTEIN	Homo sapiens	INHIBITOR	1	0	Thromboxane-A synthase inhibitor
BRD-K33226500	indinavir	CHEMBL115	CHEMBL115	CHEMBL243	Q72874	pol		SINGLE PROTEIN	Human immunodeficiency virus 1	INHIBITOR	1	0	Human immunodeficiency virus type 1 protease inhibitor
BRD-K90885812	propantheline	CHEMBL1180725	CHEMBL1180725	CHEMBL245	P20309	CHRM3		SINGLE PROTEIN	Homo sapiens	ANTAGONIST	1	0	Muscarinic acetylcholine receptor M3 antagonist
BRD-K74363950	aclidinium	CHEMBL1194325	CHEMBL1194325	CHEMBL245	P20309	CHRM3		SINGLE PROTEIN	Homo sapiens	ANTAGONIST	1	0	Muscarinic acetylcholine receptor M3 antagonist
BRD-K67637637	olopatadine	CHEMBL1189432	CHEMBL1189432	CHEMBL231	P35367	HRH1		SINGLE PROTEIN	Homo sapiens	ANTAGONIST	1	0	Histamine H1 receptor antagonist
BRD-A23072235	pheniramine	CHEMBL1193	CHEMBL1193	CHEMBL231	P35367	HRH1		SINGLE PROTEIN	Homo sapiens	ANTAGONIST	1	0	Histamine H1 receptor antagonist
BRD-K90885812	propantheline	CHEMBL1180725	CHEMBL1180725	CHEMBL216	P11229	CHRM1		SINGLE PROTEIN	Homo sapiens	ANTAGONIST	1	0	Muscarinic acetylcholine receptor M1 antagonist
BRD-K54314721	zolmitriptan	CHEMBL1185	CHEMBL1185	CHEMBL1898	P28222	HTR1B		SINGLE PROTEIN	Homo sapiens	AGONIST	1	0	Serotonin 1b (5-HT1b) receptor agonist
BRD-K08924299	palonosetron	CHEMBL1189679	CHEMBL1189679	CHEMBL1899	P46098	HTR3A		SINGLE PROTEIN	Homo sapiens	ANTAGONIST	1	0	Serotonin 3a (5-HT3a) receptor antagonist
BRD-K71103788	duloxetine	CHEMBL1175	CHEMBL1175	CHEMBL228	P31645	SLC6A4		SINGLE PROTEIN	Homo sapiens	INHIBITOR	1	0	Serotonin transporter inhibitor
BRD-K54314721	zolmitriptan	CHEMBL1185	CHEMBL1185	CHEMBL1983	P28221	HTR1D		SINGLE PROTEIN	Homo sapiens	AGONIST	1	0	Serotonin 1d (5-HT1d) receptor agonist
BRD-A37288617	amfepramone	CHEMBL1194666	CHEMBL1194666	CHEMBL238	Q01959	SLC6A3		SINGLE PROTEIN	Homo sapiens	INHIBITOR	1	0	Dopamine transporter inhibitor
BRD-A37288617	amfepramone	CHEMBL1194666	CHEMBL1194666	CHEMBL222	P23975	SLC6A2		SINGLE PROTEIN	Homo sapiens	INHIBITOR	1	0	Norepinephrine transporter inhibitor
BRD-K71103788	duloxetine	CHEMBL1175	CHEMBL1175	CHEMBL222	P23975	SLC6A2		SINGLE PROTEIN	Homo sapiens	INHIBITOR	1	0	Norepinephrine transporter inhibitor
BRD-K02637541	celecoxib	CHEMBL118	CHEMBL118	CHEMBL230	P35354	PTGS2	5743	SINGLE PROTEIN	Homo sapiens	INHIBITOR	1	1	Cyclooxygenase-2 inhibitor
BRD-A47564106	tetrabenazine	CHEMBL117785	CHEMBL117785	CHEMBL1893	Q05940	SLC18A2		SINGLE PROTEIN	Homo sapiens	INHIBITOR	1	0	Synaptic vesicular amine transporter inhibitor
BRD-K90885812	propantheline	CHEMBL1180725	CHEMBL1180725	CHEMBL211	P08172	CHRM2		SINGLE PROTEIN	Homo sapiens	ANTAGONIST	1	0	Muscarinic acetylcholine receptor M2 antagonist
BRD-K31682896	sulfamethizole	CHEMBL1191	CHEMBL1191	CHEMBL2364668	P0AC13	folP		SINGLE PROTEIN	Bacteria	INHIBITOR	1	0	Bacterial dihydropteroate synthase inhibitor
BRD-A53952395	prilocaine	CHEMBL1194	CHEMBL1194	CHEMBL2331043	P35498	SCN1A		PROTEIN FAMILY	Homo sapiens	BLOCKER	1	0	Sodium channel alpha subunit blocker
BRD-A53952395	prilocaine	CHEMBL1194	CHEMBL1194	CHEMBL2331043	Q14524	SCN5A		PROTEIN FAMILY	Homo sapiens	BLOCKER	1	0	Sodium channel alpha subunit blocker
BRD-A53952395	prilocaine	CHEMBL1194	CHEMBL1194	CHEMBL2331043	P35499	SCN4A		PROTEIN FAMILY	Homo sapiens	BLOCKER	1	0	Sodium channel alpha subunit blocker
BRD-A53952395	prilocaine	CHEMBL1194	CHEMBL1194	CHEMBL2331043	Q01118	SCN7A		PROTEIN FAMILY	Homo sapiens	BLOCKER	1	0	Sodium channel alpha subunit blocker
BRD-A53952395	prilocaine	CHEMBL1194	CHEMBL1194	CHEMBL2331043	Q99250	SCN2A		PROTEIN FAMILY	Homo sapiens	BLOCKER	1	0	Sodium channel alpha subunit blocker
BRD-A53952395	prilocaine	CHEMBL1194	CHEMBL1194	CHEMBL2331043	Q15858	SCN9A		PROTEIN FAMILY	Homo sapiens	BLOCKER	1	0	Sodium channel alpha subunit blocker
BRD-A53952395	prilocaine	CHEMBL1194	CHEMBL1194	CHEMBL2331043	Q9NY46	SCN3A		PROTEIN FAMILY	Homo sapiens	BLOCKER	1	0	Sodium channel alpha subunit blocker
BRD-A53952395	prilocaine	CHEMBL1194	CHEMBL1194	CHEMBL2331043	Q9UI33	SCN11A		PROTEIN FAMILY	Homo sapiens	BLOCKER	1	0	Sodium channel alpha subunit blocker
BRD-A53952395	prilocaine	CHEMBL1194	CHEMBL1194	CHEMBL2331043	Q9UQD0	SCN8A		PROTEIN FAMILY	Homo sapiens	BLOCKER	1	0	Sodium channel alpha subunit blocker
BRD-A53952395	prilocaine	CHEMBL1194	CHEMBL1194	CHEMBL2331043	Q9Y5Y9	SCN10A		PROTEIN FAMILY	Homo sapiens	BLOCKER	1	0	Sodium channel alpha subunit blocker
BRD-K18250272	propoxycaine	CHEMBL1195	CHEMBL1195	CHEMBL2331043	P35498	SCN1A		PROTEIN FAMILY	Homo sapiens	BLOCKER	1	0	Sodium channel alpha subunit blocker
BRD-K18250272	propoxycaine	CHEMBL1195	CHEMBL1195	CHEMBL2331043	Q14524	SCN5A		PROTEIN FAMILY	Homo sapiens	BLOCKER	1	0	Sodium channel alpha subunit blocker
BRD-K18250272	propoxycaine	CHEMBL1195	CHEMBL1195	CHEMBL2331043	P35499	SCN4A		PROTEIN FAMILY	Homo sapiens	BLOCKER	1	0	Sodium channel alpha subunit blocker
BRD-K18250272	propoxycaine	CHEMBL1195	CHEMBL1195	CHEMBL2331043	Q01118	SCN7A		PROTEIN FAMILY	Homo sapiens	BLOCKER	1	0	Sodium channel alpha subunit blocker
BRD-K18250272	propoxycaine	CHEMBL1195	CHEMBL1195	CHEMBL2331043	Q99250	SCN2A		PROTEIN FAMILY	Homo sapiens	BLOCKER	1	0	Sodium channel alpha subunit blocker
BRD-K18250272	propoxycaine	CHEMBL1195	CHEMBL1195	CHEMBL2331043	Q15858	SCN9A		PROTEIN FAMILY	Homo sapiens	BLOCKER	1	0	Sodium channel alpha subunit blocker
BRD-K18250272	propoxycaine	CHEMBL1195	CHEMBL1195	CHEMBL2331043	Q9NY46	SCN3A		PROTEIN FAMILY	Homo sapiens	BLOCKER	1	0	Sodium channel alpha subunit blocker
BRD-K18250272	propoxycaine	CHEMBL1195	CHEMBL1195	CHEMBL2331043	Q9UI33	SCN11A		PROTEIN FAMILY	Homo sapiens	BLOCKER	1	0	Sodium channel alpha subunit blocker
BRD-K18250272	propoxycaine	CHEMBL1195	CHEMBL1195	CHEMBL2331043	Q9UQD0	SCN8A		PROTEIN FAMILY	Homo sapiens	BLOCKER	1	0	Sodium channel alpha subunit blocker
BRD-K18250272	propoxycaine	CHEMBL1195	CHEMBL1195	CHEMBL2331043	Q9Y5Y9	SCN10A		PROTEIN FAMILY	Homo sapiens	BLOCKER	1	0	Sodium channel alpha subunit blocker
BRD-A53952395	prilocaine	CHEMBL1194	CHEMBL1194	CHEMBL2331043	P35498	SCN1A		PROTEIN FAMILY	Homo sapiens	BLOCKER	1	0	Sodium channel alpha subunit blocker
BRD-A53952395	prilocaine	CHEMBL1194	CHEMBL1194	CHEMBL2331043	Q14524	SCN5A		PROTEIN FAMILY	Homo sapiens	BLOCKER	1	0	Sodium channel alpha subunit blocker
BRD-A53952395	prilocaine	CHEMBL1194	CHEMBL1194	CHEMBL2331043	P35499	SCN4A		PROTEIN FAMILY	Homo sapiens	BLOCKER	1	0	Sodium channel alpha subunit blocker
BRD-A53952395	prilocaine	CHEMBL1194	CHEMBL1194	CHEMBL2331043	Q01118	SCN7A		PROTEIN FAMILY	Homo sapiens	BLOCKER	1	0	Sodium channel alpha subunit blocker
BRD-A53952395	prilocaine	CHEMBL1194	CHEMBL1194	CHEMBL2331043	Q99250	SCN2A		PROTEIN FAMILY	Homo sapiens	BLOCKER	1	0	Sodium channel alpha subunit blocker
BRD-A53952395	prilocaine	CHEMBL1194	CHEMBL1194	CHEMBL2331043	Q15858	SCN9A		PROTEIN FAMILY	Homo sapiens	BLOCKER	1	0	Sodium channel alpha subunit blocker
BRD-A53952395	prilocaine	CHEMBL1194	CHEMBL1194	CHEMBL2331043	Q9NY46	SCN3A		PROTEIN FAMILY	Homo sapiens	BLOCKER	1	0	Sodium channel alpha subunit blocker
BRD-A53952395	prilocaine	CHEMBL1194	CHEMBL1194	CHEMBL2331043	Q9UI33	SCN11A		PROTEIN FAMILY	Homo sapiens	BLOCKER	1	0	Sodium channel alpha subunit blocker
BRD-A53952395	prilocaine	CHEMBL1194	CHEMBL1194	CHEMBL2331043	Q9UQD0	SCN8A		PROTEIN FAMILY	Homo sapiens	BLOCKER	1	0	Sodium channel alpha subunit blocker
BRD-A53952395	prilocaine	CHEMBL1194	CHEMBL1194	CHEMBL2331043	Q9Y5Y9	SCN10A		PROTEIN FAMILY	Homo sapiens	BLOCKER	1	0	Sodium channel alpha subunit blocker
BRD-K66175015	afatinib	CHEMBL1173655	CHEMBL1173655	CHEMBL203	P00533	EGFR	1956	SINGLE PROTEIN	Homo sapiens	INHIBITOR	1	1	Epidermal growth factor receptor erbB1 inhibitor
BRD-K46692793	umeclidinium	CHEMBL1187833	CHEMBL1187833	CHEMBL245	P20309	CHRM3		SINGLE PROTEIN	Homo sapiens	ANTAGONIST	1	0	Muscarinic acetylcholine receptor M3 antagonist
BRD-K66175015	afatinib	CHEMBL1173655	CHEMBL1173655	CHEMBL1824	P04626	ERBB2	2064	SINGLE PROTEIN	Homo sapiens	INHIBITOR	1	1	Receptor protein-tyrosine kinase erbB-2 inhibitor
BRD-K66175015	afatinib	CHEMBL1173655	CHEMBL1173655	CHEMBL3009	Q15303	ERBB4		SINGLE PROTEIN	Homo sapiens	INHIBITOR	1	0	Receptor protein-tyrosine kinase erbB-4 inhibitor
BRD-K91900765	VX-745	CHEMBL119385	CHEMBL119385	CHEMBL260	Q16539	MAPK14		SINGLE PROTEIN	Homo sapiens	INHIBITOR	1	0	MAP kinase p38 alpha inhibitor
BRD-A47564106	tetrabenazine	CHEMBL117785	CHEMBL117785	CHEMBL1893	Q05940	SLC18A2		SINGLE PROTEIN	Homo sapiens	INHIBITOR	1	0	Synaptic vesicular amine transporter inhibitor
BRD-A79672927	tropicamide	CHEMBL1200604	CHEMBL1200604	CHEMBL245	P20309	CHRM3		SINGLE PROTEIN	Homo sapiens	ANTAGONIST	1	0	Muscarinic acetylcholine receptor M3 antagonist
BRD-M98649031	dimenhydrinate	CHEMBL1200406	CHEMBL1200406	CHEMBL231	P35367	HRH1		SINGLE PROTEIN	Homo sapiens	ANTAGONIST	1	0	Histamine H1 receptor antagonist
BRD-K78485176	olmesartan-medoxomil	CHEMBL1200692	CHEMBL1200692	CHEMBL227	P30556	AGTR1		SINGLE PROTEIN	Homo sapiens	ANTAGONIST	1	0	Type-1 angiotensin II receptor antagonist
BRD-K56429665	calcipotriol	CHEMBL1200666	CHEMBL1200666	CHEMBL1977	P11473	VDR		SINGLE PROTEIN	Homo sapiens	AGONIST	1	0	Vitamin D receptor agonist
BRD-K60585088	paricalcitol	CHEMBL1200622	CHEMBL1200622	CHEMBL1977	P11473	VDR		SINGLE PROTEIN	Homo sapiens	AGONIST	1	0	Vitamin D receptor agonist
BRD-K33425534	exemestane	CHEMBL1200374	CHEMBL1200374	CHEMBL1978	P11511	CYP19A1		SINGLE PROTEIN	Homo sapiens	INHIBITOR	1	0	Cytochrome P450 19A1 inhibitor
BRD-K23976833	travoprost	CHEMBL1200799	CHEMBL1200799	CHEMBL1987	P43088	PTGFR		SINGLE PROTEIN	Homo sapiens	AGONIST	1	0	Prostanoid FP receptor agonist
BRD-K27062708	chlorotrianisene	CHEMBL1200761	CHEMBL1200761	CHEMBL242	Q92731	ESR2		SINGLE PROTEIN	Homo sapiens	MODULATOR	1	0	Estrogen receptor beta modulator
BRD-K81709173	halcinonide	CHEMBL1200845	CHEMBL1200845	CHEMBL2034	P04150	NR3C1	2908	SINGLE PROTEIN	Homo sapiens	AGONIST	1	1	Glucocorticoid receptor agonist
BRD-K39983086	loteprednol	CHEMBL1200865	CHEMBL1200865	CHEMBL2034	P04150	NR3C1	2908	SINGLE PROTEIN	Homo sapiens	AGONIST	1	1	Glucocorticoid receptor agonist
BRD-K46137903	prednicarbate	CHEMBL1200386	CHEMBL1200386	CHEMBL2034	P04150	NR3C1	2908	SINGLE PROTEIN	Homo sapiens	AGONIST	1	1	Glucocorticoid receptor agonist
BRD-K97810537	beclomethasone-dipropionate	CHEMBL1200500	CHEMBL1200500	CHEMBL2034	P04150	NR3C1	2908	SINGLE PROTEIN	Homo sapiens	AGONIST	1	1	Glucocorticoid receptor agonist
BRD-K17674993	diflorasone	CHEMBL1200545	CHEMBL1200545	CHEMBL2034	P04150	NR3C1	2908	SINGLE PROTEIN	Homo sapiens	AGONIST	1	1	Glucocorticoid receptor agonist
BRD-K38003476	clocortolone-pivalate	CHEMBL1200975	CHEMBL1200975	CHEMBL2034	P04150	NR3C1	2908	SINGLE PROTEIN	Homo sapiens	AGONIST	1	1	Glucocorticoid receptor agonist
BRD-K31627533	rimexolone	CHEMBL1200617	CHEMBL1200617	CHEMBL2034	P04150	NR3C1	2908	SINGLE PROTEIN	Homo sapiens	AGONIST	1	1	Glucocorticoid receptor agonist
BRD-K49669424	bretylium	CHEMBL1199080	CHEMBL1199080	CHEMBL222	P23975	SLC6A2		SINGLE PROTEIN	Homo sapiens	SUBSTRATE	1	0	Norepinephrine transporter substrate
BRD-K68620903	dydrogesterone	CHEMBL1200853	CHEMBL1200853	CHEMBL208	P06401	PGR		SINGLE PROTEIN	Homo sapiens	AGONIST	1	0	Progesterone receptor agonist
BRD-K39391626	ethylestrenol	CHEMBL1200623	CHEMBL1200623	CHEMBL1871	P10275	AR		SINGLE PROTEIN	Homo sapiens	AGONIST	1	0	Androgen Receptor agonist
BRD-K92467929	oxandrolone	CHEMBL1200436	CHEMBL1200436	CHEMBL1871	P10275	AR		SINGLE PROTEIN	Homo sapiens	AGONIST	1	0	Androgen Receptor agonist
BRD-A33084557	tioconazole	CHEMBL1200438	CHEMBL1200438	CHEMBL1780	P10613	ERG11		SINGLE PROTEIN	Candida albicans (strain SC5314 / ATCC MYA-2876) (Yeast)	INHIBITOR	1	0	Cytochrome P450 51 inhibitor
BRD-K16508793	diazepam	CHEMBL12	CHEMBL12	CHEMBL2093872	P14867	GABRA1		PROTEIN COMPLEX GROUP	Homo sapiens	POSITIVE ALLOSTERIC MODULATOR	1	0	GABA-A receptor; anion channel positive allosteric modulator
BRD-K16508793	diazepam	CHEMBL12	CHEMBL12	CHEMBL2093872	P47870	GABRB2		PROTEIN COMPLEX GROUP	Homo sapiens	POSITIVE ALLOSTERIC MODULATOR	1	0	GABA-A receptor; anion channel positive allosteric modulator
BRD-K16508793	diazepam	CHEMBL12	CHEMBL12	CHEMBL2093872	P18507	GABRG2		PROTEIN COMPLEX GROUP	Homo sapiens	POSITIVE ALLOSTERIC MODULATOR	1	0	GABA-A receptor; anion channel positive allosteric modulator
BRD-K16508793	diazepam	CHEMBL12	CHEMBL12	CHEMBL2093872	P28472	GABRB3		PROTEIN COMPLEX GROUP	Homo sapiens	POSITIVE ALLOSTERIC MODULATOR	1	0	GABA-A receptor; anion channel positive allosteric modulator
BRD-K16508793	diazepam	CHEMBL12	CHEMBL12	CHEMBL2093872	P48169	GABRA4		PROTEIN COMPLEX GROUP	Homo sapiens	POSITIVE ALLOSTERIC MODULATOR	1	0	GABA-A receptor; anion channel positive allosteric modulator
BRD-K16508793	diazepam	CHEMBL12	CHEMBL12	CHEMBL2093872	Q99928	GABRG3		PROTEIN COMPLEX GROUP	Homo sapiens	POSITIVE ALLOSTERIC MODULATOR	1	0	GABA-A receptor; anion channel positive allosteric modulator
BRD-K16508793	diazepam	CHEMBL12	CHEMBL12	CHEMBL2093872	Q9UN88	GABRQ		PROTEIN COMPLEX GROUP	Homo sapiens	POSITIVE ALLOSTERIC MODULATOR	1	0	GABA-A receptor; anion channel positive allosteric modulator
BRD-K16508793	diazepam	CHEMBL12	CHEMBL12	CHEMBL2093872	P34903	GABRA3		PROTEIN COMPLEX GROUP	Homo sapiens	POSITIVE ALLOSTERIC MODULATOR	1	0	GABA-A receptor; anion channel positive allosteric modulator
BRD-K16508793	diazepam	CHEMBL12	CHEMBL12	CHEMBL2093872	O00591	GABRP		PROTEIN COMPLEX GROUP	Homo sapiens	POSITIVE ALLOSTERIC MODULATOR	1	0	GABA-A receptor; anion channel positive allosteric modulator
BRD-K16508793	diazepam	CHEMBL12	CHEMBL12	CHEMBL2093872	O14764	GABRD		PROTEIN COMPLEX GROUP	Homo sapiens	POSITIVE ALLOSTERIC MODULATOR	1	0	GABA-A receptor; anion channel positive allosteric modulator
BRD-K16508793	diazepam	CHEMBL12	CHEMBL12	CHEMBL2093872	Q8N1C3	GABRG1		PROTEIN COMPLEX GROUP	Homo sapiens	POSITIVE ALLOSTERIC MODULATOR	1	0	GABA-A receptor; anion channel positive allosteric modulator
BRD-K16508793	diazepam	CHEMBL12	CHEMBL12	CHEMBL2093872	P18505	GABRB1		PROTEIN COMPLEX GROUP	Homo sapiens	POSITIVE ALLOSTERIC MODULATOR	1	0	GABA-A receptor; anion channel positive allosteric modulator
BRD-K16508793	diazepam	CHEMBL12	CHEMBL12	CHEMBL2093872	P78334	GABRE		PROTEIN COMPLEX GROUP	Homo sapiens	POSITIVE ALLOSTERIC MODULATOR	1	0	GABA-A receptor; anion channel positive allosteric modulator
BRD-K16508793	diazepam	CHEMBL12	CHEMBL12	CHEMBL2093872	P47869	GABRA2		PROTEIN COMPLEX GROUP	Homo sapiens	POSITIVE ALLOSTERIC MODULATOR	1	0	GABA-A receptor; anion channel positive allosteric modulator
BRD-K16508793	diazepam	CHEMBL12	CHEMBL12	CHEMBL2093872	P31644	GABRA5		PROTEIN COMPLEX GROUP	Homo sapiens	POSITIVE ALLOSTERIC MODULATOR	1	0	GABA-A receptor; anion channel positive allosteric modulator
BRD-K16508793	diazepam	CHEMBL12	CHEMBL12	CHEMBL2093872	Q16445	GABRA6		PROTEIN COMPLEX GROUP	Homo sapiens	POSITIVE ALLOSTERIC MODULATOR	1	0	GABA-A receptor; anion channel positive allosteric modulator
BRD-K93331255	lypressin	CHEMBL1200690	CHEMBL1200690	CHEMBL2363078	P30518	AVPR2		PROTEIN FAMILY	Homo sapiens	AGONIST	1	0	Vasopressin receptor agonist
BRD-K93331255	lypressin	CHEMBL1200690	CHEMBL1200690	CHEMBL2363078	P37288	AVPR1A		PROTEIN FAMILY	Homo sapiens	AGONIST	1	0	Vasopressin receptor agonist
BRD-K93331255	lypressin	CHEMBL1200690	CHEMBL1200690	CHEMBL2363078	P47901	AVPR1B		PROTEIN FAMILY	Homo sapiens	AGONIST	1	0	Vasopressin receptor agonist
BRD-K89046952	ciclacillin	CHEMBL1200356	CHEMBL1200356	CHEMBL2354204	P24228	dacB		PROTEIN FAMILY	Bacteria	INHIBITOR	1	0	Bacterial penicillin-binding protein inhibitor
BRD-K89046952	ciclacillin	CHEMBL1200356	CHEMBL1200356	CHEMBL2354204	P0AD68	ftsI		PROTEIN FAMILY	Bacteria	INHIBITOR	1	0	Bacterial penicillin-binding protein inhibitor
BRD-K89046952	ciclacillin	CHEMBL1200356	CHEMBL1200356	CHEMBL2354204	P02918	mrcA		PROTEIN FAMILY	Bacteria	INHIBITOR	1	0	Bacterial penicillin-binding protein inhibitor
BRD-K89046952	ciclacillin	CHEMBL1200356	CHEMBL1200356	CHEMBL2354204	P02919	mrcB		PROTEIN FAMILY	Bacteria	INHIBITOR	1	0	Bacterial penicillin-binding protein inhibitor
BRD-K89046952	ciclacillin	CHEMBL1200356	CHEMBL1200356	CHEMBL2354204	P0AEB2	dacA		PROTEIN FAMILY	Bacteria	INHIBITOR	1	0	Bacterial penicillin-binding protein inhibitor
BRD-K89046952	ciclacillin	CHEMBL1200356	CHEMBL1200356	CHEMBL2354204	P0AD65	mrdA		PROTEIN FAMILY	Bacteria	INHIBITOR	1	0	Bacterial penicillin-binding protein inhibitor
BRD-K89046952	ciclacillin	CHEMBL1200356	CHEMBL1200356	CHEMBL2354204	P08506	dacC		PROTEIN FAMILY	Bacteria	INHIBITOR	1	0	Bacterial penicillin-binding protein inhibitor
BRD-K51677086	erythromycin-ethylsuccinate	CHEMBL1200688	CHEMBL1200688	CHEMBL2363135	P0A7V0	rpsB		PROTEIN NUCLEIC-ACID COMPLEX	Bacteria	INHIBITOR	1	0	Bacterial 70S ribosome inhibitor
BRD-K51677086	erythromycin-ethylsuccinate	CHEMBL1200688	CHEMBL1200688	CHEMBL2363135	P60723	rplD		PROTEIN NUCLEIC-ACID COMPLEX	Bacteria	INHIBITOR	1	0	Bacterial 70S ribosome inhibitor
BRD-K51677086	erythromycin-ethylsuccinate	CHEMBL1200688	CHEMBL1200688	CHEMBL2363135	P0AG67	rpsA		PROTEIN NUCLEIC-ACID COMPLEX	Bacteria	INHIBITOR	1	0	Bacterial 70S ribosome inhibitor
BRD-K51677086	erythromycin-ethylsuccinate	CHEMBL1200688	CHEMBL1200688	CHEMBL2363135	P0A7R5	rpsJ		PROTEIN NUCLEIC-ACID COMPLEX	Bacteria	INHIBITOR	1	0	Bacterial 70S ribosome inhibitor
BRD-K51677086	erythromycin-ethylsuccinate	CHEMBL1200688	CHEMBL1200688	CHEMBL2363135	P0A7R9	rpsK		PROTEIN NUCLEIC-ACID COMPLEX	Bacteria	INHIBITOR	1	0	Bacterial 70S ribosome inhibitor
BRD-K51677086	erythromycin-ethylsuccinate	CHEMBL1200688	CHEMBL1200688	CHEMBL2363135	P0A7S3	rpsL		PROTEIN NUCLEIC-ACID COMPLEX	Bacteria	INHIBITOR	1	0	Bacterial 70S ribosome inhibitor
BRD-K51677086	erythromycin-ethylsuccinate	CHEMBL1200688	CHEMBL1200688	CHEMBL2363135	P0A7S9	rpsM		PROTEIN NUCLEIC-ACID COMPLEX	Bacteria	INHIBITOR	1	0	Bacterial 70S ribosome inhibitor
BRD-K51677086	erythromycin-ethylsuccinate	CHEMBL1200688	CHEMBL1200688	CHEMBL2363135	P0AG59	rpsN		PROTEIN NUCLEIC-ACID COMPLEX	Bacteria	INHIBITOR	1	0	Bacterial 70S ribosome inhibitor
BRD-K51677086	erythromycin-ethylsuccinate	CHEMBL1200688	CHEMBL1200688	CHEMBL2363135	P0ADZ4	rpsO		PROTEIN NUCLEIC-ACID COMPLEX	Bacteria	INHIBITOR	1	0	Bacterial 70S ribosome inhibitor
BRD-K51677086	erythromycin-ethylsuccinate	CHEMBL1200688	CHEMBL1200688	CHEMBL2363135	P0A7T3	rpsP		PROTEIN NUCLEIC-ACID COMPLEX	Bacteria	INHIBITOR	1	0	Bacterial 70S ribosome inhibitor
BRD-K51677086	erythromycin-ethylsuccinate	CHEMBL1200688	CHEMBL1200688	CHEMBL2363135	P0AG63	rpsQ		PROTEIN NUCLEIC-ACID COMPLEX	Bacteria	INHIBITOR	1	0	Bacterial 70S ribosome inhibitor
BRD-K51677086	erythromycin-ethylsuccinate	CHEMBL1200688	CHEMBL1200688	CHEMBL2363135	P0A7T7	rpsR		PROTEIN NUCLEIC-ACID COMPLEX	Bacteria	INHIBITOR	1	0	Bacterial 70S ribosome inhibitor
BRD-K51677086	erythromycin-ethylsuccinate	CHEMBL1200688	CHEMBL1200688	CHEMBL2363135	P0A7U3	rpsS		PROTEIN NUCLEIC-ACID COMPLEX	Bacteria	INHIBITOR	1	0	Bacterial 70S ribosome inhibitor
BRD-K51677086	erythromycin-ethylsuccinate	CHEMBL1200688	CHEMBL1200688	CHEMBL2363135	P0A7U7	rpsT		PROTEIN NUCLEIC-ACID COMPLEX	Bacteria	INHIBITOR	1	0	Bacterial 70S ribosome inhibitor
BRD-K51677086	erythromycin-ethylsuccinate	CHEMBL1200688	CHEMBL1200688	CHEMBL2363135	P68679	rpsU		PROTEIN NUCLEIC-ACID COMPLEX	Bacteria	INHIBITOR	1	0	Bacterial 70S ribosome inhibitor
BRD-K51677086	erythromycin-ethylsuccinate	CHEMBL1200688	CHEMBL1200688	CHEMBL2363135	P0A7V3	rpsC		PROTEIN NUCLEIC-ACID COMPLEX	Bacteria	INHIBITOR	1	0	Bacterial 70S ribosome inhibitor
BRD-K51677086	erythromycin-ethylsuccinate	CHEMBL1200688	CHEMBL1200688	CHEMBL2363135	P0A7V8	rpsD		PROTEIN NUCLEIC-ACID COMPLEX	Bacteria	INHIBITOR	1	0	Bacterial 70S ribosome inhibitor
BRD-K51677086	erythromycin-ethylsuccinate	CHEMBL1200688	CHEMBL1200688	CHEMBL2363135	P0A7W1	rpsE		PROTEIN NUCLEIC-ACID COMPLEX	Bacteria	INHIBITOR	1	0	Bacterial 70S ribosome inhibitor
BRD-K51677086	erythromycin-ethylsuccinate	CHEMBL1200688	CHEMBL1200688	CHEMBL2363135	P02358	rpsF		PROTEIN NUCLEIC-ACID COMPLEX	Bacteria	INHIBITOR	1	0	Bacterial 70S ribosome inhibitor
BRD-K51677086	erythromycin-ethylsuccinate	CHEMBL1200688	CHEMBL1200688	CHEMBL2363135	P02359	rpsG		PROTEIN NUCLEIC-ACID COMPLEX	Bacteria	INHIBITOR	1	0	Bacterial 70S ribosome inhibitor
BRD-K51677086	erythromycin-ethylsuccinate	CHEMBL1200688	CHEMBL1200688	CHEMBL2363135	P0A7W7	rpsH		PROTEIN NUCLEIC-ACID COMPLEX	Bacteria	INHIBITOR	1	0	Bacterial 70S ribosome inhibitor
BRD-K51677086	erythromycin-ethylsuccinate	CHEMBL1200688	CHEMBL1200688	CHEMBL2363135	P0A7X3	rpsI		PROTEIN NUCLEIC-ACID COMPLEX	Bacteria	INHIBITOR	1	0	Bacterial 70S ribosome inhibitor
BRD-K51677086	erythromycin-ethylsuccinate	CHEMBL1200688	CHEMBL1200688	CHEMBL2363135	P0A7J3	rplJ		PROTEIN NUCLEIC-ACID COMPLEX	Bacteria	INHIBITOR	1	0	Bacterial 70S ribosome inhibitor
BRD-K51677086	erythromycin-ethylsuccinate	CHEMBL1200688	CHEMBL1200688	CHEMBL2363135	P0A7J7	rplK		PROTEIN NUCLEIC-ACID COMPLEX	Bacteria	INHIBITOR	1	0	Bacterial 70S ribosome inhibitor
BRD-K51677086	erythromycin-ethylsuccinate	CHEMBL1200688	CHEMBL1200688	CHEMBL2363135	P0AA10	rplM		PROTEIN NUCLEIC-ACID COMPLEX	Bacteria	INHIBITOR	1	0	Bacterial 70S ribosome inhibitor
BRD-K51677086	erythromycin-ethylsuccinate	CHEMBL1200688	CHEMBL1200688	CHEMBL2363135	P0ADY3	rplN		PROTEIN NUCLEIC-ACID COMPLEX	Bacteria	INHIBITOR	1	0	Bacterial 70S ribosome inhibitor
BRD-K51677086	erythromycin-ethylsuccinate	CHEMBL1200688	CHEMBL1200688	CHEMBL2363135	P02413	rplO		PROTEIN NUCLEIC-ACID COMPLEX	Bacteria	INHIBITOR	1	0	Bacterial 70S ribosome inhibitor
BRD-K51677086	erythromycin-ethylsuccinate	CHEMBL1200688	CHEMBL1200688	CHEMBL2363135	P0ADY7	rplP		PROTEIN NUCLEIC-ACID COMPLEX	Bacteria	INHIBITOR	1	0	Bacterial 70S ribosome inhibitor
BRD-K51677086	erythromycin-ethylsuccinate	CHEMBL1200688	CHEMBL1200688	CHEMBL2363135	P0AG44	rplQ		PROTEIN NUCLEIC-ACID COMPLEX	Bacteria	INHIBITOR	1	0	Bacterial 70S ribosome inhibitor
BRD-K51677086	erythromycin-ethylsuccinate	CHEMBL1200688	CHEMBL1200688	CHEMBL2363135	P0C018	rplR		PROTEIN NUCLEIC-ACID COMPLEX	Bacteria	INHIBITOR	1	0	Bacterial 70S ribosome inhibitor
BRD-K51677086	erythromycin-ethylsuccinate	CHEMBL1200688	CHEMBL1200688	CHEMBL2363135	P0A7K6	rplS		PROTEIN NUCLEIC-ACID COMPLEX	Bacteria	INHIBITOR	1	0	Bacterial 70S ribosome inhibitor
BRD-K51677086	erythromycin-ethylsuccinate	CHEMBL1200688	CHEMBL1200688	CHEMBL2363135	P0A7L0	rplA		PROTEIN NUCLEIC-ACID COMPLEX	Bacteria	INHIBITOR	1	0	Bacterial 70S ribosome inhibitor
BRD-K51677086	erythromycin-ethylsuccinate	CHEMBL1200688	CHEMBL1200688	CHEMBL2363135	P0A7L3	rplT		PROTEIN NUCLEIC-ACID COMPLEX	Bacteria	INHIBITOR	1	0	Bacterial 70S ribosome inhibitor
BRD-K51677086	erythromycin-ethylsuccinate	CHEMBL1200688	CHEMBL1200688	CHEMBL2363135	P0AG48	rplU		PROTEIN NUCLEIC-ACID COMPLEX	Bacteria	INHIBITOR	1	0	Bacterial 70S ribosome inhibitor
BRD-K51677086	erythromycin-ethylsuccinate	CHEMBL1200688	CHEMBL1200688	CHEMBL2363135	P61175	rplV		PROTEIN NUCLEIC-ACID COMPLEX	Bacteria	INHIBITOR	1	0	Bacterial 70S ribosome inhibitor
BRD-K51677086	erythromycin-ethylsuccinate	CHEMBL1200688	CHEMBL1200688	CHEMBL2363135	P0ADZ0	rplW		PROTEIN NUCLEIC-ACID COMPLEX	Bacteria	INHIBITOR	1	0	Bacterial 70S ribosome inhibitor
BRD-K51677086	erythromycin-ethylsuccinate	CHEMBL1200688	CHEMBL1200688	CHEMBL2363135	P60624	rplX		PROTEIN NUCLEIC-ACID COMPLEX	Bacteria	INHIBITOR	1	0	Bacterial 70S ribosome inhibitor
BRD-K51677086	erythromycin-ethylsuccinate	CHEMBL1200688	CHEMBL1200688	CHEMBL2363135	P68919	rplY		PROTEIN NUCLEIC-ACID COMPLEX	Bacteria	INHIBITOR	1	0	Bacterial 70S ribosome inhibitor
BRD-K51677086	erythromycin-ethylsuccinate	CHEMBL1200688	CHEMBL1200688	CHEMBL2363135	P0A7L8	rpmA		PROTEIN NUCLEIC-ACID COMPLEX	Bacteria	INHIBITOR	1	0	Bacterial 70S ribosome inhibitor
BRD-K51677086	erythromycin-ethylsuccinate	CHEMBL1200688	CHEMBL1200688	CHEMBL2363135	P0A7M2	rpmB		PROTEIN NUCLEIC-ACID COMPLEX	Bacteria	INHIBITOR	1	0	Bacterial 70S ribosome inhibitor
BRD-K51677086	erythromycin-ethylsuccinate	CHEMBL1200688	CHEMBL1200688	CHEMBL2363135	P0A7M6	rpmC		PROTEIN NUCLEIC-ACID COMPLEX	Bacteria	INHIBITOR	1	0	Bacterial 70S ribosome inhibitor
BRD-K51677086	erythromycin-ethylsuccinate	CHEMBL1200688	CHEMBL1200688	CHEMBL2363135	P60422	rplB		PROTEIN NUCLEIC-ACID COMPLEX	Bacteria	INHIBITOR	1	0	Bacterial 70S ribosome inhibitor
BRD-K51677086	erythromycin-ethylsuccinate	CHEMBL1200688	CHEMBL1200688	CHEMBL2363135	P0AG51	rpmD		PROTEIN NUCLEIC-ACID COMPLEX	Bacteria	INHIBITOR	1	0	Bacterial 70S ribosome inhibitor
BRD-K51677086	erythromycin-ethylsuccinate	CHEMBL1200688	CHEMBL1200688	CHEMBL2363135	P0A7N1	ykgM		PROTEIN NUCLEIC-ACID COMPLEX	Bacteria	INHIBITOR	1	0	Bacterial 70S ribosome inhibitor
BRD-K51677086	erythromycin-ethylsuccinate	CHEMBL1200688	CHEMBL1200688	CHEMBL2363135	P0A7M9	rpmE		PROTEIN NUCLEIC-ACID COMPLEX	Bacteria	INHIBITOR	1	0	Bacterial 70S ribosome inhibitor
BRD-K51677086	erythromycin-ethylsuccinate	CHEMBL1200688	CHEMBL1200688	CHEMBL2363135	P0A7N4	rpmF		PROTEIN NUCLEIC-ACID COMPLEX	Bacteria	INHIBITOR	1	0	Bacterial 70S ribosome inhibitor
BRD-K51677086	erythromycin-ethylsuccinate	CHEMBL1200688	CHEMBL1200688	CHEMBL2363135	P0A7N9	rpmG		PROTEIN NUCLEIC-ACID COMPLEX	Bacteria	INHIBITOR	1	0	Bacterial 70S ribosome inhibitor
BRD-K51677086	erythromycin-ethylsuccinate	CHEMBL1200688	CHEMBL1200688	CHEMBL2363135	P0A7P5	rpmH		PROTEIN NUCLEIC-ACID COMPLEX	Bacteria	INHIBITOR	1	0	Bacterial 70S ribosome inhibitor
BRD-K51677086	erythromycin-ethylsuccinate	CHEMBL1200688	CHEMBL1200688	CHEMBL2363135	P0A7Q1	rpmI		PROTEIN NUCLEIC-ACID COMPLEX	Bacteria	INHIBITOR	1	0	Bacterial 70S ribosome inhibitor
BRD-K51677086	erythromycin-ethylsuccinate	CHEMBL1200688	CHEMBL1200688	CHEMBL2363135	Q2EEQ2	rpmJ2		PROTEIN NUCLEIC-ACID COMPLEX	Bacteria	INHIBITOR	1	0	Bacterial 70S ribosome inhibitor
BRD-K51677086	erythromycin-ethylsuccinate	CHEMBL1200688	CHEMBL1200688	CHEMBL2363135	P0A7Q6	rpmJ1		PROTEIN NUCLEIC-ACID COMPLEX	Bacteria	INHIBITOR	1	0	Bacterial 70S ribosome inhibitor
BRD-K51677086	erythromycin-ethylsuccinate	CHEMBL1200688	CHEMBL1200688	CHEMBL2363135	P60438	rplC		PROTEIN NUCLEIC-ACID COMPLEX	Bacteria	INHIBITOR	1	0	Bacterial 70S ribosome inhibitor
BRD-K51677086	erythromycin-ethylsuccinate	CHEMBL1200688	CHEMBL1200688	CHEMBL2363135	P62399	rplE		PROTEIN NUCLEIC-ACID COMPLEX	Bacteria	INHIBITOR	1	0	Bacterial 70S ribosome inhibitor
BRD-K51677086	erythromycin-ethylsuccinate	CHEMBL1200688	CHEMBL1200688	CHEMBL2363135	P0AG55	rplF		PROTEIN NUCLEIC-ACID COMPLEX	Bacteria	INHIBITOR	1	0	Bacterial 70S ribosome inhibitor
BRD-K51677086	erythromycin-ethylsuccinate	CHEMBL1200688	CHEMBL1200688	CHEMBL2363135	P0A7K2	rplL		PROTEIN NUCLEIC-ACID COMPLEX	Bacteria	INHIBITOR	1	0	Bacterial 70S ribosome inhibitor
BRD-K17075857	chloroxine	CHEMBL1200596	CHEMBL1200596	CHEMBL2364041				NUCLEIC-ACID	Bacteria	INHIBITOR	1	0	DNA inhibitor
BRD-K04185004	oxybuprocaine	CHEMBL1200	CHEMBL1200	CHEMBL2331043	P35498	SCN1A		PROTEIN FAMILY	Homo sapiens	BLOCKER	1	0	Sodium channel alpha subunit blocker
BRD-K04185004	oxybuprocaine	CHEMBL1200	CHEMBL1200	CHEMBL2331043	Q14524	SCN5A		PROTEIN FAMILY	Homo sapiens	BLOCKER	1	0	Sodium channel alpha subunit blocker
BRD-K04185004	oxybuprocaine	CHEMBL1200	CHEMBL1200	CHEMBL2331043	P35499	SCN4A		PROTEIN FAMILY	Homo sapiens	BLOCKER	1	0	Sodium channel alpha subunit blocker
BRD-K04185004	oxybuprocaine	CHEMBL1200	CHEMBL1200	CHEMBL2331043	Q01118	SCN7A		PROTEIN FAMILY	Homo sapiens	BLOCKER	1	0	Sodium channel alpha subunit blocker
BRD-K04185004	oxybuprocaine	CHEMBL1200	CHEMBL1200	CHEMBL2331043	Q99250	SCN2A		PROTEIN FAMILY	Homo sapiens	BLOCKER	1	0	Sodium channel alpha subunit blocker
BRD-K04185004	oxybuprocaine	CHEMBL1200	CHEMBL1200	CHEMBL2331043	Q15858	SCN9A		PROTEIN FAMILY	Homo sapiens	BLOCKER	1	0	Sodium channel alpha subunit blocker
BRD-K04185004	oxybuprocaine	CHEMBL1200	CHEMBL1200	CHEMBL2331043	Q9NY46	SCN3A		PROTEIN FAMILY	Homo sapiens	BLOCKER	1	0	Sodium channel alpha subunit blocker
BRD-K04185004	oxybuprocaine	CHEMBL1200	CHEMBL1200	CHEMBL2331043	Q9UI33	SCN11A		PROTEIN FAMILY	Homo sapiens	BLOCKER	1	0	Sodium channel alpha subunit blocker
BRD-K04185004	oxybuprocaine	CHEMBL1200	CHEMBL1200	CHEMBL2331043	Q9UQD0	SCN8A		PROTEIN FAMILY	Homo sapiens	BLOCKER	1	0	Sodium channel alpha subunit blocker
BRD-K04185004	oxybuprocaine	CHEMBL1200	CHEMBL1200	CHEMBL2331043	Q9Y5Y9	SCN10A		PROTEIN FAMILY	Homo sapiens	BLOCKER	1	0	Sodium channel alpha subunit blocker
BRD-A97730597	hexylcaine	CHEMBL1197	CHEMBL1197	CHEMBL2331043	P35498	SCN1A		PROTEIN FAMILY	Homo sapiens	BLOCKER	1	0	Sodium channel alpha subunit blocker
BRD-A97730597	hexylcaine	CHEMBL1197	CHEMBL1197	CHEMBL2331043	Q14524	SCN5A		PROTEIN FAMILY	Homo sapiens	BLOCKER	1	0	Sodium channel alpha subunit blocker
BRD-A97730597	hexylcaine	CHEMBL1197	CHEMBL1197	CHEMBL2331043	P35499	SCN4A		PROTEIN FAMILY	Homo sapiens	BLOCKER	1	0	Sodium channel alpha subunit blocker
BRD-A97730597	hexylcaine	CHEMBL1197	CHEMBL1197	CHEMBL2331043	Q01118	SCN7A		PROTEIN FAMILY	Homo sapiens	BLOCKER	1	0	Sodium channel alpha subunit blocker
BRD-A97730597	hexylcaine	CHEMBL1197	CHEMBL1197	CHEMBL2331043	Q99250	SCN2A		PROTEIN FAMILY	Homo sapiens	BLOCKER	1	0	Sodium channel alpha subunit blocker
BRD-A97730597	hexylcaine	CHEMBL1197	CHEMBL1197	CHEMBL2331043	Q15858	SCN9A		PROTEIN FAMILY	Homo sapiens	BLOCKER	1	0	Sodium channel alpha subunit blocker
BRD-A97730597	hexylcaine	CHEMBL1197	CHEMBL1197	CHEMBL2331043	Q9NY46	SCN3A		PROTEIN FAMILY	Homo sapiens	BLOCKER	1	0	Sodium channel alpha subunit blocker
BRD-A97730597	hexylcaine	CHEMBL1197	CHEMBL1197	CHEMBL2331043	Q9UI33	SCN11A		PROTEIN FAMILY	Homo sapiens	BLOCKER	1	0	Sodium channel alpha subunit blocker
BRD-A97730597	hexylcaine	CHEMBL1197	CHEMBL1197	CHEMBL2331043	Q9UQD0	SCN8A		PROTEIN FAMILY	Homo sapiens	BLOCKER	1	0	Sodium channel alpha subunit blocker
BRD-A97730597	hexylcaine	CHEMBL1197	CHEMBL1197	CHEMBL2331043	Q9Y5Y9	SCN10A		PROTEIN FAMILY	Homo sapiens	BLOCKER	1	0	Sodium channel alpha subunit blocker
BRD-K79116891	proxymetacaine	CHEMBL1196	CHEMBL1196	CHEMBL2331043	P35498	SCN1A		PROTEIN FAMILY	Homo sapiens	BLOCKER	1	0	Sodium channel alpha subunit blocker
BRD-K79116891	proxymetacaine	CHEMBL1196	CHEMBL1196	CHEMBL2331043	Q14524	SCN5A		PROTEIN FAMILY	Homo sapiens	BLOCKER	1	0	Sodium channel alpha subunit blocker
BRD-K79116891	proxymetacaine	CHEMBL1196	CHEMBL1196	CHEMBL2331043	P35499	SCN4A		PROTEIN FAMILY	Homo sapiens	BLOCKER	1	0	Sodium channel alpha subunit blocker
BRD-K79116891	proxymetacaine	CHEMBL1196	CHEMBL1196	CHEMBL2331043	Q01118	SCN7A		PROTEIN FAMILY	Homo sapiens	BLOCKER	1	0	Sodium channel alpha subunit blocker
BRD-K79116891	proxymetacaine	CHEMBL1196	CHEMBL1196	CHEMBL2331043	Q99250	SCN2A		PROTEIN FAMILY	Homo sapiens	BLOCKER	1	0	Sodium channel alpha subunit blocker
BRD-K79116891	proxymetacaine	CHEMBL1196	CHEMBL1196	CHEMBL2331043	Q15858	SCN9A		PROTEIN FAMILY	Homo sapiens	BLOCKER	1	0	Sodium channel alpha subunit blocker
BRD-K79116891	proxymetacaine	CHEMBL1196	CHEMBL1196	CHEMBL2331043	Q9NY46	SCN3A		PROTEIN FAMILY	Homo sapiens	BLOCKER	1	0	Sodium channel alpha subunit blocker
BRD-K79116891	proxymetacaine	CHEMBL1196	CHEMBL1196	CHEMBL2331043	Q9UI33	SCN11A		PROTEIN FAMILY	Homo sapiens	BLOCKER	1	0	Sodium channel alpha subunit blocker
BRD-K79116891	proxymetacaine	CHEMBL1196	CHEMBL1196	CHEMBL2331043	Q9UQD0	SCN8A		PROTEIN FAMILY	Homo sapiens	BLOCKER	1	0	Sodium channel alpha subunit blocker
BRD-K79116891	proxymetacaine	CHEMBL1196	CHEMBL1196	CHEMBL2331043	Q9Y5Y9	SCN10A		PROTEIN FAMILY	Homo sapiens	BLOCKER	1	0	Sodium channel alpha subunit blocker
BRD-A74269027	isoxsuprine	CHEMBL1197051	CHEMBL1197051	CHEMBL2094251	P35348	ADRA1A		PROTEIN FAMILY	Homo sapiens	ANTAGONIST	1	0	Adrenergic receptor alpha-1 antagonist
BRD-A74269027	isoxsuprine	CHEMBL1197051	CHEMBL1197051	CHEMBL2094251	P25100	ADRA1D		PROTEIN FAMILY	Homo sapiens	ANTAGONIST	1	0	Adrenergic receptor alpha-1 antagonist
BRD-A74269027	isoxsuprine	CHEMBL1197051	CHEMBL1197051	CHEMBL2094251	P35368	ADRA1B		PROTEIN FAMILY	Homo sapiens	ANTAGONIST	1	0	Adrenergic receptor alpha-1 antagonist
BRD-A74269027	isoxsuprine	CHEMBL1197051	CHEMBL1197051	CHEMBL210	P07550	ADRB2	154	SINGLE PROTEIN	Homo sapiens	AGONIST	1	1	Beta-2 adrenergic receptor agonist
BRD-A31521121	methocarbamol	CHEMBL1201117	CHEMBL1201117	CHEMBL261	P00915	CA1		SINGLE PROTEIN	Homo sapiens	INHIBITOR	1	0	Carbonic anhydrase I inhibitor
BRD-A14208071	oxyphenonium	CHEMBL1201286	CHEMBL1201286	CHEMBL245	P20309	CHRM3		SINGLE PROTEIN	Homo sapiens	ANTAGONIST	1	0	Muscarinic acetylcholine receptor M3 antagonist
BRD-K22947005	dexbrompheniramine	CHEMBL1201287	CHEMBL1201287	CHEMBL231	P35367	HRH1		SINGLE PROTEIN	Homo sapiens	ANTAGONIST	1	0	Histamine H1 receptor antagonist
BRD-K27184429	levocetirizine	CHEMBL1201191	CHEMBL1201191	CHEMBL231	P35367	HRH1		SINGLE PROTEIN	Homo sapiens	ANTAGONIST	1	0	Histamine H1 receptor antagonist
BRD-K86882815	cabergoline	CHEMBL1201087	CHEMBL1201087	CHEMBL217	P14416	DRD2		SINGLE PROTEIN	Homo sapiens	AGONIST	1	0	Dopamine D2 receptor agonist
BRD-K78712176	carbidopa	CHEMBL1201236	CHEMBL1201236	CHEMBL1843	P20711	DDC		SINGLE PROTEIN	Homo sapiens	INHIBITOR	1	0	DOPA decarboxylase inhibitor
BRD-K81272440	dantrolene	CHEMBL1201288	CHEMBL1201288	CHEMBL1846	P21817	RYR1		SINGLE PROTEIN	Homo sapiens	ANTAGONIST	1	0	Ryanodine receptor 1 antagonist
BRD-K99504665	goserelin-acetate	CHEMBL1201247	CHEMBL1201247	CHEMBL1855	P30968	GNRHR		SINGLE PROTEIN	Homo sapiens	AGONIST	1	0	Gonadotropin-releasing hormone receptor agonist
BRD-A14208071	oxyphenonium	CHEMBL1201286	CHEMBL1201286	CHEMBL216	P11229	CHRM1		SINGLE PROTEIN	Homo sapiens	ANTAGONIST	1	0	Muscarinic acetylcholine receptor M1 antagonist
BRD-K68804560	benzatropine	CHEMBL1201203	CHEMBL1201203	CHEMBL216	P11229	CHRM1		SINGLE PROTEIN	Homo sapiens	ANTAGONIST	1	0	Muscarinic acetylcholine receptor M1 antagonist
BRD-K31812033	levobunolol	CHEMBL1201237	CHEMBL1201237	CHEMBL213	P08588	ADRB1		SINGLE PROTEIN	Homo sapiens	ANTAGONIST	1	0	Beta-1 adrenergic receptor antagonist
BRD-K21450440	benzthiazide	CHEMBL1201039	CHEMBL1201039	CHEMBL1876	P55017	SLC12A3		SINGLE PROTEIN	Homo sapiens	INHIBITOR	1	0	Thiazide-sensitive sodium-chloride cotransporter inhibitor
BRD-K73838513	cinacalcet	CHEMBL1201284	CHEMBL1201284	CHEMBL1878	P41180	CASR		SINGLE PROTEIN	Homo sapiens	POSITIVE ALLOSTERIC MODULATOR	1	0	Calcium sensing receptor positive allosteric modulator
BRD-K09859624	methantheline	CHEMBL1201264	CHEMBL1201264	CHEMBL1941	P25021	HRH2		SINGLE PROTEIN	Homo sapiens	ANTAGONIST	1	0	Histamine H2 receptor antagonist
BRD-K79254416	decitabine	CHEMBL1201129	CHEMBL1201129	CHEMBL1992	Q9Y6K1	DNMT3A	1788	SINGLE PROTEIN	Homo sapiens	INHIBITOR	1	1	DNA (cytosine-5)-methyltransferase 3A inhibitor
BRD-K79254416	decitabine	CHEMBL1201129	CHEMBL1201129	CHEMBL1993	P26358	DNMT1	1786	SINGLE PROTEIN	Homo sapiens	INHIBITOR	1	1	DNA (cytosine-5)-methyltransferase 1 inhibitor
BRD-K87278688	armodafinil	CHEMBL1201192	CHEMBL1201192	CHEMBL238	Q01959	SLC6A3		SINGLE PROTEIN	Homo sapiens	INHIBITOR	1	0	Dopamine transporter inhibitor
BRD-K41903098	diphenoxylate	CHEMBL1201294	CHEMBL1201294	CHEMBL233	P35372	OPRM1		SINGLE PROTEIN	Homo sapiens	AGONIST	1	0	Mu opioid receptor agonist
BRD-K51471001	demecarium	CHEMBL1201229	CHEMBL1201229	CHEMBL220	P22303	ACHE		SINGLE PROTEIN	Homo sapiens	INHIBITOR	1	0	Acetylcholinesterase inhibitor
BRD-K56515112	medrysone	CHEMBL1201173	CHEMBL1201173	CHEMBL2034	P04150	NR3C1	2908	SINGLE PROTEIN	Homo sapiens	AGONIST	1	1	Glucocorticoid receptor agonist
BRD-K00824317	fludroxycortide	CHEMBL1201012	CHEMBL1201012	CHEMBL2034	P04150	NR3C1	2908	SINGLE PROTEIN	Homo sapiens	AGONIST	1	1	Glucocorticoid receptor agonist
BRD-K31920458	mestranol	CHEMBL1201151	CHEMBL1201151	CHEMBL206	P03372	ESR1		SINGLE PROTEIN	Homo sapiens	AGONIST	1	0	Estrogen receptor alpha agonist
BRD-K19507340	megestrol	CHEMBL1201139	CHEMBL1201139	CHEMBL208	P06401	PGR		SINGLE PROTEIN	Homo sapiens	AGONIST	1	0	Progesterone receptor agonist
BRD-K96037667	norethindrone	CHEMBL1201146	CHEMBL1201146	CHEMBL208	P06401	PGR		SINGLE PROTEIN	Homo sapiens	AGONIST	1	0	Progesterone receptor agonist
BRD-M41783010	acamprosate	CHEMBL1201293	CHEMBL1201293	CHEMBL2094124	Q05586	GRIN1		PROTEIN COMPLEX GROUP	Homo sapiens	ANTAGONIST	1	0	Glutamate [NMDA] receptor antagonist
BRD-M41783010	acamprosate	CHEMBL1201293	CHEMBL1201293	CHEMBL2094124	Q12879	GRIN2A		PROTEIN COMPLEX GROUP	Homo sapiens	ANTAGONIST	1	0	Glutamate [NMDA] receptor antagonist
BRD-M41783010	acamprosate	CHEMBL1201293	CHEMBL1201293	CHEMBL2094124	Q13224	GRIN2B		PROTEIN COMPLEX GROUP	Homo sapiens	ANTAGONIST	1	0	Glutamate [NMDA] receptor antagonist
BRD-M41783010	acamprosate	CHEMBL1201293	CHEMBL1201293	CHEMBL2094124	O15399	GRIN2D		PROTEIN COMPLEX GROUP	Homo sapiens	ANTAGONIST	1	0	Glutamate [NMDA] receptor antagonist
BRD-M41783010	acamprosate	CHEMBL1201293	CHEMBL1201293	CHEMBL2094124	O60391	GRIN3B		PROTEIN COMPLEX GROUP	Homo sapiens	ANTAGONIST	1	0	Glutamate [NMDA] receptor antagonist
BRD-M41783010	acamprosate	CHEMBL1201293	CHEMBL1201293	CHEMBL2094124	Q14957	GRIN2C		PROTEIN COMPLEX GROUP	Homo sapiens	ANTAGONIST	1	0	Glutamate [NMDA] receptor antagonist
BRD-M41783010	acamprosate	CHEMBL1201293	CHEMBL1201293	CHEMBL2094124	Q8TCU5	GRIN3A		PROTEIN COMPLEX GROUP	Homo sapiens	ANTAGONIST	1	0	Glutamate [NMDA] receptor antagonist
BRD-K82259334	methyl-dopate	CHEMBL1201233	CHEMBL1201233	CHEMBL2095158	P08913	ADRA2A		PROTEIN FAMILY	Homo sapiens	AGONIST	1	0	Adrenergic receptor alpha-2 agonist
BRD-K82259334	methyl-dopate	CHEMBL1201233	CHEMBL1201233	CHEMBL2095158	P18825	ADRA2C		PROTEIN FAMILY	Homo sapiens	AGONIST	1	0	Adrenergic receptor alpha-2 agonist
BRD-K82259334	methyl-dopate	CHEMBL1201233	CHEMBL1201233	CHEMBL2095158	P18089	ADRA2B		PROTEIN FAMILY	Homo sapiens	AGONIST	1	0	Adrenergic receptor alpha-2 agonist
BRD-A79981887	midodrine	CHEMBL1201212	CHEMBL1201212	CHEMBL2094251	P35348	ADRA1A		PROTEIN FAMILY	Homo sapiens	AGONIST	1	0	Adrenergic receptor alpha-1 agonist
BRD-A79981887	midodrine	CHEMBL1201212	CHEMBL1201212	CHEMBL2094251	P25100	ADRA1D		PROTEIN FAMILY	Homo sapiens	AGONIST	1	0	Adrenergic receptor alpha-1 agonist
BRD-A79981887	midodrine	CHEMBL1201212	CHEMBL1201212	CHEMBL2094251	P35368	ADRA1B		PROTEIN FAMILY	Homo sapiens	AGONIST	1	0	Adrenergic receptor alpha-1 agonist
BRD-K93332168	isocarboxazid	CHEMBL1201168	CHEMBL1201168	CHEMBL2095205	P21397	MAOA		PROTEIN FAMILY	Homo sapiens	INHIBITOR	1	0	Monoamine oxidase inhibitor
BRD-K93332168	isocarboxazid	CHEMBL1201168	CHEMBL1201168	CHEMBL2095205	P27338	MAOB		PROTEIN FAMILY	Homo sapiens	INHIBITOR	1	0	Monoamine oxidase inhibitor
BRD-K81272440	dantrolene	CHEMBL1201288	CHEMBL1201288	CHEMBL2062	Q15413	RYR3		SINGLE PROTEIN	Homo sapiens	ANTAGONIST	1	0	Ryanodine receptor 3 antagonist
BRD-K31812033	levobunolol	CHEMBL1201237	CHEMBL1201237	CHEMBL210	P07550	ADRB2	154	SINGLE PROTEIN	Homo sapiens	ANTAGONIST	1	1	Beta-2 adrenergic receptor antagonist
BRD-A95939040	sertaconazole	CHEMBL1201196	CHEMBL1201196	CHEMBL1780	P10613	ERG11		SINGLE PROTEIN	Candida albicans (strain SC5314 / ATCC MYA-2876) (Yeast)	INHIBITOR	1	0	Cytochrome P450 51 inhibitor
BRD-K17498618	atracurium	CHEMBL1201248	CHEMBL1201248	CHEMBL2362997	P02708	CHRNA1		PROTEIN COMPLEX GROUP	Homo sapiens	ANTAGONIST	1	0	Muscle-type nicotinic acetylcholine receptor antagonist
BRD-K17498618	atracurium	CHEMBL1201248	CHEMBL1201248	CHEMBL2362997	P07510	CHRNG		PROTEIN COMPLEX GROUP	Homo sapiens	ANTAGONIST	1	0	Muscle-type nicotinic acetylcholine receptor antagonist
BRD-K17498618	atracurium	CHEMBL1201248	CHEMBL1201248	CHEMBL2362997	P11230	CHRNB1		PROTEIN COMPLEX GROUP	Homo sapiens	ANTAGONIST	1	0	Muscle-type nicotinic acetylcholine receptor antagonist
BRD-K17498618	atracurium	CHEMBL1201248	CHEMBL1201248	CHEMBL2362997	Q07001	CHRND		PROTEIN COMPLEX GROUP	Homo sapiens	ANTAGONIST	1	0	Muscle-type nicotinic acetylcholine receptor antagonist
BRD-K17498618	atracurium	CHEMBL1201248	CHEMBL1201248	CHEMBL2362997	Q04844	CHRNE		PROTEIN COMPLEX GROUP	Homo sapiens	ANTAGONIST	1	0	Muscle-type nicotinic acetylcholine receptor antagonist
BRD-K20168442	vecuronium	CHEMBL1201219	CHEMBL1201219	CHEMBL2362997	P02708	CHRNA1		PROTEIN COMPLEX GROUP	Homo sapiens	ANTAGONIST	1	0	Muscle-type nicotinic acetylcholine receptor antagonist
BRD-K20168442	vecuronium	CHEMBL1201219	CHEMBL1201219	CHEMBL2362997	P07510	CHRNG		PROTEIN COMPLEX GROUP	Homo sapiens	ANTAGONIST	1	0	Muscle-type nicotinic acetylcholine receptor antagonist
BRD-K20168442	vecuronium	CHEMBL1201219	CHEMBL1201219	CHEMBL2362997	P11230	CHRNB1		PROTEIN COMPLEX GROUP	Homo sapiens	ANTAGONIST	1	0	Muscle-type nicotinic acetylcholine receptor antagonist
BRD-K20168442	vecuronium	CHEMBL1201219	CHEMBL1201219	CHEMBL2362997	Q07001	CHRND		PROTEIN COMPLEX GROUP	Homo sapiens	ANTAGONIST	1	0	Muscle-type nicotinic acetylcholine receptor antagonist
BRD-K20168442	vecuronium	CHEMBL1201219	CHEMBL1201219	CHEMBL2362997	Q04844	CHRNE		PROTEIN COMPLEX GROUP	Homo sapiens	ANTAGONIST	1	0	Muscle-type nicotinic acetylcholine receptor antagonist
BRD-M41783010	acamprosate	CHEMBL1201293	CHEMBL1201293	CHEMBL2093872	P14867	GABRA1		PROTEIN COMPLEX GROUP	Homo sapiens	POSITIVE MODULATOR	1	0	GABA-A receptor; anion channel positive modulator
BRD-M41783010	acamprosate	CHEMBL1201293	CHEMBL1201293	CHEMBL2093872	P47870	GABRB2		PROTEIN COMPLEX GROUP	Homo sapiens	POSITIVE MODULATOR	1	0	GABA-A receptor; anion channel positive modulator
BRD-M41783010	acamprosate	CHEMBL1201293	CHEMBL1201293	CHEMBL2093872	P18507	GABRG2		PROTEIN COMPLEX GROUP	Homo sapiens	POSITIVE MODULATOR	1	0	GABA-A receptor; anion channel positive modulator
BRD-M41783010	acamprosate	CHEMBL1201293	CHEMBL1201293	CHEMBL2093872	P28472	GABRB3		PROTEIN COMPLEX GROUP	Homo sapiens	POSITIVE MODULATOR	1	0	GABA-A receptor; anion channel positive modulator
BRD-M41783010	acamprosate	CHEMBL1201293	CHEMBL1201293	CHEMBL2093872	P48169	GABRA4		PROTEIN COMPLEX GROUP	Homo sapiens	POSITIVE MODULATOR	1	0	GABA-A receptor; anion channel positive modulator
BRD-M41783010	acamprosate	CHEMBL1201293	CHEMBL1201293	CHEMBL2093872	Q99928	GABRG3		PROTEIN COMPLEX GROUP	Homo sapiens	POSITIVE MODULATOR	1	0	GABA-A receptor; anion channel positive modulator
BRD-M41783010	acamprosate	CHEMBL1201293	CHEMBL1201293	CHEMBL2093872	Q9UN88	GABRQ		PROTEIN COMPLEX GROUP	Homo sapiens	POSITIVE MODULATOR	1	0	GABA-A receptor; anion channel positive modulator
BRD-M41783010	acamprosate	CHEMBL1201293	CHEMBL1201293	CHEMBL2093872	P34903	GABRA3		PROTEIN COMPLEX GROUP	Homo sapiens	POSITIVE MODULATOR	1	0	GABA-A receptor; anion channel positive modulator
BRD-M41783010	acamprosate	CHEMBL1201293	CHEMBL1201293	CHEMBL2093872	O00591	GABRP		PROTEIN COMPLEX GROUP	Homo sapiens	POSITIVE MODULATOR	1	0	GABA-A receptor; anion channel positive modulator
BRD-M41783010	acamprosate	CHEMBL1201293	CHEMBL1201293	CHEMBL2093872	O14764	GABRD		PROTEIN COMPLEX GROUP	Homo sapiens	POSITIVE MODULATOR	1	0	GABA-A receptor; anion channel positive modulator
BRD-M41783010	acamprosate	CHEMBL1201293	CHEMBL1201293	CHEMBL2093872	Q8N1C3	GABRG1		PROTEIN COMPLEX GROUP	Homo sapiens	POSITIVE MODULATOR	1	0	GABA-A receptor; anion channel positive modulator
BRD-M41783010	acamprosate	CHEMBL1201293	CHEMBL1201293	CHEMBL2093872	P18505	GABRB1		PROTEIN COMPLEX GROUP	Homo sapiens	POSITIVE MODULATOR	1	0	GABA-A receptor; anion channel positive modulator
BRD-M41783010	acamprosate	CHEMBL1201293	CHEMBL1201293	CHEMBL2093872	P78334	GABRE		PROTEIN COMPLEX GROUP	Homo sapiens	POSITIVE MODULATOR	1	0	GABA-A receptor; anion channel positive modulator
BRD-M41783010	acamprosate	CHEMBL1201293	CHEMBL1201293	CHEMBL2093872	P47869	GABRA2		PROTEIN COMPLEX GROUP	Homo sapiens	POSITIVE MODULATOR	1	0	GABA-A receptor; anion channel positive modulator
BRD-M41783010	acamprosate	CHEMBL1201293	CHEMBL1201293	CHEMBL2093872	P31644	GABRA5		PROTEIN COMPLEX GROUP	Homo sapiens	POSITIVE MODULATOR	1	0	GABA-A receptor; anion channel positive modulator
BRD-M41783010	acamprosate	CHEMBL1201293	CHEMBL1201293	CHEMBL2093872	Q16445	GABRA6		PROTEIN COMPLEX GROUP	Homo sapiens	POSITIVE MODULATOR	1	0	GABA-A receptor; anion channel positive modulator
BRD-K48470486	cefmetazole	CHEMBL1201195	CHEMBL1201195	CHEMBL2354204	P24228	dacB		PROTEIN FAMILY	Bacteria	INHIBITOR	1	0	Bacterial penicillin-binding protein inhibitor
BRD-K48470486	cefmetazole	CHEMBL1201195	CHEMBL1201195	CHEMBL2354204	P0AD68	ftsI		PROTEIN FAMILY	Bacteria	INHIBITOR	1	0	Bacterial penicillin-binding protein inhibitor
BRD-K48470486	cefmetazole	CHEMBL1201195	CHEMBL1201195	CHEMBL2354204	P02918	mrcA		PROTEIN FAMILY	Bacteria	INHIBITOR	1	0	Bacterial penicillin-binding protein inhibitor
BRD-K48470486	cefmetazole	CHEMBL1201195	CHEMBL1201195	CHEMBL2354204	P02919	mrcB		PROTEIN FAMILY	Bacteria	INHIBITOR	1	0	Bacterial penicillin-binding protein inhibitor
BRD-K48470486	cefmetazole	CHEMBL1201195	CHEMBL1201195	CHEMBL2354204	P0AEB2	dacA		PROTEIN FAMILY	Bacteria	INHIBITOR	1	0	Bacterial penicillin-binding protein inhibitor
BRD-K48470486	cefmetazole	CHEMBL1201195	CHEMBL1201195	CHEMBL2354204	P0AD65	mrdA		PROTEIN FAMILY	Bacteria	INHIBITOR	1	0	Bacterial penicillin-binding protein inhibitor
BRD-K48470486	cefmetazole	CHEMBL1201195	CHEMBL1201195	CHEMBL2354204	P08506	dacC		PROTEIN FAMILY	Bacteria	INHIBITOR	1	0	Bacterial penicillin-binding protein inhibitor
BRD-K37848908	ceforanide	CHEMBL1201046	CHEMBL1201046	CHEMBL2354204	P24228	dacB		PROTEIN FAMILY	Bacteria	INHIBITOR	1	0	Bacterial penicillin-binding protein inhibitor
BRD-K37848908	ceforanide	CHEMBL1201046	CHEMBL1201046	CHEMBL2354204	P0AD68	ftsI		PROTEIN FAMILY	Bacteria	INHIBITOR	1	0	Bacterial penicillin-binding protein inhibitor
BRD-K37848908	ceforanide	CHEMBL1201046	CHEMBL1201046	CHEMBL2354204	P02918	mrcA		PROTEIN FAMILY	Bacteria	INHIBITOR	1	0	Bacterial penicillin-binding protein inhibitor
BRD-K37848908	ceforanide	CHEMBL1201046	CHEMBL1201046	CHEMBL2354204	P02919	mrcB		PROTEIN FAMILY	Bacteria	INHIBITOR	1	0	Bacterial penicillin-binding protein inhibitor
BRD-K37848908	ceforanide	CHEMBL1201046	CHEMBL1201046	CHEMBL2354204	P0AEB2	dacA		PROTEIN FAMILY	Bacteria	INHIBITOR	1	0	Bacterial penicillin-binding protein inhibitor
BRD-K37848908	ceforanide	CHEMBL1201046	CHEMBL1201046	CHEMBL2354204	P0AD65	mrdA		PROTEIN FAMILY	Bacteria	INHIBITOR	1	0	Bacterial penicillin-binding protein inhibitor
BRD-K37848908	ceforanide	CHEMBL1201046	CHEMBL1201046	CHEMBL2354204	P08506	dacC		PROTEIN FAMILY	Bacteria	INHIBITOR	1	0	Bacterial penicillin-binding protein inhibitor
BRD-K88701661	dimercaptosuccinic-acid	CHEMBL1201073	CHEMBL1201073	CHEMBL2364029				METAL	null	CHELATING AGENT	1	0	Lead chelating agent
BRD-K30114692	methenamine	CHEMBL1201270	CHEMBL1201270	CHEMBL2364041				NUCLEIC-ACID	Bacteria	INHIBITOR	1	0	DNA inhibitor
BRD-K84466663	nelarabine	CHEMBL1201112	CHEMBL1201112	CHEMBL2311221				NUCLEIC-ACID	Homo sapiens	INHIBITOR	1	0	DNA inhibitor
BRD-K79254416	decitabine	CHEMBL1201129	CHEMBL1201129	CHEMBL2311221				NUCLEIC-ACID	Homo sapiens	INHIBITOR	1	0	DNA inhibitor
BRD-K72259270	dyclonine	CHEMBL1201217	CHEMBL1201217	CHEMBL2331043	P35498	SCN1A		PROTEIN FAMILY	Homo sapiens	BLOCKER	1	0	Sodium channel alpha subunit blocker
BRD-K72259270	dyclonine	CHEMBL1201217	CHEMBL1201217	CHEMBL2331043	Q14524	SCN5A		PROTEIN FAMILY	Homo sapiens	BLOCKER	1	0	Sodium channel alpha subunit blocker
BRD-K72259270	dyclonine	CHEMBL1201217	CHEMBL1201217	CHEMBL2331043	P35499	SCN4A		PROTEIN FAMILY	Homo sapiens	BLOCKER	1	0	Sodium channel alpha subunit blocker
BRD-K72259270	dyclonine	CHEMBL1201217	CHEMBL1201217	CHEMBL2331043	Q01118	SCN7A		PROTEIN FAMILY	Homo sapiens	BLOCKER	1	0	Sodium channel alpha subunit blocker
BRD-K72259270	dyclonine	CHEMBL1201217	CHEMBL1201217	CHEMBL2331043	Q99250	SCN2A		PROTEIN FAMILY	Homo sapiens	BLOCKER	1	0	Sodium channel alpha subunit blocker
BRD-K72259270	dyclonine	CHEMBL1201217	CHEMBL1201217	CHEMBL2331043	Q15858	SCN9A		PROTEIN FAMILY	Homo sapiens	BLOCKER	1	0	Sodium channel alpha subunit blocker
BRD-K72259270	dyclonine	CHEMBL1201217	CHEMBL1201217	CHEMBL2331043	Q9NY46	SCN3A		PROTEIN FAMILY	Homo sapiens	BLOCKER	1	0	Sodium channel alpha subunit blocker
BRD-K72259270	dyclonine	CHEMBL1201217	CHEMBL1201217	CHEMBL2331043	Q9UI33	SCN11A		PROTEIN FAMILY	Homo sapiens	BLOCKER	1	0	Sodium channel alpha subunit blocker
BRD-K72259270	dyclonine	CHEMBL1201217	CHEMBL1201217	CHEMBL2331043	Q9UQD0	SCN8A		PROTEIN FAMILY	Homo sapiens	BLOCKER	1	0	Sodium channel alpha subunit blocker
BRD-K72259270	dyclonine	CHEMBL1201217	CHEMBL1201217	CHEMBL2331043	Q9Y5Y9	SCN10A		PROTEIN FAMILY	Homo sapiens	BLOCKER	1	0	Sodium channel alpha subunit blocker
BRD-A47494775	dipivefrine	CHEMBL1201262	CHEMBL1201262	CHEMBL2331074	P35348	ADRA1A		PROTEIN FAMILY	Homo sapiens	AGONIST	1	0	Adrenergic receptor agonist
BRD-A47494775	dipivefrine	CHEMBL1201262	CHEMBL1201262	CHEMBL2331074	P08913	ADRA2A		PROTEIN FAMILY	Homo sapiens	AGONIST	1	0	Adrenergic receptor agonist
BRD-A47494775	dipivefrine	CHEMBL1201262	CHEMBL1201262	CHEMBL2331074	P08588	ADRB1		PROTEIN FAMILY	Homo sapiens	AGONIST	1	0	Adrenergic receptor agonist
BRD-A47494775	dipivefrine	CHEMBL1201262	CHEMBL1201262	CHEMBL2331074	P07550	ADRB2	154	PROTEIN FAMILY	Homo sapiens	AGONIST	1	1	Adrenergic receptor agonist
BRD-A47494775	dipivefrine	CHEMBL1201262	CHEMBL1201262	CHEMBL2331074	P18825	ADRA2C		PROTEIN FAMILY	Homo sapiens	AGONIST	1	0	Adrenergic receptor agonist
BRD-A47494775	dipivefrine	CHEMBL1201262	CHEMBL1201262	CHEMBL2331074	P25100	ADRA1D		PROTEIN FAMILY	Homo sapiens	AGONIST	1	0	Adrenergic receptor agonist
BRD-A47494775	dipivefrine	CHEMBL1201262	CHEMBL1201262	CHEMBL2331074	P35368	ADRA1B		PROTEIN FAMILY	Homo sapiens	AGONIST	1	0	Adrenergic receptor agonist
BRD-A47494775	dipivefrine	CHEMBL1201262	CHEMBL1201262	CHEMBL2331074	P18089	ADRA2B		PROTEIN FAMILY	Homo sapiens	AGONIST	1	0	Adrenergic receptor agonist
BRD-A47494775	dipivefrine	CHEMBL1201262	CHEMBL1201262	CHEMBL2331074	P13945	ADRB3		PROTEIN FAMILY	Homo sapiens	AGONIST	1	0	Adrenergic receptor agonist
BRD-K18194590	mephentermine	CHEMBL1201234	CHEMBL1201234	CHEMBL2331074	P35348	ADRA1A		PROTEIN FAMILY	Homo sapiens	AGONIST	1	0	Adrenergic receptor agonist
BRD-K18194590	mephentermine	CHEMBL1201234	CHEMBL1201234	CHEMBL2331074	P08913	ADRA2A		PROTEIN FAMILY	Homo sapiens	AGONIST	1	0	Adrenergic receptor agonist
BRD-K18194590	mephentermine	CHEMBL1201234	CHEMBL1201234	CHEMBL2331074	P08588	ADRB1		PROTEIN FAMILY	Homo sapiens	AGONIST	1	0	Adrenergic receptor agonist
BRD-K18194590	mephentermine	CHEMBL1201234	CHEMBL1201234	CHEMBL2331074	P07550	ADRB2	154	PROTEIN FAMILY	Homo sapiens	AGONIST	1	1	Adrenergic receptor agonist
BRD-K18194590	mephentermine	CHEMBL1201234	CHEMBL1201234	CHEMBL2331074	P18825	ADRA2C		PROTEIN FAMILY	Homo sapiens	AGONIST	1	0	Adrenergic receptor agonist
BRD-K18194590	mephentermine	CHEMBL1201234	CHEMBL1201234	CHEMBL2331074	P25100	ADRA1D		PROTEIN FAMILY	Homo sapiens	AGONIST	1	0	Adrenergic receptor agonist
BRD-K18194590	mephentermine	CHEMBL1201234	CHEMBL1201234	CHEMBL2331074	P35368	ADRA1B		PROTEIN FAMILY	Homo sapiens	AGONIST	1	0	Adrenergic receptor agonist
BRD-K18194590	mephentermine	CHEMBL1201234	CHEMBL1201234	CHEMBL2331074	P18089	ADRA2B		PROTEIN FAMILY	Homo sapiens	AGONIST	1	0	Adrenergic receptor agonist
BRD-K18194590	mephentermine	CHEMBL1201234	CHEMBL1201234	CHEMBL2331074	P13945	ADRB3		PROTEIN FAMILY	Homo sapiens	AGONIST	1	0	Adrenergic receptor agonist
BRD-A22152765	tridihexethyl	CHEMBL1201354	CHEMBL1201354	CHEMBL245	P20309	CHRM3		SINGLE PROTEIN	Homo sapiens	ANTAGONIST	1	0	Muscarinic acetylcholine receptor M3 antagonist
BRD-K93441486	diphemanil	CHEMBL1201340	CHEMBL1201340	CHEMBL245	P20309	CHRM3		SINGLE PROTEIN	Homo sapiens	ANTAGONIST	1	0	Muscarinic acetylcholine receptor M3 antagonist
BRD-A77291778	cyclopentolate	CHEMBL1201338	CHEMBL1201338	CHEMBL245	P20309	CHRM3		SINGLE PROTEIN	Homo sapiens	ANTAGONIST	1	0	Muscarinic acetylcholine receptor M3 antagonist
BRD-A81233518	glycopyrrolate	CHEMBL1201335	CHEMBL1201335	CHEMBL245	P20309	CHRM3		SINGLE PROTEIN	Homo sapiens	ANTAGONIST	1	0	Muscarinic acetylcholine receptor M3 antagonist
BRD-K39462424	dexchlorpheniramine	CHEMBL1201353	CHEMBL1201353	CHEMBL231	P35367	HRH1		SINGLE PROTEIN	Homo sapiens	ANTAGONIST	1	0	Histamine H1 receptor antagonist
BRD-K98624455	bepotastine	CHEMBL1201758	CHEMBL1201758	CHEMBL231	P35367	HRH1		SINGLE PROTEIN	Homo sapiens	ANTAGONIST	1	0	Histamine H1 receptor antagonist
BRD-K34685430	methylergometrine	CHEMBL1201356	CHEMBL1201356	CHEMBL1833	P41595	HTR2B		SINGLE PROTEIN	Homo sapiens	PARTIAL AGONIST	1	0	Serotonin 2b (5-HT2b) receptor partial agonist
BRD-K62685538	triptorelin	CHEMBL1201334	CHEMBL1201334	CHEMBL1855	P30968	GNRHR		SINGLE PROTEIN	Homo sapiens	AGONIST	1	0	Gonadotropin-releasing hormone receptor agonist
BRD-K93441486	diphemanil	CHEMBL1201340	CHEMBL1201340	CHEMBL216	P11229	CHRM1		SINGLE PROTEIN	Homo sapiens	ANTAGONIST	1	0	Muscarinic acetylcholine receptor M1 antagonist
BRD-A22152765	tridihexethyl	CHEMBL1201354	CHEMBL1201354	CHEMBL216	P11229	CHRM1		SINGLE PROTEIN	Homo sapiens	ANTAGONIST	1	0	Muscarinic acetylcholine receptor M1 antagonist
BRD-A33711280	metixene	CHEMBL1201342	CHEMBL1201342	CHEMBL216	P11229	CHRM1		SINGLE PROTEIN	Homo sapiens	ANTAGONIST	1	0	Muscarinic acetylcholine receptor M1 antagonist
BRD-A16311756	profenamine	CHEMBL1206	CHEMBL1206	CHEMBL216	P11229	CHRM1		SINGLE PROTEIN	Homo sapiens	ANTAGONIST	1	0	Muscarinic acetylcholine receptor M1 antagonist
BRD-A81233518	glycopyrrolate	CHEMBL1201335	CHEMBL1201335	CHEMBL216	P11229	CHRM1		SINGLE PROTEIN	Homo sapiens	ANTAGONIST	1	0	Muscarinic acetylcholine receptor M1 antagonist
BRD-A97437073	rosiglitazone	CHEMBL121	CHEMBL121	CHEMBL235	P37231	PPARG	5468	SINGLE PROTEIN	Homo sapiens	AGONIST	1	1	Peroxisome proliferator-activated receptor gamma agonist
BRD-K20075662	betazole	CHEMBL1201323	CHEMBL1201323	CHEMBL1941	P25021	HRH2		SINGLE PROTEIN	Homo sapiens	AGONIST	1	0	Histamine H2 receptor agonist
BRD-A33711280	metixene	CHEMBL1201342	CHEMBL1201342	CHEMBL225	P28335	HTR2C		SINGLE PROTEIN	Homo sapiens	ANTAGONIST	1	0	Serotonin 2c (5-HT2c) receptor antagonist
BRD-A74914197	pralatrexate	CHEMBL1201746	CHEMBL1201746	CHEMBL202	P00374	DHFR		SINGLE PROTEIN	Homo sapiens	INHIBITOR	1	0	Dihydrofolate reductase inhibitor
BRD-K34685430	methylergometrine	CHEMBL1201356	CHEMBL1201356	CHEMBL2056	P21728	DRD1		SINGLE PROTEIN	Homo sapiens	ANTAGONIST	1	0	Dopamine D1 receptor antagonist
BRD-K41438959	perampanel	CHEMBL1214124	CHEMBL1214124	CHEMBL2096670	P48058	GRIA4		PROTEIN COMPLEX GROUP	Homo sapiens	ANTAGONIST	1	0	Glutamate receptor ionotropic AMPA antagonist
BRD-K41438959	perampanel	CHEMBL1214124	CHEMBL1214124	CHEMBL2096670	P42263	GRIA3		PROTEIN COMPLEX GROUP	Homo sapiens	ANTAGONIST	1	0	Glutamate receptor ionotropic AMPA antagonist
BRD-K41438959	perampanel	CHEMBL1214124	CHEMBL1214124	CHEMBL2096670	P42262	GRIA2		PROTEIN COMPLEX GROUP	Homo sapiens	ANTAGONIST	1	0	Glutamate receptor ionotropic AMPA antagonist
BRD-K41438959	perampanel	CHEMBL1214124	CHEMBL1214124	CHEMBL2096670	P42261	GRIA1		PROTEIN COMPLEX GROUP	Homo sapiens	ANTAGONIST	1	0	Glutamate receptor ionotropic AMPA antagonist
BRD-K30097969	pitavastatin	CHEMBL1237061	CHEMBL1201753	CHEMBL402	P04035	HMGCR	3156	SINGLE PROTEIN	Homo sapiens	INHIBITOR	1	1	HMG-CoA reductase inhibitor
BRD-K75958547	pitavastatin	CHEMBL1201753	CHEMBL1201753	CHEMBL402	P04035	HMGCR	3156	SINGLE PROTEIN	Homo sapiens	INHIBITOR	1	1	HMG-CoA reductase inhibitor
BRD-A39390670	rabeprazole	CHEMBL1219	CHEMBL1219	CHEMBL2095173	P20648	ATP4A		PROTEIN COMPLEX	Homo sapiens	INHIBITOR	1	0	Potassium-transporting ATPase inhibitor
BRD-A39390670	rabeprazole	CHEMBL1219	CHEMBL1219	CHEMBL2095173	P51164	ATP4B		PROTEIN COMPLEX	Homo sapiens	INHIBITOR	1	0	Potassium-transporting ATPase inhibitor
BRD-K03601870	ixabepilone	CHEMBL1201752	CHEMBL1201752	CHEMBL2095182	P68371	TUBB4B		PROTEIN COMPLEX GROUP	Homo sapiens	INHIBITOR	1	0	Tubulin inhibitor
BRD-K03601870	ixabepilone	CHEMBL1201752	CHEMBL1201752	CHEMBL2095182	Q9H4B7	TUBB1		PROTEIN COMPLEX GROUP	Homo sapiens	INHIBITOR	1	0	Tubulin inhibitor
BRD-K03601870	ixabepilone	CHEMBL1201752	CHEMBL1201752	CHEMBL2095182	P0DPH7	TUBA3C		PROTEIN COMPLEX GROUP	Homo sapiens	INHIBITOR	1	0	Tubulin inhibitor
BRD-K03601870	ixabepilone	CHEMBL1201752	CHEMBL1201752	CHEMBL2095182	P68366	TUBA4A		PROTEIN COMPLEX GROUP	Homo sapiens	INHIBITOR	1	0	Tubulin inhibitor
BRD-K03601870	ixabepilone	CHEMBL1201752	CHEMBL1201752	CHEMBL2095182	Q13509	TUBB3		PROTEIN COMPLEX GROUP	Homo sapiens	INHIBITOR	1	0	Tubulin inhibitor
BRD-K03601870	ixabepilone	CHEMBL1201752	CHEMBL1201752	CHEMBL2095182	Q71U36	TUBA1A		PROTEIN COMPLEX GROUP	Homo sapiens	INHIBITOR	1	0	Tubulin inhibitor
BRD-K03601870	ixabepilone	CHEMBL1201752	CHEMBL1201752	CHEMBL2095182	P04350	TUBB4A		PROTEIN COMPLEX GROUP	Homo sapiens	INHIBITOR	1	0	Tubulin inhibitor
BRD-K03601870	ixabepilone	CHEMBL1201752	CHEMBL1201752	CHEMBL2095182	Q3ZCM7	TUBB8		PROTEIN COMPLEX GROUP	Homo sapiens	INHIBITOR	1	0	Tubulin inhibitor
BRD-K03601870	ixabepilone	CHEMBL1201752	CHEMBL1201752	CHEMBL2095182	P07437	TUBB		PROTEIN COMPLEX GROUP	Homo sapiens	INHIBITOR	1	0	Tubulin inhibitor
BRD-K03601870	ixabepilone	CHEMBL1201752	CHEMBL1201752	CHEMBL2095182	P68363	TUBA1B		PROTEIN COMPLEX GROUP	Homo sapiens	INHIBITOR	1	0	Tubulin inhibitor
BRD-K03601870	ixabepilone	CHEMBL1201752	CHEMBL1201752	CHEMBL2095182	Q9BQE3	TUBA1C		PROTEIN COMPLEX GROUP	Homo sapiens	INHIBITOR	1	0	Tubulin inhibitor
BRD-K03601870	ixabepilone	CHEMBL1201752	CHEMBL1201752	CHEMBL2095182	Q6PEY2	TUBA3E		PROTEIN COMPLEX GROUP	Homo sapiens	INHIBITOR	1	0	Tubulin inhibitor
BRD-K03601870	ixabepilone	CHEMBL1201752	CHEMBL1201752	CHEMBL2095182	Q13885	TUBB2A		PROTEIN COMPLEX GROUP	Homo sapiens	INHIBITOR	1	0	Tubulin inhibitor
BRD-K03601870	ixabepilone	CHEMBL1201752	CHEMBL1201752	CHEMBL2095182	Q9BVA1	TUBB2B		PROTEIN COMPLEX GROUP	Homo sapiens	INHIBITOR	1	0	Tubulin inhibitor
BRD-K03601870	ixabepilone	CHEMBL1201752	CHEMBL1201752	CHEMBL2095182	Q9BUF5	TUBB6	84617	PROTEIN COMPLEX GROUP	Homo sapiens	INHIBITOR	1	1	Tubulin inhibitor
BRD-K28761891	ramelteon	CHEMBL1218	CHEMBL1218	CHEMBL2094268	P48039	MTNR1A		PROTEIN FAMILY	Homo sapiens	AGONIST	1	0	Melatonin receptor agonist
BRD-K28761891	ramelteon	CHEMBL1218	CHEMBL1218	CHEMBL2094268	P49286	MTNR1B		PROTEIN FAMILY	Homo sapiens	AGONIST	1	0	Melatonin receptor agonist
BRD-K73381542	phenylephrine	CHEMBL1215	CHEMBL1215	CHEMBL2094251	P35348	ADRA1A		PROTEIN FAMILY	Homo sapiens	AGONIST	1	0	Adrenergic receptor alpha-1 agonist
BRD-K73381542	phenylephrine	CHEMBL1215	CHEMBL1215	CHEMBL2094251	P25100	ADRA1D		PROTEIN FAMILY	Homo sapiens	AGONIST	1	0	Adrenergic receptor alpha-1 agonist
BRD-K73381542	phenylephrine	CHEMBL1215	CHEMBL1215	CHEMBL2094251	P35368	ADRA1B		PROTEIN FAMILY	Homo sapiens	AGONIST	1	0	Adrenergic receptor alpha-1 agonist
BRD-K96253961	metaraminol	CHEMBL1201319	CHEMBL1201319	CHEMBL2094251	P35348	ADRA1A		PROTEIN FAMILY	Homo sapiens	AGONIST	1	0	Adrenergic receptor alpha-1 agonist
BRD-K96253961	metaraminol	CHEMBL1201319	CHEMBL1201319	CHEMBL2094251	P25100	ADRA1D		PROTEIN FAMILY	Homo sapiens	AGONIST	1	0	Adrenergic receptor alpha-1 agonist
BRD-K96253961	metaraminol	CHEMBL1201319	CHEMBL1201319	CHEMBL2094251	P35368	ADRA1B		PROTEIN FAMILY	Homo sapiens	AGONIST	1	0	Adrenergic receptor alpha-1 agonist
BRD-K73381542	phenylephrine	CHEMBL1215	CHEMBL1215	CHEMBL2094251	P35348	ADRA1A		PROTEIN FAMILY	Homo sapiens	AGONIST	1	0	Adrenergic receptor alpha-1 agonist
BRD-K73381542	phenylephrine	CHEMBL1215	CHEMBL1215	CHEMBL2094251	P25100	ADRA1D		PROTEIN FAMILY	Homo sapiens	AGONIST	1	0	Adrenergic receptor alpha-1 agonist
BRD-K73381542	phenylephrine	CHEMBL1215	CHEMBL1215	CHEMBL2094251	P35368	ADRA1B		PROTEIN FAMILY	Homo sapiens	AGONIST	1	0	Adrenergic receptor alpha-1 agonist
BRD-K21733600	rofecoxib	CHEMBL122	CHEMBL122	CHEMBL230	P35354	PTGS2	5743	SINGLE PROTEIN	Homo sapiens	INHIBITOR	1	1	Cyclooxygenase-2 inhibitor
BRD-K60240222	carglumic-acid	CHEMBL1201780	CHEMBL1201780	CHEMBL2362990	P31327	CPS1		SINGLE PROTEIN	Homo sapiens	POSITIVE ALLOSTERIC MODULATOR	1	0	Carbamoyl-phosphate synthase [ammonia], mitochondrial positive allosteric modulator
BRD-K14704277	cinoxacin	CHEMBL1208	CHEMBL1208	CHEMBL2311224	P0AES6	gyrB		PROTEIN COMPLEX	Bacteria	INHIBITOR	1	0	Bacterial DNA gyrase inhibitor
BRD-K14704277	cinoxacin	CHEMBL1208	CHEMBL1208	CHEMBL2311224	P0AES4	gyrA		PROTEIN COMPLEX	Bacteria	INHIBITOR	1	0	Bacterial DNA gyrase inhibitor
BRD-K89125793	tinidazole	CHEMBL1220	CHEMBL1220	CHEMBL2366045				NUCLEIC-ACID	Trichomonas	DISRUPTING AGENT	1	0	DNA disrupting agent
BRD-K20079257	rufinamide	CHEMBL1201754	CHEMBL1201754	CHEMBL2331043	P35498	SCN1A		PROTEIN FAMILY	Homo sapiens	BLOCKER	1	0	Sodium channel alpha subunit blocker
BRD-K20079257	rufinamide	CHEMBL1201754	CHEMBL1201754	CHEMBL2331043	Q14524	SCN5A		PROTEIN FAMILY	Homo sapiens	BLOCKER	1	0	Sodium channel alpha subunit blocker
BRD-K20079257	rufinamide	CHEMBL1201754	CHEMBL1201754	CHEMBL2331043	P35499	SCN4A		PROTEIN FAMILY	Homo sapiens	BLOCKER	1	0	Sodium channel alpha subunit blocker
BRD-K20079257	rufinamide	CHEMBL1201754	CHEMBL1201754	CHEMBL2331043	Q01118	SCN7A		PROTEIN FAMILY	Homo sapiens	BLOCKER	1	0	Sodium channel alpha subunit blocker
BRD-K20079257	rufinamide	CHEMBL1201754	CHEMBL1201754	CHEMBL2331043	Q99250	SCN2A		PROTEIN FAMILY	Homo sapiens	BLOCKER	1	0	Sodium channel alpha subunit blocker
BRD-K20079257	rufinamide	CHEMBL1201754	CHEMBL1201754	CHEMBL2331043	Q15858	SCN9A		PROTEIN FAMILY	Homo sapiens	BLOCKER	1	0	Sodium channel alpha subunit blocker
BRD-K20079257	rufinamide	CHEMBL1201754	CHEMBL1201754	CHEMBL2331043	Q9NY46	SCN3A		PROTEIN FAMILY	Homo sapiens	BLOCKER	1	0	Sodium channel alpha subunit blocker
BRD-K20079257	rufinamide	CHEMBL1201754	CHEMBL1201754	CHEMBL2331043	Q9UI33	SCN11A		PROTEIN FAMILY	Homo sapiens	BLOCKER	1	0	Sodium channel alpha subunit blocker
BRD-K20079257	rufinamide	CHEMBL1201754	CHEMBL1201754	CHEMBL2331043	Q9UQD0	SCN8A		PROTEIN FAMILY	Homo sapiens	BLOCKER	1	0	Sodium channel alpha subunit blocker
BRD-K20079257	rufinamide	CHEMBL1201754	CHEMBL1201754	CHEMBL2331043	Q9Y5Y9	SCN10A		PROTEIN FAMILY	Homo sapiens	BLOCKER	1	0	Sodium channel alpha subunit blocker
BRD-K13800121	parecoxib	CHEMBL1206690	CHEMBL1206690	CHEMBL230	P35354	PTGS2	5743	SINGLE PROTEIN	Homo sapiens	INHIBITOR	1	1	Cyclooxygenase-2 inhibitor
BRD-K13800121	parecoxib	CHEMBL1206690	CHEMBL1206690	CHEMBL230	P35354	PTGS2	5743	SINGLE PROTEIN	Homo sapiens	INHIBITOR	1	1	Cyclooxygenase-2 inhibitor
BRD-K30097969	pitavastatin	CHEMBL1237061	CHEMBL1201753	CHEMBL402	P04035	HMGCR	3156	SINGLE PROTEIN	Homo sapiens	INHIBITOR	1	1	HMG-CoA reductase inhibitor
BRD-K75958547	pitavastatin	CHEMBL1201753	CHEMBL1201753	CHEMBL402	P04035	HMGCR	3156	SINGLE PROTEIN	Homo sapiens	INHIBITOR	1	1	HMG-CoA reductase inhibitor
BRD-K30097969	pitavastatin	CHEMBL1237061	CHEMBL1201753	CHEMBL402	P04035	HMGCR	3156	SINGLE PROTEIN	Homo sapiens	INHIBITOR	1	1	HMG-CoA reductase inhibitor
BRD-K75958547	pitavastatin	CHEMBL1201753	CHEMBL1201753	CHEMBL402	P04035	HMGCR	3156	SINGLE PROTEIN	Homo sapiens	INHIBITOR	1	1	HMG-CoA reductase inhibitor
BRD-K58435339	AT-13387	CHEMBL1214827	CHEMBL1214827	CHEMBL2095165	P07900	HSP90AA1		PROTEIN FAMILY	Homo sapiens	INHIBITOR	1	0	Heat shock protein HSP90 inhibitor
BRD-K58435339	AT-13387	CHEMBL1214827	CHEMBL1214827	CHEMBL2095165	P08238	HSP90AB1		PROTEIN FAMILY	Homo sapiens	INHIBITOR	1	0	Heat shock protein HSP90 inhibitor
BRD-A81233518	glycopyrrolate	CHEMBL1201335	CHEMBL1201335	CHEMBL2094109	P20309	CHRM3		PROTEIN FAMILY	Homo sapiens	INHIBITOR	1	0	Muscarinic acetylcholine receptor inhibitor
BRD-A81233518	glycopyrrolate	CHEMBL1201335	CHEMBL1201335	CHEMBL2094109	P08173	CHRM4		PROTEIN FAMILY	Homo sapiens	INHIBITOR	1	0	Muscarinic acetylcholine receptor inhibitor
BRD-A81233518	glycopyrrolate	CHEMBL1201335	CHEMBL1201335	CHEMBL2094109	P11229	CHRM1		PROTEIN FAMILY	Homo sapiens	INHIBITOR	1	0	Muscarinic acetylcholine receptor inhibitor
BRD-A81233518	glycopyrrolate	CHEMBL1201335	CHEMBL1201335	CHEMBL2094109	P08172	CHRM2		PROTEIN FAMILY	Homo sapiens	INHIBITOR	1	0	Muscarinic acetylcholine receptor inhibitor
BRD-A81233518	glycopyrrolate	CHEMBL1201335	CHEMBL1201335	CHEMBL2094109	P08912	CHRM5		PROTEIN FAMILY	Homo sapiens	INHIBITOR	1	0	Muscarinic acetylcholine receptor inhibitor
BRD-A97437073	rosiglitazone	CHEMBL121	CHEMBL121	CHEMBL235	P37231	PPARG	5468	SINGLE PROTEIN	Homo sapiens	AGONIST	1	1	Peroxisome proliferator-activated receptor gamma agonist
BRD-K13810148	givinostat	CHEMBL1213492	CHEMBL1213492	CHEMBL2093865	Q13547	HDAC1		PROTEIN FAMILY	Homo sapiens	INHIBITOR	1	0	Histone deacetylase inhibitor
BRD-K13810148	givinostat	CHEMBL1213492	CHEMBL1213492	CHEMBL2093865	O15379	HDAC3		PROTEIN FAMILY	Homo sapiens	INHIBITOR	1	0	Histone deacetylase inhibitor
BRD-K13810148	givinostat	CHEMBL1213492	CHEMBL1213492	CHEMBL2093865	Q9UBN7	HDAC6	10013	PROTEIN FAMILY	Homo sapiens	INHIBITOR	1	1	Histone deacetylase inhibitor
BRD-K13810148	givinostat	CHEMBL1213492	CHEMBL1213492	CHEMBL2093865	Q92769	HDAC2	3066	PROTEIN FAMILY	Homo sapiens	INHIBITOR	1	1	Histone deacetylase inhibitor
BRD-K13810148	givinostat	CHEMBL1213492	CHEMBL1213492	CHEMBL2093865	Q9UQL6	HDAC5		PROTEIN FAMILY	Homo sapiens	INHIBITOR	1	0	Histone deacetylase inhibitor
BRD-K13810148	givinostat	CHEMBL1213492	CHEMBL1213492	CHEMBL2093865	Q8WUI4	HDAC7		PROTEIN FAMILY	Homo sapiens	INHIBITOR	1	0	Histone deacetylase inhibitor
BRD-K13810148	givinostat	CHEMBL1213492	CHEMBL1213492	CHEMBL2093865	Q9BY41	HDAC8		PROTEIN FAMILY	Homo sapiens	INHIBITOR	1	0	Histone deacetylase inhibitor
BRD-K13810148	givinostat	CHEMBL1213492	CHEMBL1213492	CHEMBL2093865	Q96DB2	HDAC11		PROTEIN FAMILY	Homo sapiens	INHIBITOR	1	0	Histone deacetylase inhibitor
BRD-K13810148	givinostat	CHEMBL1213492	CHEMBL1213492	CHEMBL2093865	P56524	HDAC4		PROTEIN FAMILY	Homo sapiens	INHIBITOR	1	0	Histone deacetylase inhibitor
BRD-K13810148	givinostat	CHEMBL1213492	CHEMBL1213492	CHEMBL2093865	Q9UKV0	HDAC9		PROTEIN FAMILY	Homo sapiens	INHIBITOR	1	0	Histone deacetylase inhibitor
BRD-K13810148	givinostat	CHEMBL1213492	CHEMBL1213492	CHEMBL2093865	Q969S8	HDAC10		PROTEIN FAMILY	Homo sapiens	INHIBITOR	1	0	Histone deacetylase inhibitor
BRD-K89125793	tinidazole	CHEMBL1220	CHEMBL1220	CHEMBL2364041				NUCLEIC-ACID	Bacteria	DISRUPTING AGENT	1	0	DNA disrupting agent
BRD-A65013509	oxybutynin	CHEMBL1231	CHEMBL1231	CHEMBL245	P20309	CHRM3		SINGLE PROTEIN	Homo sapiens	ANTAGONIST	1	0	Muscarinic acetylcholine receptor M3 antagonist
BRD-A65013509	oxybutynin	CHEMBL1231	CHEMBL1231	CHEMBL245	P20309	CHRM3		SINGLE PROTEIN	Homo sapiens	ANTAGONIST	1	0	Muscarinic acetylcholine receptor M3 antagonist
BRD-K50163129	acrivastine	CHEMBL1224	CHEMBL1224	CHEMBL231	P35367	HRH1		SINGLE PROTEIN	Homo sapiens	ANTAGONIST	1	0	Histamine H1 receptor antagonist
BRD-K56343971	vemurafenib	CHEMBL1229517	CHEMBL1229517	CHEMBL5145	P15056	BRAF		SINGLE PROTEIN	Homo sapiens	INHIBITOR	1	0	Serine/threonine-protein kinase B-raf inhibitor
BRD-A33749298	oxyphenbutazone	CHEMBL1228	CHEMBL1228	CHEMBL2094253	P35354	PTGS2	5743	PROTEIN FAMILY	Homo sapiens	INHIBITOR	1	1	Cyclooxygenase inhibitor
BRD-A33749298	oxyphenbutazone	CHEMBL1228	CHEMBL1228	CHEMBL2094253	P23219	PTGS1		PROTEIN FAMILY	Homo sapiens	INHIBITOR	1	0	Cyclooxygenase inhibitor
BRD-A70649075	sulconazole	CHEMBL1221	CHEMBL1221	CHEMBL1780	P10613	ERG11		SINGLE PROTEIN	Candida albicans (strain SC5314 / ATCC MYA-2876) (Yeast)	INHIBITOR	1	0	Cytochrome P450 51 inhibitor
BRD-A65013509	oxybutynin	CHEMBL1231	CHEMBL1231	CHEMBL211	P08172	CHRM2		SINGLE PROTEIN	Homo sapiens	ANTAGONIST	1	0	Muscarinic acetylcholine receptor M2 antagonist
BRD-A65013509	oxybutynin	CHEMBL1231	CHEMBL1231	CHEMBL211	P08172	CHRM2		SINGLE PROTEIN	Homo sapiens	ANTAGONIST	1	0	Muscarinic acetylcholine receptor M2 antagonist
BRD-K64800655	PHA-793887	CHEMBL1230607	CHEMBL1230607	CHEMBL3559691	P06493	CDK1	983	PROTEIN FAMILY	Homo sapiens	INHIBITOR	1	1	Cyclin-dependent kinase inhibitor
BRD-K64800655	PHA-793887	CHEMBL1230607	CHEMBL1230607	CHEMBL3559691	P11802	CDK4	1019	PROTEIN FAMILY	Homo sapiens	INHIBITOR	1	1	Cyclin-dependent kinase inhibitor
BRD-K64800655	PHA-793887	CHEMBL1230607	CHEMBL1230607	CHEMBL3559691	P24941	CDK2	1017	PROTEIN FAMILY	Homo sapiens	INHIBITOR	1	1	Cyclin-dependent kinase inhibitor
BRD-K64800655	PHA-793887	CHEMBL1230607	CHEMBL1230607	CHEMBL3559691	Q00535	CDK5		PROTEIN FAMILY	Homo sapiens	INHIBITOR	1	0	Cyclin-dependent kinase inhibitor
BRD-K64800655	PHA-793887	CHEMBL1230607	CHEMBL1230607	CHEMBL3559691	Q00534	CDK6	1021	PROTEIN FAMILY	Homo sapiens	INHIBITOR	1	1	Cyclin-dependent kinase inhibitor
BRD-K64800655	PHA-793887	CHEMBL1230607	CHEMBL1230607	CHEMBL3559691	P50613	CDK7	1022	PROTEIN FAMILY	Homo sapiens	INHIBITOR	1	1	Cyclin-dependent kinase inhibitor
BRD-K64800655	PHA-793887	CHEMBL1230607	CHEMBL1230607	CHEMBL3559691	Q00526	CDK3		PROTEIN FAMILY	Homo sapiens	INHIBITOR	1	0	Cyclin-dependent kinase inhibitor
BRD-K64800655	PHA-793887	CHEMBL1230607	CHEMBL1230607	CHEMBL3559691	Q00536	CDK16		PROTEIN FAMILY	Homo sapiens	INHIBITOR	1	0	Cyclin-dependent kinase inhibitor
BRD-K64800655	PHA-793887	CHEMBL1230607	CHEMBL1230607	CHEMBL3559691	Q07002	CDK18		PROTEIN FAMILY	Homo sapiens	INHIBITOR	1	0	Cyclin-dependent kinase inhibitor
BRD-K64800655	PHA-793887	CHEMBL1230607	CHEMBL1230607	CHEMBL3559691	P49336	CDK8		PROTEIN FAMILY	Homo sapiens	INHIBITOR	1	0	Cyclin-dependent kinase inhibitor
BRD-K64800655	PHA-793887	CHEMBL1230607	CHEMBL1230607	CHEMBL3559691	Q00537	CDK17		PROTEIN FAMILY	Homo sapiens	INHIBITOR	1	0	Cyclin-dependent kinase inhibitor
BRD-K64800655	PHA-793887	CHEMBL1230607	CHEMBL1230607	CHEMBL3559691	P21127	CDK11B		PROTEIN FAMILY	Homo sapiens	INHIBITOR	1	0	Cyclin-dependent kinase inhibitor
BRD-K64800655	PHA-793887	CHEMBL1230607	CHEMBL1230607	CHEMBL3559691	Q96Q40	CDK15		PROTEIN FAMILY	Homo sapiens	INHIBITOR	1	0	Cyclin-dependent kinase inhibitor
BRD-K64800655	PHA-793887	CHEMBL1230607	CHEMBL1230607	CHEMBL3559691	Q9BWU1	CDK19	23097	PROTEIN FAMILY	Homo sapiens	INHIBITOR	1	1	Cyclin-dependent kinase inhibitor
BRD-K64800655	PHA-793887	CHEMBL1230607	CHEMBL1230607	CHEMBL3559691	O94921	CDK14		PROTEIN FAMILY	Homo sapiens	INHIBITOR	1	0	Cyclin-dependent kinase inhibitor
BRD-K64800655	PHA-793887	CHEMBL1230607	CHEMBL1230607	CHEMBL3559691	P50750	CDK9		PROTEIN FAMILY	Homo sapiens	INHIBITOR	1	0	Cyclin-dependent kinase inhibitor
BRD-K64800655	PHA-793887	CHEMBL1230607	CHEMBL1230607	CHEMBL3559691	Q15131	CDK10		PROTEIN FAMILY	Homo sapiens	INHIBITOR	1	0	Cyclin-dependent kinase inhibitor
BRD-K64800655	PHA-793887	CHEMBL1230607	CHEMBL1230607	CHEMBL3559691	Q14004	CDK13		PROTEIN FAMILY	Homo sapiens	INHIBITOR	1	0	Cyclin-dependent kinase inhibitor
BRD-K64800655	PHA-793887	CHEMBL1230607	CHEMBL1230607	CHEMBL3559691	Q8IZL9	CDK20		PROTEIN FAMILY	Homo sapiens	INHIBITOR	1	0	Cyclin-dependent kinase inhibitor
BRD-K64800655	PHA-793887	CHEMBL1230607	CHEMBL1230607	CHEMBL3559691	Q9NYV4	CDK12		PROTEIN FAMILY	Homo sapiens	INHIBITOR	1	0	Cyclin-dependent kinase inhibitor
BRD-K65928735	AZD-1480	CHEMBL1231124	CHEMBL1231124	CHEMBL2971	O60674	JAK2		SINGLE PROTEIN	Homo sapiens	INHIBITOR	1	0	Tyrosine-protein kinase JAK2 inhibitor
BRD-K81458380	CX-4945	CHEMBL1230165	CHEMBL1230165	CHEMBL3629	P68400	CSNK2A1		SINGLE PROTEIN	Homo sapiens	INHIBITOR	1	0	Casein kinase II alpha inhibitor
BRD-K03449891	foretinib	CHEMBL1230609	CHEMBL1230609	CHEMBL1974	P36888	FLT3		SINGLE PROTEIN	Homo sapiens	INHIBITOR	1	0	Tyrosine-protein kinase receptor FLT3 inhibitor
BRD-K03449891	foretinib	CHEMBL1230609	CHEMBL1230609	CHEMBL1936	P10721	KIT	3815	SINGLE PROTEIN	Homo sapiens	INHIBITOR	1	1	Stem cell growth factor receptor inhibitor
BRD-K03449891	foretinib	CHEMBL1230609	CHEMBL1230609	CHEMBL3717	P08581	MET		SINGLE PROTEIN	Homo sapiens	INHIBITOR	1	0	Hepatocyte growth factor receptor inhibitor
BRD-K03449891	foretinib	CHEMBL1230609	CHEMBL1230609	CHEMBL2095189	P09619	PDGFRB		PROTEIN COMPLEX	Homo sapiens	INHIBITOR	1	0	Platelet-derived growth factor receptor inhibitor
BRD-K03449891	foretinib	CHEMBL1230609	CHEMBL1230609	CHEMBL2095189	P16234	PDGFRA		PROTEIN COMPLEX	Homo sapiens	INHIBITOR	1	0	Platelet-derived growth factor receptor inhibitor
BRD-K03449891	foretinib	CHEMBL1230609	CHEMBL1230609	CHEMBL4128	Q02763	TEK		SINGLE PROTEIN	Homo sapiens	INHIBITOR	1	0	Tyrosine-protein kinase TIE-2 inhibitor
BRD-K03449891	foretinib	CHEMBL1230609	CHEMBL1230609	CHEMBL2095227	P17948	FLT1		PROTEIN FAMILY	Homo sapiens	INHIBITOR	1	0	Vascular endothelial growth factor receptor inhibitor
BRD-K03449891	foretinib	CHEMBL1230609	CHEMBL1230609	CHEMBL2095227	P35916	FLT4		PROTEIN FAMILY	Homo sapiens	INHIBITOR	1	0	Vascular endothelial growth factor receptor inhibitor
BRD-K03449891	foretinib	CHEMBL1230609	CHEMBL1230609	CHEMBL2095227	P35968	KDR		PROTEIN FAMILY	Homo sapiens	INHIBITOR	1	0	Vascular endothelial growth factor receptor inhibitor
BRD-K07310275	PF-04691502	CHEMBL1234354	CHEMBL1234354	CHEMBL2842	P42345	MTOR		SINGLE PROTEIN	Homo sapiens	INHIBITOR	1	0	Serine/threonine-protein kinase mTOR inhibitor
BRD-K07310275	PF-04691502	CHEMBL1234354	CHEMBL1234354	CHEMBL3559703	P27986	PIK3R1		PROTEIN COMPLEX GROUP	Homo sapiens	INHIBITOR	1	0	PI3-kinase class I inhibitor
BRD-K07310275	PF-04691502	CHEMBL1234354	CHEMBL1234354	CHEMBL3559703	P42338	PIK3CB		PROTEIN COMPLEX GROUP	Homo sapiens	INHIBITOR	1	0	PI3-kinase class I inhibitor
BRD-K07310275	PF-04691502	CHEMBL1234354	CHEMBL1234354	CHEMBL3559703	P48736	PIK3CG		PROTEIN COMPLEX GROUP	Homo sapiens	INHIBITOR	1	0	PI3-kinase class I inhibitor
BRD-K07310275	PF-04691502	CHEMBL1234354	CHEMBL1234354	CHEMBL3559703	P42336	PIK3CA	5290	PROTEIN COMPLEX GROUP	Homo sapiens	INHIBITOR	1	1	PI3-kinase class I inhibitor
BRD-K07310275	PF-04691502	CHEMBL1234354	CHEMBL1234354	CHEMBL3559703	O00459	PIK3R2		PROTEIN COMPLEX GROUP	Homo sapiens	INHIBITOR	1	0	PI3-kinase class I inhibitor
BRD-K07310275	PF-04691502	CHEMBL1234354	CHEMBL1234354	CHEMBL3559703	O00329	PIK3CD		PROTEIN COMPLEX GROUP	Homo sapiens	INHIBITOR	1	0	PI3-kinase class I inhibitor
BRD-K07310275	PF-04691502	CHEMBL1234354	CHEMBL1234354	CHEMBL3559703	Q8WYR1	PIK3R5		PROTEIN COMPLEX GROUP	Homo sapiens	INHIBITOR	1	0	PI3-kinase class I inhibitor
BRD-K07310275	PF-04691502	CHEMBL1234354	CHEMBL1234354	CHEMBL3559703	Q92569	PIK3R3	8503	PROTEIN COMPLEX GROUP	Homo sapiens	INHIBITOR	1	1	PI3-kinase class I inhibitor
BRD-K69776681	volasertib	CHEMBL1233528	CHEMBL1233528	CHEMBL3024	P53350	PLK1	5347	SINGLE PROTEIN	Homo sapiens	INHIBITOR	1	1	Serine/threonine-protein kinase PLK1 inhibitor
BRD-K67844266	pevonedistat	CHEMBL1231160	CHEMBL1231160	CHEMBL3831283	Q8TBC4	UBA3		PROTEIN COMPLEX	Homo sapiens	INHIBITOR	1	0	NEDD8 activating enzyme inhibitor
BRD-K67844266	pevonedistat	CHEMBL1231160	CHEMBL1231160	CHEMBL3831283	Q13564	NAE1		PROTEIN COMPLEX	Homo sapiens	INHIBITOR	1	0	NEDD8 activating enzyme inhibitor
BRD-K08109215	I-BET-762	CHEMBL1232461	CHEMBL1232461	CHEMBL4296614	P25440	BRD2		PROTEIN FAMILY	Homo sapiens	INHIBITOR	1	0	Bromodomain and extra-terminal motif (BET) inhibitor
BRD-K08109215	I-BET-762	CHEMBL1232461	CHEMBL1232461	CHEMBL4296614	O60885	BRD4		PROTEIN FAMILY	Homo sapiens	INHIBITOR	1	0	Bromodomain and extra-terminal motif (BET) inhibitor
BRD-K08109215	I-BET-762	CHEMBL1232461	CHEMBL1232461	CHEMBL4296614	Q58F21	BRDT		PROTEIN FAMILY	Homo sapiens	INHIBITOR	1	0	Bromodomain and extra-terminal motif (BET) inhibitor
BRD-K08109215	I-BET-762	CHEMBL1232461	CHEMBL1232461	CHEMBL4296614	Q15059	BRD3		PROTEIN FAMILY	Homo sapiens	INHIBITOR	1	0	Bromodomain and extra-terminal motif (BET) inhibitor
BRD-K36055864	cycloheximide	CHEMBL123292	CHEMBL123292	CHEMBL3987582	P08865	RPSA		PROTEIN NUCLEIC-ACID COMPLEX	Homo sapiens	INHIBITOR	1	0	80S Ribosome inhibitor
BRD-K36055864	cycloheximide	CHEMBL123292	CHEMBL123292	CHEMBL3987582	P42677	RPS27		PROTEIN NUCLEIC-ACID COMPLEX	Homo sapiens	INHIBITOR	1	0	80S Ribosome inhibitor
BRD-K36055864	cycloheximide	CHEMBL123292	CHEMBL123292	CHEMBL3987582	P62753	RPS6	6194	PROTEIN NUCLEIC-ACID COMPLEX	Homo sapiens	INHIBITOR	1	1	80S Ribosome inhibitor
BRD-K36055864	cycloheximide	CHEMBL123292	CHEMBL123292	CHEMBL3987582	P15880	RPS2		PROTEIN NUCLEIC-ACID COMPLEX	Homo sapiens	INHIBITOR	1	0	80S Ribosome inhibitor
BRD-K36055864	cycloheximide	CHEMBL123292	CHEMBL123292	CHEMBL3987582	P23396	RPS3		PROTEIN NUCLEIC-ACID COMPLEX	Homo sapiens	INHIBITOR	1	0	80S Ribosome inhibitor
BRD-K36055864	cycloheximide	CHEMBL123292	CHEMBL123292	CHEMBL3987582	P61247	RPS3A		PROTEIN NUCLEIC-ACID COMPLEX	Homo sapiens	INHIBITOR	1	0	80S Ribosome inhibitor
BRD-K36055864	cycloheximide	CHEMBL123292	CHEMBL123292	CHEMBL3987582	P62701	RPS4X		PROTEIN NUCLEIC-ACID COMPLEX	Homo sapiens	INHIBITOR	1	0	80S Ribosome inhibitor
BRD-K36055864	cycloheximide	CHEMBL123292	CHEMBL123292	CHEMBL3987582	P22090	RPS4Y1		PROTEIN NUCLEIC-ACID COMPLEX	Homo sapiens	INHIBITOR	1	0	80S Ribosome inhibitor
BRD-K36055864	cycloheximide	CHEMBL123292	CHEMBL123292	CHEMBL3987582	P46782	RPS5	6193	PROTEIN NUCLEIC-ACID COMPLEX	Homo sapiens	INHIBITOR	1	1	80S Ribosome inhibitor
BRD-K36055864	cycloheximide	CHEMBL123292	CHEMBL123292	CHEMBL3987582	P62081	RPS7		PROTEIN NUCLEIC-ACID COMPLEX	Homo sapiens	INHIBITOR	1	0	80S Ribosome inhibitor
BRD-K36055864	cycloheximide	CHEMBL123292	CHEMBL123292	CHEMBL3987582	P62241	RPS8		PROTEIN NUCLEIC-ACID COMPLEX	Homo sapiens	INHIBITOR	1	0	80S Ribosome inhibitor
BRD-K36055864	cycloheximide	CHEMBL123292	CHEMBL123292	CHEMBL3987582	P46781	RPS9		PROTEIN NUCLEIC-ACID COMPLEX	Homo sapiens	INHIBITOR	1	0	80S Ribosome inhibitor
BRD-K36055864	cycloheximide	CHEMBL123292	CHEMBL123292	CHEMBL3987582	P46783	RPS10		PROTEIN NUCLEIC-ACID COMPLEX	Homo sapiens	INHIBITOR	1	0	80S Ribosome inhibitor
BRD-K36055864	cycloheximide	CHEMBL123292	CHEMBL123292	CHEMBL3987582	P62280	RPS11		PROTEIN NUCLEIC-ACID COMPLEX	Homo sapiens	INHIBITOR	1	0	80S Ribosome inhibitor
BRD-K36055864	cycloheximide	CHEMBL123292	CHEMBL123292	CHEMBL3987582	P25398	RPS12		PROTEIN NUCLEIC-ACID COMPLEX	Homo sapiens	INHIBITOR	1	0	80S Ribosome inhibitor
BRD-K36055864	cycloheximide	CHEMBL123292	CHEMBL123292	CHEMBL3987582	P62277	RPS13		PROTEIN NUCLEIC-ACID COMPLEX	Homo sapiens	INHIBITOR	1	0	80S Ribosome inhibitor
BRD-K36055864	cycloheximide	CHEMBL123292	CHEMBL123292	CHEMBL3987582	P62263	RPS14		PROTEIN NUCLEIC-ACID COMPLEX	Homo sapiens	INHIBITOR	1	0	80S Ribosome inhibitor
BRD-K36055864	cycloheximide	CHEMBL123292	CHEMBL123292	CHEMBL3987582	P62841	RPS15		PROTEIN NUCLEIC-ACID COMPLEX	Homo sapiens	INHIBITOR	1	0	80S Ribosome inhibitor
BRD-K36055864	cycloheximide	CHEMBL123292	CHEMBL123292	CHEMBL3987582	P62244	RPS15A		PROTEIN NUCLEIC-ACID COMPLEX	Homo sapiens	INHIBITOR	1	0	80S Ribosome inhibitor
BRD-K36055864	cycloheximide	CHEMBL123292	CHEMBL123292	CHEMBL3987582	P62249	RPS16		PROTEIN NUCLEIC-ACID COMPLEX	Homo sapiens	INHIBITOR	1	0	80S Ribosome inhibitor
BRD-K36055864	cycloheximide	CHEMBL123292	CHEMBL123292	CHEMBL3987582	P08708	RPS17		PROTEIN NUCLEIC-ACID COMPLEX	Homo sapiens	INHIBITOR	1	0	80S Ribosome inhibitor
BRD-K36055864	cycloheximide	CHEMBL123292	CHEMBL123292	CHEMBL3987582	P62269	RPS18		PROTEIN NUCLEIC-ACID COMPLEX	Homo sapiens	INHIBITOR	1	0	80S Ribosome inhibitor
BRD-K36055864	cycloheximide	CHEMBL123292	CHEMBL123292	CHEMBL3987582	P39019	RPS19		PROTEIN NUCLEIC-ACID COMPLEX	Homo sapiens	INHIBITOR	1	0	80S Ribosome inhibitor
BRD-K36055864	cycloheximide	CHEMBL123292	CHEMBL123292	CHEMBL3987582	P60866	RPS20		PROTEIN NUCLEIC-ACID COMPLEX	Homo sapiens	INHIBITOR	1	0	80S Ribosome inhibitor
BRD-K36055864	cycloheximide	CHEMBL123292	CHEMBL123292	CHEMBL3987582	P63220	RPS21		PROTEIN NUCLEIC-ACID COMPLEX	Homo sapiens	INHIBITOR	1	0	80S Ribosome inhibitor
BRD-K36055864	cycloheximide	CHEMBL123292	CHEMBL123292	CHEMBL3987582	P62266	RPS23		PROTEIN NUCLEIC-ACID COMPLEX	Homo sapiens	INHIBITOR	1	0	80S Ribosome inhibitor
BRD-K36055864	cycloheximide	CHEMBL123292	CHEMBL123292	CHEMBL3987582	P62847	RPS24		PROTEIN NUCLEIC-ACID COMPLEX	Homo sapiens	INHIBITOR	1	0	80S Ribosome inhibitor
BRD-K36055864	cycloheximide	CHEMBL123292	CHEMBL123292	CHEMBL3987582	P62851	RPS25		PROTEIN NUCLEIC-ACID COMPLEX	Homo sapiens	INHIBITOR	1	0	80S Ribosome inhibitor
BRD-K36055864	cycloheximide	CHEMBL123292	CHEMBL123292	CHEMBL3987582	P62854	RPS26		PROTEIN NUCLEIC-ACID COMPLEX	Homo sapiens	INHIBITOR	1	0	80S Ribosome inhibitor
BRD-K36055864	cycloheximide	CHEMBL123292	CHEMBL123292	CHEMBL3987582	P62979	RPS27A		PROTEIN NUCLEIC-ACID COMPLEX	Homo sapiens	INHIBITOR	1	0	80S Ribosome inhibitor
BRD-K36055864	cycloheximide	CHEMBL123292	CHEMBL123292	CHEMBL3987582	P62857	RPS28		PROTEIN NUCLEIC-ACID COMPLEX	Homo sapiens	INHIBITOR	1	0	80S Ribosome inhibitor
BRD-K36055864	cycloheximide	CHEMBL123292	CHEMBL123292	CHEMBL3987582	P62273	RPS29		PROTEIN NUCLEIC-ACID COMPLEX	Homo sapiens	INHIBITOR	1	0	80S Ribosome inhibitor
BRD-K36055864	cycloheximide	CHEMBL123292	CHEMBL123292	CHEMBL3987582	P62861	FAU		PROTEIN NUCLEIC-ACID COMPLEX	Homo sapiens	INHIBITOR	1	0	80S Ribosome inhibitor
BRD-K36055864	cycloheximide	CHEMBL123292	CHEMBL123292	CHEMBL3987582	P39023	RPL3		PROTEIN NUCLEIC-ACID COMPLEX	Homo sapiens	INHIBITOR	1	0	80S Ribosome inhibitor
BRD-K36055864	cycloheximide	CHEMBL123292	CHEMBL123292	CHEMBL3987582	P36578	RPL4		PROTEIN NUCLEIC-ACID COMPLEX	Homo sapiens	INHIBITOR	1	0	80S Ribosome inhibitor
BRD-K36055864	cycloheximide	CHEMBL123292	CHEMBL123292	CHEMBL3987582	P46777	RPL5		PROTEIN NUCLEIC-ACID COMPLEX	Homo sapiens	INHIBITOR	1	0	80S Ribosome inhibitor
BRD-K36055864	cycloheximide	CHEMBL123292	CHEMBL123292	CHEMBL3987582	Q02878	RPL6		PROTEIN NUCLEIC-ACID COMPLEX	Homo sapiens	INHIBITOR	1	0	80S Ribosome inhibitor
BRD-K36055864	cycloheximide	CHEMBL123292	CHEMBL123292	CHEMBL3987582	P18124	RPL7		PROTEIN NUCLEIC-ACID COMPLEX	Homo sapiens	INHIBITOR	1	0	80S Ribosome inhibitor
BRD-K36055864	cycloheximide	CHEMBL123292	CHEMBL123292	CHEMBL3987582	P62424	RPL7A		PROTEIN NUCLEIC-ACID COMPLEX	Homo sapiens	INHIBITOR	1	0	80S Ribosome inhibitor
BRD-K36055864	cycloheximide	CHEMBL123292	CHEMBL123292	CHEMBL3987582	P62917	RPL8		PROTEIN NUCLEIC-ACID COMPLEX	Homo sapiens	INHIBITOR	1	0	80S Ribosome inhibitor
BRD-K36055864	cycloheximide	CHEMBL123292	CHEMBL123292	CHEMBL3987582	P32969	RPL9		PROTEIN NUCLEIC-ACID COMPLEX	Homo sapiens	INHIBITOR	1	0	80S Ribosome inhibitor
BRD-K36055864	cycloheximide	CHEMBL123292	CHEMBL123292	CHEMBL3987582	P27635	RPL10		PROTEIN NUCLEIC-ACID COMPLEX	Homo sapiens	INHIBITOR	1	0	80S Ribosome inhibitor
BRD-K36055864	cycloheximide	CHEMBL123292	CHEMBL123292	CHEMBL3987582	P62906	RPL10A		PROTEIN NUCLEIC-ACID COMPLEX	Homo sapiens	INHIBITOR	1	0	80S Ribosome inhibitor
BRD-K36055864	cycloheximide	CHEMBL123292	CHEMBL123292	CHEMBL3987582	P62913	RPL11		PROTEIN NUCLEIC-ACID COMPLEX	Homo sapiens	INHIBITOR	1	0	80S Ribosome inhibitor
BRD-K36055864	cycloheximide	CHEMBL123292	CHEMBL123292	CHEMBL3987582	P30050	RPL12		PROTEIN NUCLEIC-ACID COMPLEX	Homo sapiens	INHIBITOR	1	0	80S Ribosome inhibitor
BRD-K36055864	cycloheximide	CHEMBL123292	CHEMBL123292	CHEMBL3987582	P26373	RPL13		PROTEIN NUCLEIC-ACID COMPLEX	Homo sapiens	INHIBITOR	1	0	80S Ribosome inhibitor
BRD-K36055864	cycloheximide	CHEMBL123292	CHEMBL123292	CHEMBL3987582	P40429	RPL13A		PROTEIN NUCLEIC-ACID COMPLEX	Homo sapiens	INHIBITOR	1	0	80S Ribosome inhibitor
BRD-K36055864	cycloheximide	CHEMBL123292	CHEMBL123292	CHEMBL3987582	P50914	RPL14		PROTEIN NUCLEIC-ACID COMPLEX	Homo sapiens	INHIBITOR	1	0	80S Ribosome inhibitor
BRD-K36055864	cycloheximide	CHEMBL123292	CHEMBL123292	CHEMBL3987582	P61313	RPL15		PROTEIN NUCLEIC-ACID COMPLEX	Homo sapiens	INHIBITOR	1	0	80S Ribosome inhibitor
BRD-K36055864	cycloheximide	CHEMBL123292	CHEMBL123292	CHEMBL3987582	P18621	RPL17		PROTEIN NUCLEIC-ACID COMPLEX	Homo sapiens	INHIBITOR	1	0	80S Ribosome inhibitor
BRD-K36055864	cycloheximide	CHEMBL123292	CHEMBL123292	CHEMBL3987582	Q07020	RPL18		PROTEIN NUCLEIC-ACID COMPLEX	Homo sapiens	INHIBITOR	1	0	80S Ribosome inhibitor
BRD-K36055864	cycloheximide	CHEMBL123292	CHEMBL123292	CHEMBL3987582	Q02543	RPL18A		PROTEIN NUCLEIC-ACID COMPLEX	Homo sapiens	INHIBITOR	1	0	80S Ribosome inhibitor
BRD-K36055864	cycloheximide	CHEMBL123292	CHEMBL123292	CHEMBL3987582	P84098	RPL19		PROTEIN NUCLEIC-ACID COMPLEX	Homo sapiens	INHIBITOR	1	0	80S Ribosome inhibitor
BRD-K36055864	cycloheximide	CHEMBL123292	CHEMBL123292	CHEMBL3987582	P46778	RPL21		PROTEIN NUCLEIC-ACID COMPLEX	Homo sapiens	INHIBITOR	1	0	80S Ribosome inhibitor
BRD-K36055864	cycloheximide	CHEMBL123292	CHEMBL123292	CHEMBL3987582	P35268	RPL22		PROTEIN NUCLEIC-ACID COMPLEX	Homo sapiens	INHIBITOR	1	0	80S Ribosome inhibitor
BRD-K36055864	cycloheximide	CHEMBL123292	CHEMBL123292	CHEMBL3987582	P62829	RPL23		PROTEIN NUCLEIC-ACID COMPLEX	Homo sapiens	INHIBITOR	1	0	80S Ribosome inhibitor
BRD-K36055864	cycloheximide	CHEMBL123292	CHEMBL123292	CHEMBL3987582	P62750	RPL23A		PROTEIN NUCLEIC-ACID COMPLEX	Homo sapiens	INHIBITOR	1	0	80S Ribosome inhibitor
BRD-K36055864	cycloheximide	CHEMBL123292	CHEMBL123292	CHEMBL3987582	P83731	RPL24		PROTEIN NUCLEIC-ACID COMPLEX	Homo sapiens	INHIBITOR	1	0	80S Ribosome inhibitor
BRD-K36055864	cycloheximide	CHEMBL123292	CHEMBL123292	CHEMBL3987582	P61254	RPL26		PROTEIN NUCLEIC-ACID COMPLEX	Homo sapiens	INHIBITOR	1	0	80S Ribosome inhibitor
BRD-K36055864	cycloheximide	CHEMBL123292	CHEMBL123292	CHEMBL3987582	P61353	RPL27		PROTEIN NUCLEIC-ACID COMPLEX	Homo sapiens	INHIBITOR	1	0	80S Ribosome inhibitor
BRD-K36055864	cycloheximide	CHEMBL123292	CHEMBL123292	CHEMBL3987582	P46776	RPL27A		PROTEIN NUCLEIC-ACID COMPLEX	Homo sapiens	INHIBITOR	1	0	80S Ribosome inhibitor
BRD-K36055864	cycloheximide	CHEMBL123292	CHEMBL123292	CHEMBL3987582	P46779	RPL28		PROTEIN NUCLEIC-ACID COMPLEX	Homo sapiens	INHIBITOR	1	0	80S Ribosome inhibitor
BRD-K36055864	cycloheximide	CHEMBL123292	CHEMBL123292	CHEMBL3987582	P47914	RPL29		PROTEIN NUCLEIC-ACID COMPLEX	Homo sapiens	INHIBITOR	1	0	80S Ribosome inhibitor
BRD-K36055864	cycloheximide	CHEMBL123292	CHEMBL123292	CHEMBL3987582	P62888	RPL30		PROTEIN NUCLEIC-ACID COMPLEX	Homo sapiens	INHIBITOR	1	0	80S Ribosome inhibitor
BRD-K36055864	cycloheximide	CHEMBL123292	CHEMBL123292	CHEMBL3987582	P62899	RPL31		PROTEIN NUCLEIC-ACID COMPLEX	Homo sapiens	INHIBITOR	1	0	80S Ribosome inhibitor
BRD-K36055864	cycloheximide	CHEMBL123292	CHEMBL123292	CHEMBL3987582	P62910	RPL32		PROTEIN NUCLEIC-ACID COMPLEX	Homo sapiens	INHIBITOR	1	0	80S Ribosome inhibitor
BRD-K36055864	cycloheximide	CHEMBL123292	CHEMBL123292	CHEMBL3987582	P49207	RPL34		PROTEIN NUCLEIC-ACID COMPLEX	Homo sapiens	INHIBITOR	1	0	80S Ribosome inhibitor
BRD-K36055864	cycloheximide	CHEMBL123292	CHEMBL123292	CHEMBL3987582	P42766	RPL35		PROTEIN NUCLEIC-ACID COMPLEX	Homo sapiens	INHIBITOR	1	0	80S Ribosome inhibitor
BRD-K36055864	cycloheximide	CHEMBL123292	CHEMBL123292	CHEMBL3987582	P18077	RPL35A		PROTEIN NUCLEIC-ACID COMPLEX	Homo sapiens	INHIBITOR	1	0	80S Ribosome inhibitor
BRD-K36055864	cycloheximide	CHEMBL123292	CHEMBL123292	CHEMBL3987582	Q9Y3U8	RPL36		PROTEIN NUCLEIC-ACID COMPLEX	Homo sapiens	INHIBITOR	1	0	80S Ribosome inhibitor
BRD-K36055864	cycloheximide	CHEMBL123292	CHEMBL123292	CHEMBL3987582	P83881	RPL36A		PROTEIN NUCLEIC-ACID COMPLEX	Homo sapiens	INHIBITOR	1	0	80S Ribosome inhibitor
BRD-K36055864	cycloheximide	CHEMBL123292	CHEMBL123292	CHEMBL3987582	P61927	RPL37		PROTEIN NUCLEIC-ACID COMPLEX	Homo sapiens	INHIBITOR	1	0	80S Ribosome inhibitor
BRD-K36055864	cycloheximide	CHEMBL123292	CHEMBL123292	CHEMBL3987582	P61513	RPL37A		PROTEIN NUCLEIC-ACID COMPLEX	Homo sapiens	INHIBITOR	1	0	80S Ribosome inhibitor
BRD-K36055864	cycloheximide	CHEMBL123292	CHEMBL123292	CHEMBL3987582	P63173	RPL38		PROTEIN NUCLEIC-ACID COMPLEX	Homo sapiens	INHIBITOR	1	0	80S Ribosome inhibitor
BRD-K36055864	cycloheximide	CHEMBL123292	CHEMBL123292	CHEMBL3987582	P62891	RPL39		PROTEIN NUCLEIC-ACID COMPLEX	Homo sapiens	INHIBITOR	1	0	80S Ribosome inhibitor
BRD-K36055864	cycloheximide	CHEMBL123292	CHEMBL123292	CHEMBL3987582	P62945	RPL41		PROTEIN NUCLEIC-ACID COMPLEX	Homo sapiens	INHIBITOR	1	0	80S Ribosome inhibitor
BRD-K36055864	cycloheximide	CHEMBL123292	CHEMBL123292	CHEMBL3987582	P05388	RPLP0		PROTEIN NUCLEIC-ACID COMPLEX	Homo sapiens	INHIBITOR	1	0	80S Ribosome inhibitor
BRD-K36055864	cycloheximide	CHEMBL123292	CHEMBL123292	CHEMBL3987582	P05386	RPLP1		PROTEIN NUCLEIC-ACID COMPLEX	Homo sapiens	INHIBITOR	1	0	80S Ribosome inhibitor
BRD-K67966701	lisinopril	CHEMBL1237	CHEMBL1237	CHEMBL1808	P12821	ACE		SINGLE PROTEIN	Homo sapiens	INHIBITOR	1	0	Angiotensin-converting enzyme inhibitor
BRD-K57033106	tripelennamine	CHEMBL1241	CHEMBL1241	CHEMBL231	P35367	HRH1		SINGLE PROTEIN	Homo sapiens	ANTAGONIST	1	0	Histamine H1 receptor antagonist
BRD-K57033106	tripelennamine	CHEMBL1241	CHEMBL1241	CHEMBL231	P35367	HRH1		SINGLE PROTEIN	Homo sapiens	ANTAGONIST	1	0	Histamine H1 receptor antagonist
BRD-K51143828	lurasidone	CHEMBL1237021	CHEMBL1237021	CHEMBL224	P28223	HTR2A		SINGLE PROTEIN	Homo sapiens	ANTAGONIST	1	0	Serotonin 2a (5-HT2a) receptor antagonist
BRD-K19706299	MRE-269	CHEMBL1237119	CHEMBL1237119	CHEMBL1995	P43119	PTGIR		SINGLE PROTEIN	Homo sapiens	AGONIST	1	0	Prostanoid IP receptor agonist
BRD-K52756523	dirithromycin	CHEMBL1237072	CHEMBL1237072	CHEMBL2363135	P0A7V0	rpsB		PROTEIN NUCLEIC-ACID COMPLEX	Bacteria	INHIBITOR	1	0	Bacterial 70S ribosome inhibitor
BRD-K52756523	dirithromycin	CHEMBL1237072	CHEMBL1237072	CHEMBL2363135	P60723	rplD		PROTEIN NUCLEIC-ACID COMPLEX	Bacteria	INHIBITOR	1	0	Bacterial 70S ribosome inhibitor
BRD-K52756523	dirithromycin	CHEMBL1237072	CHEMBL1237072	CHEMBL2363135	P0AG67	rpsA		PROTEIN NUCLEIC-ACID COMPLEX	Bacteria	INHIBITOR	1	0	Bacterial 70S ribosome inhibitor
BRD-K52756523	dirithromycin	CHEMBL1237072	CHEMBL1237072	CHEMBL2363135	P0A7R5	rpsJ		PROTEIN NUCLEIC-ACID COMPLEX	Bacteria	INHIBITOR	1	0	Bacterial 70S ribosome inhibitor
BRD-K52756523	dirithromycin	CHEMBL1237072	CHEMBL1237072	CHEMBL2363135	P0A7R9	rpsK		PROTEIN NUCLEIC-ACID COMPLEX	Bacteria	INHIBITOR	1	0	Bacterial 70S ribosome inhibitor
BRD-K52756523	dirithromycin	CHEMBL1237072	CHEMBL1237072	CHEMBL2363135	P0A7S3	rpsL		PROTEIN NUCLEIC-ACID COMPLEX	Bacteria	INHIBITOR	1	0	Bacterial 70S ribosome inhibitor
BRD-K52756523	dirithromycin	CHEMBL1237072	CHEMBL1237072	CHEMBL2363135	P0A7S9	rpsM		PROTEIN NUCLEIC-ACID COMPLEX	Bacteria	INHIBITOR	1	0	Bacterial 70S ribosome inhibitor
BRD-K52756523	dirithromycin	CHEMBL1237072	CHEMBL1237072	CHEMBL2363135	P0AG59	rpsN		PROTEIN NUCLEIC-ACID COMPLEX	Bacteria	INHIBITOR	1	0	Bacterial 70S ribosome inhibitor
BRD-K52756523	dirithromycin	CHEMBL1237072	CHEMBL1237072	CHEMBL2363135	P0ADZ4	rpsO		PROTEIN NUCLEIC-ACID COMPLEX	Bacteria	INHIBITOR	1	0	Bacterial 70S ribosome inhibitor
BRD-K52756523	dirithromycin	CHEMBL1237072	CHEMBL1237072	CHEMBL2363135	P0A7T3	rpsP		PROTEIN NUCLEIC-ACID COMPLEX	Bacteria	INHIBITOR	1	0	Bacterial 70S ribosome inhibitor
BRD-K52756523	dirithromycin	CHEMBL1237072	CHEMBL1237072	CHEMBL2363135	P0AG63	rpsQ		PROTEIN NUCLEIC-ACID COMPLEX	Bacteria	INHIBITOR	1	0	Bacterial 70S ribosome inhibitor
BRD-K52756523	dirithromycin	CHEMBL1237072	CHEMBL1237072	CHEMBL2363135	P0A7T7	rpsR		PROTEIN NUCLEIC-ACID COMPLEX	Bacteria	INHIBITOR	1	0	Bacterial 70S ribosome inhibitor
BRD-K52756523	dirithromycin	CHEMBL1237072	CHEMBL1237072	CHEMBL2363135	P0A7U3	rpsS		PROTEIN NUCLEIC-ACID COMPLEX	Bacteria	INHIBITOR	1	0	Bacterial 70S ribosome inhibitor
BRD-K52756523	dirithromycin	CHEMBL1237072	CHEMBL1237072	CHEMBL2363135	P0A7U7	rpsT		PROTEIN NUCLEIC-ACID COMPLEX	Bacteria	INHIBITOR	1	0	Bacterial 70S ribosome inhibitor
BRD-K52756523	dirithromycin	CHEMBL1237072	CHEMBL1237072	CHEMBL2363135	P68679	rpsU		PROTEIN NUCLEIC-ACID COMPLEX	Bacteria	INHIBITOR	1	0	Bacterial 70S ribosome inhibitor
BRD-K52756523	dirithromycin	CHEMBL1237072	CHEMBL1237072	CHEMBL2363135	P0A7V3	rpsC		PROTEIN NUCLEIC-ACID COMPLEX	Bacteria	INHIBITOR	1	0	Bacterial 70S ribosome inhibitor
BRD-K52756523	dirithromycin	CHEMBL1237072	CHEMBL1237072	CHEMBL2363135	P0A7V8	rpsD		PROTEIN NUCLEIC-ACID COMPLEX	Bacteria	INHIBITOR	1	0	Bacterial 70S ribosome inhibitor
BRD-K52756523	dirithromycin	CHEMBL1237072	CHEMBL1237072	CHEMBL2363135	P0A7W1	rpsE		PROTEIN NUCLEIC-ACID COMPLEX	Bacteria	INHIBITOR	1	0	Bacterial 70S ribosome inhibitor
BRD-K52756523	dirithromycin	CHEMBL1237072	CHEMBL1237072	CHEMBL2363135	P02358	rpsF		PROTEIN NUCLEIC-ACID COMPLEX	Bacteria	INHIBITOR	1	0	Bacterial 70S ribosome inhibitor
BRD-K52756523	dirithromycin	CHEMBL1237072	CHEMBL1237072	CHEMBL2363135	P02359	rpsG		PROTEIN NUCLEIC-ACID COMPLEX	Bacteria	INHIBITOR	1	0	Bacterial 70S ribosome inhibitor
BRD-K52756523	dirithromycin	CHEMBL1237072	CHEMBL1237072	CHEMBL2363135	P0A7W7	rpsH		PROTEIN NUCLEIC-ACID COMPLEX	Bacteria	INHIBITOR	1	0	Bacterial 70S ribosome inhibitor
BRD-K52756523	dirithromycin	CHEMBL1237072	CHEMBL1237072	CHEMBL2363135	P0A7X3	rpsI		PROTEIN NUCLEIC-ACID COMPLEX	Bacteria	INHIBITOR	1	0	Bacterial 70S ribosome inhibitor
BRD-K52756523	dirithromycin	CHEMBL1237072	CHEMBL1237072	CHEMBL2363135	P0A7J3	rplJ		PROTEIN NUCLEIC-ACID COMPLEX	Bacteria	INHIBITOR	1	0	Bacterial 70S ribosome inhibitor
BRD-K52756523	dirithromycin	CHEMBL1237072	CHEMBL1237072	CHEMBL2363135	P0A7J7	rplK		PROTEIN NUCLEIC-ACID COMPLEX	Bacteria	INHIBITOR	1	0	Bacterial 70S ribosome inhibitor
BRD-K52756523	dirithromycin	CHEMBL1237072	CHEMBL1237072	CHEMBL2363135	P0AA10	rplM		PROTEIN NUCLEIC-ACID COMPLEX	Bacteria	INHIBITOR	1	0	Bacterial 70S ribosome inhibitor
BRD-K52756523	dirithromycin	CHEMBL1237072	CHEMBL1237072	CHEMBL2363135	P0ADY3	rplN		PROTEIN NUCLEIC-ACID COMPLEX	Bacteria	INHIBITOR	1	0	Bacterial 70S ribosome inhibitor
BRD-K52756523	dirithromycin	CHEMBL1237072	CHEMBL1237072	CHEMBL2363135	P02413	rplO		PROTEIN NUCLEIC-ACID COMPLEX	Bacteria	INHIBITOR	1	0	Bacterial 70S ribosome inhibitor
BRD-K52756523	dirithromycin	CHEMBL1237072	CHEMBL1237072	CHEMBL2363135	P0ADY7	rplP		PROTEIN NUCLEIC-ACID COMPLEX	Bacteria	INHIBITOR	1	0	Bacterial 70S ribosome inhibitor
BRD-K52756523	dirithromycin	CHEMBL1237072	CHEMBL1237072	CHEMBL2363135	P0AG44	rplQ		PROTEIN NUCLEIC-ACID COMPLEX	Bacteria	INHIBITOR	1	0	Bacterial 70S ribosome inhibitor
BRD-K52756523	dirithromycin	CHEMBL1237072	CHEMBL1237072	CHEMBL2363135	P0C018	rplR		PROTEIN NUCLEIC-ACID COMPLEX	Bacteria	INHIBITOR	1	0	Bacterial 70S ribosome inhibitor
BRD-K52756523	dirithromycin	CHEMBL1237072	CHEMBL1237072	CHEMBL2363135	P0A7K6	rplS		PROTEIN NUCLEIC-ACID COMPLEX	Bacteria	INHIBITOR	1	0	Bacterial 70S ribosome inhibitor
BRD-K52756523	dirithromycin	CHEMBL1237072	CHEMBL1237072	CHEMBL2363135	P0A7L0	rplA		PROTEIN NUCLEIC-ACID COMPLEX	Bacteria	INHIBITOR	1	0	Bacterial 70S ribosome inhibitor
BRD-K52756523	dirithromycin	CHEMBL1237072	CHEMBL1237072	CHEMBL2363135	P0A7L3	rplT		PROTEIN NUCLEIC-ACID COMPLEX	Bacteria	INHIBITOR	1	0	Bacterial 70S ribosome inhibitor
BRD-K52756523	dirithromycin	CHEMBL1237072	CHEMBL1237072	CHEMBL2363135	P0AG48	rplU		PROTEIN NUCLEIC-ACID COMPLEX	Bacteria	INHIBITOR	1	0	Bacterial 70S ribosome inhibitor
BRD-K52756523	dirithromycin	CHEMBL1237072	CHEMBL1237072	CHEMBL2363135	P61175	rplV		PROTEIN NUCLEIC-ACID COMPLEX	Bacteria	INHIBITOR	1	0	Bacterial 70S ribosome inhibitor
BRD-K52756523	dirithromycin	CHEMBL1237072	CHEMBL1237072	CHEMBL2363135	P0ADZ0	rplW		PROTEIN NUCLEIC-ACID COMPLEX	Bacteria	INHIBITOR	1	0	Bacterial 70S ribosome inhibitor
BRD-K52756523	dirithromycin	CHEMBL1237072	CHEMBL1237072	CHEMBL2363135	P60624	rplX		PROTEIN NUCLEIC-ACID COMPLEX	Bacteria	INHIBITOR	1	0	Bacterial 70S ribosome inhibitor
BRD-K52756523	dirithromycin	CHEMBL1237072	CHEMBL1237072	CHEMBL2363135	P68919	rplY		PROTEIN NUCLEIC-ACID COMPLEX	Bacteria	INHIBITOR	1	0	Bacterial 70S ribosome inhibitor
BRD-K52756523	dirithromycin	CHEMBL1237072	CHEMBL1237072	CHEMBL2363135	P0A7L8	rpmA		PROTEIN NUCLEIC-ACID COMPLEX	Bacteria	INHIBITOR	1	0	Bacterial 70S ribosome inhibitor
BRD-K52756523	dirithromycin	CHEMBL1237072	CHEMBL1237072	CHEMBL2363135	P0A7M2	rpmB		PROTEIN NUCLEIC-ACID COMPLEX	Bacteria	INHIBITOR	1	0	Bacterial 70S ribosome inhibitor
BRD-K52756523	dirithromycin	CHEMBL1237072	CHEMBL1237072	CHEMBL2363135	P0A7M6	rpmC		PROTEIN NUCLEIC-ACID COMPLEX	Bacteria	INHIBITOR	1	0	Bacterial 70S ribosome inhibitor
BRD-K52756523	dirithromycin	CHEMBL1237072	CHEMBL1237072	CHEMBL2363135	P60422	rplB		PROTEIN NUCLEIC-ACID COMPLEX	Bacteria	INHIBITOR	1	0	Bacterial 70S ribosome inhibitor
BRD-K52756523	dirithromycin	CHEMBL1237072	CHEMBL1237072	CHEMBL2363135	P0AG51	rpmD		PROTEIN NUCLEIC-ACID COMPLEX	Bacteria	INHIBITOR	1	0	Bacterial 70S ribosome inhibitor
BRD-K52756523	dirithromycin	CHEMBL1237072	CHEMBL1237072	CHEMBL2363135	P0A7N1	ykgM		PROTEIN NUCLEIC-ACID COMPLEX	Bacteria	INHIBITOR	1	0	Bacterial 70S ribosome inhibitor
BRD-K52756523	dirithromycin	CHEMBL1237072	CHEMBL1237072	CHEMBL2363135	P0A7M9	rpmE		PROTEIN NUCLEIC-ACID COMPLEX	Bacteria	INHIBITOR	1	0	Bacterial 70S ribosome inhibitor
BRD-K52756523	dirithromycin	CHEMBL1237072	CHEMBL1237072	CHEMBL2363135	P0A7N4	rpmF		PROTEIN NUCLEIC-ACID COMPLEX	Bacteria	INHIBITOR	1	0	Bacterial 70S ribosome inhibitor
BRD-K52756523	dirithromycin	CHEMBL1237072	CHEMBL1237072	CHEMBL2363135	P0A7N9	rpmG		PROTEIN NUCLEIC-ACID COMPLEX	Bacteria	INHIBITOR	1	0	Bacterial 70S ribosome inhibitor
BRD-K52756523	dirithromycin	CHEMBL1237072	CHEMBL1237072	CHEMBL2363135	P0A7P5	rpmH		PROTEIN NUCLEIC-ACID COMPLEX	Bacteria	INHIBITOR	1	0	Bacterial 70S ribosome inhibitor
BRD-K52756523	dirithromycin	CHEMBL1237072	CHEMBL1237072	CHEMBL2363135	P0A7Q1	rpmI		PROTEIN NUCLEIC-ACID COMPLEX	Bacteria	INHIBITOR	1	0	Bacterial 70S ribosome inhibitor
BRD-K52756523	dirithromycin	CHEMBL1237072	CHEMBL1237072	CHEMBL2363135	Q2EEQ2	rpmJ2		PROTEIN NUCLEIC-ACID COMPLEX	Bacteria	INHIBITOR	1	0	Bacterial 70S ribosome inhibitor
BRD-K52756523	dirithromycin	CHEMBL1237072	CHEMBL1237072	CHEMBL2363135	P0A7Q6	rpmJ1		PROTEIN NUCLEIC-ACID COMPLEX	Bacteria	INHIBITOR	1	0	Bacterial 70S ribosome inhibitor
BRD-K52756523	dirithromycin	CHEMBL1237072	CHEMBL1237072	CHEMBL2363135	P60438	rplC		PROTEIN NUCLEIC-ACID COMPLEX	Bacteria	INHIBITOR	1	0	Bacterial 70S ribosome inhibitor
BRD-K52756523	dirithromycin	CHEMBL1237072	CHEMBL1237072	CHEMBL2363135	P62399	rplE		PROTEIN NUCLEIC-ACID COMPLEX	Bacteria	INHIBITOR	1	0	Bacterial 70S ribosome inhibitor
BRD-K52756523	dirithromycin	CHEMBL1237072	CHEMBL1237072	CHEMBL2363135	P0AG55	rplF		PROTEIN NUCLEIC-ACID COMPLEX	Bacteria	INHIBITOR	1	0	Bacterial 70S ribosome inhibitor
BRD-K52756523	dirithromycin	CHEMBL1237072	CHEMBL1237072	CHEMBL2363135	P0A7K2	rplL		PROTEIN NUCLEIC-ACID COMPLEX	Bacteria	INHIBITOR	1	0	Bacterial 70S ribosome inhibitor
BRD-K76304753	phenazopyridine	CHEMBL1242	CHEMBL1242	CHEMBL2331043	P35498	SCN1A		PROTEIN FAMILY	Homo sapiens	BLOCKER	1	0	Sodium channel alpha subunit blocker
BRD-K76304753	phenazopyridine	CHEMBL1242	CHEMBL1242	CHEMBL2331043	Q14524	SCN5A		PROTEIN FAMILY	Homo sapiens	BLOCKER	1	0	Sodium channel alpha subunit blocker
BRD-K76304753	phenazopyridine	CHEMBL1242	CHEMBL1242	CHEMBL2331043	P35499	SCN4A		PROTEIN FAMILY	Homo sapiens	BLOCKER	1	0	Sodium channel alpha subunit blocker
BRD-K76304753	phenazopyridine	CHEMBL1242	CHEMBL1242	CHEMBL2331043	Q01118	SCN7A		PROTEIN FAMILY	Homo sapiens	BLOCKER	1	0	Sodium channel alpha subunit blocker
BRD-K76304753	phenazopyridine	CHEMBL1242	CHEMBL1242	CHEMBL2331043	Q99250	SCN2A		PROTEIN FAMILY	Homo sapiens	BLOCKER	1	0	Sodium channel alpha subunit blocker
BRD-K76304753	phenazopyridine	CHEMBL1242	CHEMBL1242	CHEMBL2331043	Q15858	SCN9A		PROTEIN FAMILY	Homo sapiens	BLOCKER	1	0	Sodium channel alpha subunit blocker
BRD-K76304753	phenazopyridine	CHEMBL1242	CHEMBL1242	CHEMBL2331043	Q9NY46	SCN3A		PROTEIN FAMILY	Homo sapiens	BLOCKER	1	0	Sodium channel alpha subunit blocker
BRD-K76304753	phenazopyridine	CHEMBL1242	CHEMBL1242	CHEMBL2331043	Q9UI33	SCN11A		PROTEIN FAMILY	Homo sapiens	BLOCKER	1	0	Sodium channel alpha subunit blocker
BRD-K76304753	phenazopyridine	CHEMBL1242	CHEMBL1242	CHEMBL2331043	Q9UQD0	SCN8A		PROTEIN FAMILY	Homo sapiens	BLOCKER	1	0	Sodium channel alpha subunit blocker
BRD-K76304753	phenazopyridine	CHEMBL1242	CHEMBL1242	CHEMBL2331043	Q9Y5Y9	SCN10A		PROTEIN FAMILY	Homo sapiens	BLOCKER	1	0	Sodium channel alpha subunit blocker
BRD-K51143828	lurasidone	CHEMBL1237021	CHEMBL1237021	CHEMBL217	P14416	DRD2		SINGLE PROTEIN	Homo sapiens	ANTAGONIST	1	0	Dopamine D2 receptor antagonist
BRD-K19706299	MRE-269	CHEMBL1237119	CHEMBL1237119	CHEMBL1995	P43119	PTGIR		SINGLE PROTEIN	Homo sapiens	AGONIST	1	0	Prostanoid IP receptor agonist
BRD-K19477839	SGX523	CHEMBL1236107	CHEMBL1236107	CHEMBL3717	P08581	MET		SINGLE PROTEIN	Homo sapiens	INHIBITOR	1	0	Hepatocyte growth factor receptor inhibitor
BRD-K85751432	refametinib	CHEMBL1236682	CHEMBL1236682	CHEMBL3587	Q02750	MAP2K1		SINGLE PROTEIN	Homo sapiens	INHIBITOR	1	0	Dual specificity mitogen-activated protein kinase kinase 1 inhibitor
BRD-K85751432	refametinib	CHEMBL1236682	CHEMBL1236682	CHEMBL2964	P36507	MAP2K2		SINGLE PROTEIN	Homo sapiens	INHIBITOR	1	0	Dual specificity mitogen-activated protein kinase kinase 2 inhibitor
BRD-K89162000	tandutinib	CHEMBL124660	CHEMBL124660	CHEMBL1974	P36888	FLT3		SINGLE PROTEIN	Homo sapiens	INHIBITOR	1	0	Tyrosine-protein kinase receptor FLT3 inhibitor
BRD-K89162000	tandutinib	CHEMBL124660	CHEMBL124660	CHEMBL1936	P10721	KIT	3815	SINGLE PROTEIN	Homo sapiens	INHIBITOR	1	1	Stem cell growth factor receptor inhibitor
BRD-K89162000	tandutinib	CHEMBL124660	CHEMBL124660	CHEMBL1913	P09619	PDGFRB		SINGLE PROTEIN	Homo sapiens	INHIBITOR	1	0	Platelet-derived growth factor receptor beta inhibitor
BRD-K94288301	letermovir	CHEMBL1241951	CHEMBL1241951	CHEMBL3991482	P16724	TRM1		PROTEIN COMPLEX	Human cytomegalovirus (strain AD169) (HHV-5) (Human herpesvirus 5)	INHIBITOR	1	0	DNA terminase inhibitor
BRD-K94288301	letermovir	CHEMBL1241951	CHEMBL1241951	CHEMBL3991482	P16792	TRM2		PROTEIN COMPLEX	Human cytomegalovirus (strain AD169) (HHV-5) (Human herpesvirus 5)	INHIBITOR	1	0	DNA terminase inhibitor
BRD-K94288301	letermovir	CHEMBL1241951	CHEMBL1241951	CHEMBL3991482	P16732	TRM3		PROTEIN COMPLEX	Human cytomegalovirus (strain AD169) (HHV-5) (Human herpesvirus 5)	INHIBITOR	1	0	DNA terminase inhibitor
BRD-K73440166	cinaciguat	CHEMBL1236936	CHEMBL1236936	CHEMBL2111348	Q02153	GUCY1B1		PROTEIN COMPLEX GROUP	Homo sapiens	ACTIVATOR	1	0	Soluble guanylate cyclase activator
BRD-K73440166	cinaciguat	CHEMBL1236936	CHEMBL1236936	CHEMBL2111348	O75343	GUCY1B2		PROTEIN COMPLEX GROUP	Homo sapiens	ACTIVATOR	1	0	Soluble guanylate cyclase activator
BRD-K73440166	cinaciguat	CHEMBL1236936	CHEMBL1236936	CHEMBL2111348	P33402	GUCY1A2		PROTEIN COMPLEX GROUP	Homo sapiens	ACTIVATOR	1	0	Soluble guanylate cyclase activator
BRD-K73440166	cinaciguat	CHEMBL1236936	CHEMBL1236936	CHEMBL2111348	Q02108	GUCY1A1		PROTEIN COMPLEX GROUP	Homo sapiens	ACTIVATOR	1	0	Soluble guanylate cyclase activator
BRD-K19706299	MRE-269	CHEMBL1237119	CHEMBL1237119	CHEMBL1995	P43119	PTGIR		SINGLE PROTEIN	Homo sapiens	AGONIST	1	0	Prostanoid IP receptor agonist
BRD-K33127281	adapalene	CHEMBL1265	CHEMBL1265	CHEMBL2363069	P13631	RARG		PROTEIN FAMILY	Homo sapiens	AGONIST	1	0	Retinoic acid receptor agonist
BRD-K33127281	adapalene	CHEMBL1265	CHEMBL1265	CHEMBL2363069	P10826	RARB		PROTEIN FAMILY	Homo sapiens	AGONIST	1	0	Retinoic acid receptor agonist
BRD-K33127281	adapalene	CHEMBL1265	CHEMBL1265	CHEMBL2363069	P10276	RARA		PROTEIN FAMILY	Homo sapiens	AGONIST	1	0	Retinoic acid receptor agonist
BRD-A28856712	tetrahydrozoline	CHEMBL1266	CHEMBL1266	CHEMBL2095203	P35348	ADRA1A		PROTEIN FAMILY	Homo sapiens	AGONIST	1	0	Adrenergic receptor alpha agonist
BRD-A28856712	tetrahydrozoline	CHEMBL1266	CHEMBL1266	CHEMBL2095203	P08913	ADRA2A		PROTEIN FAMILY	Homo sapiens	AGONIST	1	0	Adrenergic receptor alpha agonist
BRD-A28856712	tetrahydrozoline	CHEMBL1266	CHEMBL1266	CHEMBL2095203	P18825	ADRA2C		PROTEIN FAMILY	Homo sapiens	AGONIST	1	0	Adrenergic receptor alpha agonist
BRD-A28856712	tetrahydrozoline	CHEMBL1266	CHEMBL1266	CHEMBL2095203	P25100	ADRA1D		PROTEIN FAMILY	Homo sapiens	AGONIST	1	0	Adrenergic receptor alpha agonist
BRD-A28856712	tetrahydrozoline	CHEMBL1266	CHEMBL1266	CHEMBL2095203	P35368	ADRA1B		PROTEIN FAMILY	Homo sapiens	AGONIST	1	0	Adrenergic receptor alpha agonist
BRD-A28856712	tetrahydrozoline	CHEMBL1266	CHEMBL1266	CHEMBL2095203	P18089	ADRA2B		PROTEIN FAMILY	Homo sapiens	AGONIST	1	0	Adrenergic receptor alpha agonist
BRD-A01320529	salmeterol	CHEMBL1263	CHEMBL1263	CHEMBL210	P07550	ADRB2	154	SINGLE PROTEIN	Homo sapiens	AGONIST	1	1	Beta-2 adrenergic receptor agonist
BRD-K56104152	oxiconazole	CHEMBL1262	CHEMBL1262	CHEMBL1780	P10613	ERG11		SINGLE PROTEIN	Candida albicans (strain SC5314 / ATCC MYA-2876) (Yeast)	INHIBITOR	1	0	Cytochrome P450 51 inhibitor
BRD-K01612348	meropenem	CHEMBL127	CHEMBL127	CHEMBL2354204	P24228	dacB		PROTEIN FAMILY	Bacteria	INHIBITOR	1	0	Bacterial penicillin-binding protein inhibitor
BRD-K01612348	meropenem	CHEMBL127	CHEMBL127	CHEMBL2354204	P0AD68	ftsI		PROTEIN FAMILY	Bacteria	INHIBITOR	1	0	Bacterial penicillin-binding protein inhibitor
BRD-K01612348	meropenem	CHEMBL127	CHEMBL127	CHEMBL2354204	P02918	mrcA		PROTEIN FAMILY	Bacteria	INHIBITOR	1	0	Bacterial penicillin-binding protein inhibitor
BRD-K01612348	meropenem	CHEMBL127	CHEMBL127	CHEMBL2354204	P02919	mrcB		PROTEIN FAMILY	Bacteria	INHIBITOR	1	0	Bacterial penicillin-binding protein inhibitor
BRD-K01612348	meropenem	CHEMBL127	CHEMBL127	CHEMBL2354204	P0AEB2	dacA		PROTEIN FAMILY	Bacteria	INHIBITOR	1	0	Bacterial penicillin-binding protein inhibitor
BRD-K01612348	meropenem	CHEMBL127	CHEMBL127	CHEMBL2354204	P0AD65	mrdA		PROTEIN FAMILY	Bacteria	INHIBITOR	1	0	Bacterial penicillin-binding protein inhibitor
BRD-K01612348	meropenem	CHEMBL127	CHEMBL127	CHEMBL2354204	P08506	dacC		PROTEIN FAMILY	Bacteria	INHIBITOR	1	0	Bacterial penicillin-binding protein inhibitor
BRD-K66876909	linezolid	CHEMBL126	CHEMBL126	CHEMBL2363135	P0A7V0	rpsB		PROTEIN NUCLEIC-ACID COMPLEX	Bacteria	INHIBITOR	1	0	Bacterial 70S ribosome inhibitor
BRD-K66876909	linezolid	CHEMBL126	CHEMBL126	CHEMBL2363135	P60723	rplD		PROTEIN NUCLEIC-ACID COMPLEX	Bacteria	INHIBITOR	1	0	Bacterial 70S ribosome inhibitor
BRD-K66876909	linezolid	CHEMBL126	CHEMBL126	CHEMBL2363135	P0AG67	rpsA		PROTEIN NUCLEIC-ACID COMPLEX	Bacteria	INHIBITOR	1	0	Bacterial 70S ribosome inhibitor
BRD-K66876909	linezolid	CHEMBL126	CHEMBL126	CHEMBL2363135	P0A7R5	rpsJ		PROTEIN NUCLEIC-ACID COMPLEX	Bacteria	INHIBITOR	1	0	Bacterial 70S ribosome inhibitor
BRD-K66876909	linezolid	CHEMBL126	CHEMBL126	CHEMBL2363135	P0A7R9	rpsK		PROTEIN NUCLEIC-ACID COMPLEX	Bacteria	INHIBITOR	1	0	Bacterial 70S ribosome inhibitor
BRD-K66876909	linezolid	CHEMBL126	CHEMBL126	CHEMBL2363135	P0A7S3	rpsL		PROTEIN NUCLEIC-ACID COMPLEX	Bacteria	INHIBITOR	1	0	Bacterial 70S ribosome inhibitor
BRD-K66876909	linezolid	CHEMBL126	CHEMBL126	CHEMBL2363135	P0A7S9	rpsM		PROTEIN NUCLEIC-ACID COMPLEX	Bacteria	INHIBITOR	1	0	Bacterial 70S ribosome inhibitor
BRD-K66876909	linezolid	CHEMBL126	CHEMBL126	CHEMBL2363135	P0AG59	rpsN		PROTEIN NUCLEIC-ACID COMPLEX	Bacteria	INHIBITOR	1	0	Bacterial 70S ribosome inhibitor
BRD-K66876909	linezolid	CHEMBL126	CHEMBL126	CHEMBL2363135	P0ADZ4	rpsO		PROTEIN NUCLEIC-ACID COMPLEX	Bacteria	INHIBITOR	1	0	Bacterial 70S ribosome inhibitor
BRD-K66876909	linezolid	CHEMBL126	CHEMBL126	CHEMBL2363135	P0A7T3	rpsP		PROTEIN NUCLEIC-ACID COMPLEX	Bacteria	INHIBITOR	1	0	Bacterial 70S ribosome inhibitor
BRD-K66876909	linezolid	CHEMBL126	CHEMBL126	CHEMBL2363135	P0AG63	rpsQ		PROTEIN NUCLEIC-ACID COMPLEX	Bacteria	INHIBITOR	1	0	Bacterial 70S ribosome inhibitor
BRD-K66876909	linezolid	CHEMBL126	CHEMBL126	CHEMBL2363135	P0A7T7	rpsR		PROTEIN NUCLEIC-ACID COMPLEX	Bacteria	INHIBITOR	1	0	Bacterial 70S ribosome inhibitor
BRD-K66876909	linezolid	CHEMBL126	CHEMBL126	CHEMBL2363135	P0A7U3	rpsS		PROTEIN NUCLEIC-ACID COMPLEX	Bacteria	INHIBITOR	1	0	Bacterial 70S ribosome inhibitor
BRD-K66876909	linezolid	CHEMBL126	CHEMBL126	CHEMBL2363135	P0A7U7	rpsT		PROTEIN NUCLEIC-ACID COMPLEX	Bacteria	INHIBITOR	1	0	Bacterial 70S ribosome inhibitor
BRD-K66876909	linezolid	CHEMBL126	CHEMBL126	CHEMBL2363135	P68679	rpsU		PROTEIN NUCLEIC-ACID COMPLEX	Bacteria	INHIBITOR	1	0	Bacterial 70S ribosome inhibitor
BRD-K66876909	linezolid	CHEMBL126	CHEMBL126	CHEMBL2363135	P0A7V3	rpsC		PROTEIN NUCLEIC-ACID COMPLEX	Bacteria	INHIBITOR	1	0	Bacterial 70S ribosome inhibitor
BRD-K66876909	linezolid	CHEMBL126	CHEMBL126	CHEMBL2363135	P0A7V8	rpsD		PROTEIN NUCLEIC-ACID COMPLEX	Bacteria	INHIBITOR	1	0	Bacterial 70S ribosome inhibitor
BRD-K66876909	linezolid	CHEMBL126	CHEMBL126	CHEMBL2363135	P0A7W1	rpsE		PROTEIN NUCLEIC-ACID COMPLEX	Bacteria	INHIBITOR	1	0	Bacterial 70S ribosome inhibitor
BRD-K66876909	linezolid	CHEMBL126	CHEMBL126	CHEMBL2363135	P02358	rpsF		PROTEIN NUCLEIC-ACID COMPLEX	Bacteria	INHIBITOR	1	0	Bacterial 70S ribosome inhibitor
BRD-K66876909	linezolid	CHEMBL126	CHEMBL126	CHEMBL2363135	P02359	rpsG		PROTEIN NUCLEIC-ACID COMPLEX	Bacteria	INHIBITOR	1	0	Bacterial 70S ribosome inhibitor
BRD-K66876909	linezolid	CHEMBL126	CHEMBL126	CHEMBL2363135	P0A7W7	rpsH		PROTEIN NUCLEIC-ACID COMPLEX	Bacteria	INHIBITOR	1	0	Bacterial 70S ribosome inhibitor
BRD-K66876909	linezolid	CHEMBL126	CHEMBL126	CHEMBL2363135	P0A7X3	rpsI		PROTEIN NUCLEIC-ACID COMPLEX	Bacteria	INHIBITOR	1	0	Bacterial 70S ribosome inhibitor
BRD-K66876909	linezolid	CHEMBL126	CHEMBL126	CHEMBL2363135	P0A7J3	rplJ		PROTEIN NUCLEIC-ACID COMPLEX	Bacteria	INHIBITOR	1	0	Bacterial 70S ribosome inhibitor
BRD-K66876909	linezolid	CHEMBL126	CHEMBL126	CHEMBL2363135	P0A7J7	rplK		PROTEIN NUCLEIC-ACID COMPLEX	Bacteria	INHIBITOR	1	0	Bacterial 70S ribosome inhibitor
BRD-K66876909	linezolid	CHEMBL126	CHEMBL126	CHEMBL2363135	P0AA10	rplM		PROTEIN NUCLEIC-ACID COMPLEX	Bacteria	INHIBITOR	1	0	Bacterial 70S ribosome inhibitor
BRD-K66876909	linezolid	CHEMBL126	CHEMBL126	CHEMBL2363135	P0ADY3	rplN		PROTEIN NUCLEIC-ACID COMPLEX	Bacteria	INHIBITOR	1	0	Bacterial 70S ribosome inhibitor
BRD-K66876909	linezolid	CHEMBL126	CHEMBL126	CHEMBL2363135	P02413	rplO		PROTEIN NUCLEIC-ACID COMPLEX	Bacteria	INHIBITOR	1	0	Bacterial 70S ribosome inhibitor
BRD-K66876909	linezolid	CHEMBL126	CHEMBL126	CHEMBL2363135	P0ADY7	rplP		PROTEIN NUCLEIC-ACID COMPLEX	Bacteria	INHIBITOR	1	0	Bacterial 70S ribosome inhibitor
BRD-K66876909	linezolid	CHEMBL126	CHEMBL126	CHEMBL2363135	P0AG44	rplQ		PROTEIN NUCLEIC-ACID COMPLEX	Bacteria	INHIBITOR	1	0	Bacterial 70S ribosome inhibitor
BRD-K66876909	linezolid	CHEMBL126	CHEMBL126	CHEMBL2363135	P0C018	rplR		PROTEIN NUCLEIC-ACID COMPLEX	Bacteria	INHIBITOR	1	0	Bacterial 70S ribosome inhibitor
BRD-K66876909	linezolid	CHEMBL126	CHEMBL126	CHEMBL2363135	P0A7K6	rplS		PROTEIN NUCLEIC-ACID COMPLEX	Bacteria	INHIBITOR	1	0	Bacterial 70S ribosome inhibitor
BRD-K66876909	linezolid	CHEMBL126	CHEMBL126	CHEMBL2363135	P0A7L0	rplA		PROTEIN NUCLEIC-ACID COMPLEX	Bacteria	INHIBITOR	1	0	Bacterial 70S ribosome inhibitor
BRD-K66876909	linezolid	CHEMBL126	CHEMBL126	CHEMBL2363135	P0A7L3	rplT		PROTEIN NUCLEIC-ACID COMPLEX	Bacteria	INHIBITOR	1	0	Bacterial 70S ribosome inhibitor
BRD-K66876909	linezolid	CHEMBL126	CHEMBL126	CHEMBL2363135	P0AG48	rplU		PROTEIN NUCLEIC-ACID COMPLEX	Bacteria	INHIBITOR	1	0	Bacterial 70S ribosome inhibitor
BRD-K66876909	linezolid	CHEMBL126	CHEMBL126	CHEMBL2363135	P61175	rplV		PROTEIN NUCLEIC-ACID COMPLEX	Bacteria	INHIBITOR	1	0	Bacterial 70S ribosome inhibitor
BRD-K66876909	linezolid	CHEMBL126	CHEMBL126	CHEMBL2363135	P0ADZ0	rplW		PROTEIN NUCLEIC-ACID COMPLEX	Bacteria	INHIBITOR	1	0	Bacterial 70S ribosome inhibitor
BRD-K66876909	linezolid	CHEMBL126	CHEMBL126	CHEMBL2363135	P60624	rplX		PROTEIN NUCLEIC-ACID COMPLEX	Bacteria	INHIBITOR	1	0	Bacterial 70S ribosome inhibitor
BRD-K66876909	linezolid	CHEMBL126	CHEMBL126	CHEMBL2363135	P68919	rplY		PROTEIN NUCLEIC-ACID COMPLEX	Bacteria	INHIBITOR	1	0	Bacterial 70S ribosome inhibitor
BRD-K66876909	linezolid	CHEMBL126	CHEMBL126	CHEMBL2363135	P0A7L8	rpmA		PROTEIN NUCLEIC-ACID COMPLEX	Bacteria	INHIBITOR	1	0	Bacterial 70S ribosome inhibitor
BRD-K66876909	linezolid	CHEMBL126	CHEMBL126	CHEMBL2363135	P0A7M2	rpmB		PROTEIN NUCLEIC-ACID COMPLEX	Bacteria	INHIBITOR	1	0	Bacterial 70S ribosome inhibitor
BRD-K66876909	linezolid	CHEMBL126	CHEMBL126	CHEMBL2363135	P0A7M6	rpmC		PROTEIN NUCLEIC-ACID COMPLEX	Bacteria	INHIBITOR	1	0	Bacterial 70S ribosome inhibitor
BRD-K66876909	linezolid	CHEMBL126	CHEMBL126	CHEMBL2363135	P60422	rplB		PROTEIN NUCLEIC-ACID COMPLEX	Bacteria	INHIBITOR	1	0	Bacterial 70S ribosome inhibitor
BRD-K66876909	linezolid	CHEMBL126	CHEMBL126	CHEMBL2363135	P0AG51	rpmD		PROTEIN NUCLEIC-ACID COMPLEX	Bacteria	INHIBITOR	1	0	Bacterial 70S ribosome inhibitor
BRD-K66876909	linezolid	CHEMBL126	CHEMBL126	CHEMBL2363135	P0A7N1	ykgM		PROTEIN NUCLEIC-ACID COMPLEX	Bacteria	INHIBITOR	1	0	Bacterial 70S ribosome inhibitor
BRD-K66876909	linezolid	CHEMBL126	CHEMBL126	CHEMBL2363135	P0A7M9	rpmE		PROTEIN NUCLEIC-ACID COMPLEX	Bacteria	INHIBITOR	1	0	Bacterial 70S ribosome inhibitor
BRD-K66876909	linezolid	CHEMBL126	CHEMBL126	CHEMBL2363135	P0A7N4	rpmF		PROTEIN NUCLEIC-ACID COMPLEX	Bacteria	INHIBITOR	1	0	Bacterial 70S ribosome inhibitor
BRD-K66876909	linezolid	CHEMBL126	CHEMBL126	CHEMBL2363135	P0A7N9	rpmG		PROTEIN NUCLEIC-ACID COMPLEX	Bacteria	INHIBITOR	1	0	Bacterial 70S ribosome inhibitor
BRD-K66876909	linezolid	CHEMBL126	CHEMBL126	CHEMBL2363135	P0A7P5	rpmH		PROTEIN NUCLEIC-ACID COMPLEX	Bacteria	INHIBITOR	1	0	Bacterial 70S ribosome inhibitor
BRD-K66876909	linezolid	CHEMBL126	CHEMBL126	CHEMBL2363135	P0A7Q1	rpmI		PROTEIN NUCLEIC-ACID COMPLEX	Bacteria	INHIBITOR	1	0	Bacterial 70S ribosome inhibitor
BRD-K66876909	linezolid	CHEMBL126	CHEMBL126	CHEMBL2363135	Q2EEQ2	rpmJ2		PROTEIN NUCLEIC-ACID COMPLEX	Bacteria	INHIBITOR	1	0	Bacterial 70S ribosome inhibitor
BRD-K66876909	linezolid	CHEMBL126	CHEMBL126	CHEMBL2363135	P0A7Q6	rpmJ1		PROTEIN NUCLEIC-ACID COMPLEX	Bacteria	INHIBITOR	1	0	Bacterial 70S ribosome inhibitor
BRD-K66876909	linezolid	CHEMBL126	CHEMBL126	CHEMBL2363135	P60438	rplC		PROTEIN NUCLEIC-ACID COMPLEX	Bacteria	INHIBITOR	1	0	Bacterial 70S ribosome inhibitor
BRD-K66876909	linezolid	CHEMBL126	CHEMBL126	CHEMBL2363135	P62399	rplE		PROTEIN NUCLEIC-ACID COMPLEX	Bacteria	INHIBITOR	1	0	Bacterial 70S ribosome inhibitor
BRD-K66876909	linezolid	CHEMBL126	CHEMBL126	CHEMBL2363135	P0AG55	rplF		PROTEIN NUCLEIC-ACID COMPLEX	Bacteria	INHIBITOR	1	0	Bacterial 70S ribosome inhibitor
BRD-K66876909	linezolid	CHEMBL126	CHEMBL126	CHEMBL2363135	P0A7K2	rplL		PROTEIN NUCLEIC-ACID COMPLEX	Bacteria	INHIBITOR	1	0	Bacterial 70S ribosome inhibitor
BRD-A28467416	PKI-179	CHEMBL1258517	CHEMBL1258517	CHEMBL2842	P42345	MTOR		SINGLE PROTEIN	Homo sapiens	INHIBITOR	1	0	Serine/threonine-protein kinase mTOR inhibitor
BRD-A28467416	PKI-179	CHEMBL1258517	CHEMBL1258517	CHEMBL4005	P42336	PIK3CA	5290	SINGLE PROTEIN	Homo sapiens	INHIBITOR	1	1	PI3-kinase p110-alpha subunit inhibitor
BRD-K12102668	nialamide	CHEMBL1256841	CHEMBL1256841	CHEMBL2095205	P21397	MAOA		PROTEIN FAMILY	Homo sapiens	INHIBITOR	1	0	Monoamine oxidase inhibitor
BRD-K12102668	nialamide	CHEMBL1256841	CHEMBL1256841	CHEMBL2095205	P27338	MAOB		PROTEIN FAMILY	Homo sapiens	INHIBITOR	1	0	Monoamine oxidase inhibitor
BRD-K28542495	benzydamine	CHEMBL12610	CHEMBL12610	CHEMBL2094253	P35354	PTGS2	5743	PROTEIN FAMILY	Homo sapiens	INHIBITOR	1	1	Cyclooxygenase inhibitor
BRD-K28542495	benzydamine	CHEMBL12610	CHEMBL12610	CHEMBL2094253	P23219	PTGS1		PROTEIN FAMILY	Homo sapiens	INHIBITOR	1	0	Cyclooxygenase inhibitor
BRD-K28542495	benzydamine	CHEMBL12610	CHEMBL12610	CHEMBL2094253	P35354	PTGS2	5743	PROTEIN FAMILY	Homo sapiens	INHIBITOR	1	1	Cyclooxygenase inhibitor
BRD-K28542495	benzydamine	CHEMBL12610	CHEMBL12610	CHEMBL2094253	P23219	PTGS1		PROTEIN FAMILY	Homo sapiens	INHIBITOR	1	0	Cyclooxygenase inhibitor
BRD-K38287497	narlaprevir	CHEMBL1255891	CHEMBL1255891	CHEMBL2095231	D2K2A8			PROTEIN COMPLEX	Hepatitis C virus	INHIBITOR	1	0	Hepatitis C virus serine protease, NS3/NS4A inhibitor
BRD-K38287497	narlaprevir	CHEMBL1255891	CHEMBL1255891	CHEMBL2095231	A3EZI9	NS3		PROTEIN COMPLEX	Hepatitis C virus	INHIBITOR	1	0	Hepatitis C virus serine protease, NS3/NS4A inhibitor
BRD-K59436580	tedizolid	CHEMBL1257051	CHEMBL1257051	CHEMBL2363135	P0A7V0	rpsB		PROTEIN NUCLEIC-ACID COMPLEX	Bacteria	INHIBITOR	1	0	Bacterial 70S ribosome inhibitor
BRD-K59436580	tedizolid	CHEMBL1257051	CHEMBL1257051	CHEMBL2363135	P60723	rplD		PROTEIN NUCLEIC-ACID COMPLEX	Bacteria	INHIBITOR	1	0	Bacterial 70S ribosome inhibitor
BRD-K59436580	tedizolid	CHEMBL1257051	CHEMBL1257051	CHEMBL2363135	P0AG67	rpsA		PROTEIN NUCLEIC-ACID COMPLEX	Bacteria	INHIBITOR	1	0	Bacterial 70S ribosome inhibitor
BRD-K59436580	tedizolid	CHEMBL1257051	CHEMBL1257051	CHEMBL2363135	P0A7R5	rpsJ		PROTEIN NUCLEIC-ACID COMPLEX	Bacteria	INHIBITOR	1	0	Bacterial 70S ribosome inhibitor
BRD-K59436580	tedizolid	CHEMBL1257051	CHEMBL1257051	CHEMBL2363135	P0A7R9	rpsK		PROTEIN NUCLEIC-ACID COMPLEX	Bacteria	INHIBITOR	1	0	Bacterial 70S ribosome inhibitor
BRD-K59436580	tedizolid	CHEMBL1257051	CHEMBL1257051	CHEMBL2363135	P0A7S3	rpsL		PROTEIN NUCLEIC-ACID COMPLEX	Bacteria	INHIBITOR	1	0	Bacterial 70S ribosome inhibitor
BRD-K59436580	tedizolid	CHEMBL1257051	CHEMBL1257051	CHEMBL2363135	P0A7S9	rpsM		PROTEIN NUCLEIC-ACID COMPLEX	Bacteria	INHIBITOR	1	0	Bacterial 70S ribosome inhibitor
BRD-K59436580	tedizolid	CHEMBL1257051	CHEMBL1257051	CHEMBL2363135	P0AG59	rpsN		PROTEIN NUCLEIC-ACID COMPLEX	Bacteria	INHIBITOR	1	0	Bacterial 70S ribosome inhibitor
BRD-K59436580	tedizolid	CHEMBL1257051	CHEMBL1257051	CHEMBL2363135	P0ADZ4	rpsO		PROTEIN NUCLEIC-ACID COMPLEX	Bacteria	INHIBITOR	1	0	Bacterial 70S ribosome inhibitor
BRD-K59436580	tedizolid	CHEMBL1257051	CHEMBL1257051	CHEMBL2363135	P0A7T3	rpsP		PROTEIN NUCLEIC-ACID COMPLEX	Bacteria	INHIBITOR	1	0	Bacterial 70S ribosome inhibitor
BRD-K59436580	tedizolid	CHEMBL1257051	CHEMBL1257051	CHEMBL2363135	P0AG63	rpsQ		PROTEIN NUCLEIC-ACID COMPLEX	Bacteria	INHIBITOR	1	0	Bacterial 70S ribosome inhibitor
BRD-K59436580	tedizolid	CHEMBL1257051	CHEMBL1257051	CHEMBL2363135	P0A7T7	rpsR		PROTEIN NUCLEIC-ACID COMPLEX	Bacteria	INHIBITOR	1	0	Bacterial 70S ribosome inhibitor
BRD-K59436580	tedizolid	CHEMBL1257051	CHEMBL1257051	CHEMBL2363135	P0A7U3	rpsS		PROTEIN NUCLEIC-ACID COMPLEX	Bacteria	INHIBITOR	1	0	Bacterial 70S ribosome inhibitor
BRD-K59436580	tedizolid	CHEMBL1257051	CHEMBL1257051	CHEMBL2363135	P0A7U7	rpsT		PROTEIN NUCLEIC-ACID COMPLEX	Bacteria	INHIBITOR	1	0	Bacterial 70S ribosome inhibitor
BRD-K59436580	tedizolid	CHEMBL1257051	CHEMBL1257051	CHEMBL2363135	P68679	rpsU		PROTEIN NUCLEIC-ACID COMPLEX	Bacteria	INHIBITOR	1	0	Bacterial 70S ribosome inhibitor
BRD-K59436580	tedizolid	CHEMBL1257051	CHEMBL1257051	CHEMBL2363135	P0A7V3	rpsC		PROTEIN NUCLEIC-ACID COMPLEX	Bacteria	INHIBITOR	1	0	Bacterial 70S ribosome inhibitor
BRD-K59436580	tedizolid	CHEMBL1257051	CHEMBL1257051	CHEMBL2363135	P0A7V8	rpsD		PROTEIN NUCLEIC-ACID COMPLEX	Bacteria	INHIBITOR	1	0	Bacterial 70S ribosome inhibitor
BRD-K59436580	tedizolid	CHEMBL1257051	CHEMBL1257051	CHEMBL2363135	P0A7W1	rpsE		PROTEIN NUCLEIC-ACID COMPLEX	Bacteria	INHIBITOR	1	0	Bacterial 70S ribosome inhibitor
BRD-K59436580	tedizolid	CHEMBL1257051	CHEMBL1257051	CHEMBL2363135	P02358	rpsF		PROTEIN NUCLEIC-ACID COMPLEX	Bacteria	INHIBITOR	1	0	Bacterial 70S ribosome inhibitor
BRD-K59436580	tedizolid	CHEMBL1257051	CHEMBL1257051	CHEMBL2363135	P02359	rpsG		PROTEIN NUCLEIC-ACID COMPLEX	Bacteria	INHIBITOR	1	0	Bacterial 70S ribosome inhibitor
BRD-K59436580	tedizolid	CHEMBL1257051	CHEMBL1257051	CHEMBL2363135	P0A7W7	rpsH		PROTEIN NUCLEIC-ACID COMPLEX	Bacteria	INHIBITOR	1	0	Bacterial 70S ribosome inhibitor
BRD-K59436580	tedizolid	CHEMBL1257051	CHEMBL1257051	CHEMBL2363135	P0A7X3	rpsI		PROTEIN NUCLEIC-ACID COMPLEX	Bacteria	INHIBITOR	1	0	Bacterial 70S ribosome inhibitor
BRD-K59436580	tedizolid	CHEMBL1257051	CHEMBL1257051	CHEMBL2363135	P0A7J3	rplJ		PROTEIN NUCLEIC-ACID COMPLEX	Bacteria	INHIBITOR	1	0	Bacterial 70S ribosome inhibitor
BRD-K59436580	tedizolid	CHEMBL1257051	CHEMBL1257051	CHEMBL2363135	P0A7J7	rplK		PROTEIN NUCLEIC-ACID COMPLEX	Bacteria	INHIBITOR	1	0	Bacterial 70S ribosome inhibitor
BRD-K59436580	tedizolid	CHEMBL1257051	CHEMBL1257051	CHEMBL2363135	P0AA10	rplM		PROTEIN NUCLEIC-ACID COMPLEX	Bacteria	INHIBITOR	1	0	Bacterial 70S ribosome inhibitor
BRD-K59436580	tedizolid	CHEMBL1257051	CHEMBL1257051	CHEMBL2363135	P0ADY3	rplN		PROTEIN NUCLEIC-ACID COMPLEX	Bacteria	INHIBITOR	1	0	Bacterial 70S ribosome inhibitor
BRD-K59436580	tedizolid	CHEMBL1257051	CHEMBL1257051	CHEMBL2363135	P02413	rplO		PROTEIN NUCLEIC-ACID COMPLEX	Bacteria	INHIBITOR	1	0	Bacterial 70S ribosome inhibitor
BRD-K59436580	tedizolid	CHEMBL1257051	CHEMBL1257051	CHEMBL2363135	P0ADY7	rplP		PROTEIN NUCLEIC-ACID COMPLEX	Bacteria	INHIBITOR	1	0	Bacterial 70S ribosome inhibitor
BRD-K59436580	tedizolid	CHEMBL1257051	CHEMBL1257051	CHEMBL2363135	P0AG44	rplQ		PROTEIN NUCLEIC-ACID COMPLEX	Bacteria	INHIBITOR	1	0	Bacterial 70S ribosome inhibitor
BRD-K59436580	tedizolid	CHEMBL1257051	CHEMBL1257051	CHEMBL2363135	P0C018	rplR		PROTEIN NUCLEIC-ACID COMPLEX	Bacteria	INHIBITOR	1	0	Bacterial 70S ribosome inhibitor
BRD-K59436580	tedizolid	CHEMBL1257051	CHEMBL1257051	CHEMBL2363135	P0A7K6	rplS		PROTEIN NUCLEIC-ACID COMPLEX	Bacteria	INHIBITOR	1	0	Bacterial 70S ribosome inhibitor
BRD-K59436580	tedizolid	CHEMBL1257051	CHEMBL1257051	CHEMBL2363135	P0A7L0	rplA		PROTEIN NUCLEIC-ACID COMPLEX	Bacteria	INHIBITOR	1	0	Bacterial 70S ribosome inhibitor
BRD-K59436580	tedizolid	CHEMBL1257051	CHEMBL1257051	CHEMBL2363135	P0A7L3	rplT		PROTEIN NUCLEIC-ACID COMPLEX	Bacteria	INHIBITOR	1	0	Bacterial 70S ribosome inhibitor
BRD-K59436580	tedizolid	CHEMBL1257051	CHEMBL1257051	CHEMBL2363135	P0AG48	rplU		PROTEIN NUCLEIC-ACID COMPLEX	Bacteria	INHIBITOR	1	0	Bacterial 70S ribosome inhibitor
BRD-K59436580	tedizolid	CHEMBL1257051	CHEMBL1257051	CHEMBL2363135	P61175	rplV		PROTEIN NUCLEIC-ACID COMPLEX	Bacteria	INHIBITOR	1	0	Bacterial 70S ribosome inhibitor
BRD-K59436580	tedizolid	CHEMBL1257051	CHEMBL1257051	CHEMBL2363135	P0ADZ0	rplW		PROTEIN NUCLEIC-ACID COMPLEX	Bacteria	INHIBITOR	1	0	Bacterial 70S ribosome inhibitor
BRD-K59436580	tedizolid	CHEMBL1257051	CHEMBL1257051	CHEMBL2363135	P60624	rplX		PROTEIN NUCLEIC-ACID COMPLEX	Bacteria	INHIBITOR	1	0	Bacterial 70S ribosome inhibitor
BRD-K59436580	tedizolid	CHEMBL1257051	CHEMBL1257051	CHEMBL2363135	P68919	rplY		PROTEIN NUCLEIC-ACID COMPLEX	Bacteria	INHIBITOR	1	0	Bacterial 70S ribosome inhibitor
BRD-K59436580	tedizolid	CHEMBL1257051	CHEMBL1257051	CHEMBL2363135	P0A7L8	rpmA		PROTEIN NUCLEIC-ACID COMPLEX	Bacteria	INHIBITOR	1	0	Bacterial 70S ribosome inhibitor
BRD-K59436580	tedizolid	CHEMBL1257051	CHEMBL1257051	CHEMBL2363135	P0A7M2	rpmB		PROTEIN NUCLEIC-ACID COMPLEX	Bacteria	INHIBITOR	1	0	Bacterial 70S ribosome inhibitor
BRD-K59436580	tedizolid	CHEMBL1257051	CHEMBL1257051	CHEMBL2363135	P0A7M6	rpmC		PROTEIN NUCLEIC-ACID COMPLEX	Bacteria	INHIBITOR	1	0	Bacterial 70S ribosome inhibitor
BRD-K59436580	tedizolid	CHEMBL1257051	CHEMBL1257051	CHEMBL2363135	P60422	rplB		PROTEIN NUCLEIC-ACID COMPLEX	Bacteria	INHIBITOR	1	0	Bacterial 70S ribosome inhibitor
BRD-K59436580	tedizolid	CHEMBL1257051	CHEMBL1257051	CHEMBL2363135	P0AG51	rpmD		PROTEIN NUCLEIC-ACID COMPLEX	Bacteria	INHIBITOR	1	0	Bacterial 70S ribosome inhibitor
BRD-K59436580	tedizolid	CHEMBL1257051	CHEMBL1257051	CHEMBL2363135	P0A7N1	ykgM		PROTEIN NUCLEIC-ACID COMPLEX	Bacteria	INHIBITOR	1	0	Bacterial 70S ribosome inhibitor
BRD-K59436580	tedizolid	CHEMBL1257051	CHEMBL1257051	CHEMBL2363135	P0A7M9	rpmE		PROTEIN NUCLEIC-ACID COMPLEX	Bacteria	INHIBITOR	1	0	Bacterial 70S ribosome inhibitor
BRD-K59436580	tedizolid	CHEMBL1257051	CHEMBL1257051	CHEMBL2363135	P0A7N4	rpmF		PROTEIN NUCLEIC-ACID COMPLEX	Bacteria	INHIBITOR	1	0	Bacterial 70S ribosome inhibitor
BRD-K59436580	tedizolid	CHEMBL1257051	CHEMBL1257051	CHEMBL2363135	P0A7N9	rpmG		PROTEIN NUCLEIC-ACID COMPLEX	Bacteria	INHIBITOR	1	0	Bacterial 70S ribosome inhibitor
BRD-K59436580	tedizolid	CHEMBL1257051	CHEMBL1257051	CHEMBL2363135	P0A7P5	rpmH		PROTEIN NUCLEIC-ACID COMPLEX	Bacteria	INHIBITOR	1	0	Bacterial 70S ribosome inhibitor
BRD-K59436580	tedizolid	CHEMBL1257051	CHEMBL1257051	CHEMBL2363135	P0A7Q1	rpmI		PROTEIN NUCLEIC-ACID COMPLEX	Bacteria	INHIBITOR	1	0	Bacterial 70S ribosome inhibitor
BRD-K59436580	tedizolid	CHEMBL1257051	CHEMBL1257051	CHEMBL2363135	Q2EEQ2	rpmJ2		PROTEIN NUCLEIC-ACID COMPLEX	Bacteria	INHIBITOR	1	0	Bacterial 70S ribosome inhibitor
BRD-K59436580	tedizolid	CHEMBL1257051	CHEMBL1257051	CHEMBL2363135	P0A7Q6	rpmJ1		PROTEIN NUCLEIC-ACID COMPLEX	Bacteria	INHIBITOR	1	0	Bacterial 70S ribosome inhibitor
BRD-K59436580	tedizolid	CHEMBL1257051	CHEMBL1257051	CHEMBL2363135	P60438	rplC		PROTEIN NUCLEIC-ACID COMPLEX	Bacteria	INHIBITOR	1	0	Bacterial 70S ribosome inhibitor
BRD-K59436580	tedizolid	CHEMBL1257051	CHEMBL1257051	CHEMBL2363135	P62399	rplE		PROTEIN NUCLEIC-ACID COMPLEX	Bacteria	INHIBITOR	1	0	Bacterial 70S ribosome inhibitor
BRD-K59436580	tedizolid	CHEMBL1257051	CHEMBL1257051	CHEMBL2363135	P0AG55	rplF		PROTEIN NUCLEIC-ACID COMPLEX	Bacteria	INHIBITOR	1	0	Bacterial 70S ribosome inhibitor
BRD-K59436580	tedizolid	CHEMBL1257051	CHEMBL1257051	CHEMBL2363135	P0A7K2	rplL		PROTEIN NUCLEIC-ACID COMPLEX	Bacteria	INHIBITOR	1	0	Bacterial 70S ribosome inhibitor
BRD-K67277431	picotamide	CHEMBL1257015	CHEMBL1257015	CHEMBL1835	P24557	TBXAS1		SINGLE PROTEIN	Homo sapiens	INHIBITOR	1	0	Thromboxane-A synthase inhibitor
BRD-K67277431	picotamide	CHEMBL1257015	CHEMBL1257015	CHEMBL2069	P21731	TBXA2R	6915	SINGLE PROTEIN	Homo sapiens	INHIBITOR	1	1	Thromboxane A2 receptor inhibitor
BRD-K82846253	repaglinide	CHEMBL1272	CHEMBL1272	CHEMBL2096972	Q14654	KCNJ11		PROTEIN COMPLEX	Homo sapiens	BLOCKER	1	0	Sulfonylurea receptor 1, Kir6.2 blocker
BRD-K82846253	repaglinide	CHEMBL1272	CHEMBL1272	CHEMBL2096972	Q09428	ABCC8		PROTEIN COMPLEX	Homo sapiens	BLOCKER	1	0	Sulfonylurea receptor 1, Kir6.2 blocker
BRD-K44942604	pentolinium	CHEMBL1271	CHEMBL1271	CHEMBL1907594	P30926	CHRNB4		PROTEIN COMPLEX	Homo sapiens	ANTAGONIST	1	0	Neuronal acetylcholine receptor; alpha3/beta4 antagonist
BRD-K44942604	pentolinium	CHEMBL1271	CHEMBL1271	CHEMBL1907594	P32297	CHRNA3		PROTEIN COMPLEX	Homo sapiens	ANTAGONIST	1	0	Neuronal acetylcholine receptor; alpha3/beta4 antagonist
BRD-K23566484	nilutamide	CHEMBL1274	CHEMBL1274	CHEMBL1871	P10275	AR		SINGLE PROTEIN	Homo sapiens	ANTAGONIST	1	0	Androgen Receptor antagonist
BRD-K69116396	sertindole	CHEMBL12713	CHEMBL12713	CHEMBL217	P14416	DRD2		SINGLE PROTEIN	Homo sapiens	ANTAGONIST	1	0	Dopamine D2 receptor antagonist
BRD-K69116396	sertindole	CHEMBL12713	CHEMBL12713	CHEMBL2094251	P35348	ADRA1A		PROTEIN FAMILY	Homo sapiens	ANTAGONIST	1	0	Adrenergic receptor alpha-1 antagonist
BRD-K69116396	sertindole	CHEMBL12713	CHEMBL12713	CHEMBL2094251	P25100	ADRA1D		PROTEIN FAMILY	Homo sapiens	ANTAGONIST	1	0	Adrenergic receptor alpha-1 antagonist
BRD-K69116396	sertindole	CHEMBL12713	CHEMBL12713	CHEMBL2094251	P35368	ADRA1B		PROTEIN FAMILY	Homo sapiens	ANTAGONIST	1	0	Adrenergic receptor alpha-1 antagonist
BRD-K69116396	sertindole	CHEMBL12713	CHEMBL12713	CHEMBL2096662	P28223	HTR2A		SELECTIVITY GROUP	Homo sapiens	ANTAGONIST	1	0	Serotonin 2 receptors; 5-HT2a & 5-HT2c antagonist
BRD-K69116396	sertindole	CHEMBL12713	CHEMBL12713	CHEMBL2096662	P28335	HTR2C		SELECTIVITY GROUP	Homo sapiens	ANTAGONIST	1	0	Serotonin 2 receptors; 5-HT2a & 5-HT2c antagonist
BRD-A03623303	metoprolol	CHEMBL13	CHEMBL13	CHEMBL213	P08588	ADRB1		SINGLE PROTEIN	Homo sapiens	ANTAGONIST	1	0	Beta-1 adrenergic receptor antagonist
BRD-A03623303	metoprolol	CHEMBL13	CHEMBL13	CHEMBL213	P08588	ADRB1		SINGLE PROTEIN	Homo sapiens	ANTAGONIST	1	0	Beta-1 adrenergic receptor antagonist
BRD-A03623303	metoprolol	CHEMBL13	CHEMBL13	CHEMBL213	P08588	ADRB1		SINGLE PROTEIN	Homo sapiens	ANTAGONIST	1	0	Beta-1 adrenergic receptor antagonist
BRD-K50938287	sumatriptan	CHEMBL128	CHEMBL128	CHEMBL1898	P28222	HTR1B		SINGLE PROTEIN	Homo sapiens	AGONIST	1	0	Serotonin 1b (5-HT1b) receptor agonist
BRD-K50938287	sumatriptan	CHEMBL128	CHEMBL128	CHEMBL1898	P28222	HTR1B		SINGLE PROTEIN	Homo sapiens	AGONIST	1	0	Serotonin 1b (5-HT1b) receptor agonist
BRD-K50938287	sumatriptan	CHEMBL128	CHEMBL128	CHEMBL1983	P28221	HTR1D		SINGLE PROTEIN	Homo sapiens	AGONIST	1	0	Serotonin 1d (5-HT1d) receptor agonist
BRD-K50938287	sumatriptan	CHEMBL128	CHEMBL128	CHEMBL1983	P28221	HTR1D		SINGLE PROTEIN	Homo sapiens	AGONIST	1	0	Serotonin 1d (5-HT1d) receptor agonist
BRD-K49404994	levetiracetam	CHEMBL1286	CHEMBL1286	CHEMBL1998	Q7L0J3	SV2A		SINGLE PROTEIN	Homo sapiens	MODULATOR	1	0	Synaptic vesicle glycoprotein 2A modulator
BRD-K37270826	mifepristone	CHEMBL1276308	CHEMBL1276308	CHEMBL2034	P04150	NR3C1	2908	SINGLE PROTEIN	Homo sapiens	ANTAGONIST	1	1	Glucocorticoid receptor antagonist
BRD-K72903603	zidovudine	CHEMBL129	CHEMBL129	CHEMBL247	Q72547	pol		SINGLE PROTEIN	Human immunodeficiency virus 1	INHIBITOR	1	0	Human immunodeficiency virus type 1 reverse transcriptase inhibitor
BRD-K49404994	levetiracetam	CHEMBL1286	CHEMBL1286	CHEMBL4478	Q00975	CACNA1B		SINGLE PROTEIN	Homo sapiens	BLOCKER	1	0	Voltage-gated N-type calcium channel alpha-1B subunit blocker
BRD-K37270826	mifepristone	CHEMBL1276308	CHEMBL1276308	CHEMBL208	P06401	PGR		SINGLE PROTEIN	Homo sapiens	ANTAGONIST	1	0	Progesterone receptor antagonist
BRD-K29905972	axitinib	CHEMBL1289926	CHEMBL1289926	CHEMBL2095227	P17948	FLT1		PROTEIN FAMILY	Homo sapiens	INHIBITOR	1	0	Vascular endothelial growth factor receptor inhibitor
BRD-K29905972	axitinib	CHEMBL1289926	CHEMBL1289926	CHEMBL2095227	P35916	FLT4		PROTEIN FAMILY	Homo sapiens	INHIBITOR	1	0	Vascular endothelial growth factor receptor inhibitor
BRD-K29905972	axitinib	CHEMBL1289926	CHEMBL1289926	CHEMBL2095227	P35968	KDR		PROTEIN FAMILY	Homo sapiens	INHIBITOR	1	0	Vascular endothelial growth factor receptor inhibitor
BRD-K45924332	amrinone	CHEMBL12856	CHEMBL12856	CHEMBL241	Q14432	PDE3A		SINGLE PROTEIN	Homo sapiens	INHIBITOR	1	0	Phosphodiesterase 3A inhibitor
BRD-K26657438	imiquimod	CHEMBL1282	CHEMBL1282	CHEMBL5936	Q9NYK1	TLR7		SINGLE PROTEIN	Homo sapiens	AGONIST	1	0	Toll-like receptor 7 agonist
BRD-A16665823	butoconazole	CHEMBL1295	CHEMBL1295	CHEMBL1780	P10613	ERG11		SINGLE PROTEIN	Candida albicans (strain SC5314 / ATCC MYA-2876) (Yeast)	INHIBITOR	1	0	Cytochrome P450 51 inhibitor
BRD-K02275692	cefotiam	CHEMBL1296	CHEMBL1296	CHEMBL2354204	P24228	dacB		PROTEIN FAMILY	Bacteria	INHIBITOR	1	0	Bacterial penicillin-binding protein inhibitor
BRD-K02275692	cefotiam	CHEMBL1296	CHEMBL1296	CHEMBL2354204	P0AD68	ftsI		PROTEIN FAMILY	Bacteria	INHIBITOR	1	0	Bacterial penicillin-binding protein inhibitor
BRD-K02275692	cefotiam	CHEMBL1296	CHEMBL1296	CHEMBL2354204	P02918	mrcA		PROTEIN FAMILY	Bacteria	INHIBITOR	1	0	Bacterial penicillin-binding protein inhibitor
BRD-K02275692	cefotiam	CHEMBL1296	CHEMBL1296	CHEMBL2354204	P02919	mrcB		PROTEIN FAMILY	Bacteria	INHIBITOR	1	0	Bacterial penicillin-binding protein inhibitor
BRD-K02275692	cefotiam	CHEMBL1296	CHEMBL1296	CHEMBL2354204	P0AEB2	dacA		PROTEIN FAMILY	Bacteria	INHIBITOR	1	0	Bacterial penicillin-binding protein inhibitor
BRD-K02275692	cefotiam	CHEMBL1296	CHEMBL1296	CHEMBL2354204	P0AD65	mrdA		PROTEIN FAMILY	Bacteria	INHIBITOR	1	0	Bacterial penicillin-binding protein inhibitor
BRD-K02275692	cefotiam	CHEMBL1296	CHEMBL1296	CHEMBL2354204	P08506	dacC		PROTEIN FAMILY	Bacteria	INHIBITOR	1	0	Bacterial penicillin-binding protein inhibitor
BRD-K08111712	chloramphenicol	CHEMBL130	CHEMBL130	CHEMBL2363135	P0A7V0	rpsB		PROTEIN NUCLEIC-ACID COMPLEX	Bacteria	INHIBITOR	1	0	Bacterial 70S ribosome inhibitor
BRD-K08111712	chloramphenicol	CHEMBL130	CHEMBL130	CHEMBL2363135	P60723	rplD		PROTEIN NUCLEIC-ACID COMPLEX	Bacteria	INHIBITOR	1	0	Bacterial 70S ribosome inhibitor
BRD-K08111712	chloramphenicol	CHEMBL130	CHEMBL130	CHEMBL2363135	P0AG67	rpsA		PROTEIN NUCLEIC-ACID COMPLEX	Bacteria	INHIBITOR	1	0	Bacterial 70S ribosome inhibitor
BRD-K08111712	chloramphenicol	CHEMBL130	CHEMBL130	CHEMBL2363135	P0A7R5	rpsJ		PROTEIN NUCLEIC-ACID COMPLEX	Bacteria	INHIBITOR	1	0	Bacterial 70S ribosome inhibitor
BRD-K08111712	chloramphenicol	CHEMBL130	CHEMBL130	CHEMBL2363135	P0A7R9	rpsK		PROTEIN NUCLEIC-ACID COMPLEX	Bacteria	INHIBITOR	1	0	Bacterial 70S ribosome inhibitor
BRD-K08111712	chloramphenicol	CHEMBL130	CHEMBL130	CHEMBL2363135	P0A7S3	rpsL		PROTEIN NUCLEIC-ACID COMPLEX	Bacteria	INHIBITOR	1	0	Bacterial 70S ribosome inhibitor
BRD-K08111712	chloramphenicol	CHEMBL130	CHEMBL130	CHEMBL2363135	P0A7S9	rpsM		PROTEIN NUCLEIC-ACID COMPLEX	Bacteria	INHIBITOR	1	0	Bacterial 70S ribosome inhibitor
BRD-K08111712	chloramphenicol	CHEMBL130	CHEMBL130	CHEMBL2363135	P0AG59	rpsN		PROTEIN NUCLEIC-ACID COMPLEX	Bacteria	INHIBITOR	1	0	Bacterial 70S ribosome inhibitor
BRD-K08111712	chloramphenicol	CHEMBL130	CHEMBL130	CHEMBL2363135	P0ADZ4	rpsO		PROTEIN NUCLEIC-ACID COMPLEX	Bacteria	INHIBITOR	1	0	Bacterial 70S ribosome inhibitor
BRD-K08111712	chloramphenicol	CHEMBL130	CHEMBL130	CHEMBL2363135	P0A7T3	rpsP		PROTEIN NUCLEIC-ACID COMPLEX	Bacteria	INHIBITOR	1	0	Bacterial 70S ribosome inhibitor
BRD-K08111712	chloramphenicol	CHEMBL130	CHEMBL130	CHEMBL2363135	P0AG63	rpsQ		PROTEIN NUCLEIC-ACID COMPLEX	Bacteria	INHIBITOR	1	0	Bacterial 70S ribosome inhibitor
BRD-K08111712	chloramphenicol	CHEMBL130	CHEMBL130	CHEMBL2363135	P0A7T7	rpsR		PROTEIN NUCLEIC-ACID COMPLEX	Bacteria	INHIBITOR	1	0	Bacterial 70S ribosome inhibitor
BRD-K08111712	chloramphenicol	CHEMBL130	CHEMBL130	CHEMBL2363135	P0A7U3	rpsS		PROTEIN NUCLEIC-ACID COMPLEX	Bacteria	INHIBITOR	1	0	Bacterial 70S ribosome inhibitor
BRD-K08111712	chloramphenicol	CHEMBL130	CHEMBL130	CHEMBL2363135	P0A7U7	rpsT		PROTEIN NUCLEIC-ACID COMPLEX	Bacteria	INHIBITOR	1	0	Bacterial 70S ribosome inhibitor
BRD-K08111712	chloramphenicol	CHEMBL130	CHEMBL130	CHEMBL2363135	P68679	rpsU		PROTEIN NUCLEIC-ACID COMPLEX	Bacteria	INHIBITOR	1	0	Bacterial 70S ribosome inhibitor
BRD-K08111712	chloramphenicol	CHEMBL130	CHEMBL130	CHEMBL2363135	P0A7V3	rpsC		PROTEIN NUCLEIC-ACID COMPLEX	Bacteria	INHIBITOR	1	0	Bacterial 70S ribosome inhibitor
BRD-K08111712	chloramphenicol	CHEMBL130	CHEMBL130	CHEMBL2363135	P0A7V8	rpsD		PROTEIN NUCLEIC-ACID COMPLEX	Bacteria	INHIBITOR	1	0	Bacterial 70S ribosome inhibitor
BRD-K08111712	chloramphenicol	CHEMBL130	CHEMBL130	CHEMBL2363135	P0A7W1	rpsE		PROTEIN NUCLEIC-ACID COMPLEX	Bacteria	INHIBITOR	1	0	Bacterial 70S ribosome inhibitor
BRD-K08111712	chloramphenicol	CHEMBL130	CHEMBL130	CHEMBL2363135	P02358	rpsF		PROTEIN NUCLEIC-ACID COMPLEX	Bacteria	INHIBITOR	1	0	Bacterial 70S ribosome inhibitor
BRD-K08111712	chloramphenicol	CHEMBL130	CHEMBL130	CHEMBL2363135	P02359	rpsG		PROTEIN NUCLEIC-ACID COMPLEX	Bacteria	INHIBITOR	1	0	Bacterial 70S ribosome inhibitor
BRD-K08111712	chloramphenicol	CHEMBL130	CHEMBL130	CHEMBL2363135	P0A7W7	rpsH		PROTEIN NUCLEIC-ACID COMPLEX	Bacteria	INHIBITOR	1	0	Bacterial 70S ribosome inhibitor
BRD-K08111712	chloramphenicol	CHEMBL130	CHEMBL130	CHEMBL2363135	P0A7X3	rpsI		PROTEIN NUCLEIC-ACID COMPLEX	Bacteria	INHIBITOR	1	0	Bacterial 70S ribosome inhibitor
BRD-K08111712	chloramphenicol	CHEMBL130	CHEMBL130	CHEMBL2363135	P0A7J3	rplJ		PROTEIN NUCLEIC-ACID COMPLEX	Bacteria	INHIBITOR	1	0	Bacterial 70S ribosome inhibitor
BRD-K08111712	chloramphenicol	CHEMBL130	CHEMBL130	CHEMBL2363135	P0A7J7	rplK		PROTEIN NUCLEIC-ACID COMPLEX	Bacteria	INHIBITOR	1	0	Bacterial 70S ribosome inhibitor
BRD-K08111712	chloramphenicol	CHEMBL130	CHEMBL130	CHEMBL2363135	P0AA10	rplM		PROTEIN NUCLEIC-ACID COMPLEX	Bacteria	INHIBITOR	1	0	Bacterial 70S ribosome inhibitor
BRD-K08111712	chloramphenicol	CHEMBL130	CHEMBL130	CHEMBL2363135	P0ADY3	rplN		PROTEIN NUCLEIC-ACID COMPLEX	Bacteria	INHIBITOR	1	0	Bacterial 70S ribosome inhibitor
BRD-K08111712	chloramphenicol	CHEMBL130	CHEMBL130	CHEMBL2363135	P02413	rplO		PROTEIN NUCLEIC-ACID COMPLEX	Bacteria	INHIBITOR	1	0	Bacterial 70S ribosome inhibitor
BRD-K08111712	chloramphenicol	CHEMBL130	CHEMBL130	CHEMBL2363135	P0ADY7	rplP		PROTEIN NUCLEIC-ACID COMPLEX	Bacteria	INHIBITOR	1	0	Bacterial 70S ribosome inhibitor
BRD-K08111712	chloramphenicol	CHEMBL130	CHEMBL130	CHEMBL2363135	P0AG44	rplQ		PROTEIN NUCLEIC-ACID COMPLEX	Bacteria	INHIBITOR	1	0	Bacterial 70S ribosome inhibitor
BRD-K08111712	chloramphenicol	CHEMBL130	CHEMBL130	CHEMBL2363135	P0C018	rplR		PROTEIN NUCLEIC-ACID COMPLEX	Bacteria	INHIBITOR	1	0	Bacterial 70S ribosome inhibitor
BRD-K08111712	chloramphenicol	CHEMBL130	CHEMBL130	CHEMBL2363135	P0A7K6	rplS		PROTEIN NUCLEIC-ACID COMPLEX	Bacteria	INHIBITOR	1	0	Bacterial 70S ribosome inhibitor
BRD-K08111712	chloramphenicol	CHEMBL130	CHEMBL130	CHEMBL2363135	P0A7L0	rplA		PROTEIN NUCLEIC-ACID COMPLEX	Bacteria	INHIBITOR	1	0	Bacterial 70S ribosome inhibitor
BRD-K08111712	chloramphenicol	CHEMBL130	CHEMBL130	CHEMBL2363135	P0A7L3	rplT		PROTEIN NUCLEIC-ACID COMPLEX	Bacteria	INHIBITOR	1	0	Bacterial 70S ribosome inhibitor
BRD-K08111712	chloramphenicol	CHEMBL130	CHEMBL130	CHEMBL2363135	P0AG48	rplU		PROTEIN NUCLEIC-ACID COMPLEX	Bacteria	INHIBITOR	1	0	Bacterial 70S ribosome inhibitor
BRD-K08111712	chloramphenicol	CHEMBL130	CHEMBL130	CHEMBL2363135	P61175	rplV		PROTEIN NUCLEIC-ACID COMPLEX	Bacteria	INHIBITOR	1	0	Bacterial 70S ribosome inhibitor
BRD-K08111712	chloramphenicol	CHEMBL130	CHEMBL130	CHEMBL2363135	P0ADZ0	rplW		PROTEIN NUCLEIC-ACID COMPLEX	Bacteria	INHIBITOR	1	0	Bacterial 70S ribosome inhibitor
BRD-K08111712	chloramphenicol	CHEMBL130	CHEMBL130	CHEMBL2363135	P60624	rplX		PROTEIN NUCLEIC-ACID COMPLEX	Bacteria	INHIBITOR	1	0	Bacterial 70S ribosome inhibitor
BRD-K08111712	chloramphenicol	CHEMBL130	CHEMBL130	CHEMBL2363135	P68919	rplY		PROTEIN NUCLEIC-ACID COMPLEX	Bacteria	INHIBITOR	1	0	Bacterial 70S ribosome inhibitor
BRD-K08111712	chloramphenicol	CHEMBL130	CHEMBL130	CHEMBL2363135	P0A7L8	rpmA		PROTEIN NUCLEIC-ACID COMPLEX	Bacteria	INHIBITOR	1	0	Bacterial 70S ribosome inhibitor
BRD-K08111712	chloramphenicol	CHEMBL130	CHEMBL130	CHEMBL2363135	P0A7M2	rpmB		PROTEIN NUCLEIC-ACID COMPLEX	Bacteria	INHIBITOR	1	0	Bacterial 70S ribosome inhibitor
BRD-K08111712	chloramphenicol	CHEMBL130	CHEMBL130	CHEMBL2363135	P0A7M6	rpmC		PROTEIN NUCLEIC-ACID COMPLEX	Bacteria	INHIBITOR	1	0	Bacterial 70S ribosome inhibitor
BRD-K08111712	chloramphenicol	CHEMBL130	CHEMBL130	CHEMBL2363135	P60422	rplB		PROTEIN NUCLEIC-ACID COMPLEX	Bacteria	INHIBITOR	1	0	Bacterial 70S ribosome inhibitor
BRD-K08111712	chloramphenicol	CHEMBL130	CHEMBL130	CHEMBL2363135	P0AG51	rpmD		PROTEIN NUCLEIC-ACID COMPLEX	Bacteria	INHIBITOR	1	0	Bacterial 70S ribosome inhibitor
BRD-K08111712	chloramphenicol	CHEMBL130	CHEMBL130	CHEMBL2363135	P0A7N1	ykgM		PROTEIN NUCLEIC-ACID COMPLEX	Bacteria	INHIBITOR	1	0	Bacterial 70S ribosome inhibitor
BRD-K08111712	chloramphenicol	CHEMBL130	CHEMBL130	CHEMBL2363135	P0A7M9	rpmE		PROTEIN NUCLEIC-ACID COMPLEX	Bacteria	INHIBITOR	1	0	Bacterial 70S ribosome inhibitor
BRD-K08111712	chloramphenicol	CHEMBL130	CHEMBL130	CHEMBL2363135	P0A7N4	rpmF		PROTEIN NUCLEIC-ACID COMPLEX	Bacteria	INHIBITOR	1	0	Bacterial 70S ribosome inhibitor
BRD-K08111712	chloramphenicol	CHEMBL130	CHEMBL130	CHEMBL2363135	P0A7N9	rpmG		PROTEIN NUCLEIC-ACID COMPLEX	Bacteria	INHIBITOR	1	0	Bacterial 70S ribosome inhibitor
BRD-K08111712	chloramphenicol	CHEMBL130	CHEMBL130	CHEMBL2363135	P0A7P5	rpmH		PROTEIN NUCLEIC-ACID COMPLEX	Bacteria	INHIBITOR	1	0	Bacterial 70S ribosome inhibitor
BRD-K08111712	chloramphenicol	CHEMBL130	CHEMBL130	CHEMBL2363135	P0A7Q1	rpmI		PROTEIN NUCLEIC-ACID COMPLEX	Bacteria	INHIBITOR	1	0	Bacterial 70S ribosome inhibitor
BRD-K08111712	chloramphenicol	CHEMBL130	CHEMBL130	CHEMBL2363135	Q2EEQ2	rpmJ2		PROTEIN NUCLEIC-ACID COMPLEX	Bacteria	INHIBITOR	1	0	Bacterial 70S ribosome inhibitor
BRD-K08111712	chloramphenicol	CHEMBL130	CHEMBL130	CHEMBL2363135	P0A7Q6	rpmJ1		PROTEIN NUCLEIC-ACID COMPLEX	Bacteria	INHIBITOR	1	0	Bacterial 70S ribosome inhibitor
BRD-K08111712	chloramphenicol	CHEMBL130	CHEMBL130	CHEMBL2363135	P60438	rplC		PROTEIN NUCLEIC-ACID COMPLEX	Bacteria	INHIBITOR	1	0	Bacterial 70S ribosome inhibitor
BRD-K08111712	chloramphenicol	CHEMBL130	CHEMBL130	CHEMBL2363135	P62399	rplE		PROTEIN NUCLEIC-ACID COMPLEX	Bacteria	INHIBITOR	1	0	Bacterial 70S ribosome inhibitor
BRD-K08111712	chloramphenicol	CHEMBL130	CHEMBL130	CHEMBL2363135	P0AG55	rplF		PROTEIN NUCLEIC-ACID COMPLEX	Bacteria	INHIBITOR	1	0	Bacterial 70S ribosome inhibitor
BRD-K08111712	chloramphenicol	CHEMBL130	CHEMBL130	CHEMBL2363135	P0A7K2	rplL		PROTEIN NUCLEIC-ACID COMPLEX	Bacteria	INHIBITOR	1	0	Bacterial 70S ribosome inhibitor
BRD-K13238168	haloprogin	CHEMBL1289	CHEMBL1289	CHEMBL2364033				SUBCELLULAR	Trichophyton	INHIBITOR	1	0	Cell membrane inhibitor
BRD-K56614220	clofazimine	CHEMBL1292	CHEMBL1292	CHEMBL2366041				NUCLEIC-ACID	Mycobacterium leprae	INHIBITOR	1	0	DNA inhibitor
BRD-K59632282	quinidine	CHEMBL1294	CHEMBL1294	CHEMBL2331043	P35498	SCN1A		PROTEIN FAMILY	Homo sapiens	BLOCKER	1	0	Sodium channel alpha subunit blocker
BRD-K59632282	quinidine	CHEMBL1294	CHEMBL1294	CHEMBL2331043	Q14524	SCN5A		PROTEIN FAMILY	Homo sapiens	BLOCKER	1	0	Sodium channel alpha subunit blocker
BRD-K59632282	quinidine	CHEMBL1294	CHEMBL1294	CHEMBL2331043	P35499	SCN4A		PROTEIN FAMILY	Homo sapiens	BLOCKER	1	0	Sodium channel alpha subunit blocker
BRD-K59632282	quinidine	CHEMBL1294	CHEMBL1294	CHEMBL2331043	Q01118	SCN7A		PROTEIN FAMILY	Homo sapiens	BLOCKER	1	0	Sodium channel alpha subunit blocker
BRD-K59632282	quinidine	CHEMBL1294	CHEMBL1294	CHEMBL2331043	Q99250	SCN2A		PROTEIN FAMILY	Homo sapiens	BLOCKER	1	0	Sodium channel alpha subunit blocker
BRD-K59632282	quinidine	CHEMBL1294	CHEMBL1294	CHEMBL2331043	Q15858	SCN9A		PROTEIN FAMILY	Homo sapiens	BLOCKER	1	0	Sodium channel alpha subunit blocker
BRD-K59632282	quinidine	CHEMBL1294	CHEMBL1294	CHEMBL2331043	Q9NY46	SCN3A		PROTEIN FAMILY	Homo sapiens	BLOCKER	1	0	Sodium channel alpha subunit blocker
BRD-K59632282	quinidine	CHEMBL1294	CHEMBL1294	CHEMBL2331043	Q9UI33	SCN11A		PROTEIN FAMILY	Homo sapiens	BLOCKER	1	0	Sodium channel alpha subunit blocker
BRD-K59632282	quinidine	CHEMBL1294	CHEMBL1294	CHEMBL2331043	Q9UQD0	SCN8A		PROTEIN FAMILY	Homo sapiens	BLOCKER	1	0	Sodium channel alpha subunit blocker
BRD-K59632282	quinidine	CHEMBL1294	CHEMBL1294	CHEMBL2331043	Q9Y5Y9	SCN10A		PROTEIN FAMILY	Homo sapiens	BLOCKER	1	0	Sodium channel alpha subunit blocker
BRD-K70799801	quinidine	CHEMBL1294	CHEMBL1294	CHEMBL2331043	P35498	SCN1A		PROTEIN FAMILY	Homo sapiens	BLOCKER	1	0	Sodium channel alpha subunit blocker
BRD-K70799801	quinidine	CHEMBL1294	CHEMBL1294	CHEMBL2331043	Q14524	SCN5A		PROTEIN FAMILY	Homo sapiens	BLOCKER	1	0	Sodium channel alpha subunit blocker
BRD-K70799801	quinidine	CHEMBL1294	CHEMBL1294	CHEMBL2331043	P35499	SCN4A		PROTEIN FAMILY	Homo sapiens	BLOCKER	1	0	Sodium channel alpha subunit blocker
BRD-K70799801	quinidine	CHEMBL1294	CHEMBL1294	CHEMBL2331043	Q01118	SCN7A		PROTEIN FAMILY	Homo sapiens	BLOCKER	1	0	Sodium channel alpha subunit blocker
BRD-K70799801	quinidine	CHEMBL1294	CHEMBL1294	CHEMBL2331043	Q99250	SCN2A		PROTEIN FAMILY	Homo sapiens	BLOCKER	1	0	Sodium channel alpha subunit blocker
BRD-K70799801	quinidine	CHEMBL1294	CHEMBL1294	CHEMBL2331043	Q15858	SCN9A		PROTEIN FAMILY	Homo sapiens	BLOCKER	1	0	Sodium channel alpha subunit blocker
BRD-K70799801	quinidine	CHEMBL1294	CHEMBL1294	CHEMBL2331043	Q9NY46	SCN3A		PROTEIN FAMILY	Homo sapiens	BLOCKER	1	0	Sodium channel alpha subunit blocker
BRD-K70799801	quinidine	CHEMBL1294	CHEMBL1294	CHEMBL2331043	Q9UI33	SCN11A		PROTEIN FAMILY	Homo sapiens	BLOCKER	1	0	Sodium channel alpha subunit blocker
BRD-K70799801	quinidine	CHEMBL1294	CHEMBL1294	CHEMBL2331043	Q9UQD0	SCN8A		PROTEIN FAMILY	Homo sapiens	BLOCKER	1	0	Sodium channel alpha subunit blocker
BRD-K70799801	quinidine	CHEMBL1294	CHEMBL1294	CHEMBL2331043	Q9Y5Y9	SCN10A		PROTEIN FAMILY	Homo sapiens	BLOCKER	1	0	Sodium channel alpha subunit blocker
BRD-K59632282	quinidine	CHEMBL1294	CHEMBL1294	CHEMBL2331043	P35498	SCN1A		PROTEIN FAMILY	Homo sapiens	BLOCKER	1	0	Sodium channel alpha subunit blocker
BRD-K59632282	quinidine	CHEMBL1294	CHEMBL1294	CHEMBL2331043	Q14524	SCN5A		PROTEIN FAMILY	Homo sapiens	BLOCKER	1	0	Sodium channel alpha subunit blocker
BRD-K59632282	quinidine	CHEMBL1294	CHEMBL1294	CHEMBL2331043	P35499	SCN4A		PROTEIN FAMILY	Homo sapiens	BLOCKER	1	0	Sodium channel alpha subunit blocker
BRD-K59632282	quinidine	CHEMBL1294	CHEMBL1294	CHEMBL2331043	Q01118	SCN7A		PROTEIN FAMILY	Homo sapiens	BLOCKER	1	0	Sodium channel alpha subunit blocker
BRD-K59632282	quinidine	CHEMBL1294	CHEMBL1294	CHEMBL2331043	Q99250	SCN2A		PROTEIN FAMILY	Homo sapiens	BLOCKER	1	0	Sodium channel alpha subunit blocker
BRD-K59632282	quinidine	CHEMBL1294	CHEMBL1294	CHEMBL2331043	Q15858	SCN9A		PROTEIN FAMILY	Homo sapiens	BLOCKER	1	0	Sodium channel alpha subunit blocker
BRD-K59632282	quinidine	CHEMBL1294	CHEMBL1294	CHEMBL2331043	Q9NY46	SCN3A		PROTEIN FAMILY	Homo sapiens	BLOCKER	1	0	Sodium channel alpha subunit blocker
BRD-K59632282	quinidine	CHEMBL1294	CHEMBL1294	CHEMBL2331043	Q9UI33	SCN11A		PROTEIN FAMILY	Homo sapiens	BLOCKER	1	0	Sodium channel alpha subunit blocker
BRD-K59632282	quinidine	CHEMBL1294	CHEMBL1294	CHEMBL2331043	Q9UQD0	SCN8A		PROTEIN FAMILY	Homo sapiens	BLOCKER	1	0	Sodium channel alpha subunit blocker
BRD-K59632282	quinidine	CHEMBL1294	CHEMBL1294	CHEMBL2331043	Q9Y5Y9	SCN10A		PROTEIN FAMILY	Homo sapiens	BLOCKER	1	0	Sodium channel alpha subunit blocker
BRD-K70799801	quinidine	CHEMBL1294	CHEMBL1294	CHEMBL2331043	P35498	SCN1A		PROTEIN FAMILY	Homo sapiens	BLOCKER	1	0	Sodium channel alpha subunit blocker
BRD-K70799801	quinidine	CHEMBL1294	CHEMBL1294	CHEMBL2331043	Q14524	SCN5A		PROTEIN FAMILY	Homo sapiens	BLOCKER	1	0	Sodium channel alpha subunit blocker
BRD-K70799801	quinidine	CHEMBL1294	CHEMBL1294	CHEMBL2331043	P35499	SCN4A		PROTEIN FAMILY	Homo sapiens	BLOCKER	1	0	Sodium channel alpha subunit blocker
BRD-K70799801	quinidine	CHEMBL1294	CHEMBL1294	CHEMBL2331043	Q01118	SCN7A		PROTEIN FAMILY	Homo sapiens	BLOCKER	1	0	Sodium channel alpha subunit blocker
BRD-K70799801	quinidine	CHEMBL1294	CHEMBL1294	CHEMBL2331043	Q99250	SCN2A		PROTEIN FAMILY	Homo sapiens	BLOCKER	1	0	Sodium channel alpha subunit blocker
BRD-K70799801	quinidine	CHEMBL1294	CHEMBL1294	CHEMBL2331043	Q15858	SCN9A		PROTEIN FAMILY	Homo sapiens	BLOCKER	1	0	Sodium channel alpha subunit blocker
BRD-K70799801	quinidine	CHEMBL1294	CHEMBL1294	CHEMBL2331043	Q9NY46	SCN3A		PROTEIN FAMILY	Homo sapiens	BLOCKER	1	0	Sodium channel alpha subunit blocker
BRD-K70799801	quinidine	CHEMBL1294	CHEMBL1294	CHEMBL2331043	Q9UI33	SCN11A		PROTEIN FAMILY	Homo sapiens	BLOCKER	1	0	Sodium channel alpha subunit blocker
BRD-K70799801	quinidine	CHEMBL1294	CHEMBL1294	CHEMBL2331043	Q9UQD0	SCN8A		PROTEIN FAMILY	Homo sapiens	BLOCKER	1	0	Sodium channel alpha subunit blocker
BRD-K70799801	quinidine	CHEMBL1294	CHEMBL1294	CHEMBL2331043	Q9Y5Y9	SCN10A		PROTEIN FAMILY	Homo sapiens	BLOCKER	1	0	Sodium channel alpha subunit blocker
BRD-K91111634	rotigotine	CHEMBL1303	CHEMBL1303	CHEMBL2331075	P14416	DRD2		PROTEIN FAMILY	Homo sapiens	AGONIST	1	0	D2-like dopamine receptor agonist
BRD-K91111634	rotigotine	CHEMBL1303	CHEMBL1303	CHEMBL2331075	P35462	DRD3		PROTEIN FAMILY	Homo sapiens	AGONIST	1	0	D2-like dopamine receptor agonist
BRD-K91111634	rotigotine	CHEMBL1303	CHEMBL1303	CHEMBL2331075	P21917	DRD4		PROTEIN FAMILY	Homo sapiens	AGONIST	1	0	D2-like dopamine receptor agonist
BRD-K39974922	lenvatinib	CHEMBL1289601	CHEMBL1289601	CHEMBL2095227	P17948	FLT1		PROTEIN FAMILY	Homo sapiens	INHIBITOR	1	0	Vascular endothelial growth factor receptor inhibitor
BRD-K39974922	lenvatinib	CHEMBL1289601	CHEMBL1289601	CHEMBL2095227	P35916	FLT4		PROTEIN FAMILY	Homo sapiens	INHIBITOR	1	0	Vascular endothelial growth factor receptor inhibitor
BRD-K39974922	lenvatinib	CHEMBL1289601	CHEMBL1289601	CHEMBL2095227	P35968	KDR		PROTEIN FAMILY	Homo sapiens	INHIBITOR	1	0	Vascular endothelial growth factor receptor inhibitor
BRD-K42981054	mibampator	CHEMBL1277001	CHEMBL1277001	CHEMBL2096670	P48058	GRIA4		PROTEIN COMPLEX GROUP	Homo sapiens	POSITIVE ALLOSTERIC MODULATOR	1	0	Glutamate receptor ionotropic AMPA positive allosteric modulator
BRD-K42981054	mibampator	CHEMBL1277001	CHEMBL1277001	CHEMBL2096670	P42263	GRIA3		PROTEIN COMPLEX GROUP	Homo sapiens	POSITIVE ALLOSTERIC MODULATOR	1	0	Glutamate receptor ionotropic AMPA positive allosteric modulator
BRD-K42981054	mibampator	CHEMBL1277001	CHEMBL1277001	CHEMBL2096670	P42262	GRIA2		PROTEIN COMPLEX GROUP	Homo sapiens	POSITIVE ALLOSTERIC MODULATOR	1	0	Glutamate receptor ionotropic AMPA positive allosteric modulator
BRD-K42981054	mibampator	CHEMBL1277001	CHEMBL1277001	CHEMBL2096670	P42261	GRIA1		PROTEIN COMPLEX GROUP	Homo sapiens	POSITIVE ALLOSTERIC MODULATOR	1	0	Glutamate receptor ionotropic AMPA positive allosteric modulator
BRD-K53414658	tivozanib	CHEMBL1289494	CHEMBL1289494	CHEMBL2095227	P17948	FLT1		PROTEIN FAMILY	Homo sapiens	INHIBITOR	1	0	Vascular endothelial growth factor receptor inhibitor
BRD-K53414658	tivozanib	CHEMBL1289494	CHEMBL1289494	CHEMBL2095227	P35916	FLT4		PROTEIN FAMILY	Homo sapiens	INHIBITOR	1	0	Vascular endothelial growth factor receptor inhibitor
BRD-K53414658	tivozanib	CHEMBL1289494	CHEMBL1289494	CHEMBL2095227	P35968	KDR		PROTEIN FAMILY	Homo sapiens	INHIBITOR	1	0	Vascular endothelial growth factor receptor inhibitor
BRD-K12502280	TG-101348	CHEMBL1287853	CHEMBL1287853	CHEMBL1974	P36888	FLT3		SINGLE PROTEIN	Homo sapiens	INHIBITOR	1	0	Tyrosine-protein kinase receptor FLT3 inhibitor
BRD-K12502280	TG-101348	CHEMBL1287853	CHEMBL1287853	CHEMBL2971	O60674	JAK2		SINGLE PROTEIN	Homo sapiens	INHIBITOR	1	0	Tyrosine-protein kinase JAK2 inhibitor
BRD-K27217864	butamben	CHEMBL127516	CHEMBL127516	CHEMBL3119	Q9HBA0	TRPV4		SINGLE PROTEIN	Homo sapiens	INHIBITOR	1	0	Transient receptor potential cation channel subfamily V member 4 inhibitor
BRD-K27217864	butamben	CHEMBL127516	CHEMBL127516	CHEMBL6007	O75762	TRPA1		SINGLE PROTEIN	Homo sapiens	INHIBITOR	1	0	Transient receptor potential cation channel subfamily A member 1 inhibitor
BRD-K27217864	butamben	CHEMBL127516	CHEMBL127516	CHEMBL3119	Q9HBA0	TRPV4		SINGLE PROTEIN	Homo sapiens	INHIBITOR	1	0	Transient receptor potential cation channel subfamily V member 4 inhibitor
BRD-K27217864	butamben	CHEMBL127516	CHEMBL127516	CHEMBL6007	O75762	TRPA1		SINGLE PROTEIN	Homo sapiens	INHIBITOR	1	0	Transient receptor potential cation channel subfamily A member 1 inhibitor
BRD-K12502280	TG-101348	CHEMBL1287853	CHEMBL1287853	CHEMBL2971	O60674	JAK2		SINGLE PROTEIN	Homo sapiens	INHIBITOR	1	0	Tyrosine-protein kinase JAK2 inhibitor
BRD-K12502280	TG-101348	CHEMBL1287853	CHEMBL1287853	CHEMBL1974	P36888	FLT3		SINGLE PROTEIN	Homo sapiens	INHIBITOR	1	0	Tyrosine-protein kinase receptor FLT3 inhibitor
BRD-K53414658	tivozanib	CHEMBL1289494	CHEMBL1289494	CHEMBL2095227	P17948	FLT1		PROTEIN FAMILY	Homo sapiens	INHIBITOR	1	0	Vascular endothelial growth factor receptor inhibitor
BRD-K53414658	tivozanib	CHEMBL1289494	CHEMBL1289494	CHEMBL2095227	P35916	FLT4		PROTEIN FAMILY	Homo sapiens	INHIBITOR	1	0	Vascular endothelial growth factor receptor inhibitor
BRD-K53414658	tivozanib	CHEMBL1289494	CHEMBL1289494	CHEMBL2095227	P35968	KDR		PROTEIN FAMILY	Homo sapiens	INHIBITOR	1	0	Vascular endothelial growth factor receptor inhibitor
BRD-K53414658	tivozanib	CHEMBL1289494	CHEMBL1289494	CHEMBL1936	P10721	KIT	3815	SINGLE PROTEIN	Homo sapiens	INHIBITOR	1	1	Stem cell growth factor receptor inhibitor
BRD-K53414658	tivozanib	CHEMBL1289494	CHEMBL1289494	CHEMBL1913	P09619	PDGFRB		SINGLE PROTEIN	Homo sapiens	INHIBITOR	1	0	Platelet-derived growth factor receptor beta inhibitor
BRD-K99300445	antazoline	CHEMBL1305	CHEMBL1305	CHEMBL231	P35367	HRH1		SINGLE PROTEIN	Homo sapiens	ANTAGONIST	1	0	Histamine H1 receptor antagonist
BRD-K82225283	isosorbide	CHEMBL1311	CHEMBL1311	CHEMBL2111348	Q02153	GUCY1B1		PROTEIN COMPLEX GROUP	Homo sapiens	ACTIVATOR	1	0	Soluble guanylate cyclase activator
BRD-K82225283	isosorbide	CHEMBL1311	CHEMBL1311	CHEMBL2111348	O75343	GUCY1B2		PROTEIN COMPLEX GROUP	Homo sapiens	ACTIVATOR	1	0	Soluble guanylate cyclase activator
BRD-K82225283	isosorbide	CHEMBL1311	CHEMBL1311	CHEMBL2111348	P33402	GUCY1A2		PROTEIN COMPLEX GROUP	Homo sapiens	ACTIVATOR	1	0	Soluble guanylate cyclase activator
BRD-K82225283	isosorbide	CHEMBL1311	CHEMBL1311	CHEMBL2111348	Q02108	GUCY1A1		PROTEIN COMPLEX GROUP	Homo sapiens	ACTIVATOR	1	0	Soluble guanylate cyclase activator
BRD-A17411484	carprofen	CHEMBL1316	CHEMBL1316	CHEMBL230	P35354	PTGS2	5743	SINGLE PROTEIN	Homo sapiens	INHIBITOR	1	1	Cyclooxygenase-2 inhibitor
BRD-K56810756	fomepizole	CHEMBL1308	CHEMBL1308	CHEMBL2363044	P07327	ADH1A		PROTEIN COMPLEX GROUP	Homo sapiens	INHIBITOR	1	0	Alcohol dehydrogenase class I inhibitor
BRD-K56810756	fomepizole	CHEMBL1308	CHEMBL1308	CHEMBL2363044	P00325	ADH1B		PROTEIN COMPLEX GROUP	Homo sapiens	INHIBITOR	1	0	Alcohol dehydrogenase class I inhibitor
BRD-K56810756	fomepizole	CHEMBL1308	CHEMBL1308	CHEMBL2363044	P00326	ADH1C		PROTEIN COMPLEX GROUP	Homo sapiens	INHIBITOR	1	0	Alcohol dehydrogenase class I inhibitor
BRD-K10852020	tolcapone	CHEMBL1324	CHEMBL1324	CHEMBL2023	P21964	COMT		SINGLE PROTEIN	Homo sapiens	INHIBITOR	1	0	Catechol O-methyltransferase inhibitor
BRD-K84986517	darunavir	CHEMBL1323	CHEMBL1323	CHEMBL243	Q72874	pol		SINGLE PROTEIN	Human immunodeficiency virus 1	INHIBITOR	1	0	Human immunodeficiency virus type 1 protease inhibitor
BRD-K13032584	procarbazine	CHEMBL1321	CHEMBL1321	CHEMBL2311221				NUCLEIC-ACID	Homo sapiens	INHIBITOR	1	0	DNA inhibitor
BRD-K84986517	darunavir	CHEMBL1323	CHEMBL1323	CHEMBL243	Q72874	pol		SINGLE PROTEIN	Human immunodeficiency virus 1	INHIBITOR	1	0	Human immunodeficiency virus type 1 protease inhibitor
BRD-K95773607	darifenacin	CHEMBL1346	CHEMBL1346	CHEMBL245	P20309	CHRM3		SINGLE PROTEIN	Homo sapiens	ANTAGONIST	1	0	Muscarinic acetylcholine receptor M3 antagonist
BRD-K23984367	sorafenib	CHEMBL1336	CHEMBL1336	CHEMBL1906	P04049	RAF1		SINGLE PROTEIN	Homo sapiens	INHIBITOR	1	0	Serine/threonine-protein kinase RAF inhibitor
BRD-K23984367	sorafenib	CHEMBL1336	CHEMBL1336	CHEMBL1913	P09619	PDGFRB		SINGLE PROTEIN	Homo sapiens	INHIBITOR	1	0	Platelet-derived growth factor receptor beta inhibitor
BRD-K23984367	sorafenib	CHEMBL1336	CHEMBL1336	CHEMBL1936	P10721	KIT	3815	SINGLE PROTEIN	Homo sapiens	INHIBITOR	1	1	Stem cell growth factor receptor inhibitor
BRD-K23984367	sorafenib	CHEMBL1336	CHEMBL1336	CHEMBL1974	P36888	FLT3		SINGLE PROTEIN	Homo sapiens	INHIBITOR	1	0	Tyrosine-protein kinase receptor FLT3 inhibitor
BRD-K18910433	estradiol	CHEMBL135	CHEMBL135	CHEMBL206	P03372	ESR1		SINGLE PROTEIN	Homo sapiens	AGONIST	1	0	Estrogen receptor alpha agonist
BRD-K23984367	sorafenib	CHEMBL1336	CHEMBL1336	CHEMBL5145	P15056	BRAF		SINGLE PROTEIN	Homo sapiens	INHIBITOR	1	0	Serine/threonine-protein kinase B-raf inhibitor
BRD-K98530306	clonidine	CHEMBL134	CHEMBL134	CHEMBL2095158	P08913	ADRA2A		PROTEIN FAMILY	Homo sapiens	AGONIST	1	0	Adrenergic receptor alpha-2 agonist
BRD-K98530306	clonidine	CHEMBL134	CHEMBL134	CHEMBL2095158	P18825	ADRA2C		PROTEIN FAMILY	Homo sapiens	AGONIST	1	0	Adrenergic receptor alpha-2 agonist
BRD-K98530306	clonidine	CHEMBL134	CHEMBL134	CHEMBL2095158	P18089	ADRA2B		PROTEIN FAMILY	Homo sapiens	AGONIST	1	0	Adrenergic receptor alpha-2 agonist
BRD-K98530306	clonidine	CHEMBL134	CHEMBL134	CHEMBL2095158	P08913	ADRA2A		PROTEIN FAMILY	Homo sapiens	AGONIST	1	0	Adrenergic receptor alpha-2 agonist
BRD-K98530306	clonidine	CHEMBL134	CHEMBL134	CHEMBL2095158	P18825	ADRA2C		PROTEIN FAMILY	Homo sapiens	AGONIST	1	0	Adrenergic receptor alpha-2 agonist
BRD-K98530306	clonidine	CHEMBL134	CHEMBL134	CHEMBL2095158	P18089	ADRA2B		PROTEIN FAMILY	Homo sapiens	AGONIST	1	0	Adrenergic receptor alpha-2 agonist
BRD-K23984367	sorafenib	CHEMBL1336	CHEMBL1336	CHEMBL2095227	P17948	FLT1		PROTEIN FAMILY	Homo sapiens	INHIBITOR	1	0	Vascular endothelial growth factor receptor inhibitor
BRD-K23984367	sorafenib	CHEMBL1336	CHEMBL1336	CHEMBL2095227	P35916	FLT4		PROTEIN FAMILY	Homo sapiens	INHIBITOR	1	0	Vascular endothelial growth factor receptor inhibitor
BRD-K23984367	sorafenib	CHEMBL1336	CHEMBL1336	CHEMBL2095227	P35968	KDR		PROTEIN FAMILY	Homo sapiens	INHIBITOR	1	0	Vascular endothelial growth factor receptor inhibitor
BRD-K46435977	valaciclovir	CHEMBL1349	CHEMBL1349	CHEMBL1872	P04293			SINGLE PROTEIN	Herpes simplex virus (type 1 / strain 17)	INHIBITOR	1	0	Human herpesvirus 1 DNA polymerase inhibitor
BRD-K95773607	darifenacin	CHEMBL1346	CHEMBL1346	CHEMBL211	P08172	CHRM2		SINGLE PROTEIN	Homo sapiens	ANTAGONIST	1	0	Muscarinic acetylcholine receptor M2 antagonist
BRD-K23984367	sorafenib	CHEMBL1336	CHEMBL1336	CHEMBL2041	P07949	RET		SINGLE PROTEIN	Homo sapiens	INHIBITOR	1	0	Tyrosine-protein kinase receptor RET inhibitor
BRD-K10845183	tiludronate	CHEMBL1350	CHEMBL1350	CHEMBL2366048				SMALL MOLECULE	Homo sapiens	INHIBITOR	1	0	ATP inhibitor
BRD-A34309505	zopiclone	CHEMBL135400	CHEMBL135400	CHEMBL2109244	P14867	GABRA1		PROTEIN COMPLEX GROUP	Homo sapiens	POSITIVE ALLOSTERIC MODULATOR	1	0	GABA-A receptor; agonist GABA site positive allosteric modulator
BRD-A34309505	zopiclone	CHEMBL135400	CHEMBL135400	CHEMBL2109244	P47870	GABRB2		PROTEIN COMPLEX GROUP	Homo sapiens	POSITIVE ALLOSTERIC MODULATOR	1	0	GABA-A receptor; agonist GABA site positive allosteric modulator
BRD-A34309505	zopiclone	CHEMBL135400	CHEMBL135400	CHEMBL2109244	P28472	GABRB3		PROTEIN COMPLEX GROUP	Homo sapiens	POSITIVE ALLOSTERIC MODULATOR	1	0	GABA-A receptor; agonist GABA site positive allosteric modulator
BRD-A34309505	zopiclone	CHEMBL135400	CHEMBL135400	CHEMBL2109244	P48169	GABRA4		PROTEIN COMPLEX GROUP	Homo sapiens	POSITIVE ALLOSTERIC MODULATOR	1	0	GABA-A receptor; agonist GABA site positive allosteric modulator
BRD-A34309505	zopiclone	CHEMBL135400	CHEMBL135400	CHEMBL2109244	P34903	GABRA3		PROTEIN COMPLEX GROUP	Homo sapiens	POSITIVE ALLOSTERIC MODULATOR	1	0	GABA-A receptor; agonist GABA site positive allosteric modulator
BRD-A34309505	zopiclone	CHEMBL135400	CHEMBL135400	CHEMBL2109244	P18505	GABRB1		PROTEIN COMPLEX GROUP	Homo sapiens	POSITIVE ALLOSTERIC MODULATOR	1	0	GABA-A receptor; agonist GABA site positive allosteric modulator
BRD-A34309505	zopiclone	CHEMBL135400	CHEMBL135400	CHEMBL2109244	P47869	GABRA2		PROTEIN COMPLEX GROUP	Homo sapiens	POSITIVE ALLOSTERIC MODULATOR	1	0	GABA-A receptor; agonist GABA site positive allosteric modulator
BRD-A34309505	zopiclone	CHEMBL135400	CHEMBL135400	CHEMBL2109244	P31644	GABRA5		PROTEIN COMPLEX GROUP	Homo sapiens	POSITIVE ALLOSTERIC MODULATOR	1	0	GABA-A receptor; agonist GABA site positive allosteric modulator
BRD-A34309505	zopiclone	CHEMBL135400	CHEMBL135400	CHEMBL2109244	Q16445	GABRA6		PROTEIN COMPLEX GROUP	Homo sapiens	POSITIVE ALLOSTERIC MODULATOR	1	0	GABA-A receptor; agonist GABA site positive allosteric modulator
BRD-A75935363	atracurium	CHEMBL1360	CHEMBL1360	CHEMBL2362997	P02708	CHRNA1		PROTEIN COMPLEX GROUP	Homo sapiens	ANTAGONIST	1	0	Muscle-type nicotinic acetylcholine receptor antagonist
BRD-A75935363	atracurium	CHEMBL1360	CHEMBL1360	CHEMBL2362997	P07510	CHRNG		PROTEIN COMPLEX GROUP	Homo sapiens	ANTAGONIST	1	0	Muscle-type nicotinic acetylcholine receptor antagonist
BRD-A75935363	atracurium	CHEMBL1360	CHEMBL1360	CHEMBL2362997	P11230	CHRNB1		PROTEIN COMPLEX GROUP	Homo sapiens	ANTAGONIST	1	0	Muscle-type nicotinic acetylcholine receptor antagonist
BRD-A75935363	atracurium	CHEMBL1360	CHEMBL1360	CHEMBL2362997	Q07001	CHRND		PROTEIN COMPLEX GROUP	Homo sapiens	ANTAGONIST	1	0	Muscle-type nicotinic acetylcholine receptor antagonist
BRD-A75935363	atracurium	CHEMBL1360	CHEMBL1360	CHEMBL2362997	Q04844	CHRNE		PROTEIN COMPLEX GROUP	Homo sapiens	ANTAGONIST	1	0	Muscle-type nicotinic acetylcholine receptor antagonist
BRD-A16332958	modafinil	CHEMBL1373	CHEMBL1373	CHEMBL238	Q01959	SLC6A3		SINGLE PROTEIN	Homo sapiens	INHIBITOR	1	0	Dopamine transporter inhibitor
BRD-A34299591	budesonide	CHEMBL1370	CHEMBL1370	CHEMBL2034	P04150	NR3C1	2908	SINGLE PROTEIN	Homo sapiens	AGONIST	1	1	Glucocorticoid receptor agonist
BRD-K94070024	depomedrol	CHEMBL1364144	CHEMBL1364144	CHEMBL2034	P04150	NR3C1	2908	SINGLE PROTEIN	Homo sapiens	AGONIST	1	1	Glucocorticoid receptor agonist
BRD-K98174813	chlorzoxazone	CHEMBL1371	CHEMBL1371	CHEMBL4305	O15554	KCNN4		SINGLE PROTEIN	Homo sapiens	OPENER	1	0	Intermediate conductance calcium-activated potassium channel protein 4 opener
BRD-K52020312	metronidazole	CHEMBL137	CHEMBL137	CHEMBL2364041				NUCLEIC-ACID	Bacteria	INHIBITOR	1	0	DNA inhibitor
BRD-K52020312	metronidazole	CHEMBL137	CHEMBL137	CHEMBL2364041				NUCLEIC-ACID	Bacteria	INHIBITOR	1	0	DNA inhibitor
BRD-K54316499	tolterodine	CHEMBL1382	CHEMBL1382	CHEMBL245	P20309	CHRM3		SINGLE PROTEIN	Homo sapiens	ANTAGONIST	1	0	Muscarinic acetylcholine receptor M3 antagonist
BRD-K69600043	thiethylperazine	CHEMBL1378	CHEMBL1378	CHEMBL217	P14416	DRD2		SINGLE PROTEIN	Homo sapiens	ANTAGONIST	1	0	Dopamine D2 receptor antagonist
BRD-K69600043	thiethylperazine	CHEMBL1378	CHEMBL1378	CHEMBL217	P14416	DRD2		SINGLE PROTEIN	Homo sapiens	ANTAGONIST	1	0	Dopamine D2 receptor antagonist
BRD-K28183345	proguanil	CHEMBL1377	CHEMBL1377	CHEMBL1939	P13922			SINGLE PROTEIN	Plasmodium falciparum K1	INHIBITOR	1	0	Dihydrofolate reductase inhibitor
BRD-K54262262	monobenzone	CHEMBL1388	CHEMBL1388	CHEMBL1973	P14679	TYR		SINGLE PROTEIN	Homo sapiens	INHIBITOR	1	0	Tyrosinase inhibitor
BRD-K80334323	noretynodrel	CHEMBL1387	CHEMBL1387	CHEMBL208	P06401	PGR		SINGLE PROTEIN	Homo sapiens	AGONIST	1	0	Progesterone receptor agonist
BRD-K91699951	benzonatate	CHEMBL1374379	CHEMBL1374379	CHEMBL2364682				UNKNOWN	Homo sapiens	INHIBITOR	1	0	Slowly adapting pulmonary stretch receptor inhibitor
BRD-K54316499	tolterodine	CHEMBL1382	CHEMBL1382	CHEMBL211	P08172	CHRM2		SINGLE PROTEIN	Homo sapiens	ANTAGONIST	1	0	Muscarinic acetylcholine receptor M2 antagonist
BRD-K08327065	kanamycin	CHEMBL1384	CHEMBL1384	CHEMBL2363135	P0A7V0	rpsB		PROTEIN NUCLEIC-ACID COMPLEX	Bacteria	INHIBITOR	1	0	Bacterial 70S ribosome inhibitor
BRD-K08327065	kanamycin	CHEMBL1384	CHEMBL1384	CHEMBL2363135	P60723	rplD		PROTEIN NUCLEIC-ACID COMPLEX	Bacteria	INHIBITOR	1	0	Bacterial 70S ribosome inhibitor
BRD-K08327065	kanamycin	CHEMBL1384	CHEMBL1384	CHEMBL2363135	P0AG67	rpsA		PROTEIN NUCLEIC-ACID COMPLEX	Bacteria	INHIBITOR	1	0	Bacterial 70S ribosome inhibitor
BRD-K08327065	kanamycin	CHEMBL1384	CHEMBL1384	CHEMBL2363135	P0A7R5	rpsJ		PROTEIN NUCLEIC-ACID COMPLEX	Bacteria	INHIBITOR	1	0	Bacterial 70S ribosome inhibitor
BRD-K08327065	kanamycin	CHEMBL1384	CHEMBL1384	CHEMBL2363135	P0A7R9	rpsK		PROTEIN NUCLEIC-ACID COMPLEX	Bacteria	INHIBITOR	1	0	Bacterial 70S ribosome inhibitor
BRD-K08327065	kanamycin	CHEMBL1384	CHEMBL1384	CHEMBL2363135	P0A7S3	rpsL		PROTEIN NUCLEIC-ACID COMPLEX	Bacteria	INHIBITOR	1	0	Bacterial 70S ribosome inhibitor
BRD-K08327065	kanamycin	CHEMBL1384	CHEMBL1384	CHEMBL2363135	P0A7S9	rpsM		PROTEIN NUCLEIC-ACID COMPLEX	Bacteria	INHIBITOR	1	0	Bacterial 70S ribosome inhibitor
BRD-K08327065	kanamycin	CHEMBL1384	CHEMBL1384	CHEMBL2363135	P0AG59	rpsN		PROTEIN NUCLEIC-ACID COMPLEX	Bacteria	INHIBITOR	1	0	Bacterial 70S ribosome inhibitor
BRD-K08327065	kanamycin	CHEMBL1384	CHEMBL1384	CHEMBL2363135	P0ADZ4	rpsO		PROTEIN NUCLEIC-ACID COMPLEX	Bacteria	INHIBITOR	1	0	Bacterial 70S ribosome inhibitor
BRD-K08327065	kanamycin	CHEMBL1384	CHEMBL1384	CHEMBL2363135	P0A7T3	rpsP		PROTEIN NUCLEIC-ACID COMPLEX	Bacteria	INHIBITOR	1	0	Bacterial 70S ribosome inhibitor
BRD-K08327065	kanamycin	CHEMBL1384	CHEMBL1384	CHEMBL2363135	P0AG63	rpsQ		PROTEIN NUCLEIC-ACID COMPLEX	Bacteria	INHIBITOR	1	0	Bacterial 70S ribosome inhibitor
BRD-K08327065	kanamycin	CHEMBL1384	CHEMBL1384	CHEMBL2363135	P0A7T7	rpsR		PROTEIN NUCLEIC-ACID COMPLEX	Bacteria	INHIBITOR	1	0	Bacterial 70S ribosome inhibitor
BRD-K08327065	kanamycin	CHEMBL1384	CHEMBL1384	CHEMBL2363135	P0A7U3	rpsS		PROTEIN NUCLEIC-ACID COMPLEX	Bacteria	INHIBITOR	1	0	Bacterial 70S ribosome inhibitor
BRD-K08327065	kanamycin	CHEMBL1384	CHEMBL1384	CHEMBL2363135	P0A7U7	rpsT		PROTEIN NUCLEIC-ACID COMPLEX	Bacteria	INHIBITOR	1	0	Bacterial 70S ribosome inhibitor
BRD-K08327065	kanamycin	CHEMBL1384	CHEMBL1384	CHEMBL2363135	P68679	rpsU		PROTEIN NUCLEIC-ACID COMPLEX	Bacteria	INHIBITOR	1	0	Bacterial 70S ribosome inhibitor
BRD-K08327065	kanamycin	CHEMBL1384	CHEMBL1384	CHEMBL2363135	P0A7V3	rpsC		PROTEIN NUCLEIC-ACID COMPLEX	Bacteria	INHIBITOR	1	0	Bacterial 70S ribosome inhibitor
BRD-K08327065	kanamycin	CHEMBL1384	CHEMBL1384	CHEMBL2363135	P0A7V8	rpsD		PROTEIN NUCLEIC-ACID COMPLEX	Bacteria	INHIBITOR	1	0	Bacterial 70S ribosome inhibitor
BRD-K08327065	kanamycin	CHEMBL1384	CHEMBL1384	CHEMBL2363135	P0A7W1	rpsE		PROTEIN NUCLEIC-ACID COMPLEX	Bacteria	INHIBITOR	1	0	Bacterial 70S ribosome inhibitor
BRD-K08327065	kanamycin	CHEMBL1384	CHEMBL1384	CHEMBL2363135	P02358	rpsF		PROTEIN NUCLEIC-ACID COMPLEX	Bacteria	INHIBITOR	1	0	Bacterial 70S ribosome inhibitor
BRD-K08327065	kanamycin	CHEMBL1384	CHEMBL1384	CHEMBL2363135	P02359	rpsG		PROTEIN NUCLEIC-ACID COMPLEX	Bacteria	INHIBITOR	1	0	Bacterial 70S ribosome inhibitor
BRD-K08327065	kanamycin	CHEMBL1384	CHEMBL1384	CHEMBL2363135	P0A7W7	rpsH		PROTEIN NUCLEIC-ACID COMPLEX	Bacteria	INHIBITOR	1	0	Bacterial 70S ribosome inhibitor
BRD-K08327065	kanamycin	CHEMBL1384	CHEMBL1384	CHEMBL2363135	P0A7X3	rpsI		PROTEIN NUCLEIC-ACID COMPLEX	Bacteria	INHIBITOR	1	0	Bacterial 70S ribosome inhibitor
BRD-K08327065	kanamycin	CHEMBL1384	CHEMBL1384	CHEMBL2363135	P0A7J3	rplJ		PROTEIN NUCLEIC-ACID COMPLEX	Bacteria	INHIBITOR	1	0	Bacterial 70S ribosome inhibitor
BRD-K08327065	kanamycin	CHEMBL1384	CHEMBL1384	CHEMBL2363135	P0A7J7	rplK		PROTEIN NUCLEIC-ACID COMPLEX	Bacteria	INHIBITOR	1	0	Bacterial 70S ribosome inhibitor
BRD-K08327065	kanamycin	CHEMBL1384	CHEMBL1384	CHEMBL2363135	P0AA10	rplM		PROTEIN NUCLEIC-ACID COMPLEX	Bacteria	INHIBITOR	1	0	Bacterial 70S ribosome inhibitor
BRD-K08327065	kanamycin	CHEMBL1384	CHEMBL1384	CHEMBL2363135	P0ADY3	rplN		PROTEIN NUCLEIC-ACID COMPLEX	Bacteria	INHIBITOR	1	0	Bacterial 70S ribosome inhibitor
BRD-K08327065	kanamycin	CHEMBL1384	CHEMBL1384	CHEMBL2363135	P02413	rplO		PROTEIN NUCLEIC-ACID COMPLEX	Bacteria	INHIBITOR	1	0	Bacterial 70S ribosome inhibitor
BRD-K08327065	kanamycin	CHEMBL1384	CHEMBL1384	CHEMBL2363135	P0ADY7	rplP		PROTEIN NUCLEIC-ACID COMPLEX	Bacteria	INHIBITOR	1	0	Bacterial 70S ribosome inhibitor
BRD-K08327065	kanamycin	CHEMBL1384	CHEMBL1384	CHEMBL2363135	P0AG44	rplQ		PROTEIN NUCLEIC-ACID COMPLEX	Bacteria	INHIBITOR	1	0	Bacterial 70S ribosome inhibitor
BRD-K08327065	kanamycin	CHEMBL1384	CHEMBL1384	CHEMBL2363135	P0C018	rplR		PROTEIN NUCLEIC-ACID COMPLEX	Bacteria	INHIBITOR	1	0	Bacterial 70S ribosome inhibitor
BRD-K08327065	kanamycin	CHEMBL1384	CHEMBL1384	CHEMBL2363135	P0A7K6	rplS		PROTEIN NUCLEIC-ACID COMPLEX	Bacteria	INHIBITOR	1	0	Bacterial 70S ribosome inhibitor
BRD-K08327065	kanamycin	CHEMBL1384	CHEMBL1384	CHEMBL2363135	P0A7L0	rplA		PROTEIN NUCLEIC-ACID COMPLEX	Bacteria	INHIBITOR	1	0	Bacterial 70S ribosome inhibitor
BRD-K08327065	kanamycin	CHEMBL1384	CHEMBL1384	CHEMBL2363135	P0A7L3	rplT		PROTEIN NUCLEIC-ACID COMPLEX	Bacteria	INHIBITOR	1	0	Bacterial 70S ribosome inhibitor
BRD-K08327065	kanamycin	CHEMBL1384	CHEMBL1384	CHEMBL2363135	P0AG48	rplU		PROTEIN NUCLEIC-ACID COMPLEX	Bacteria	INHIBITOR	1	0	Bacterial 70S ribosome inhibitor
BRD-K08327065	kanamycin	CHEMBL1384	CHEMBL1384	CHEMBL2363135	P61175	rplV		PROTEIN NUCLEIC-ACID COMPLEX	Bacteria	INHIBITOR	1	0	Bacterial 70S ribosome inhibitor
BRD-K08327065	kanamycin	CHEMBL1384	CHEMBL1384	CHEMBL2363135	P0ADZ0	rplW		PROTEIN NUCLEIC-ACID COMPLEX	Bacteria	INHIBITOR	1	0	Bacterial 70S ribosome inhibitor
BRD-K08327065	kanamycin	CHEMBL1384	CHEMBL1384	CHEMBL2363135	P60624	rplX		PROTEIN NUCLEIC-ACID COMPLEX	Bacteria	INHIBITOR	1	0	Bacterial 70S ribosome inhibitor
BRD-K08327065	kanamycin	CHEMBL1384	CHEMBL1384	CHEMBL2363135	P68919	rplY		PROTEIN NUCLEIC-ACID COMPLEX	Bacteria	INHIBITOR	1	0	Bacterial 70S ribosome inhibitor
BRD-K08327065	kanamycin	CHEMBL1384	CHEMBL1384	CHEMBL2363135	P0A7L8	rpmA		PROTEIN NUCLEIC-ACID COMPLEX	Bacteria	INHIBITOR	1	0	Bacterial 70S ribosome inhibitor
BRD-K08327065	kanamycin	CHEMBL1384	CHEMBL1384	CHEMBL2363135	P0A7M2	rpmB		PROTEIN NUCLEIC-ACID COMPLEX	Bacteria	INHIBITOR	1	0	Bacterial 70S ribosome inhibitor
BRD-K08327065	kanamycin	CHEMBL1384	CHEMBL1384	CHEMBL2363135	P0A7M6	rpmC		PROTEIN NUCLEIC-ACID COMPLEX	Bacteria	INHIBITOR	1	0	Bacterial 70S ribosome inhibitor
BRD-K08327065	kanamycin	CHEMBL1384	CHEMBL1384	CHEMBL2363135	P60422	rplB		PROTEIN NUCLEIC-ACID COMPLEX	Bacteria	INHIBITOR	1	0	Bacterial 70S ribosome inhibitor
BRD-K08327065	kanamycin	CHEMBL1384	CHEMBL1384	CHEMBL2363135	P0AG51	rpmD		PROTEIN NUCLEIC-ACID COMPLEX	Bacteria	INHIBITOR	1	0	Bacterial 70S ribosome inhibitor
BRD-K08327065	kanamycin	CHEMBL1384	CHEMBL1384	CHEMBL2363135	P0A7N1	ykgM		PROTEIN NUCLEIC-ACID COMPLEX	Bacteria	INHIBITOR	1	0	Bacterial 70S ribosome inhibitor
BRD-K08327065	kanamycin	CHEMBL1384	CHEMBL1384	CHEMBL2363135	P0A7M9	rpmE		PROTEIN NUCLEIC-ACID COMPLEX	Bacteria	INHIBITOR	1	0	Bacterial 70S ribosome inhibitor
BRD-K08327065	kanamycin	CHEMBL1384	CHEMBL1384	CHEMBL2363135	P0A7N4	rpmF		PROTEIN NUCLEIC-ACID COMPLEX	Bacteria	INHIBITOR	1	0	Bacterial 70S ribosome inhibitor
BRD-K08327065	kanamycin	CHEMBL1384	CHEMBL1384	CHEMBL2363135	P0A7N9	rpmG		PROTEIN NUCLEIC-ACID COMPLEX	Bacteria	INHIBITOR	1	0	Bacterial 70S ribosome inhibitor
BRD-K08327065	kanamycin	CHEMBL1384	CHEMBL1384	CHEMBL2363135	P0A7P5	rpmH		PROTEIN NUCLEIC-ACID COMPLEX	Bacteria	INHIBITOR	1	0	Bacterial 70S ribosome inhibitor
BRD-K08327065	kanamycin	CHEMBL1384	CHEMBL1384	CHEMBL2363135	P0A7Q1	rpmI		PROTEIN NUCLEIC-ACID COMPLEX	Bacteria	INHIBITOR	1	0	Bacterial 70S ribosome inhibitor
BRD-K08327065	kanamycin	CHEMBL1384	CHEMBL1384	CHEMBL2363135	Q2EEQ2	rpmJ2		PROTEIN NUCLEIC-ACID COMPLEX	Bacteria	INHIBITOR	1	0	Bacterial 70S ribosome inhibitor
BRD-K08327065	kanamycin	CHEMBL1384	CHEMBL1384	CHEMBL2363135	P0A7Q6	rpmJ1		PROTEIN NUCLEIC-ACID COMPLEX	Bacteria	INHIBITOR	1	0	Bacterial 70S ribosome inhibitor
BRD-K08327065	kanamycin	CHEMBL1384	CHEMBL1384	CHEMBL2363135	P60438	rplC		PROTEIN NUCLEIC-ACID COMPLEX	Bacteria	INHIBITOR	1	0	Bacterial 70S ribosome inhibitor
BRD-K08327065	kanamycin	CHEMBL1384	CHEMBL1384	CHEMBL2363135	P62399	rplE		PROTEIN NUCLEIC-ACID COMPLEX	Bacteria	INHIBITOR	1	0	Bacterial 70S ribosome inhibitor
BRD-K08327065	kanamycin	CHEMBL1384	CHEMBL1384	CHEMBL2363135	P0AG55	rplF		PROTEIN NUCLEIC-ACID COMPLEX	Bacteria	INHIBITOR	1	0	Bacterial 70S ribosome inhibitor
BRD-K08327065	kanamycin	CHEMBL1384	CHEMBL1384	CHEMBL2363135	P0A7K2	rplL		PROTEIN NUCLEIC-ACID COMPLEX	Bacteria	INHIBITOR	1	0	Bacterial 70S ribosome inhibitor
BRD-K44771174	ibutamoren	CHEMBL13817	CHEMBL13817	CHEMBL4616	Q92847	GHSR		SINGLE PROTEIN	Homo sapiens	AGONIST	1	0	Ghrelin receptor agonist
BRD-K02079473	oxatomide	CHEMBL13828	CHEMBL13828	CHEMBL231	P35367	HRH1		SINGLE PROTEIN	Homo sapiens	ANTAGONIST	1	0	Histamine H1 receptor antagonist
BRD-K90027355	spironolactone	CHEMBL1393	CHEMBL1393	CHEMBL1994	P08235	NR3C2		SINGLE PROTEIN	Homo sapiens	ANTAGONIST	1	0	Mineralocorticoid receptor antagonist
BRD-K35189033	levonorgestrel	CHEMBL1389	CHEMBL1389	CHEMBL208	P06401	PGR		SINGLE PROTEIN	Homo sapiens	AGONIST	1	0	Progesterone receptor agonist
BRD-K08252256	diclofenac	CHEMBL139	CHEMBL139	CHEMBL2094253	P35354	PTGS2	5743	PROTEIN FAMILY	Homo sapiens	INHIBITOR	1	1	Cyclooxygenase inhibitor
BRD-K08252256	diclofenac	CHEMBL139	CHEMBL139	CHEMBL2094253	P23219	PTGS1		PROTEIN FAMILY	Homo sapiens	INHIBITOR	1	0	Cyclooxygenase inhibitor
BRD-K08252256	diclofenac	CHEMBL139	CHEMBL139	CHEMBL2094253	P35354	PTGS2	5743	PROTEIN FAMILY	Homo sapiens	INHIBITOR	1	1	Cyclooxygenase inhibitor
BRD-K08252256	diclofenac	CHEMBL139	CHEMBL139	CHEMBL2094253	P23219	PTGS1		PROTEIN FAMILY	Homo sapiens	INHIBITOR	1	0	Cyclooxygenase inhibitor
BRD-K08252256	diclofenac	CHEMBL139	CHEMBL139	CHEMBL2094253	P35354	PTGS2	5743	PROTEIN FAMILY	Homo sapiens	INHIBITOR	1	1	Cyclooxygenase inhibitor
BRD-K08252256	diclofenac	CHEMBL139	CHEMBL139	CHEMBL2094253	P23219	PTGS1		PROTEIN FAMILY	Homo sapiens	INHIBITOR	1	0	Cyclooxygenase inhibitor
BRD-K84036904	testosterone	CHEMBL1395	CHEMBL1395	CHEMBL1871	P10275	AR		SINGLE PROTEIN	Homo sapiens	AGONIST	1	0	Androgen Receptor agonist
BRD-K08252256	diclofenac	CHEMBL139	CHEMBL139	CHEMBL2094253	P35354	PTGS2	5743	PROTEIN FAMILY	Homo sapiens	INHIBITOR	1	1	Cyclooxygenase inhibitor
BRD-K08252256	diclofenac	CHEMBL139	CHEMBL139	CHEMBL2094253	P23219	PTGS1		PROTEIN FAMILY	Homo sapiens	INHIBITOR	1	0	Cyclooxygenase inhibitor
BRD-K52172416	anastrozole	CHEMBL1399	CHEMBL1399	CHEMBL1978	P11511	CYP19A1		SINGLE PROTEIN	Homo sapiens	INHIBITOR	1	0	Cytochrome P450 19A1 inhibitor
BRD-A97674275	ranolazine	CHEMBL1404	CHEMBL1404	CHEMBL1980	Q14524	SCN5A		SINGLE PROTEIN	Homo sapiens	BLOCKER	1	0	Sodium channel protein type V alpha subunit blocker
BRD-K81839095	estrone	CHEMBL1405	CHEMBL1405	CHEMBL206	P03372	ESR1		SINGLE PROTEIN	Homo sapiens	AGONIST	1	0	Estrogen receptor alpha agonist
BRD-A97674275	ranolazine	CHEMBL1404	CHEMBL1404	CHEMBL2072	P35499	SCN4A		SINGLE PROTEIN	Homo sapiens	BLOCKER	1	0	Sodium channel protein type IV alpha subunit blocker
BRD-K96471533	nitazoxanide	CHEMBL1401	CHEMBL1401	CHEMBL2364026	Q968X7	PFOR		SINGLE PROTEIN	Cryptosporidium parvum	INHIBITOR	1	0	Pyruvate:ferredoxin oxidoreductase inhibitor
BRD-K96471533	nitazoxanide	CHEMBL1401	CHEMBL1401	CHEMBL2364027	Q24982			SINGLE PROTEIN	Giardia intestinalis	INHIBITOR	1	0	Pyruvate:ferredoxin oxidoreductase inhibitor
BRD-K02992638	lamivudine	CHEMBL141	CHEMBL141	CHEMBL247	Q72547	pol		SINGLE PROTEIN	Human immunodeficiency virus 1	INHIBITOR	1	0	Human immunodeficiency virus type 1 reverse transcriptase inhibitor
BRD-K02992638	lamivudine	CHEMBL141	CHEMBL141	CHEMBL2363048				NUCLEIC-ACID	Hepatitis B virus	INHIBITOR	1	0	DNA inhibitor
BRD-K02992638	lamivudine	CHEMBL141	CHEMBL141	CHEMBL2363046				NUCLEIC-ACID	Human immunodeficiency virus 1	INHIBITOR	1	0	DNA inhibitor
BRD-K02992638	lamivudine	CHEMBL141	CHEMBL141	CHEMBL2363047				NUCLEIC-ACID	Human immunodeficiency virus 2	INHIBITOR	1	0	DNA inhibitor
BRD-K02992638	lamivudine	CHEMBL141	CHEMBL141	CHEMBL2362994	Q9IF40			SINGLE PROTEIN	Hepatitis B virus	INHIBITOR	1	0	DNA polymerase/reverse transcriptase inhibitor
BRD-K13044802	ciclopirox	CHEMBL1413	CHEMBL1413	CHEMBL2363058				METAL		CHELATING AGENT	1	0	Iron chelating agent
BRD-K13044802	ciclopirox	CHEMBL1413	CHEMBL1413	CHEMBL2366381				METAL		CHELATING AGENT	1	0	Aluminium chelating agent
BRD-K47323024	methapyrilene	CHEMBL1411979	CHEMBL1411979	CHEMBL231	P35367	HRH1		SINGLE PROTEIN	Homo sapiens	ANTAGONIST	1	0	Histamine H1 receptor antagonist
BRD-K47323024	methapyrilene	CHEMBL1411979	CHEMBL1411979	CHEMBL231	P35367	HRH1		SINGLE PROTEIN	Homo sapiens	ANTAGONIST	1	0	Histamine H1 receptor antagonist
BRD-K88625236	nonoxynol-9	CHEMBL1410	CHEMBL1410	CHEMBL3390826				SUBCELLULAR	Homo sapiens	DISRUPTING AGENT	1	0	Cell membrane disrupting agent
BRD-K49328571	dasatinib	CHEMBL1421	CHEMBL1421	CHEMBL1862	P00519	ABL1	25	SINGLE PROTEIN	Homo sapiens	INHIBITOR	1	1	Tyrosine-protein kinase ABL inhibitor
BRD-K49328571	dasatinib	CHEMBL1421	CHEMBL1421	CHEMBL1913	P09619	PDGFRB		SINGLE PROTEIN	Homo sapiens	INHIBITOR	1	0	Platelet-derived growth factor receptor beta inhibitor
BRD-K49328571	dasatinib	CHEMBL1421	CHEMBL1421	CHEMBL1936	P10721	KIT	3815	SINGLE PROTEIN	Homo sapiens	INHIBITOR	1	1	Stem cell growth factor receptor inhibitor
BRD-K19416115	sitagliptin	CHEMBL1422	CHEMBL1422	CHEMBL284	P27487	DPP4		SINGLE PROTEIN	Homo sapiens	INHIBITOR	1	0	Dipeptidyl peptidase IV inhibitor
BRD-K01292756	pimozide	CHEMBL1423	CHEMBL1423	CHEMBL224	P28223	HTR2A		SINGLE PROTEIN	Homo sapiens	ANTAGONIST	1	0	Serotonin 2a (5-HT2a) receptor antagonist
BRD-A58048407	nimodipine	CHEMBL1428	CHEMBL1428	CHEMBL1994	P08235	NR3C2		SINGLE PROTEIN	Homo sapiens	ANTAGONIST	1	0	Mineralocorticoid receptor antagonist
BRD-K61327230	pralidoxime	CHEMBL1420	CHEMBL1420	CHEMBL220	P22303	ACHE		SINGLE PROTEIN	Homo sapiens	ACTIVATOR	1	0	Acetylcholinesterase activator
BRD-K49328571	dasatinib	CHEMBL1421	CHEMBL1421	CHEMBL2068	P29317	EPHA2		SINGLE PROTEIN	Homo sapiens	INHIBITOR	1	0	Ephrin type-A receptor 2 inhibitor
BRD-K01292756	pimozide	CHEMBL1423	CHEMBL1423	CHEMBL2096905	P14416	DRD2		PROTEIN FAMILY	Homo sapiens	ANTAGONIST	1	0	Dopamine receptor antagonist
BRD-K01292756	pimozide	CHEMBL1423	CHEMBL1423	CHEMBL2096905	P35462	DRD3		PROTEIN FAMILY	Homo sapiens	ANTAGONIST	1	0	Dopamine receptor antagonist
BRD-K01292756	pimozide	CHEMBL1423	CHEMBL1423	CHEMBL2096905	P21918	DRD5		PROTEIN FAMILY	Homo sapiens	ANTAGONIST	1	0	Dopamine receptor antagonist
BRD-K01292756	pimozide	CHEMBL1423	CHEMBL1423	CHEMBL2096905	P21917	DRD4		PROTEIN FAMILY	Homo sapiens	ANTAGONIST	1	0	Dopamine receptor antagonist
BRD-K01292756	pimozide	CHEMBL1423	CHEMBL1423	CHEMBL2096905	P21728	DRD1		PROTEIN FAMILY	Homo sapiens	ANTAGONIST	1	0	Dopamine receptor antagonist
BRD-A58048407	nimodipine	CHEMBL1428	CHEMBL1428	CHEMBL2095229	Q13936	CACNA1C		PROTEIN FAMILY	Homo sapiens	BLOCKER	1	0	Voltage-gated L-type calcium channel blocker
BRD-A58048407	nimodipine	CHEMBL1428	CHEMBL1428	CHEMBL2095229	Q13698	CACNA1S		PROTEIN FAMILY	Homo sapiens	BLOCKER	1	0	Voltage-gated L-type calcium channel blocker
BRD-A58048407	nimodipine	CHEMBL1428	CHEMBL1428	CHEMBL2095229	Q01668	CACNA1D		PROTEIN FAMILY	Homo sapiens	BLOCKER	1	0	Voltage-gated L-type calcium channel blocker
BRD-A58048407	nimodipine	CHEMBL1428	CHEMBL1428	CHEMBL2095229	O60840	CACNA1F		PROTEIN FAMILY	Homo sapiens	BLOCKER	1	0	Voltage-gated L-type calcium channel blocker
BRD-A23359898	sibutramine	CHEMBL1419	CHEMBL1419	CHEMBL2363064	P31645	SLC6A4		PROTEIN FAMILY	Homo sapiens	INHIBITOR	1	0	Monoamine transporter inhibitor
BRD-A23359898	sibutramine	CHEMBL1419	CHEMBL1419	CHEMBL2363064	Q01959	SLC6A3		PROTEIN FAMILY	Homo sapiens	INHIBITOR	1	0	Monoamine transporter inhibitor
BRD-A23359898	sibutramine	CHEMBL1419	CHEMBL1419	CHEMBL2363064	P23975	SLC6A2		PROTEIN FAMILY	Homo sapiens	INHIBITOR	1	0	Monoamine transporter inhibitor
BRD-K79602928	metformin	CHEMBL1431	CHEMBL1431	CHEMBL2363065	P03923	MT-ND6		PROTEIN COMPLEX	Homo sapiens	INHIBITOR	1	0	Mitochondrial complex I (NADH dehydrogenase) inhibitor
BRD-K79602928	metformin	CHEMBL1431	CHEMBL1431	CHEMBL2363065	O95299	NDUFA10		PROTEIN COMPLEX	Homo sapiens	INHIBITOR	1	0	Mitochondrial complex I (NADH dehydrogenase) inhibitor
BRD-K79602928	metformin	CHEMBL1431	CHEMBL1431	CHEMBL2363065	O00217	NDUFS8		PROTEIN COMPLEX	Homo sapiens	INHIBITOR	1	0	Mitochondrial complex I (NADH dehydrogenase) inhibitor
BRD-K79602928	metformin	CHEMBL1431	CHEMBL1431	CHEMBL2363065	P03901	MT-ND4L		PROTEIN COMPLEX	Homo sapiens	INHIBITOR	1	0	Mitochondrial complex I (NADH dehydrogenase) inhibitor
BRD-K79602928	metformin	CHEMBL1431	CHEMBL1431	CHEMBL2363065	P56556	NDUFA6		PROTEIN COMPLEX	Homo sapiens	INHIBITOR	1	0	Mitochondrial complex I (NADH dehydrogenase) inhibitor
BRD-K79602928	metformin	CHEMBL1431	CHEMBL1431	CHEMBL2363065	P03886	MT-ND1		PROTEIN COMPLEX	Homo sapiens	INHIBITOR	1	0	Mitochondrial complex I (NADH dehydrogenase) inhibitor
BRD-K79602928	metformin	CHEMBL1431	CHEMBL1431	CHEMBL2363065	O95139	NDUFB6		PROTEIN COMPLEX	Homo sapiens	INHIBITOR	1	0	Mitochondrial complex I (NADH dehydrogenase) inhibitor
BRD-K79602928	metformin	CHEMBL1431	CHEMBL1431	CHEMBL2363065	O00483	COXFA4		PROTEIN COMPLEX	Homo sapiens	INHIBITOR	1	0	Mitochondrial complex I (NADH dehydrogenase) inhibitor
BRD-K79602928	metformin	CHEMBL1431	CHEMBL1431	CHEMBL2363065	Q86Y39	NDUFA11		PROTEIN COMPLEX	Homo sapiens	INHIBITOR	1	0	Mitochondrial complex I (NADH dehydrogenase) inhibitor
BRD-K79602928	metformin	CHEMBL1431	CHEMBL1431	CHEMBL2363065	P17568	NDUFB7		PROTEIN COMPLEX	Homo sapiens	INHIBITOR	1	0	Mitochondrial complex I (NADH dehydrogenase) inhibitor
BRD-K79602928	metformin	CHEMBL1431	CHEMBL1431	CHEMBL2363065	P03891	MT-ND2		PROTEIN COMPLEX	Homo sapiens	INHIBITOR	1	0	Mitochondrial complex I (NADH dehydrogenase) inhibitor
BRD-K79602928	metformin	CHEMBL1431	CHEMBL1431	CHEMBL2363065	O75306	NDUFS2		PROTEIN COMPLEX	Homo sapiens	INHIBITOR	1	0	Mitochondrial complex I (NADH dehydrogenase) inhibitor
BRD-K79602928	metformin	CHEMBL1431	CHEMBL1431	CHEMBL2363065	P03915	MT-ND5		PROTEIN COMPLEX	Homo sapiens	INHIBITOR	1	0	Mitochondrial complex I (NADH dehydrogenase) inhibitor
BRD-K79602928	metformin	CHEMBL1431	CHEMBL1431	CHEMBL2363065	P51970	NDUFA8		PROTEIN COMPLEX	Homo sapiens	INHIBITOR	1	0	Mitochondrial complex I (NADH dehydrogenase) inhibitor
BRD-K79602928	metformin	CHEMBL1431	CHEMBL1431	CHEMBL2363065	O43674	NDUFB5		PROTEIN COMPLEX	Homo sapiens	INHIBITOR	1	0	Mitochondrial complex I (NADH dehydrogenase) inhibitor
BRD-K79602928	metformin	CHEMBL1431	CHEMBL1431	CHEMBL2363065	P03905	MT-ND4		PROTEIN COMPLEX	Homo sapiens	INHIBITOR	1	0	Mitochondrial complex I (NADH dehydrogenase) inhibitor
BRD-K79602928	metformin	CHEMBL1431	CHEMBL1431	CHEMBL2363065	P03897	MT-ND3		PROTEIN COMPLEX	Homo sapiens	INHIBITOR	1	0	Mitochondrial complex I (NADH dehydrogenase) inhibitor
BRD-K79602928	metformin	CHEMBL1431	CHEMBL1431	CHEMBL2363065	O14561	NDUFAB1		PROTEIN COMPLEX	Homo sapiens	INHIBITOR	1	0	Mitochondrial complex I (NADH dehydrogenase) inhibitor
BRD-K79602928	metformin	CHEMBL1431	CHEMBL1431	CHEMBL2363065	O15239	NDUFA1		PROTEIN COMPLEX	Homo sapiens	INHIBITOR	1	0	Mitochondrial complex I (NADH dehydrogenase) inhibitor
BRD-K79602928	metformin	CHEMBL1431	CHEMBL1431	CHEMBL2363065	O43181	NDUFS4		PROTEIN COMPLEX	Homo sapiens	INHIBITOR	1	0	Mitochondrial complex I (NADH dehydrogenase) inhibitor
BRD-K79602928	metformin	CHEMBL1431	CHEMBL1431	CHEMBL2363065	O43676	NDUFB3		PROTEIN COMPLEX	Homo sapiens	INHIBITOR	1	0	Mitochondrial complex I (NADH dehydrogenase) inhibitor
BRD-K79602928	metformin	CHEMBL1431	CHEMBL1431	CHEMBL2363065	O43677	NDUFC1		PROTEIN COMPLEX	Homo sapiens	INHIBITOR	1	0	Mitochondrial complex I (NADH dehydrogenase) inhibitor
BRD-K79602928	metformin	CHEMBL1431	CHEMBL1431	CHEMBL2363065	O43678	NDUFA2		PROTEIN COMPLEX	Homo sapiens	INHIBITOR	1	0	Mitochondrial complex I (NADH dehydrogenase) inhibitor
BRD-K79602928	metformin	CHEMBL1431	CHEMBL1431	CHEMBL2363065	O43920	NDUFS5		PROTEIN COMPLEX	Homo sapiens	INHIBITOR	1	0	Mitochondrial complex I (NADH dehydrogenase) inhibitor
BRD-K79602928	metformin	CHEMBL1431	CHEMBL1431	CHEMBL2363065	O75251	NDUFS7		PROTEIN COMPLEX	Homo sapiens	INHIBITOR	1	0	Mitochondrial complex I (NADH dehydrogenase) inhibitor
BRD-K79602928	metformin	CHEMBL1431	CHEMBL1431	CHEMBL2363065	O75380	NDUFS6		PROTEIN COMPLEX	Homo sapiens	INHIBITOR	1	0	Mitochondrial complex I (NADH dehydrogenase) inhibitor
BRD-K79602928	metformin	CHEMBL1431	CHEMBL1431	CHEMBL2363065	O75438	NDUFB1		PROTEIN COMPLEX	Homo sapiens	INHIBITOR	1	0	Mitochondrial complex I (NADH dehydrogenase) inhibitor
BRD-K79602928	metformin	CHEMBL1431	CHEMBL1431	CHEMBL2363065	O75489	NDUFS3		PROTEIN COMPLEX	Homo sapiens	INHIBITOR	1	0	Mitochondrial complex I (NADH dehydrogenase) inhibitor
BRD-K79602928	metformin	CHEMBL1431	CHEMBL1431	CHEMBL2363065	O95167	NDUFA3		PROTEIN COMPLEX	Homo sapiens	INHIBITOR	1	0	Mitochondrial complex I (NADH dehydrogenase) inhibitor
BRD-K79602928	metformin	CHEMBL1431	CHEMBL1431	CHEMBL2363065	O95168	NDUFB4		PROTEIN COMPLEX	Homo sapiens	INHIBITOR	1	0	Mitochondrial complex I (NADH dehydrogenase) inhibitor
BRD-K79602928	metformin	CHEMBL1431	CHEMBL1431	CHEMBL2363065	O95169	NDUFB8		PROTEIN COMPLEX	Homo sapiens	INHIBITOR	1	0	Mitochondrial complex I (NADH dehydrogenase) inhibitor
BRD-K79602928	metformin	CHEMBL1431	CHEMBL1431	CHEMBL2363065	O95178	NDUFB2		PROTEIN COMPLEX	Homo sapiens	INHIBITOR	1	0	Mitochondrial complex I (NADH dehydrogenase) inhibitor
BRD-K79602928	metformin	CHEMBL1431	CHEMBL1431	CHEMBL2363065	O95182	NDUFA7		PROTEIN COMPLEX	Homo sapiens	INHIBITOR	1	0	Mitochondrial complex I (NADH dehydrogenase) inhibitor
BRD-K79602928	metformin	CHEMBL1431	CHEMBL1431	CHEMBL2363065	O95298	NDUFC2		PROTEIN COMPLEX	Homo sapiens	INHIBITOR	1	0	Mitochondrial complex I (NADH dehydrogenase) inhibitor
BRD-K79602928	metformin	CHEMBL1431	CHEMBL1431	CHEMBL2363065	O96000	NDUFB10		PROTEIN COMPLEX	Homo sapiens	INHIBITOR	1	0	Mitochondrial complex I (NADH dehydrogenase) inhibitor
BRD-K79602928	metformin	CHEMBL1431	CHEMBL1431	CHEMBL2363065	P19404	NDUFV2		PROTEIN COMPLEX	Homo sapiens	INHIBITOR	1	0	Mitochondrial complex I (NADH dehydrogenase) inhibitor
BRD-K79602928	metformin	CHEMBL1431	CHEMBL1431	CHEMBL2363065	P28331	NDUFS1		PROTEIN COMPLEX	Homo sapiens	INHIBITOR	1	0	Mitochondrial complex I (NADH dehydrogenase) inhibitor
BRD-K79602928	metformin	CHEMBL1431	CHEMBL1431	CHEMBL2363065	P49821	NDUFV1		PROTEIN COMPLEX	Homo sapiens	INHIBITOR	1	0	Mitochondrial complex I (NADH dehydrogenase) inhibitor
BRD-K79602928	metformin	CHEMBL1431	CHEMBL1431	CHEMBL2363065	P56181	NDUFV3		PROTEIN COMPLEX	Homo sapiens	INHIBITOR	1	0	Mitochondrial complex I (NADH dehydrogenase) inhibitor
BRD-K79602928	metformin	CHEMBL1431	CHEMBL1431	CHEMBL2363065	Q16718	NDUFA5		PROTEIN COMPLEX	Homo sapiens	INHIBITOR	1	0	Mitochondrial complex I (NADH dehydrogenase) inhibitor
BRD-K79602928	metformin	CHEMBL1431	CHEMBL1431	CHEMBL2363065	Q16795	NDUFA9		PROTEIN COMPLEX	Homo sapiens	INHIBITOR	1	0	Mitochondrial complex I (NADH dehydrogenase) inhibitor
BRD-K79602928	metformin	CHEMBL1431	CHEMBL1431	CHEMBL2363065	Q8N183	NDUFAF2		PROTEIN COMPLEX	Homo sapiens	INHIBITOR	1	0	Mitochondrial complex I (NADH dehydrogenase) inhibitor
BRD-K79602928	metformin	CHEMBL1431	CHEMBL1431	CHEMBL2363065	Q9BU61	NDUFAF3		PROTEIN COMPLEX	Homo sapiens	INHIBITOR	1	0	Mitochondrial complex I (NADH dehydrogenase) inhibitor
BRD-K79602928	metformin	CHEMBL1431	CHEMBL1431	CHEMBL2363065	Q9NRX3	COXFA4L2		PROTEIN COMPLEX	Homo sapiens	INHIBITOR	1	0	Mitochondrial complex I (NADH dehydrogenase) inhibitor
BRD-K79602928	metformin	CHEMBL1431	CHEMBL1431	CHEMBL2363065	Q9NX14	NDUFB11		PROTEIN COMPLEX	Homo sapiens	INHIBITOR	1	0	Mitochondrial complex I (NADH dehydrogenase) inhibitor
BRD-K79602928	metformin	CHEMBL1431	CHEMBL1431	CHEMBL2363065	Q9P032	NDUFAF4		PROTEIN COMPLEX	Homo sapiens	INHIBITOR	1	0	Mitochondrial complex I (NADH dehydrogenase) inhibitor
BRD-K79602928	metformin	CHEMBL1431	CHEMBL1431	CHEMBL2363065	Q9P0J0	NDUFA13		PROTEIN COMPLEX	Homo sapiens	INHIBITOR	1	0	Mitochondrial complex I (NADH dehydrogenase) inhibitor
BRD-K79602928	metformin	CHEMBL1431	CHEMBL1431	CHEMBL2363065	Q9UI09	NDUFA12		PROTEIN COMPLEX	Homo sapiens	INHIBITOR	1	0	Mitochondrial complex I (NADH dehydrogenase) inhibitor
BRD-K79602928	metformin	CHEMBL1431	CHEMBL1431	CHEMBL2363065	Q9Y375	NDUFAF1		PROTEIN COMPLEX	Homo sapiens	INHIBITOR	1	0	Mitochondrial complex I (NADH dehydrogenase) inhibitor
BRD-K79602928	metformin	CHEMBL1431	CHEMBL1431	CHEMBL2363065	Q9Y6M9	NDUFB9		PROTEIN COMPLEX	Homo sapiens	INHIBITOR	1	0	Mitochondrial complex I (NADH dehydrogenase) inhibitor
BRD-K49328571	dasatinib	CHEMBL1421	CHEMBL1421	CHEMBL2363074	P06241	FYN	2534	PROTEIN FAMILY	Homo sapiens	INHIBITOR	1	1	SRC inhibitor
BRD-K49328571	dasatinib	CHEMBL1421	CHEMBL1421	CHEMBL2363074	P12931	SRC	6714	PROTEIN FAMILY	Homo sapiens	INHIBITOR	1	1	SRC inhibitor
BRD-K49328571	dasatinib	CHEMBL1421	CHEMBL1421	CHEMBL2363074	P06239	LCK		PROTEIN FAMILY	Homo sapiens	INHIBITOR	1	0	SRC inhibitor
BRD-K49328571	dasatinib	CHEMBL1421	CHEMBL1421	CHEMBL2363074	P07947	YES1		PROTEIN FAMILY	Homo sapiens	INHIBITOR	1	0	SRC inhibitor
BRD-K49328571	dasatinib	CHEMBL1421	CHEMBL1421	CHEMBL2363074	P51451	BLK		PROTEIN FAMILY	Homo sapiens	INHIBITOR	1	0	SRC inhibitor
BRD-K49328571	dasatinib	CHEMBL1421	CHEMBL1421	CHEMBL2363074	P08631	HCK		PROTEIN FAMILY	Homo sapiens	INHIBITOR	1	0	SRC inhibitor
BRD-K49328571	dasatinib	CHEMBL1421	CHEMBL1421	CHEMBL2363074	P07948	LYN	4067	PROTEIN FAMILY	Homo sapiens	INHIBITOR	1	1	SRC inhibitor
BRD-K49328571	dasatinib	CHEMBL1421	CHEMBL1421	CHEMBL2363074	P42685	FRK		PROTEIN FAMILY	Homo sapiens	INHIBITOR	1	0	SRC inhibitor
BRD-K49328571	dasatinib	CHEMBL1421	CHEMBL1421	CHEMBL2363074	P09769	FGR		PROTEIN FAMILY	Homo sapiens	INHIBITOR	1	0	SRC inhibitor
BRD-K49328571	dasatinib	CHEMBL1421	CHEMBL1421	CHEMBL2363074	Q9H3Y6	SRMS		PROTEIN FAMILY	Homo sapiens	INHIBITOR	1	0	SRC inhibitor
BRD-K91601245	mercaptopurine	CHEMBL1425	CHEMBL1425	CHEMBL2362992	Q06203	PPAT		SINGLE PROTEIN	Homo sapiens	INHIBITOR	1	0	Amidophosphoribosyltransferase inhibitor
BRD-K91601245	mercaptopurine	CHEMBL1425	CHEMBL1425	CHEMBL2311221				NUCLEIC-ACID	Homo sapiens	INHIBITOR	1	0	DNA inhibitor
BRD-K79602928	metformin	CHEMBL1431	CHEMBL1431	CHEMBL3391681	P43304	GPD2		SINGLE PROTEIN	Homo sapiens	INHIBITOR	1	0	Mitochondrial glycerol-3-phosphate dehydrogenase inhibitor
BRD-A01787639	naftopidil	CHEMBL142635	CHEMBL142635	CHEMBL223	P25100	ADRA1D		SINGLE PROTEIN	Homo sapiens	ANTAGONIST	1	0	Alpha-1d adrenergic receptor antagonist
BRD-K49328571	dasatinib	CHEMBL1421	CHEMBL1421	CHEMBL2096618	P00519	ABL1	25	CHIMERIC PROTEIN	Homo sapiens	INHIBITOR	1	1	Bcr/Abl fusion protein inhibitor
BRD-K49328571	dasatinib	CHEMBL1421	CHEMBL1421	CHEMBL2096618	P11274	BCR		CHIMERIC PROTEIN	Homo sapiens	INHIBITOR	1	0	Bcr/Abl fusion protein inhibitor
BRD-K19416115	sitagliptin	CHEMBL1422	CHEMBL1422	CHEMBL284	P27487	DPP4		SINGLE PROTEIN	Homo sapiens	INHIBITOR	1	0	Dipeptidyl peptidase IV inhibitor
BRD-K49328571	dasatinib	CHEMBL1421	CHEMBL1421	CHEMBL2096618	P00519	ABL1	25	CHIMERIC PROTEIN	Homo sapiens	INHIBITOR	1	1	Bcr/Abl fusion protein inhibitor
BRD-K49328571	dasatinib	CHEMBL1421	CHEMBL1421	CHEMBL2096618	P11274	BCR		CHIMERIC PROTEIN	Homo sapiens	INHIBITOR	1	0	Bcr/Abl fusion protein inhibitor
BRD-K19416115	sitagliptin	CHEMBL1422	CHEMBL1422	CHEMBL284	P27487	DPP4		SINGLE PROTEIN	Homo sapiens	INHIBITOR	1	0	Dipeptidyl peptidase IV inhibitor
BRD-K48722833	iloperidone	CHEMBL14376	CHEMBL14376	CHEMBL217	P14416	DRD2		SINGLE PROTEIN	Homo sapiens	ANTAGONIST	1	0	Dopamine D2 receptor antagonist
BRD-K48722833	iloperidone	CHEMBL14376	CHEMBL14376	CHEMBL224	P28223	HTR2A		SINGLE PROTEIN	Homo sapiens	ANTAGONIST	1	0	Serotonin 2a (5-HT2a) receptor antagonist
BRD-A43974499	reboxetine	CHEMBL14370	CHEMBL14370	CHEMBL222	P23975	SLC6A2		SINGLE PROTEIN	Homo sapiens	INHIBITOR	1	0	Norepinephrine transporter inhibitor
BRD-K51207550	ethionamide	CHEMBL1441	CHEMBL1441	CHEMBL1849	P9WGR1	inhA		SINGLE PROTEIN	Mycobacterium tuberculosis	INHIBITOR	1	0	Enoyl-[acyl-carrier-protein] reductase inhibitor
BRD-K88789588	letrozole	CHEMBL1444	CHEMBL1444	CHEMBL1978	P11511	CYP19A1		SINGLE PROTEIN	Homo sapiens	INHIBITOR	1	0	Cytochrome P450 19A1 inhibitor
BRD-K18574842	nafcillin	CHEMBL1443	CHEMBL1443	CHEMBL2362972	P72355	pbp4		PROTEIN FAMILY	Staphylococcus aureus	INHIBITOR	1	0	Penicillin-binding protein inhibitor
BRD-K18574842	nafcillin	CHEMBL1443	CHEMBL1443	CHEMBL2362972	Q9XDB3	pbpF		PROTEIN FAMILY	Staphylococcus aureus	INHIBITOR	1	0	Penicillin-binding protein inhibitor
BRD-K18574842	nafcillin	CHEMBL1443	CHEMBL1443	CHEMBL2362972	Q53707	mecA		PROTEIN FAMILY	Staphylococcus aureus	INHIBITOR	1	0	Penicillin-binding protein inhibitor
BRD-K18574842	nafcillin	CHEMBL1443	CHEMBL1443	CHEMBL2362972	Q53729	pbp2		PROTEIN FAMILY	Staphylococcus aureus	INHIBITOR	1	0	Penicillin-binding protein inhibitor
BRD-K18574842	nafcillin	CHEMBL1443	CHEMBL1443	CHEMBL2362972	Q53725	pbpA		PROTEIN FAMILY	Staphylococcus aureus	INHIBITOR	1	0	Penicillin-binding protein inhibitor
BRD-K35960502	niclosamide	CHEMBL1448	CHEMBL1448	CHEMBL2366043				NUCLEIC-ACID	Schistosoma mansoni	INHIBITOR	1	0	DNA inhibitor
BRD-K35960502	niclosamide	CHEMBL1448	CHEMBL1448	CHEMBL2366044				NUCLEIC-ACID	Taenia	INHIBITOR	1	0	DNA inhibitor
BRD-K49384696	lincomycin	CHEMBL1447	CHEMBL1447	CHEMBL2363853	Q8CWR9	rpsA		PROTEIN NUCLEIC-ACID COMPLEX	Streptococcus pneumoniae	INHIBITOR	1	0	70S ribosome inhibitor
BRD-K49384696	lincomycin	CHEMBL1447	CHEMBL1447	CHEMBL2363853	P66340	rpsJ		PROTEIN NUCLEIC-ACID COMPLEX	Streptococcus pneumoniae	INHIBITOR	1	0	70S ribosome inhibitor
BRD-K49384696	lincomycin	CHEMBL1447	CHEMBL1447	CHEMBL2363853	P66360	rpsK		PROTEIN NUCLEIC-ACID COMPLEX	Streptococcus pneumoniae	INHIBITOR	1	0	70S ribosome inhibitor
BRD-K49384696	lincomycin	CHEMBL1447	CHEMBL1447	CHEMBL2363853	P0A4A8	rpsL		PROTEIN NUCLEIC-ACID COMPLEX	Streptococcus pneumoniae	INHIBITOR	1	0	70S ribosome inhibitor
BRD-K49384696	lincomycin	CHEMBL1447	CHEMBL1447	CHEMBL2363853	P66393	rpsM		PROTEIN NUCLEIC-ACID COMPLEX	Streptococcus pneumoniae	INHIBITOR	1	0	70S ribosome inhibitor
BRD-K49384696	lincomycin	CHEMBL1447	CHEMBL1447	CHEMBL2363853	P66420	rpsN		PROTEIN NUCLEIC-ACID COMPLEX	Streptococcus pneumoniae	INHIBITOR	1	0	70S ribosome inhibitor
BRD-K49384696	lincomycin	CHEMBL1447	CHEMBL1447	CHEMBL2363853	Q8CWQ0	rpsO		PROTEIN NUCLEIC-ACID COMPLEX	Streptococcus pneumoniae	INHIBITOR	1	0	70S ribosome inhibitor
BRD-K49384696	lincomycin	CHEMBL1447	CHEMBL1447	CHEMBL2363853	P66445	rpsP		PROTEIN NUCLEIC-ACID COMPLEX	Streptococcus pneumoniae	INHIBITOR	1	0	70S ribosome inhibitor
BRD-K49384696	lincomycin	CHEMBL1447	CHEMBL1447	CHEMBL2363853	P0A4B4	rpsQ		PROTEIN NUCLEIC-ACID COMPLEX	Streptococcus pneumoniae	INHIBITOR	1	0	70S ribosome inhibitor
BRD-K49384696	lincomycin	CHEMBL1447	CHEMBL1447	CHEMBL2363853	P66473	rpsR		PROTEIN NUCLEIC-ACID COMPLEX	Streptococcus pneumoniae	INHIBITOR	1	0	70S ribosome inhibitor
BRD-K49384696	lincomycin	CHEMBL1447	CHEMBL1447	CHEMBL2363853	P0A4B6	rpsS		PROTEIN NUCLEIC-ACID COMPLEX	Streptococcus pneumoniae	INHIBITOR	1	0	70S ribosome inhibitor
BRD-K49384696	lincomycin	CHEMBL1447	CHEMBL1447	CHEMBL2363853	Q8CWM8	rpsB		PROTEIN NUCLEIC-ACID COMPLEX	Streptococcus pneumoniae	INHIBITOR	1	0	70S ribosome inhibitor
BRD-K49384696	lincomycin	CHEMBL1447	CHEMBL1447	CHEMBL2363853	Q8CWS0	rpsT		PROTEIN NUCLEIC-ACID COMPLEX	Streptococcus pneumoniae	INHIBITOR	1	0	70S ribosome inhibitor
BRD-K49384696	lincomycin	CHEMBL1447	CHEMBL1447	CHEMBL2363853	P66525	rpsU		PROTEIN NUCLEIC-ACID COMPLEX	Streptococcus pneumoniae	INHIBITOR	1	0	70S ribosome inhibitor
BRD-K49384696	lincomycin	CHEMBL1447	CHEMBL1447	CHEMBL2363853	P0A4C4	rpsC		PROTEIN NUCLEIC-ACID COMPLEX	Streptococcus pneumoniae	INHIBITOR	1	0	70S ribosome inhibitor
BRD-K49384696	lincomycin	CHEMBL1447	CHEMBL1447	CHEMBL2363853	P66566	rpsD		PROTEIN NUCLEIC-ACID COMPLEX	Streptococcus pneumoniae	INHIBITOR	1	0	70S ribosome inhibitor
BRD-K49384696	lincomycin	CHEMBL1447	CHEMBL1447	CHEMBL2363853	P66582	rpsE		PROTEIN NUCLEIC-ACID COMPLEX	Streptococcus pneumoniae	INHIBITOR	1	0	70S ribosome inhibitor
BRD-K49384696	lincomycin	CHEMBL1447	CHEMBL1447	CHEMBL2363853	P66603	rpsF		PROTEIN NUCLEIC-ACID COMPLEX	Streptococcus pneumoniae	INHIBITOR	1	0	70S ribosome inhibitor
BRD-K49384696	lincomycin	CHEMBL1447	CHEMBL1447	CHEMBL2363853	Q8CWU6	rpsG		PROTEIN NUCLEIC-ACID COMPLEX	Streptococcus pneumoniae	INHIBITOR	1	0	70S ribosome inhibitor
BRD-K49384696	lincomycin	CHEMBL1447	CHEMBL1447	CHEMBL2363853	P66633	rpsH		PROTEIN NUCLEIC-ACID COMPLEX	Streptococcus pneumoniae	INHIBITOR	1	0	70S ribosome inhibitor
BRD-K49384696	lincomycin	CHEMBL1447	CHEMBL1447	CHEMBL2363853	Q8CWU4	rpsI		PROTEIN NUCLEIC-ACID COMPLEX	Streptococcus pneumoniae	INHIBITOR	1	0	70S ribosome inhibitor
BRD-K49384696	lincomycin	CHEMBL1447	CHEMBL1447	CHEMBL2363853	P66096	rplA		PROTEIN NUCLEIC-ACID COMPLEX	Streptococcus pneumoniae	INHIBITOR	1	0	70S ribosome inhibitor
BRD-K49384696	lincomycin	CHEMBL1447	CHEMBL1447	CHEMBL2363853	P66051	rplJ		PROTEIN NUCLEIC-ACID COMPLEX	Streptococcus pneumoniae	INHIBITOR	1	0	70S ribosome inhibitor
BRD-K49384696	lincomycin	CHEMBL1447	CHEMBL1447	CHEMBL2363853	Q8CWS9	rplK		PROTEIN NUCLEIC-ACID COMPLEX	Streptococcus pneumoniae	INHIBITOR	1	0	70S ribosome inhibitor
BRD-K49384696	lincomycin	CHEMBL1447	CHEMBL1447	CHEMBL2363853	Q8CWU5	rplM		PROTEIN NUCLEIC-ACID COMPLEX	Streptococcus pneumoniae	INHIBITOR	1	0	70S ribosome inhibitor
BRD-K49384696	lincomycin	CHEMBL1447	CHEMBL1447	CHEMBL2363853	P0A474	rplN		PROTEIN NUCLEIC-ACID COMPLEX	Streptococcus pneumoniae	INHIBITOR	1	0	70S ribosome inhibitor
BRD-K49384696	lincomycin	CHEMBL1447	CHEMBL1447	CHEMBL2363853	Q8CWV0	rplO		PROTEIN NUCLEIC-ACID COMPLEX	Streptococcus pneumoniae	INHIBITOR	1	0	70S ribosome inhibitor
BRD-K49384696	lincomycin	CHEMBL1447	CHEMBL1447	CHEMBL2363853	P0A476	rplP		PROTEIN NUCLEIC-ACID COMPLEX	Streptococcus pneumoniae	INHIBITOR	1	0	70S ribosome inhibitor
BRD-K49384696	lincomycin	CHEMBL1447	CHEMBL1447	CHEMBL2363853	Q8CWU8	rplQ		PROTEIN NUCLEIC-ACID COMPLEX	Streptococcus pneumoniae	INHIBITOR	1	0	70S ribosome inhibitor
BRD-K49384696	lincomycin	CHEMBL1447	CHEMBL1447	CHEMBL2363853	Q8CWV2	rplR		PROTEIN NUCLEIC-ACID COMPLEX	Streptococcus pneumoniae	INHIBITOR	1	0	70S ribosome inhibitor
BRD-K49384696	lincomycin	CHEMBL1447	CHEMBL1447	CHEMBL2363853	Q8CWQ9	rplS		PROTEIN NUCLEIC-ACID COMPLEX	Streptococcus pneumoniae	INHIBITOR	1	0	70S ribosome inhibitor
BRD-K49384696	lincomycin	CHEMBL1447	CHEMBL1447	CHEMBL2363853	Q8CWV5	rplB		PROTEIN NUCLEIC-ACID COMPLEX	Streptococcus pneumoniae	INHIBITOR	1	0	70S ribosome inhibitor
BRD-K49384696	lincomycin	CHEMBL1447	CHEMBL1447	CHEMBL2363853	P66113	rplT		PROTEIN NUCLEIC-ACID COMPLEX	Streptococcus pneumoniae	INHIBITOR	1	0	70S ribosome inhibitor
BRD-K49384696	lincomycin	CHEMBL1447	CHEMBL1447	CHEMBL2363853	Q8CWR5	rplU		PROTEIN NUCLEIC-ACID COMPLEX	Streptococcus pneumoniae	INHIBITOR	1	0	70S ribosome inhibitor
BRD-K49384696	lincomycin	CHEMBL1447	CHEMBL1447	CHEMBL2363853	P61183	rplV		PROTEIN NUCLEIC-ACID COMPLEX	Streptococcus pneumoniae	INHIBITOR	1	0	70S ribosome inhibitor
BRD-K49384696	lincomycin	CHEMBL1447	CHEMBL1447	CHEMBL2363853	Q8CWV6	rplW		PROTEIN NUCLEIC-ACID COMPLEX	Streptococcus pneumoniae	INHIBITOR	1	0	70S ribosome inhibitor
BRD-K49384696	lincomycin	CHEMBL1447	CHEMBL1447	CHEMBL2363853	P60630	rplX		PROTEIN NUCLEIC-ACID COMPLEX	Streptococcus pneumoniae	INHIBITOR	1	0	70S ribosome inhibitor
BRD-K49384696	lincomycin	CHEMBL1447	CHEMBL1447	CHEMBL2363853	P66136	rpmA		PROTEIN NUCLEIC-ACID COMPLEX	Streptococcus pneumoniae	INHIBITOR	1	0	70S ribosome inhibitor
BRD-K49384696	lincomycin	CHEMBL1447	CHEMBL1447	CHEMBL2363853	P66156	rpmB		PROTEIN NUCLEIC-ACID COMPLEX	Streptococcus pneumoniae	INHIBITOR	1	0	70S ribosome inhibitor
BRD-K49384696	lincomycin	CHEMBL1447	CHEMBL1447	CHEMBL2363853	P0A484	rpmC		PROTEIN NUCLEIC-ACID COMPLEX	Streptococcus pneumoniae	INHIBITOR	1	0	70S ribosome inhibitor
BRD-K49384696	lincomycin	CHEMBL1447	CHEMBL1447	CHEMBL2363853	Q8CWV8	rplC		PROTEIN NUCLEIC-ACID COMPLEX	Streptococcus pneumoniae	INHIBITOR	1	0	70S ribosome inhibitor
BRD-K49384696	lincomycin	CHEMBL1447	CHEMBL1447	CHEMBL2363853	Q8CWV1	rpmD		PROTEIN NUCLEIC-ACID COMPLEX	Streptococcus pneumoniae	INHIBITOR	1	0	70S ribosome inhibitor
BRD-K49384696	lincomycin	CHEMBL1447	CHEMBL1447	CHEMBL2363853	P66201	rpmE2		PROTEIN NUCLEIC-ACID COMPLEX	Streptococcus pneumoniae	INHIBITOR	1	0	70S ribosome inhibitor
BRD-K49384696	lincomycin	CHEMBL1447	CHEMBL1447	CHEMBL2363853	Q8CWN3	rpmF		PROTEIN NUCLEIC-ACID COMPLEX	Streptococcus pneumoniae	INHIBITOR	1	0	70S ribosome inhibitor
BRD-K49384696	lincomycin	CHEMBL1447	CHEMBL1447	CHEMBL2363853	Q8CWR8	rpmG1		PROTEIN NUCLEIC-ACID COMPLEX	Streptococcus pneumoniae	INHIBITOR	1	0	70S ribosome inhibitor
BRD-K49384696	lincomycin	CHEMBL1447	CHEMBL1447	CHEMBL2363853	Q8CWN7	rpmG2		PROTEIN NUCLEIC-ACID COMPLEX	Streptococcus pneumoniae	INHIBITOR	1	0	70S ribosome inhibitor
BRD-K49384696	lincomycin	CHEMBL1447	CHEMBL1447	CHEMBL2363853	P61361	rpmG3		PROTEIN NUCLEIC-ACID COMPLEX	Streptococcus pneumoniae	INHIBITOR	1	0	70S ribosome inhibitor
BRD-K49384696	lincomycin	CHEMBL1447	CHEMBL1447	CHEMBL2363853	P66257	rpmH		PROTEIN NUCLEIC-ACID COMPLEX	Streptococcus pneumoniae	INHIBITOR	1	0	70S ribosome inhibitor
BRD-K49384696	lincomycin	CHEMBL1447	CHEMBL1447	CHEMBL2363853	P66279	rpmI		PROTEIN NUCLEIC-ACID COMPLEX	Streptococcus pneumoniae	INHIBITOR	1	0	70S ribosome inhibitor
BRD-K49384696	lincomycin	CHEMBL1447	CHEMBL1447	CHEMBL2363853	P0A496	rpmJ		PROTEIN NUCLEIC-ACID COMPLEX	Streptococcus pneumoniae	INHIBITOR	1	0	70S ribosome inhibitor
BRD-K49384696	lincomycin	CHEMBL1447	CHEMBL1447	CHEMBL2363853	Q8CWV7	rplD		PROTEIN NUCLEIC-ACID COMPLEX	Streptococcus pneumoniae	INHIBITOR	1	0	70S ribosome inhibitor
BRD-K49384696	lincomycin	CHEMBL1447	CHEMBL1447	CHEMBL2363853	Q8CWV4	rplE		PROTEIN NUCLEIC-ACID COMPLEX	Streptococcus pneumoniae	INHIBITOR	1	0	70S ribosome inhibitor
BRD-K49384696	lincomycin	CHEMBL1447	CHEMBL1447	CHEMBL2363853	Q8CWV3	rplF		PROTEIN NUCLEIC-ACID COMPLEX	Streptococcus pneumoniae	INHIBITOR	1	0	70S ribosome inhibitor
BRD-K49384696	lincomycin	CHEMBL1447	CHEMBL1447	CHEMBL2363853	P0A472	rplL		PROTEIN NUCLEIC-ACID COMPLEX	Streptococcus pneumoniae	INHIBITOR	1	0	70S ribosome inhibitor
BRD-K49384696	lincomycin	CHEMBL1447	CHEMBL1447	CHEMBL2363853	P66321	rplI		PROTEIN NUCLEIC-ACID COMPLEX	Streptococcus pneumoniae	INHIBITOR	1	0	70S ribosome inhibitor
BRD-K79145749	dibenzepin	CHEMBL1442422	CHEMBL1442422	CHEMBL231	P35367	HRH1		SINGLE PROTEIN	Homo sapiens	ANTAGONIST	1	0	Histamine H1 receptor antagonist
BRD-K79145749	dibenzepin	CHEMBL1442422	CHEMBL1442422	CHEMBL222	P23975	SLC6A2		SINGLE PROTEIN	Homo sapiens	INHIBITOR	1	0	Norepinephrine transporter inhibitor
BRD-K49384696	lincomycin	CHEMBL1447	CHEMBL1447	CHEMBL2363135	P0A7V0	rpsB		PROTEIN NUCLEIC-ACID COMPLEX	Bacteria	INHIBITOR	1	0	Bacterial 70S ribosome inhibitor
BRD-K49384696	lincomycin	CHEMBL1447	CHEMBL1447	CHEMBL2363135	P60723	rplD		PROTEIN NUCLEIC-ACID COMPLEX	Bacteria	INHIBITOR	1	0	Bacterial 70S ribosome inhibitor
BRD-K49384696	lincomycin	CHEMBL1447	CHEMBL1447	CHEMBL2363135	P0AG67	rpsA		PROTEIN NUCLEIC-ACID COMPLEX	Bacteria	INHIBITOR	1	0	Bacterial 70S ribosome inhibitor
BRD-K49384696	lincomycin	CHEMBL1447	CHEMBL1447	CHEMBL2363135	P0A7R5	rpsJ		PROTEIN NUCLEIC-ACID COMPLEX	Bacteria	INHIBITOR	1	0	Bacterial 70S ribosome inhibitor
BRD-K49384696	lincomycin	CHEMBL1447	CHEMBL1447	CHEMBL2363135	P0A7R9	rpsK		PROTEIN NUCLEIC-ACID COMPLEX	Bacteria	INHIBITOR	1	0	Bacterial 70S ribosome inhibitor
BRD-K49384696	lincomycin	CHEMBL1447	CHEMBL1447	CHEMBL2363135	P0A7S3	rpsL		PROTEIN NUCLEIC-ACID COMPLEX	Bacteria	INHIBITOR	1	0	Bacterial 70S ribosome inhibitor
BRD-K49384696	lincomycin	CHEMBL1447	CHEMBL1447	CHEMBL2363135	P0A7S9	rpsM		PROTEIN NUCLEIC-ACID COMPLEX	Bacteria	INHIBITOR	1	0	Bacterial 70S ribosome inhibitor
BRD-K49384696	lincomycin	CHEMBL1447	CHEMBL1447	CHEMBL2363135	P0AG59	rpsN		PROTEIN NUCLEIC-ACID COMPLEX	Bacteria	INHIBITOR	1	0	Bacterial 70S ribosome inhibitor
BRD-K49384696	lincomycin	CHEMBL1447	CHEMBL1447	CHEMBL2363135	P0ADZ4	rpsO		PROTEIN NUCLEIC-ACID COMPLEX	Bacteria	INHIBITOR	1	0	Bacterial 70S ribosome inhibitor
BRD-K49384696	lincomycin	CHEMBL1447	CHEMBL1447	CHEMBL2363135	P0A7T3	rpsP		PROTEIN NUCLEIC-ACID COMPLEX	Bacteria	INHIBITOR	1	0	Bacterial 70S ribosome inhibitor
BRD-K49384696	lincomycin	CHEMBL1447	CHEMBL1447	CHEMBL2363135	P0AG63	rpsQ		PROTEIN NUCLEIC-ACID COMPLEX	Bacteria	INHIBITOR	1	0	Bacterial 70S ribosome inhibitor
BRD-K49384696	lincomycin	CHEMBL1447	CHEMBL1447	CHEMBL2363135	P0A7T7	rpsR		PROTEIN NUCLEIC-ACID COMPLEX	Bacteria	INHIBITOR	1	0	Bacterial 70S ribosome inhibitor
BRD-K49384696	lincomycin	CHEMBL1447	CHEMBL1447	CHEMBL2363135	P0A7U3	rpsS		PROTEIN NUCLEIC-ACID COMPLEX	Bacteria	INHIBITOR	1	0	Bacterial 70S ribosome inhibitor
BRD-K49384696	lincomycin	CHEMBL1447	CHEMBL1447	CHEMBL2363135	P0A7U7	rpsT		PROTEIN NUCLEIC-ACID COMPLEX	Bacteria	INHIBITOR	1	0	Bacterial 70S ribosome inhibitor
BRD-K49384696	lincomycin	CHEMBL1447	CHEMBL1447	CHEMBL2363135	P68679	rpsU		PROTEIN NUCLEIC-ACID COMPLEX	Bacteria	INHIBITOR	1	0	Bacterial 70S ribosome inhibitor
BRD-K49384696	lincomycin	CHEMBL1447	CHEMBL1447	CHEMBL2363135	P0A7V3	rpsC		PROTEIN NUCLEIC-ACID COMPLEX	Bacteria	INHIBITOR	1	0	Bacterial 70S ribosome inhibitor
BRD-K49384696	lincomycin	CHEMBL1447	CHEMBL1447	CHEMBL2363135	P0A7V8	rpsD		PROTEIN NUCLEIC-ACID COMPLEX	Bacteria	INHIBITOR	1	0	Bacterial 70S ribosome inhibitor
BRD-K49384696	lincomycin	CHEMBL1447	CHEMBL1447	CHEMBL2363135	P0A7W1	rpsE		PROTEIN NUCLEIC-ACID COMPLEX	Bacteria	INHIBITOR	1	0	Bacterial 70S ribosome inhibitor
BRD-K49384696	lincomycin	CHEMBL1447	CHEMBL1447	CHEMBL2363135	P02358	rpsF		PROTEIN NUCLEIC-ACID COMPLEX	Bacteria	INHIBITOR	1	0	Bacterial 70S ribosome inhibitor
BRD-K49384696	lincomycin	CHEMBL1447	CHEMBL1447	CHEMBL2363135	P02359	rpsG		PROTEIN NUCLEIC-ACID COMPLEX	Bacteria	INHIBITOR	1	0	Bacterial 70S ribosome inhibitor
BRD-K49384696	lincomycin	CHEMBL1447	CHEMBL1447	CHEMBL2363135	P0A7W7	rpsH		PROTEIN NUCLEIC-ACID COMPLEX	Bacteria	INHIBITOR	1	0	Bacterial 70S ribosome inhibitor
BRD-K49384696	lincomycin	CHEMBL1447	CHEMBL1447	CHEMBL2363135	P0A7X3	rpsI		PROTEIN NUCLEIC-ACID COMPLEX	Bacteria	INHIBITOR	1	0	Bacterial 70S ribosome inhibitor
BRD-K49384696	lincomycin	CHEMBL1447	CHEMBL1447	CHEMBL2363135	P0A7J3	rplJ		PROTEIN NUCLEIC-ACID COMPLEX	Bacteria	INHIBITOR	1	0	Bacterial 70S ribosome inhibitor
BRD-K49384696	lincomycin	CHEMBL1447	CHEMBL1447	CHEMBL2363135	P0A7J7	rplK		PROTEIN NUCLEIC-ACID COMPLEX	Bacteria	INHIBITOR	1	0	Bacterial 70S ribosome inhibitor
BRD-K49384696	lincomycin	CHEMBL1447	CHEMBL1447	CHEMBL2363135	P0AA10	rplM		PROTEIN NUCLEIC-ACID COMPLEX	Bacteria	INHIBITOR	1	0	Bacterial 70S ribosome inhibitor
BRD-K49384696	lincomycin	CHEMBL1447	CHEMBL1447	CHEMBL2363135	P0ADY3	rplN		PROTEIN NUCLEIC-ACID COMPLEX	Bacteria	INHIBITOR	1	0	Bacterial 70S ribosome inhibitor
BRD-K49384696	lincomycin	CHEMBL1447	CHEMBL1447	CHEMBL2363135	P02413	rplO		PROTEIN NUCLEIC-ACID COMPLEX	Bacteria	INHIBITOR	1	0	Bacterial 70S ribosome inhibitor
BRD-K49384696	lincomycin	CHEMBL1447	CHEMBL1447	CHEMBL2363135	P0ADY7	rplP		PROTEIN NUCLEIC-ACID COMPLEX	Bacteria	INHIBITOR	1	0	Bacterial 70S ribosome inhibitor
BRD-K49384696	lincomycin	CHEMBL1447	CHEMBL1447	CHEMBL2363135	P0AG44	rplQ		PROTEIN NUCLEIC-ACID COMPLEX	Bacteria	INHIBITOR	1	0	Bacterial 70S ribosome inhibitor
BRD-K49384696	lincomycin	CHEMBL1447	CHEMBL1447	CHEMBL2363135	P0C018	rplR		PROTEIN NUCLEIC-ACID COMPLEX	Bacteria	INHIBITOR	1	0	Bacterial 70S ribosome inhibitor
BRD-K49384696	lincomycin	CHEMBL1447	CHEMBL1447	CHEMBL2363135	P0A7K6	rplS		PROTEIN NUCLEIC-ACID COMPLEX	Bacteria	INHIBITOR	1	0	Bacterial 70S ribosome inhibitor
BRD-K49384696	lincomycin	CHEMBL1447	CHEMBL1447	CHEMBL2363135	P0A7L0	rplA		PROTEIN NUCLEIC-ACID COMPLEX	Bacteria	INHIBITOR	1	0	Bacterial 70S ribosome inhibitor
BRD-K49384696	lincomycin	CHEMBL1447	CHEMBL1447	CHEMBL2363135	P0A7L3	rplT		PROTEIN NUCLEIC-ACID COMPLEX	Bacteria	INHIBITOR	1	0	Bacterial 70S ribosome inhibitor
BRD-K49384696	lincomycin	CHEMBL1447	CHEMBL1447	CHEMBL2363135	P0AG48	rplU		PROTEIN NUCLEIC-ACID COMPLEX	Bacteria	INHIBITOR	1	0	Bacterial 70S ribosome inhibitor
BRD-K49384696	lincomycin	CHEMBL1447	CHEMBL1447	CHEMBL2363135	P61175	rplV		PROTEIN NUCLEIC-ACID COMPLEX	Bacteria	INHIBITOR	1	0	Bacterial 70S ribosome inhibitor
BRD-K49384696	lincomycin	CHEMBL1447	CHEMBL1447	CHEMBL2363135	P0ADZ0	rplW		PROTEIN NUCLEIC-ACID COMPLEX	Bacteria	INHIBITOR	1	0	Bacterial 70S ribosome inhibitor
BRD-K49384696	lincomycin	CHEMBL1447	CHEMBL1447	CHEMBL2363135	P60624	rplX		PROTEIN NUCLEIC-ACID COMPLEX	Bacteria	INHIBITOR	1	0	Bacterial 70S ribosome inhibitor
BRD-K49384696	lincomycin	CHEMBL1447	CHEMBL1447	CHEMBL2363135	P68919	rplY		PROTEIN NUCLEIC-ACID COMPLEX	Bacteria	INHIBITOR	1	0	Bacterial 70S ribosome inhibitor
BRD-K49384696	lincomycin	CHEMBL1447	CHEMBL1447	CHEMBL2363135	P0A7L8	rpmA		PROTEIN NUCLEIC-ACID COMPLEX	Bacteria	INHIBITOR	1	0	Bacterial 70S ribosome inhibitor
BRD-K49384696	lincomycin	CHEMBL1447	CHEMBL1447	CHEMBL2363135	P0A7M2	rpmB		PROTEIN NUCLEIC-ACID COMPLEX	Bacteria	INHIBITOR	1	0	Bacterial 70S ribosome inhibitor
BRD-K49384696	lincomycin	CHEMBL1447	CHEMBL1447	CHEMBL2363135	P0A7M6	rpmC		PROTEIN NUCLEIC-ACID COMPLEX	Bacteria	INHIBITOR	1	0	Bacterial 70S ribosome inhibitor
BRD-K49384696	lincomycin	CHEMBL1447	CHEMBL1447	CHEMBL2363135	P60422	rplB		PROTEIN NUCLEIC-ACID COMPLEX	Bacteria	INHIBITOR	1	0	Bacterial 70S ribosome inhibitor
BRD-K49384696	lincomycin	CHEMBL1447	CHEMBL1447	CHEMBL2363135	P0AG51	rpmD		PROTEIN NUCLEIC-ACID COMPLEX	Bacteria	INHIBITOR	1	0	Bacterial 70S ribosome inhibitor
BRD-K49384696	lincomycin	CHEMBL1447	CHEMBL1447	CHEMBL2363135	P0A7N1	ykgM		PROTEIN NUCLEIC-ACID COMPLEX	Bacteria	INHIBITOR	1	0	Bacterial 70S ribosome inhibitor
BRD-K49384696	lincomycin	CHEMBL1447	CHEMBL1447	CHEMBL2363135	P0A7M9	rpmE		PROTEIN NUCLEIC-ACID COMPLEX	Bacteria	INHIBITOR	1	0	Bacterial 70S ribosome inhibitor
BRD-K49384696	lincomycin	CHEMBL1447	CHEMBL1447	CHEMBL2363135	P0A7N4	rpmF		PROTEIN NUCLEIC-ACID COMPLEX	Bacteria	INHIBITOR	1	0	Bacterial 70S ribosome inhibitor
BRD-K49384696	lincomycin	CHEMBL1447	CHEMBL1447	CHEMBL2363135	P0A7N9	rpmG		PROTEIN NUCLEIC-ACID COMPLEX	Bacteria	INHIBITOR	1	0	Bacterial 70S ribosome inhibitor
BRD-K49384696	lincomycin	CHEMBL1447	CHEMBL1447	CHEMBL2363135	P0A7P5	rpmH		PROTEIN NUCLEIC-ACID COMPLEX	Bacteria	INHIBITOR	1	0	Bacterial 70S ribosome inhibitor
BRD-K49384696	lincomycin	CHEMBL1447	CHEMBL1447	CHEMBL2363135	P0A7Q1	rpmI		PROTEIN NUCLEIC-ACID COMPLEX	Bacteria	INHIBITOR	1	0	Bacterial 70S ribosome inhibitor
BRD-K49384696	lincomycin	CHEMBL1447	CHEMBL1447	CHEMBL2363135	Q2EEQ2	rpmJ2		PROTEIN NUCLEIC-ACID COMPLEX	Bacteria	INHIBITOR	1	0	Bacterial 70S ribosome inhibitor
BRD-K49384696	lincomycin	CHEMBL1447	CHEMBL1447	CHEMBL2363135	P0A7Q6	rpmJ1		PROTEIN NUCLEIC-ACID COMPLEX	Bacteria	INHIBITOR	1	0	Bacterial 70S ribosome inhibitor
BRD-K49384696	lincomycin	CHEMBL1447	CHEMBL1447	CHEMBL2363135	P60438	rplC		PROTEIN NUCLEIC-ACID COMPLEX	Bacteria	INHIBITOR	1	0	Bacterial 70S ribosome inhibitor
BRD-K49384696	lincomycin	CHEMBL1447	CHEMBL1447	CHEMBL2363135	P62399	rplE		PROTEIN NUCLEIC-ACID COMPLEX	Bacteria	INHIBITOR	1	0	Bacterial 70S ribosome inhibitor
BRD-K49384696	lincomycin	CHEMBL1447	CHEMBL1447	CHEMBL2363135	P0AG55	rplF		PROTEIN NUCLEIC-ACID COMPLEX	Bacteria	INHIBITOR	1	0	Bacterial 70S ribosome inhibitor
BRD-K49384696	lincomycin	CHEMBL1447	CHEMBL1447	CHEMBL2363135	P0A7K2	rplL		PROTEIN NUCLEIC-ACID COMPLEX	Bacteria	INHIBITOR	1	0	Bacterial 70S ribosome inhibitor
BRD-K73107279	levamisole	CHEMBL1454	CHEMBL1454	CHEMBL1884	O96760			SINGLE PROTEIN	Ascaris suum	AGONIST	1	0	Nicotinic acetylcholine receptor alpha subunit agonist
BRD-A24514565	warfarin	CHEMBL1464	CHEMBL1464	CHEMBL1930	Q9BQB6	VKORC1		SINGLE PROTEIN	Homo sapiens	INHIBITOR	1	0	Vitamin k epoxide reductase complex subunit 1 isoform 1 inhibitor
BRD-A24514565	warfarin	CHEMBL1464	CHEMBL1464	CHEMBL1930	Q9BQB6	VKORC1		SINGLE PROTEIN	Homo sapiens	INHIBITOR	1	0	Vitamin k epoxide reductase complex subunit 1 isoform 1 inhibitor
BRD-K77554836	triamcinolone	CHEMBL1451	CHEMBL1451	CHEMBL2034	P04150	NR3C1	2908	SINGLE PROTEIN	Homo sapiens	AGONIST	1	1	Glucocorticoid receptor agonist
BRD-K99063460	didanosine	CHEMBL1460	CHEMBL1460	CHEMBL247	Q72547	pol		SINGLE PROTEIN	Human immunodeficiency virus 1	INHIBITOR	1	0	Human immunodeficiency virus type 1 reverse transcriptase inhibitor
BRD-K82143716	flucytosine	CHEMBL1463	CHEMBL1463	CHEMBL4665	P0CS13	TMP1		SINGLE PROTEIN	Cryptococcus neoformans var. neoformans B-3501A	INHIBITOR	1	0	Thymidylate synthase inhibitor
BRD-K92428153	mycophenolate-mofetil	CHEMBL1456	CHEMBL1456	CHEMBL2111369	P20839	IMPDH1		PROTEIN FAMILY	Homo sapiens	INHIBITOR	1	0	Inosine-5'-monophosphate dehydrogenase (IMPDH) inhibitor
BRD-K92428153	mycophenolate-mofetil	CHEMBL1456	CHEMBL1456	CHEMBL2111369	P12268	IMPDH2		PROTEIN FAMILY	Homo sapiens	INHIBITOR	1	0	Inosine-5'-monophosphate dehydrogenase (IMPDH) inhibitor
BRD-K92428153	mycophenolate-mofetil	CHEMBL1456	CHEMBL1456	CHEMBL2111369	P20839	IMPDH1		PROTEIN FAMILY	Homo sapiens	INHIBITOR	1	0	Inosine-5'-monophosphate dehydrogenase (IMPDH) inhibitor
BRD-K92428153	mycophenolate-mofetil	CHEMBL1456	CHEMBL1456	CHEMBL2111369	P12268	IMPDH2		PROTEIN FAMILY	Homo sapiens	INHIBITOR	1	0	Inosine-5'-monophosphate dehydrogenase (IMPDH) inhibitor
BRD-K82143716	flucytosine	CHEMBL1463	CHEMBL1463	CHEMBL2364680	P12461	TMP1		SINGLE PROTEIN	Candida albicans	INHIBITOR	1	0	Thymidylate synthase inhibitor
BRD-K67043667	altretamine	CHEMBL1455	CHEMBL1455	CHEMBL2311221				NUCLEIC-ACID	Homo sapiens	INHIBITOR	1	0	DNA inhibitor
BRD-A38076815	glafenine	CHEMBL146095	CHEMBL146095	CHEMBL2094253	P35354	PTGS2	5743	PROTEIN FAMILY	Homo sapiens	INHIBITOR	1	1	Cyclooxygenase inhibitor
BRD-A38076815	glafenine	CHEMBL146095	CHEMBL146095	CHEMBL2094253	P23219	PTGS1		PROTEIN FAMILY	Homo sapiens	INHIBITOR	1	0	Cyclooxygenase inhibitor
BRD-K86307448	allopurinol	CHEMBL1467	CHEMBL1467	CHEMBL1929	P47989	XDH		SINGLE PROTEIN	Homo sapiens	INHIBITOR	1	0	Xanthine dehydrogenase inhibitor
BRD-K86307448	allopurinol	CHEMBL1467	CHEMBL1467	CHEMBL1929	P47989	XDH		SINGLE PROTEIN	Homo sapiens	INHIBITOR	1	0	Xanthine dehydrogenase inhibitor
BRD-A49838158	phenprocoumon	CHEMBL1465	CHEMBL1465	CHEMBL1930	Q9BQB6	VKORC1		SINGLE PROTEIN	Homo sapiens	INHIBITOR	1	0	Vitamin k epoxide reductase complex subunit 1 isoform 1 inhibitor
BRD-K82236179	dicoumarol	CHEMBL1466	CHEMBL1466	CHEMBL1930	Q9BQB6	VKORC1		SINGLE PROTEIN	Homo sapiens	INHIBITOR	1	0	Vitamin k epoxide reductase complex subunit 1 isoform 1 inhibitor
BRD-K62310379	fluticasone-propionate	CHEMBL1473	CHEMBL1473	CHEMBL2034	P04150	NR3C1	2908	SINGLE PROTEIN	Homo sapiens	AGONIST	1	1	Glucocorticoid receptor agonist
BRD-K52827117	aprepitant	CHEMBL1471	CHEMBL1471	CHEMBL249	P25103	TACR1		SINGLE PROTEIN	Homo sapiens	ANTAGONIST	1	0	Neurokinin 1 receptor antagonist
BRD-K54790157	trioxsalen	CHEMBL1475	CHEMBL1475	CHEMBL2311221				NUCLEIC-ACID	Homo sapiens	INHIBITOR	1	0	DNA inhibitor
BRD-K67102207	phenylbutyrate	CHEMBL1469	CHEMBL1469	CHEMBL2366039				SMALL MOLECULE	Homo sapiens	SEQUESTERING AGENT	1	0	Glutamine sequestering agent
BRD-K07691486	roscovitine	CHEMBL14762	CHEMBL14762	CHEMBL301	P24941	CDK2	1017	SINGLE PROTEIN	Homo sapiens	INHIBITOR	1	1	Cyclin-dependent kinase 2 inhibitor
BRD-K07691486	roscovitine	CHEMBL14762	CHEMBL14762	CHEMBL3055	P50613	CDK7	1022	SINGLE PROTEIN	Homo sapiens	INHIBITOR	1	1	Cyclin-dependent kinase 7 inhibitor
BRD-K07691486	roscovitine	CHEMBL14762	CHEMBL14762	CHEMBL3116	P50750	CDK9		SINGLE PROTEIN	Homo sapiens	INHIBITOR	1	0	Cyclin-dependent kinase 9 inhibitor
BRD-K07691486	roscovitine	CHEMBL14762	CHEMBL14762	CHEMBL308	P06493	CDK1	983	SINGLE PROTEIN	Homo sapiens	INHIBITOR	1	1	Cyclin-dependent kinase 1 inhibitor
BRD-K07691486	roscovitine	CHEMBL14762	CHEMBL14762	CHEMBL4036	Q00535	CDK5		SINGLE PROTEIN	Homo sapiens	INHIBITOR	1	0	Cyclin-dependent kinase 5 inhibitor
BRD-K27351809	nomegestrol-acetate	CHEMBL1476022	CHEMBL1476022	CHEMBL208	P06401	PGR		SINGLE PROTEIN	Homo sapiens	AGONIST	1	0	Progesterone receptor agonist
BRD-K27351809	nomegestrol-acetate	CHEMBL1476022	CHEMBL1476022	CHEMBL208	P06401	PGR		SINGLE PROTEIN	Homo sapiens	AGONIST	1	0	Progesterone receptor agonist
BRD-A99833829	bethanechol	CHEMBL1482	CHEMBL1482	CHEMBL245	P20309	CHRM3		SINGLE PROTEIN	Homo sapiens	AGONIST	1	0	Muscarinic acetylcholine receptor M3 agonist
BRD-A30815329	felodipine	CHEMBL1480	CHEMBL1480	CHEMBL1994	P08235	NR3C2		SINGLE PROTEIN	Homo sapiens	ANTAGONIST	1	0	Mineralocorticoid receptor antagonist
BRD-K48970916	danazol	CHEMBL1479	CHEMBL1479	CHEMBL208	P06401	PGR		SINGLE PROTEIN	Homo sapiens	AGONIST	1	0	Progesterone receptor agonist
BRD-K81169441	cerivastatin	CHEMBL1477	CHEMBL1477	CHEMBL402	P04035	HMGCR	3156	SINGLE PROTEIN	Homo sapiens	INHIBITOR	1	1	HMG-CoA reductase inhibitor
BRD-K69726342	atorvastatin	CHEMBL1487	CHEMBL1487	CHEMBL402	P04035	HMGCR	3156	SINGLE PROTEIN	Homo sapiens	INHIBITOR	1	1	HMG-CoA reductase inhibitor
BRD-K34776109	glimepiride	CHEMBL1481	CHEMBL1481	CHEMBL2096972	Q14654	KCNJ11		PROTEIN COMPLEX	Homo sapiens	BLOCKER	1	0	Sulfonylurea receptor 1, Kir6.2 blocker
BRD-K34776109	glimepiride	CHEMBL1481	CHEMBL1481	CHEMBL2096972	Q09428	ABCC8		PROTEIN COMPLEX	Homo sapiens	BLOCKER	1	0	Sulfonylurea receptor 1, Kir6.2 blocker
BRD-A26711594	nicardipine	CHEMBL1484	CHEMBL1484	CHEMBL2095229	Q13936	CACNA1C		PROTEIN FAMILY	Homo sapiens	BLOCKER	1	0	Voltage-gated L-type calcium channel blocker
BRD-A26711594	nicardipine	CHEMBL1484	CHEMBL1484	CHEMBL2095229	Q13698	CACNA1S		PROTEIN FAMILY	Homo sapiens	BLOCKER	1	0	Voltage-gated L-type calcium channel blocker
BRD-A26711594	nicardipine	CHEMBL1484	CHEMBL1484	CHEMBL2095229	Q01668	CACNA1D		PROTEIN FAMILY	Homo sapiens	BLOCKER	1	0	Voltage-gated L-type calcium channel blocker
BRD-A26711594	nicardipine	CHEMBL1484	CHEMBL1484	CHEMBL2095229	O60840	CACNA1F		PROTEIN FAMILY	Homo sapiens	BLOCKER	1	0	Voltage-gated L-type calcium channel blocker
BRD-A30815329	felodipine	CHEMBL1480	CHEMBL1480	CHEMBL2095229	Q13936	CACNA1C		PROTEIN FAMILY	Homo sapiens	BLOCKER	1	0	Voltage-gated L-type calcium channel blocker
BRD-A30815329	felodipine	CHEMBL1480	CHEMBL1480	CHEMBL2095229	Q13698	CACNA1S		PROTEIN FAMILY	Homo sapiens	BLOCKER	1	0	Voltage-gated L-type calcium channel blocker
BRD-A30815329	felodipine	CHEMBL1480	CHEMBL1480	CHEMBL2095229	Q01668	CACNA1D		PROTEIN FAMILY	Homo sapiens	BLOCKER	1	0	Voltage-gated L-type calcium channel blocker
BRD-A30815329	felodipine	CHEMBL1480	CHEMBL1480	CHEMBL2095229	O60840	CACNA1F		PROTEIN FAMILY	Homo sapiens	BLOCKER	1	0	Voltage-gated L-type calcium channel blocker
BRD-K48970916	danazol	CHEMBL1479	CHEMBL1479	CHEMBL1871	P10275	AR		SINGLE PROTEIN	Homo sapiens	AGONIST	1	0	Androgen Receptor agonist
BRD-K79131256	albendazole	CHEMBL1483	CHEMBL1483	CHEMBL2364704	C4PKY4			PROTEIN COMPLEX GROUP	Taeniidae	INHIBITOR	1	0	Tubulin inhibitor
BRD-K79131256	albendazole	CHEMBL1483	CHEMBL1483	CHEMBL2364704	C4PKZ2			PROTEIN COMPLEX GROUP	Taeniidae	INHIBITOR	1	0	Tubulin inhibitor
BRD-K79131256	albendazole	CHEMBL1483	CHEMBL1483	CHEMBL2364704	C4PKZ6			PROTEIN COMPLEX GROUP	Taeniidae	INHIBITOR	1	0	Tubulin inhibitor
BRD-K79131256	albendazole	CHEMBL1483	CHEMBL1483	CHEMBL2364705	F1L5G6			PROTEIN COMPLEX GROUP	Nematoda	INHIBITOR	1	0	Tubulin inhibitor
BRD-K79131256	albendazole	CHEMBL1483	CHEMBL1483	CHEMBL2364705	F1L7Y0			PROTEIN COMPLEX GROUP	Nematoda	INHIBITOR	1	0	Tubulin inhibitor
BRD-K79131256	albendazole	CHEMBL1483	CHEMBL1483	CHEMBL2364705	F1L005			PROTEIN COMPLEX GROUP	Nematoda	INHIBITOR	1	0	Tubulin inhibitor
BRD-K79131256	albendazole	CHEMBL1483	CHEMBL1483	CHEMBL2364705	F1LCS0			PROTEIN COMPLEX GROUP	Nematoda	INHIBITOR	1	0	Tubulin inhibitor
BRD-K79131256	albendazole	CHEMBL1483	CHEMBL1483	CHEMBL2364705	F1L4P8			PROTEIN COMPLEX GROUP	Nematoda	INHIBITOR	1	0	Tubulin inhibitor
BRD-K79131256	albendazole	CHEMBL1483	CHEMBL1483	CHEMBL2364705	F1L7U3			PROTEIN COMPLEX GROUP	Nematoda	INHIBITOR	1	0	Tubulin inhibitor
BRD-K79131256	albendazole	CHEMBL1483	CHEMBL1483	CHEMBL2364705	F1L8A5			PROTEIN COMPLEX GROUP	Nematoda	INHIBITOR	1	0	Tubulin inhibitor
BRD-A99833829	bethanechol	CHEMBL1482	CHEMBL1482	CHEMBL211	P08172	CHRM2		SINGLE PROTEIN	Homo sapiens	AGONIST	1	0	Muscarinic acetylcholine receptor M2 agonist
BRD-K09711437	varespladib	CHEMBL148674	CHEMBL148674	CHEMBL3474	P14555	PLA2G2A		SINGLE PROTEIN	Homo sapiens	INHIBITOR	1	0	Phospholipase A2 group IIA inhibitor
BRD-K22936972	diphenylpyraline	CHEMBL1492	CHEMBL1492	CHEMBL231	P35367	HRH1		SINGLE PROTEIN	Homo sapiens	ANTAGONIST	1	0	Histamine H1 receptor antagonist
BRD-A48180038	trihexyphenidyl	CHEMBL1490	CHEMBL1490	CHEMBL216	P11229	CHRM1		SINGLE PROTEIN	Homo sapiens	ANTAGONIST	1	0	Muscarinic acetylcholine receptor M1 antagonist
BRD-K03406345	azacitidine	CHEMBL1489	CHEMBL1489	CHEMBL1992	Q9Y6K1	DNMT3A	1788	SINGLE PROTEIN	Homo sapiens	INHIBITOR	1	1	DNA (cytosine-5)-methyltransferase 3A inhibitor
BRD-K03406345	azacitidine	CHEMBL1489	CHEMBL1489	CHEMBL1993	P26358	DNMT1	1786	SINGLE PROTEIN	Homo sapiens	INHIBITOR	1	1	DNA (cytosine-5)-methyltransferase 1 inhibitor
BRD-K82941592	rosuvastatin	CHEMBL1496	CHEMBL1496	CHEMBL402	P04035	HMGCR	3156	SINGLE PROTEIN	Homo sapiens	INHIBITOR	1	1	HMG-CoA reductase inhibitor
BRD-K47639036	flavoxate	CHEMBL1493	CHEMBL1493	CHEMBL2093863	P27815	PDE4A		PROTEIN FAMILY	Homo sapiens	INHIBITOR	1	0	Phosphodiesterase 4 inhibitor
BRD-K47639036	flavoxate	CHEMBL1493	CHEMBL1493	CHEMBL2093863	Q08499	PDE4D		PROTEIN FAMILY	Homo sapiens	INHIBITOR	1	0	Phosphodiesterase 4 inhibitor
BRD-K47639036	flavoxate	CHEMBL1493	CHEMBL1493	CHEMBL2093863	Q07343	PDE4B		PROTEIN FAMILY	Homo sapiens	INHIBITOR	1	0	Phosphodiesterase 4 inhibitor
BRD-K47639036	flavoxate	CHEMBL1493	CHEMBL1493	CHEMBL2093863	Q08493	PDE4C		PROTEIN FAMILY	Homo sapiens	INHIBITOR	1	0	Phosphodiesterase 4 inhibitor
BRD-K47639036	flavoxate	CHEMBL1493	CHEMBL1493	CHEMBL2111411	Q13946	PDE7A		PROTEIN FAMILY	Homo sapiens	INHIBITOR	1	0	Phosphodiesterase 7 inhibitor
BRD-K47639036	flavoxate	CHEMBL1493	CHEMBL1493	CHEMBL2111411	Q9NP56	PDE7B		PROTEIN FAMILY	Homo sapiens	INHIBITOR	1	0	Phosphodiesterase 7 inhibitor
BRD-A22032524	amlodipine	CHEMBL1491	CHEMBL1491	CHEMBL2095229	Q13936	CACNA1C		PROTEIN FAMILY	Homo sapiens	BLOCKER	1	0	Voltage-gated L-type calcium channel blocker
BRD-A22032524	amlodipine	CHEMBL1491	CHEMBL1491	CHEMBL2095229	Q13698	CACNA1S		PROTEIN FAMILY	Homo sapiens	BLOCKER	1	0	Voltage-gated L-type calcium channel blocker
BRD-A22032524	amlodipine	CHEMBL1491	CHEMBL1491	CHEMBL2095229	Q01668	CACNA1D		PROTEIN FAMILY	Homo sapiens	BLOCKER	1	0	Voltage-gated L-type calcium channel blocker
BRD-A22032524	amlodipine	CHEMBL1491	CHEMBL1491	CHEMBL2095229	O60840	CACNA1F		PROTEIN FAMILY	Homo sapiens	BLOCKER	1	0	Voltage-gated L-type calcium channel blocker
BRD-A64297288	amlodipine	CHEMBL1491	CHEMBL1491	CHEMBL2095229	Q13936	CACNA1C		PROTEIN FAMILY	Homo sapiens	BLOCKER	1	0	Voltage-gated L-type calcium channel blocker
BRD-A64297288	amlodipine	CHEMBL1491	CHEMBL1491	CHEMBL2095229	Q13698	CACNA1S		PROTEIN FAMILY	Homo sapiens	BLOCKER	1	0	Voltage-gated L-type calcium channel blocker
BRD-A64297288	amlodipine	CHEMBL1491	CHEMBL1491	CHEMBL2095229	Q01668	CACNA1D		PROTEIN FAMILY	Homo sapiens	BLOCKER	1	0	Voltage-gated L-type calcium channel blocker
BRD-A64297288	amlodipine	CHEMBL1491	CHEMBL1491	CHEMBL2095229	O60840	CACNA1F		PROTEIN FAMILY	Homo sapiens	BLOCKER	1	0	Voltage-gated L-type calcium channel blocker
BRD-A22032524	amlodipine	CHEMBL1491	CHEMBL1491	CHEMBL2095229	Q13936	CACNA1C		PROTEIN FAMILY	Homo sapiens	BLOCKER	1	0	Voltage-gated L-type calcium channel blocker
BRD-A22032524	amlodipine	CHEMBL1491	CHEMBL1491	CHEMBL2095229	Q13698	CACNA1S		PROTEIN FAMILY	Homo sapiens	BLOCKER	1	0	Voltage-gated L-type calcium channel blocker
BRD-A22032524	amlodipine	CHEMBL1491	CHEMBL1491	CHEMBL2095229	Q01668	CACNA1D		PROTEIN FAMILY	Homo sapiens	BLOCKER	1	0	Voltage-gated L-type calcium channel blocker
BRD-A22032524	amlodipine	CHEMBL1491	CHEMBL1491	CHEMBL2095229	O60840	CACNA1F		PROTEIN FAMILY	Homo sapiens	BLOCKER	1	0	Voltage-gated L-type calcium channel blocker
BRD-A64297288	amlodipine	CHEMBL1491	CHEMBL1491	CHEMBL2095229	Q13936	CACNA1C		PROTEIN FAMILY	Homo sapiens	BLOCKER	1	0	Voltage-gated L-type calcium channel blocker
BRD-A64297288	amlodipine	CHEMBL1491	CHEMBL1491	CHEMBL2095229	Q13698	CACNA1S		PROTEIN FAMILY	Homo sapiens	BLOCKER	1	0	Voltage-gated L-type calcium channel blocker
BRD-A64297288	amlodipine	CHEMBL1491	CHEMBL1491	CHEMBL2095229	Q01668	CACNA1D		PROTEIN FAMILY	Homo sapiens	BLOCKER	1	0	Voltage-gated L-type calcium channel blocker
BRD-A64297288	amlodipine	CHEMBL1491	CHEMBL1491	CHEMBL2095229	O60840	CACNA1F		PROTEIN FAMILY	Homo sapiens	BLOCKER	1	0	Voltage-gated L-type calcium channel blocker
BRD-K47639036	flavoxate	CHEMBL1493	CHEMBL1493	CHEMBL2363067	O95263	PDE8B		PROTEIN FAMILY	Homo sapiens	INHIBITOR	1	0	Phosphodiesterase 8 inhibitor
BRD-K47639036	flavoxate	CHEMBL1493	CHEMBL1493	CHEMBL2363067	O60658	PDE8A		PROTEIN FAMILY	Homo sapiens	INHIBITOR	1	0	Phosphodiesterase 8 inhibitor
BRD-K03406345	azacitidine	CHEMBL1489	CHEMBL1489	CHEMBL2311221				NUCLEIC-ACID	Homo sapiens	INHIBITOR	1	0	DNA inhibitor
BRD-K03406345	azacitidine	CHEMBL1489	CHEMBL1489	CHEMBL2311222				NUCLEIC-ACID	Homo sapiens	INHIBITOR	1	0	RNA inhibitor
BRD-K34313798	LY-215490	CHEMBL14935	CHEMBL14935	CHEMBL2096670	P48058	GRIA4		PROTEIN COMPLEX GROUP	Homo sapiens	ANTAGONIST	1	0	Glutamate receptor ionotropic AMPA antagonist
BRD-K34313798	LY-215490	CHEMBL14935	CHEMBL14935	CHEMBL2096670	P42263	GRIA3		PROTEIN COMPLEX GROUP	Homo sapiens	ANTAGONIST	1	0	Glutamate receptor ionotropic AMPA antagonist
BRD-K34313798	LY-215490	CHEMBL14935	CHEMBL14935	CHEMBL2096670	P42262	GRIA2		PROTEIN COMPLEX GROUP	Homo sapiens	ANTAGONIST	1	0	Glutamate receptor ionotropic AMPA antagonist
BRD-K34313798	LY-215490	CHEMBL14935	CHEMBL14935	CHEMBL2096670	P42261	GRIA1		PROTEIN COMPLEX GROUP	Homo sapiens	ANTAGONIST	1	0	Glutamate receptor ionotropic AMPA antagonist
BRD-K34313798	LY-215490	CHEMBL14935	CHEMBL14935	CHEMBL2109241	P39086	GRIK1		PROTEIN COMPLEX GROUP	Homo sapiens	ANTAGONIST	1	0	Glutamate receptor ionotropic kainate antagonist
BRD-K34313798	LY-215490	CHEMBL14935	CHEMBL14935	CHEMBL2109241	Q16478	GRIK5		PROTEIN COMPLEX GROUP	Homo sapiens	ANTAGONIST	1	0	Glutamate receptor ionotropic kainate antagonist
BRD-K34313798	LY-215490	CHEMBL14935	CHEMBL14935	CHEMBL2109241	Q16099	GRIK4		PROTEIN COMPLEX GROUP	Homo sapiens	ANTAGONIST	1	0	Glutamate receptor ionotropic kainate antagonist
BRD-K34313798	LY-215490	CHEMBL14935	CHEMBL14935	CHEMBL2109241	Q13002	GRIK2		PROTEIN COMPLEX GROUP	Homo sapiens	ANTAGONIST	1	0	Glutamate receptor ionotropic kainate antagonist
BRD-K34313798	LY-215490	CHEMBL14935	CHEMBL14935	CHEMBL2109241	Q13003	GRIK3		PROTEIN COMPLEX GROUP	Homo sapiens	ANTAGONIST	1	0	Glutamate receptor ionotropic kainate antagonist
BRD-A22032524	amlodipine	CHEMBL1491	CHEMBL1491	CHEMBL2095229	Q13936	CACNA1C		PROTEIN FAMILY	Homo sapiens	BLOCKER	1	0	Voltage-gated L-type calcium channel blocker
BRD-A22032524	amlodipine	CHEMBL1491	CHEMBL1491	CHEMBL2095229	Q13698	CACNA1S		PROTEIN FAMILY	Homo sapiens	BLOCKER	1	0	Voltage-gated L-type calcium channel blocker
BRD-A22032524	amlodipine	CHEMBL1491	CHEMBL1491	CHEMBL2095229	Q01668	CACNA1D		PROTEIN FAMILY	Homo sapiens	BLOCKER	1	0	Voltage-gated L-type calcium channel blocker
BRD-A22032524	amlodipine	CHEMBL1491	CHEMBL1491	CHEMBL2095229	O60840	CACNA1F		PROTEIN FAMILY	Homo sapiens	BLOCKER	1	0	Voltage-gated L-type calcium channel blocker
BRD-A64297288	amlodipine	CHEMBL1491	CHEMBL1491	CHEMBL2095229	Q13936	CACNA1C		PROTEIN FAMILY	Homo sapiens	BLOCKER	1	0	Voltage-gated L-type calcium channel blocker
BRD-A64297288	amlodipine	CHEMBL1491	CHEMBL1491	CHEMBL2095229	Q13698	CACNA1S		PROTEIN FAMILY	Homo sapiens	BLOCKER	1	0	Voltage-gated L-type calcium channel blocker
BRD-A64297288	amlodipine	CHEMBL1491	CHEMBL1491	CHEMBL2095229	Q01668	CACNA1D		PROTEIN FAMILY	Homo sapiens	BLOCKER	1	0	Voltage-gated L-type calcium channel blocker
BRD-A64297288	amlodipine	CHEMBL1491	CHEMBL1491	CHEMBL2095229	O60840	CACNA1F		PROTEIN FAMILY	Homo sapiens	BLOCKER	1	0	Voltage-gated L-type calcium channel blocker
BRD-K82234479	tramiprosate	CHEMBL149082	CHEMBL149082	CHEMBL2487	P05067	APP	351	SINGLE PROTEIN	Homo sapiens	STABILISER	1	1	Amyloid-beta A4 protein stabiliser
BRD-K54759182	dosulepin	CHEMBL1492500	CHEMBL1492500	CHEMBL222	P23975	SLC6A2		SINGLE PROTEIN	Homo sapiens	INHIBITOR	1	0	Norepinephrine transporter inhibitor
BRD-K54759182	dosulepin	CHEMBL1492500	CHEMBL1492500	CHEMBL228	P31645	SLC6A4		SINGLE PROTEIN	Homo sapiens	INHIBITOR	1	0	Serotonin transporter inhibitor
BRD-K60038276	irbesartan	CHEMBL1513	CHEMBL1513	CHEMBL227	P30556	AGTR1		SINGLE PROTEIN	Homo sapiens	ANTAGONIST	1	0	Type-1 angiotensin II receptor antagonist
BRD-K70301876	escitalopram	CHEMBL1508	CHEMBL1508	CHEMBL228	P31645	SLC6A4		SINGLE PROTEIN	Homo sapiens	INHIBITOR	1	0	Serotonin transporter inhibitor
BRD-K53790871	triamcinolone	CHEMBL1504	CHEMBL1504	CHEMBL2034	P04150	NR3C1	2908	SINGLE PROTEIN	Homo sapiens	AGONIST	1	1	Glucocorticoid receptor agonist
BRD-K49577446	flunisolide	CHEMBL1512	CHEMBL1512	CHEMBL2034	P04150	NR3C1	2908	SINGLE PROTEIN	Homo sapiens	AGONIST	1	1	Glucocorticoid receptor agonist
BRD-K57886322	fluocinonide	CHEMBL1501	CHEMBL1501	CHEMBL2034	P04150	NR3C1	2908	SINGLE PROTEIN	Homo sapiens	AGONIST	1	1	Glucocorticoid receptor agonist
BRD-K66766661	17-beta-estradiol	CHEMBL1511	CHEMBL1511	CHEMBL206	P03372	ESR1		SINGLE PROTEIN	Homo sapiens	AGONIST	1	0	Estrogen receptor alpha agonist
BRD-A55962179	omeprazole	CHEMBL1503	CHEMBL1503	CHEMBL2095173	P20648	ATP4A		PROTEIN COMPLEX	Homo sapiens	INHIBITOR	1	0	Potassium-transporting ATPase inhibitor
BRD-A55962179	omeprazole	CHEMBL1503	CHEMBL1503	CHEMBL2095173	P51164	ATP4B		PROTEIN COMPLEX	Homo sapiens	INHIBITOR	1	0	Potassium-transporting ATPase inhibitor
BRD-A56892734	esomeprazole	CHEMBL1567328	CHEMBL1503	CHEMBL2095173	P20648	ATP4A		PROTEIN COMPLEX	Homo sapiens	INHIBITOR	1	0	Potassium-transporting ATPase inhibitor
BRD-A56892734	esomeprazole	CHEMBL1567328	CHEMBL1503	CHEMBL2095173	P51164	ATP4B		PROTEIN COMPLEX	Homo sapiens	INHIBITOR	1	0	Potassium-transporting ATPase inhibitor
BRD-A55962179	omeprazole	CHEMBL1503	CHEMBL1503	CHEMBL2095173	P20648	ATP4A		PROTEIN COMPLEX	Homo sapiens	INHIBITOR	1	0	Potassium-transporting ATPase inhibitor
BRD-A55962179	omeprazole	CHEMBL1503	CHEMBL1503	CHEMBL2095173	P51164	ATP4B		PROTEIN COMPLEX	Homo sapiens	INHIBITOR	1	0	Potassium-transporting ATPase inhibitor
BRD-A56892734	esomeprazole	CHEMBL1567328	CHEMBL1503	CHEMBL2095173	P20648	ATP4A		PROTEIN COMPLEX	Homo sapiens	INHIBITOR	1	0	Potassium-transporting ATPase inhibitor
BRD-A56892734	esomeprazole	CHEMBL1567328	CHEMBL1503	CHEMBL2095173	P51164	ATP4B		PROTEIN COMPLEX	Homo sapiens	INHIBITOR	1	0	Potassium-transporting ATPase inhibitor
BRD-A22380646	pantoprazole	CHEMBL1502	CHEMBL1502	CHEMBL2095173	P20648	ATP4A		PROTEIN COMPLEX	Homo sapiens	INHIBITOR	1	0	Potassium-transporting ATPase inhibitor
BRD-A22380646	pantoprazole	CHEMBL1502	CHEMBL1502	CHEMBL2095173	P51164	ATP4B		PROTEIN COMPLEX	Homo sapiens	INHIBITOR	1	0	Potassium-transporting ATPase inhibitor
BRD-K88358234	xaliproden	CHEMBL1512580	CHEMBL1512580	CHEMBL214	P08908	HTR1A		SINGLE PROTEIN	Homo sapiens	AGONIST	1	0	Serotonin 1a (5-HT1a) receptor agonist
BRD-K60038276	irbesartan	CHEMBL1513	CHEMBL1513	CHEMBL227	P30556	AGTR1		SINGLE PROTEIN	Homo sapiens	ANTAGONIST	1	0	Type-1 angiotensin II receptor antagonist
BRD-K13926615	vardenafil	CHEMBL1520	CHEMBL1520	CHEMBL1827	O76074	PDE5A		SINGLE PROTEIN	Homo sapiens	INHIBITOR	1	0	Phosphodiesterase 5A inhibitor
BRD-K54416256	methimazole	CHEMBL1515	CHEMBL1515	CHEMBL1839	P07202	TPO		SINGLE PROTEIN	Homo sapiens	INHIBITOR	1	0	Thyroid peroxidase inhibitor
BRD-K48168960	propylthiouracil	CHEMBL1518	CHEMBL1518	CHEMBL1839	P07202	TPO		SINGLE PROTEIN	Homo sapiens	INHIBITOR	1	0	Thyroid peroxidase inhibitor
BRD-K48168960	propylthiouracil	CHEMBL1518	CHEMBL1518	CHEMBL2019	P49895	DIO1		SINGLE PROTEIN	Homo sapiens	INHIBITOR	1	0	Type I iodothyronine deiodinase (Type-I 5'-deiodinase) (DIOI) (Type 1 DI) (5DI) inhibitor
BRD-K92657060	zaleplon	CHEMBL1521	CHEMBL1521	CHEMBL2111392	P14867	GABRA1		PROTEIN COMPLEX	Homo sapiens	POSITIVE ALLOSTERIC MODULATOR	1	0	GABA A receptor alpha-1/beta-1/gamma-2 positive allosteric modulator
BRD-K92657060	zaleplon	CHEMBL1521	CHEMBL1521	CHEMBL2111392	P18507	GABRG2		PROTEIN COMPLEX	Homo sapiens	POSITIVE ALLOSTERIC MODULATOR	1	0	GABA A receptor alpha-1/beta-1/gamma-2 positive allosteric modulator
BRD-K92657060	zaleplon	CHEMBL1521	CHEMBL1521	CHEMBL2111392	P18505	GABRB1		PROTEIN COMPLEX	Homo sapiens	POSITIVE ALLOSTERIC MODULATOR	1	0	GABA A receptor alpha-1/beta-1/gamma-2 positive allosteric modulator
BRD-K83144676	olmesartan	CHEMBL1516	CHEMBL1516	CHEMBL227	P30556	AGTR1		SINGLE PROTEIN	Homo sapiens	ANTAGONIST	1	0	Type-1 angiotensin II receptor antagonist
BRD-A59303141	quinethazone	CHEMBL1532	CHEMBL1532	CHEMBL1876	P55017	SLC12A3		SINGLE PROTEIN	Homo sapiens	INHIBITOR	1	0	Thiazide-sensitive sodium-chloride cotransporter inhibitor
BRD-K55250441	sulfadoxine	CHEMBL1539	CHEMBL1539	CHEMBL2013	Q25704	PPPK-DHPS		SINGLE PROTEIN	Plasmodium falciparum	INHIBITOR	1	0	Dihydropteroate synthetase inhibitor
BRD-K47635719	dexamethasone	CHEMBL1530428	CHEMBL1530428	CHEMBL2034	P04150	NR3C1	2908	SINGLE PROTEIN	Homo sapiens	AGONIST	1	1	Glucocorticoid receptor agonist
BRD-A99117172	hydroxychloroquine	CHEMBL1535	CHEMBL1535	CHEMBL613897				SMALL MOLECULE	Plasmodium falciparum	INHIBITOR	1	0	Ferriprotoporphyrin IX inhibitor
BRD-K59197931	naproxen	CHEMBL154	CHEMBL154	CHEMBL2094253	P35354	PTGS2	5743	PROTEIN FAMILY	Homo sapiens	INHIBITOR	1	1	Cyclooxygenase inhibitor
BRD-K59197931	naproxen	CHEMBL154	CHEMBL154	CHEMBL2094253	P23219	PTGS1		PROTEIN FAMILY	Homo sapiens	INHIBITOR	1	0	Cyclooxygenase inhibitor
BRD-K59197931	naproxen	CHEMBL154	CHEMBL154	CHEMBL2094253	P35354	PTGS2	5743	PROTEIN FAMILY	Homo sapiens	INHIBITOR	1	1	Cyclooxygenase inhibitor
BRD-K59197931	naproxen	CHEMBL154	CHEMBL154	CHEMBL2094253	P23219	PTGS1		PROTEIN FAMILY	Homo sapiens	INHIBITOR	1	0	Cyclooxygenase inhibitor
BRD-A99117172	hydroxychloroquine	CHEMBL1535	CHEMBL1535	CHEMBL5936	Q9NYK1	TLR7		SINGLE PROTEIN	Homo sapiens	ANTAGONIST	1	0	Toll-like receptor 7 antagonist
BRD-A99117172	hydroxychloroquine	CHEMBL1535	CHEMBL1535	CHEMBL5804	Q9NR96	TLR9		SINGLE PROTEIN	Homo sapiens	ANTAGONIST	1	0	Toll-like receptor 9 antagonist
BRD-K89152108	liothyronine	CHEMBL1544	CHEMBL1544	CHEMBL2111462	P10827	THRA		PROTEIN COMPLEX	Homo sapiens	AGONIST	1	0	Thyroid hormone receptor agonist
BRD-K89152108	liothyronine	CHEMBL1544	CHEMBL1544	CHEMBL2111462	P10828	THRB		PROTEIN COMPLEX	Homo sapiens	AGONIST	1	0	Thyroid hormone receptor agonist
BRD-K89152108	liothyronine	CHEMBL1544	CHEMBL1544	CHEMBL2111462	P10827	THRA		PROTEIN COMPLEX	Homo sapiens	AGONIST	1	0	Thyroid hormone receptor agonist
BRD-K89152108	liothyronine	CHEMBL1544	CHEMBL1544	CHEMBL2111462	P10828	THRB		PROTEIN COMPLEX	Homo sapiens	AGONIST	1	0	Thyroid hormone receptor agonist
BRD-K47780086	penciclovir	CHEMBL1540	CHEMBL1540	CHEMBL1872	P04293			SINGLE PROTEIN	Herpes simplex virus (type 1 / strain 17)	INHIBITOR	1	0	Human herpesvirus 1 DNA polymerase inhibitor
BRD-K71059170	cefixime	CHEMBL1541	CHEMBL1541	CHEMBL2354204	P24228	dacB		PROTEIN FAMILY	Bacteria	INHIBITOR	1	0	Bacterial penicillin-binding protein inhibitor
BRD-K71059170	cefixime	CHEMBL1541	CHEMBL1541	CHEMBL2354204	P0AD68	ftsI		PROTEIN FAMILY	Bacteria	INHIBITOR	1	0	Bacterial penicillin-binding protein inhibitor
BRD-K71059170	cefixime	CHEMBL1541	CHEMBL1541	CHEMBL2354204	P02918	mrcA		PROTEIN FAMILY	Bacteria	INHIBITOR	1	0	Bacterial penicillin-binding protein inhibitor
BRD-K71059170	cefixime	CHEMBL1541	CHEMBL1541	CHEMBL2354204	P02919	mrcB		PROTEIN FAMILY	Bacteria	INHIBITOR	1	0	Bacterial penicillin-binding protein inhibitor
BRD-K71059170	cefixime	CHEMBL1541	CHEMBL1541	CHEMBL2354204	P0AEB2	dacA		PROTEIN FAMILY	Bacteria	INHIBITOR	1	0	Bacterial penicillin-binding protein inhibitor
BRD-K71059170	cefixime	CHEMBL1541	CHEMBL1541	CHEMBL2354204	P0AD65	mrdA		PROTEIN FAMILY	Bacteria	INHIBITOR	1	0	Bacterial penicillin-binding protein inhibitor
BRD-K71059170	cefixime	CHEMBL1541	CHEMBL1541	CHEMBL2354204	P08506	dacC		PROTEIN FAMILY	Bacteria	INHIBITOR	1	0	Bacterial penicillin-binding protein inhibitor
BRD-K32821942	azathioprine	CHEMBL1542	CHEMBL1542	CHEMBL2362992	Q06203	PPAT		SINGLE PROTEIN	Homo sapiens	INHIBITOR	1	0	Amidophosphoribosyltransferase inhibitor
BRD-K32821942	azathioprine	CHEMBL1542	CHEMBL1542	CHEMBL2362992	Q06203	PPAT		SINGLE PROTEIN	Homo sapiens	INHIBITOR	1	0	Amidophosphoribosyltransferase inhibitor
BRD-K32821942	azathioprine	CHEMBL1542	CHEMBL1542	CHEMBL2311221				NUCLEIC-ACID	Homo sapiens	INHIBITOR	1	0	DNA inhibitor
BRD-K32821942	azathioprine	CHEMBL1542	CHEMBL1542	CHEMBL2311221				NUCLEIC-ACID	Homo sapiens	INHIBITOR	1	0	DNA inhibitor
BRD-K47780086	penciclovir	CHEMBL1540	CHEMBL1540	CHEMBL1872	P04293			SINGLE PROTEIN	Herpes simplex virus (type 1 / strain 17)	INHIBITOR	1	0	Human herpesvirus 1 DNA polymerase inhibitor
BRD-K54529596	captopril	CHEMBL1560	CHEMBL1560	CHEMBL1808	P12821	ACE		SINGLE PROTEIN	Homo sapiens	INHIBITOR	1	0	Angiotensin-converting enzyme inhibitor
BRD-K44779798	miglitol	CHEMBL1561	CHEMBL1561	CHEMBL2074	O43451	MGAM		SINGLE PROTEIN	Homo sapiens	INHIBITOR	1	0	Maltase-glucoamylase inhibitor
BRD-K44779798	miglitol	CHEMBL1561	CHEMBL1561	CHEMBL2608	P10253	GAA	2548	SINGLE PROTEIN	Homo sapiens	INHIBITOR	1	1	Lysosomal alpha-glucosidase inhibitor
BRD-K70578146	dactinomycin	CHEMBL1554	CHEMBL1554	CHEMBL2311221				NUCLEIC-ACID	Homo sapiens	INHIBITOR	1	0	DNA inhibitor
BRD-A70182876	azapropazone	CHEMBL1565476	CHEMBL1565476	CHEMBL2094253	P35354	PTGS2	5743	PROTEIN FAMILY	Homo sapiens	INHIBITOR	1	1	Cyclooxygenase inhibitor
BRD-A70182876	azapropazone	CHEMBL1565476	CHEMBL1565476	CHEMBL2094253	P23219	PTGS1		PROTEIN FAMILY	Homo sapiens	INHIBITOR	1	0	Cyclooxygenase inhibitor
BRD-K92731339	perindopril	CHEMBL1581	CHEMBL1581	CHEMBL1808	P12821	ACE		SINGLE PROTEIN	Homo sapiens	INHIBITOR	1	0	Angiotensin-converting enzyme inhibitor
BRD-K96319534	phentermine	CHEMBL1574	CHEMBL1574	CHEMBL222	P23975	SLC6A2		SINGLE PROTEIN	Homo sapiens	RELEASING AGENT	1	0	Norepinephrine transporter releasing agent
BRD-K96319534	phentermine	CHEMBL1574	CHEMBL1574	CHEMBL222	P23975	SLC6A2		SINGLE PROTEIN	Homo sapiens	RELEASING AGENT	1	0	Norepinephrine transporter releasing agent
BRD-A13946108	sulindac	CHEMBL15770	CHEMBL15770	CHEMBL2094253	P35354	PTGS2	5743	PROTEIN FAMILY	Homo sapiens	INHIBITOR	1	1	Cyclooxygenase inhibitor
BRD-A13946108	sulindac	CHEMBL15770	CHEMBL15770	CHEMBL2094253	P23219	PTGS1		PROTEIN FAMILY	Homo sapiens	INHIBITOR	1	0	Cyclooxygenase inhibitor
BRD-A76019558	ketoconazole	CHEMBL157101	CHEMBL157101	CHEMBL1780	P10613	ERG11		SINGLE PROTEIN	Candida albicans (strain SC5314 / ATCC MYA-2876) (Yeast)	INHIBITOR	1	0	Cytochrome P450 51 inhibitor
BRD-K92731339	perindopril	CHEMBL1581	CHEMBL1581	CHEMBL1808	P12821	ACE		SINGLE PROTEIN	Homo sapiens	INHIBITOR	1	0	Angiotensin-converting enzyme inhibitor
BRD-K28217197	ganaxolone	CHEMBL1568698	CHEMBL1568698	CHEMBL2093872	P14867	GABRA1		PROTEIN COMPLEX GROUP	Homo sapiens	POSITIVE ALLOSTERIC MODULATOR	1	0	GABA-A receptor; anion channel positive allosteric modulator
BRD-K28217197	ganaxolone	CHEMBL1568698	CHEMBL1568698	CHEMBL2093872	P47870	GABRB2		PROTEIN COMPLEX GROUP	Homo sapiens	POSITIVE ALLOSTERIC MODULATOR	1	0	GABA-A receptor; anion channel positive allosteric modulator
BRD-K28217197	ganaxolone	CHEMBL1568698	CHEMBL1568698	CHEMBL2093872	P18507	GABRG2		PROTEIN COMPLEX GROUP	Homo sapiens	POSITIVE ALLOSTERIC MODULATOR	1	0	GABA-A receptor; anion channel positive allosteric modulator
BRD-K28217197	ganaxolone	CHEMBL1568698	CHEMBL1568698	CHEMBL2093872	P28472	GABRB3		PROTEIN COMPLEX GROUP	Homo sapiens	POSITIVE ALLOSTERIC MODULATOR	1	0	GABA-A receptor; anion channel positive allosteric modulator
BRD-K28217197	ganaxolone	CHEMBL1568698	CHEMBL1568698	CHEMBL2093872	P48169	GABRA4		PROTEIN COMPLEX GROUP	Homo sapiens	POSITIVE ALLOSTERIC MODULATOR	1	0	GABA-A receptor; anion channel positive allosteric modulator
BRD-K28217197	ganaxolone	CHEMBL1568698	CHEMBL1568698	CHEMBL2093872	Q99928	GABRG3		PROTEIN COMPLEX GROUP	Homo sapiens	POSITIVE ALLOSTERIC MODULATOR	1	0	GABA-A receptor; anion channel positive allosteric modulator
BRD-K28217197	ganaxolone	CHEMBL1568698	CHEMBL1568698	CHEMBL2093872	Q9UN88	GABRQ		PROTEIN COMPLEX GROUP	Homo sapiens	POSITIVE ALLOSTERIC MODULATOR	1	0	GABA-A receptor; anion channel positive allosteric modulator
BRD-K28217197	ganaxolone	CHEMBL1568698	CHEMBL1568698	CHEMBL2093872	P34903	GABRA3		PROTEIN COMPLEX GROUP	Homo sapiens	POSITIVE ALLOSTERIC MODULATOR	1	0	GABA-A receptor; anion channel positive allosteric modulator
BRD-K28217197	ganaxolone	CHEMBL1568698	CHEMBL1568698	CHEMBL2093872	O00591	GABRP		PROTEIN COMPLEX GROUP	Homo sapiens	POSITIVE ALLOSTERIC MODULATOR	1	0	GABA-A receptor; anion channel positive allosteric modulator
BRD-K28217197	ganaxolone	CHEMBL1568698	CHEMBL1568698	CHEMBL2093872	O14764	GABRD		PROTEIN COMPLEX GROUP	Homo sapiens	POSITIVE ALLOSTERIC MODULATOR	1	0	GABA-A receptor; anion channel positive allosteric modulator
BRD-K28217197	ganaxolone	CHEMBL1568698	CHEMBL1568698	CHEMBL2093872	Q8N1C3	GABRG1		PROTEIN COMPLEX GROUP	Homo sapiens	POSITIVE ALLOSTERIC MODULATOR	1	0	GABA-A receptor; anion channel positive allosteric modulator
BRD-K28217197	ganaxolone	CHEMBL1568698	CHEMBL1568698	CHEMBL2093872	P18505	GABRB1		PROTEIN COMPLEX GROUP	Homo sapiens	POSITIVE ALLOSTERIC MODULATOR	1	0	GABA-A receptor; anion channel positive allosteric modulator
BRD-K28217197	ganaxolone	CHEMBL1568698	CHEMBL1568698	CHEMBL2093872	P78334	GABRE		PROTEIN COMPLEX GROUP	Homo sapiens	POSITIVE ALLOSTERIC MODULATOR	1	0	GABA-A receptor; anion channel positive allosteric modulator
BRD-K28217197	ganaxolone	CHEMBL1568698	CHEMBL1568698	CHEMBL2093872	P47869	GABRA2		PROTEIN COMPLEX GROUP	Homo sapiens	POSITIVE ALLOSTERIC MODULATOR	1	0	GABA-A receptor; anion channel positive allosteric modulator
BRD-K28217197	ganaxolone	CHEMBL1568698	CHEMBL1568698	CHEMBL2093872	P31644	GABRA5		PROTEIN COMPLEX GROUP	Homo sapiens	POSITIVE ALLOSTERIC MODULATOR	1	0	GABA-A receptor; anion channel positive allosteric modulator
BRD-K28217197	ganaxolone	CHEMBL1568698	CHEMBL1568698	CHEMBL2093872	Q16445	GABRA6		PROTEIN COMPLEX GROUP	Homo sapiens	POSITIVE ALLOSTERIC MODULATOR	1	0	GABA-A receptor; anion channel positive allosteric modulator
BRD-K16277217	piperacetazine	CHEMBL1584	CHEMBL1584	CHEMBL217	P14416	DRD2		SINGLE PROTEIN	Homo sapiens	ANTAGONIST	1	0	Dopamine D2 receptor antagonist
BRD-K72222507	quinapril	CHEMBL1592	CHEMBL1592	CHEMBL1808	P12821	ACE		SINGLE PROTEIN	Homo sapiens	INHIBITOR	1	0	Angiotensin-converting enzyme inhibitor
BRD-K84175871	pseudoephedrine	CHEMBL1590	CHEMBL1590	CHEMBL222	P23975	SLC6A2		SINGLE PROTEIN	Homo sapiens	RELEASING AGENT	1	0	Norepinephrine transporter releasing agent
BRD-K84175871	pseudoephedrine	CHEMBL1590	CHEMBL1590	CHEMBL222	P23975	SLC6A2		SINGLE PROTEIN	Homo sapiens	RELEASING AGENT	1	0	Norepinephrine transporter releasing agent
BRD-K84175871	pseudoephedrine	CHEMBL1590	CHEMBL1590	CHEMBL222	P23975	SLC6A2		SINGLE PROTEIN	Homo sapiens	RELEASING AGENT	1	0	Norepinephrine transporter releasing agent
BRD-K01188359	vinblastine	CHEMBL159	CHEMBL159	CHEMBL2095182	P68371	TUBB4B		PROTEIN COMPLEX GROUP	Homo sapiens	INHIBITOR	1	0	Tubulin inhibitor
BRD-K01188359	vinblastine	CHEMBL159	CHEMBL159	CHEMBL2095182	Q9H4B7	TUBB1		PROTEIN COMPLEX GROUP	Homo sapiens	INHIBITOR	1	0	Tubulin inhibitor
BRD-K01188359	vinblastine	CHEMBL159	CHEMBL159	CHEMBL2095182	P0DPH7	TUBA3C		PROTEIN COMPLEX GROUP	Homo sapiens	INHIBITOR	1	0	Tubulin inhibitor
BRD-K01188359	vinblastine	CHEMBL159	CHEMBL159	CHEMBL2095182	P68366	TUBA4A		PROTEIN COMPLEX GROUP	Homo sapiens	INHIBITOR	1	0	Tubulin inhibitor
BRD-K01188359	vinblastine	CHEMBL159	CHEMBL159	CHEMBL2095182	Q13509	TUBB3		PROTEIN COMPLEX GROUP	Homo sapiens	INHIBITOR	1	0	Tubulin inhibitor
BRD-K01188359	vinblastine	CHEMBL159	CHEMBL159	CHEMBL2095182	Q71U36	TUBA1A		PROTEIN COMPLEX GROUP	Homo sapiens	INHIBITOR	1	0	Tubulin inhibitor
BRD-K01188359	vinblastine	CHEMBL159	CHEMBL159	CHEMBL2095182	P04350	TUBB4A		PROTEIN COMPLEX GROUP	Homo sapiens	INHIBITOR	1	0	Tubulin inhibitor
BRD-K01188359	vinblastine	CHEMBL159	CHEMBL159	CHEMBL2095182	Q3ZCM7	TUBB8		PROTEIN COMPLEX GROUP	Homo sapiens	INHIBITOR	1	0	Tubulin inhibitor
BRD-K01188359	vinblastine	CHEMBL159	CHEMBL159	CHEMBL2095182	P07437	TUBB		PROTEIN COMPLEX GROUP	Homo sapiens	INHIBITOR	1	0	Tubulin inhibitor
BRD-K01188359	vinblastine	CHEMBL159	CHEMBL159	CHEMBL2095182	P68363	TUBA1B		PROTEIN COMPLEX GROUP	Homo sapiens	INHIBITOR	1	0	Tubulin inhibitor
BRD-K01188359	vinblastine	CHEMBL159	CHEMBL159	CHEMBL2095182	Q9BQE3	TUBA1C		PROTEIN COMPLEX GROUP	Homo sapiens	INHIBITOR	1	0	Tubulin inhibitor
BRD-K01188359	vinblastine	CHEMBL159	CHEMBL159	CHEMBL2095182	Q6PEY2	TUBA3E		PROTEIN COMPLEX GROUP	Homo sapiens	INHIBITOR	1	0	Tubulin inhibitor
BRD-K01188359	vinblastine	CHEMBL159	CHEMBL159	CHEMBL2095182	Q13885	TUBB2A		PROTEIN COMPLEX GROUP	Homo sapiens	INHIBITOR	1	0	Tubulin inhibitor
BRD-K01188359	vinblastine	CHEMBL159	CHEMBL159	CHEMBL2095182	Q9BVA1	TUBB2B		PROTEIN COMPLEX GROUP	Homo sapiens	INHIBITOR	1	0	Tubulin inhibitor
BRD-K01188359	vinblastine	CHEMBL159	CHEMBL159	CHEMBL2095182	Q9BUF5	TUBB6	84617	PROTEIN COMPLEX GROUP	Homo sapiens	INHIBITOR	1	1	Tubulin inhibitor
BRD-K52960356	acetohexamide	CHEMBL1589	CHEMBL1589	CHEMBL2096972	Q14654	KCNJ11		PROTEIN COMPLEX	Homo sapiens	BLOCKER	1	0	Sulfonylurea receptor 1, Kir6.2 blocker
BRD-K52960356	acetohexamide	CHEMBL1589	CHEMBL1589	CHEMBL2096972	Q09428	ABCC8		PROTEIN COMPLEX	Homo sapiens	BLOCKER	1	0	Sulfonylurea receptor 1, Kir6.2 blocker
BRD-A44090213	indoprofen	CHEMBL15870	CHEMBL15870	CHEMBL2094253	P35354	PTGS2	5743	PROTEIN FAMILY	Homo sapiens	INHIBITOR	1	1	Cyclooxygenase inhibitor
BRD-A44090213	indoprofen	CHEMBL15870	CHEMBL15870	CHEMBL2094253	P23219	PTGS1		PROTEIN FAMILY	Homo sapiens	INHIBITOR	1	0	Cyclooxygenase inhibitor
BRD-K81144366	moxisylyte	CHEMBL159226	CHEMBL159226	CHEMBL2095203	P35348	ADRA1A		PROTEIN FAMILY	Homo sapiens	ANTAGONIST	1	0	Adrenergic receptor alpha antagonist
BRD-K81144366	moxisylyte	CHEMBL159226	CHEMBL159226	CHEMBL2095203	P08913	ADRA2A		PROTEIN FAMILY	Homo sapiens	ANTAGONIST	1	0	Adrenergic receptor alpha antagonist
BRD-K81144366	moxisylyte	CHEMBL159226	CHEMBL159226	CHEMBL2095203	P18825	ADRA2C		PROTEIN FAMILY	Homo sapiens	ANTAGONIST	1	0	Adrenergic receptor alpha antagonist
BRD-K81144366	moxisylyte	CHEMBL159226	CHEMBL159226	CHEMBL2095203	P25100	ADRA1D		PROTEIN FAMILY	Homo sapiens	ANTAGONIST	1	0	Adrenergic receptor alpha antagonist
BRD-K81144366	moxisylyte	CHEMBL159226	CHEMBL159226	CHEMBL2095203	P35368	ADRA1B		PROTEIN FAMILY	Homo sapiens	ANTAGONIST	1	0	Adrenergic receptor alpha antagonist
BRD-K81144366	moxisylyte	CHEMBL159226	CHEMBL159226	CHEMBL2095203	P18089	ADRA2B		PROTEIN FAMILY	Homo sapiens	ANTAGONIST	1	0	Adrenergic receptor alpha antagonist
BRD-K35775715	liranaftate	CHEMBL1591365	CHEMBL1591365	CHEMBL1888	P32476	ERG1		SINGLE PROTEIN	Saccharomyces cerevisiae S288c	INHIBITOR	1	0	Squalene monooxygenase inhibitor
BRD-K13533483	cyclosporin-a	CHEMBL160	CHEMBL160	CHEMBL1949	P62937	PPIA		SINGLE PROTEIN	Homo sapiens	MODULATOR	1	0	Cyclophilin A modulator
BRD-K55930204	phenytoin	CHEMBL16	CHEMBL16	CHEMBL2331043	P35498	SCN1A		PROTEIN FAMILY	Homo sapiens	BLOCKER	1	0	Sodium channel alpha subunit blocker
BRD-K55930204	phenytoin	CHEMBL16	CHEMBL16	CHEMBL2331043	Q14524	SCN5A		PROTEIN FAMILY	Homo sapiens	BLOCKER	1	0	Sodium channel alpha subunit blocker
BRD-K55930204	phenytoin	CHEMBL16	CHEMBL16	CHEMBL2331043	P35499	SCN4A		PROTEIN FAMILY	Homo sapiens	BLOCKER	1	0	Sodium channel alpha subunit blocker
BRD-K55930204	phenytoin	CHEMBL16	CHEMBL16	CHEMBL2331043	Q01118	SCN7A		PROTEIN FAMILY	Homo sapiens	BLOCKER	1	0	Sodium channel alpha subunit blocker
BRD-K55930204	phenytoin	CHEMBL16	CHEMBL16	CHEMBL2331043	Q99250	SCN2A		PROTEIN FAMILY	Homo sapiens	BLOCKER	1	0	Sodium channel alpha subunit blocker
BRD-K55930204	phenytoin	CHEMBL16	CHEMBL16	CHEMBL2331043	Q15858	SCN9A		PROTEIN FAMILY	Homo sapiens	BLOCKER	1	0	Sodium channel alpha subunit blocker
BRD-K55930204	phenytoin	CHEMBL16	CHEMBL16	CHEMBL2331043	Q9NY46	SCN3A		PROTEIN FAMILY	Homo sapiens	BLOCKER	1	0	Sodium channel alpha subunit blocker
BRD-K55930204	phenytoin	CHEMBL16	CHEMBL16	CHEMBL2331043	Q9UI33	SCN11A		PROTEIN FAMILY	Homo sapiens	BLOCKER	1	0	Sodium channel alpha subunit blocker
BRD-K55930204	phenytoin	CHEMBL16	CHEMBL16	CHEMBL2331043	Q9UQD0	SCN8A		PROTEIN FAMILY	Homo sapiens	BLOCKER	1	0	Sodium channel alpha subunit blocker
BRD-K55930204	phenytoin	CHEMBL16	CHEMBL16	CHEMBL2331043	Q9Y5Y9	SCN10A		PROTEIN FAMILY	Homo sapiens	BLOCKER	1	0	Sodium channel alpha subunit blocker
BRD-K55930204	phenytoin	CHEMBL16	CHEMBL16	CHEMBL2331043	P35498	SCN1A		PROTEIN FAMILY	Homo sapiens	BLOCKER	1	0	Sodium channel alpha subunit blocker
BRD-K55930204	phenytoin	CHEMBL16	CHEMBL16	CHEMBL2331043	Q14524	SCN5A		PROTEIN FAMILY	Homo sapiens	BLOCKER	1	0	Sodium channel alpha subunit blocker
BRD-K55930204	phenytoin	CHEMBL16	CHEMBL16	CHEMBL2331043	P35499	SCN4A		PROTEIN FAMILY	Homo sapiens	BLOCKER	1	0	Sodium channel alpha subunit blocker
BRD-K55930204	phenytoin	CHEMBL16	CHEMBL16	CHEMBL2331043	Q01118	SCN7A		PROTEIN FAMILY	Homo sapiens	BLOCKER	1	0	Sodium channel alpha subunit blocker
BRD-K55930204	phenytoin	CHEMBL16	CHEMBL16	CHEMBL2331043	Q99250	SCN2A		PROTEIN FAMILY	Homo sapiens	BLOCKER	1	0	Sodium channel alpha subunit blocker
BRD-K55930204	phenytoin	CHEMBL16	CHEMBL16	CHEMBL2331043	Q15858	SCN9A		PROTEIN FAMILY	Homo sapiens	BLOCKER	1	0	Sodium channel alpha subunit blocker
BRD-K55930204	phenytoin	CHEMBL16	CHEMBL16	CHEMBL2331043	Q9NY46	SCN3A		PROTEIN FAMILY	Homo sapiens	BLOCKER	1	0	Sodium channel alpha subunit blocker
BRD-K55930204	phenytoin	CHEMBL16	CHEMBL16	CHEMBL2331043	Q9UI33	SCN11A		PROTEIN FAMILY	Homo sapiens	BLOCKER	1	0	Sodium channel alpha subunit blocker
BRD-K55930204	phenytoin	CHEMBL16	CHEMBL16	CHEMBL2331043	Q9UQD0	SCN8A		PROTEIN FAMILY	Homo sapiens	BLOCKER	1	0	Sodium channel alpha subunit blocker
BRD-K55930204	phenytoin	CHEMBL16	CHEMBL16	CHEMBL2331043	Q9Y5Y9	SCN10A		PROTEIN FAMILY	Homo sapiens	BLOCKER	1	0	Sodium channel alpha subunit blocker
BRD-A22684332	procaterol	CHEMBL160519	CHEMBL160519	CHEMBL210	P07550	ADRB2	154	SINGLE PROTEIN	Homo sapiens	AGONIST	1	1	Beta-2 adrenergic receptor agonist
BRD-K33453211	levocabastine	CHEMBL1615438	CHEMBL1615438	CHEMBL231	P35367	HRH1		SINGLE PROTEIN	Homo sapiens	ANTAGONIST	1	0	Histamine H1 receptor antagonist
BRD-K93034159	cladribine	CHEMBL1619	CHEMBL1619	CHEMBL2311221				NUCLEIC-ACID	Homo sapiens	INHIBITOR	1	0	DNA inhibitor
BRD-K25340465	OSI-930	CHEMBL1614710	CHEMBL1614710	CHEMBL1936	P10721	KIT	3815	SINGLE PROTEIN	Homo sapiens	INHIBITOR	1	1	Stem cell growth factor receptor inhibitor
BRD-K25340465	OSI-930	CHEMBL1614710	CHEMBL1614710	CHEMBL2095227	P17948	FLT1		PROTEIN FAMILY	Homo sapiens	INHIBITOR	1	0	Vascular endothelial growth factor receptor inhibitor
BRD-K25340465	OSI-930	CHEMBL1614710	CHEMBL1614710	CHEMBL2095227	P35916	FLT4		PROTEIN FAMILY	Homo sapiens	INHIBITOR	1	0	Vascular endothelial growth factor receptor inhibitor
BRD-K25340465	OSI-930	CHEMBL1614710	CHEMBL1614710	CHEMBL2095227	P35968	KDR		PROTEIN FAMILY	Homo sapiens	INHIBITOR	1	0	Vascular endothelial growth factor receptor inhibitor
BRD-K64538373	Ro-4987655	CHEMBL1614766	CHEMBL1614766	CHEMBL3587	Q02750	MAP2K1		SINGLE PROTEIN	Homo sapiens	INHIBITOR	1	0	Dual specificity mitogen-activated protein kinase kinase 1 inhibitor
BRD-K64538373	Ro-4987655	CHEMBL1614766	CHEMBL1614766	CHEMBL2964	P36507	MAP2K2		SINGLE PROTEIN	Homo sapiens	INHIBITOR	1	0	Dual specificity mitogen-activated protein kinase kinase 2 inhibitor
BRD-K19061412	mubritinib	CHEMBL1614707	CHEMBL1614707	CHEMBL1824	P04626	ERBB2	2064	SINGLE PROTEIN	Homo sapiens	INHIBITOR	1	1	Receptor protein-tyrosine kinase erbB-2 inhibitor
BRD-K80343549	TAK-285	CHEMBL1614725	CHEMBL1614725	CHEMBL1824	P04626	ERBB2	2064	SINGLE PROTEIN	Homo sapiens	INHIBITOR	1	1	Receptor protein-tyrosine kinase erbB-2 inhibitor
BRD-K80343549	TAK-285	CHEMBL1614725	CHEMBL1614725	CHEMBL203	P00533	EGFR	1956	SINGLE PROTEIN	Homo sapiens	INHIBITOR	1	1	Epidermal growth factor receptor erbB1 inhibitor
BRD-K26667523	TAK-733	CHEMBL1615025	CHEMBL1615025	CHEMBL3587	Q02750	MAP2K1		SINGLE PROTEIN	Homo sapiens	INHIBITOR	1	0	Dual specificity mitogen-activated protein kinase kinase 1 inhibitor
BRD-K26667523	TAK-733	CHEMBL1615025	CHEMBL1615025	CHEMBL2964	P36507	MAP2K2		SINGLE PROTEIN	Homo sapiens	INHIBITOR	1	0	Dual specificity mitogen-activated protein kinase kinase 2 inhibitor
BRD-K57080016	selumetinib	CHEMBL1614701	CHEMBL1614701	CHEMBL3587	Q02750	MAP2K1		SINGLE PROTEIN	Homo sapiens	INHIBITOR	1	0	Dual specificity mitogen-activated protein kinase kinase 1 inhibitor
BRD-K57080016	selumetinib	CHEMBL1614701	CHEMBL1614701	CHEMBL2964	P36507	MAP2K2		SINGLE PROTEIN	Homo sapiens	INHIBITOR	1	0	Dual specificity mitogen-activated protein kinase kinase 2 inhibitor
BRD-K45746021	CC-401	CHEMBL1614713	CHEMBL1614713	CHEMBL2276	P45983	MAPK8		SINGLE PROTEIN	Homo sapiens	INHIBITOR	1	0	c-Jun N-terminal kinase 1 inhibitor
BRD-K45746021	CC-401	CHEMBL1614713	CHEMBL1614713	CHEMBL4179	P45984	MAPK9	5601	SINGLE PROTEIN	Homo sapiens	INHIBITOR	1	1	c-Jun N-terminal kinase 2 inhibitor
BRD-K45746021	CC-401	CHEMBL1614713	CHEMBL1614713	CHEMBL2637	P53779	MAPK10		SINGLE PROTEIN	Homo sapiens	INHIBITOR	1	0	c-Jun N-terminal kinase 3 inhibitor
BRD-K46556543	potassium-canrenoate	CHEMBL1616951	CHEMBL1616951	CHEMBL1994	P08235	NR3C2		SINGLE PROTEIN	Homo sapiens	ANTAGONIST	1	0	Mineralocorticoid receptor antagonist
BRD-A50311610	meclizine	CHEMBL1623	CHEMBL1623	CHEMBL231	P35367	HRH1		SINGLE PROTEIN	Homo sapiens	ANTAGONIST	1	0	Histamine H1 receptor antagonist
BRD-K30685142	levothyroxine	CHEMBL1624	CHEMBL1624	CHEMBL2111462	P10827	THRA		PROTEIN COMPLEX	Homo sapiens	AGONIST	1	0	Thyroid hormone receptor agonist
BRD-K30685142	levothyroxine	CHEMBL1624	CHEMBL1624	CHEMBL2111462	P10828	THRB		PROTEIN COMPLEX	Homo sapiens	AGONIST	1	0	Thyroid hormone receptor agonist
BRD-A10303790	talampicillin	CHEMBL1619785	CHEMBL1619785	CHEMBL2354204	P24228	dacB		PROTEIN FAMILY	Bacteria	INHIBITOR	1	0	Bacterial penicillin-binding protein inhibitor
BRD-A10303790	talampicillin	CHEMBL1619785	CHEMBL1619785	CHEMBL2354204	P0AD68	ftsI		PROTEIN FAMILY	Bacteria	INHIBITOR	1	0	Bacterial penicillin-binding protein inhibitor
BRD-A10303790	talampicillin	CHEMBL1619785	CHEMBL1619785	CHEMBL2354204	P02918	mrcA		PROTEIN FAMILY	Bacteria	INHIBITOR	1	0	Bacterial penicillin-binding protein inhibitor
BRD-A10303790	talampicillin	CHEMBL1619785	CHEMBL1619785	CHEMBL2354204	P02919	mrcB		PROTEIN FAMILY	Bacteria	INHIBITOR	1	0	Bacterial penicillin-binding protein inhibitor
BRD-A10303790	talampicillin	CHEMBL1619785	CHEMBL1619785	CHEMBL2354204	P0AEB2	dacA		PROTEIN FAMILY	Bacteria	INHIBITOR	1	0	Bacterial penicillin-binding protein inhibitor
BRD-A10303790	talampicillin	CHEMBL1619785	CHEMBL1619785	CHEMBL2354204	P0AD65	mrdA		PROTEIN FAMILY	Bacteria	INHIBITOR	1	0	Bacterial penicillin-binding protein inhibitor
BRD-A10303790	talampicillin	CHEMBL1619785	CHEMBL1619785	CHEMBL2354204	P08506	dacC		PROTEIN FAMILY	Bacteria	INHIBITOR	1	0	Bacterial penicillin-binding protein inhibitor
BRD-K60369935	ribavirin	CHEMBL1643	CHEMBL1643	CHEMBL1822	P20839	IMPDH1		SINGLE PROTEIN	Homo sapiens	INHIBITOR	1	0	Inosine-5'-monophosphate dehydrogenase 1 inhibitor
BRD-K30240666	clemastine	CHEMBL1626	CHEMBL1626	CHEMBL231	P35367	HRH1		SINGLE PROTEIN	Homo sapiens	ANTAGONIST	1	0	Histamine H1 receptor antagonist
BRD-K30020243	aliskiren	CHEMBL1639	CHEMBL1639	CHEMBL286	P00797	REN		SINGLE PROTEIN	Homo sapiens	INHIBITOR	1	0	Renin inhibitor
BRD-A31204924	mitotane	CHEMBL1670	CHEMBL1670	CHEMBL2033	P05108	CYP11A1		SINGLE PROTEIN	Homo sapiens	INHIBITOR	1	0	Cytochrome P450 11A1 inhibitor
BRD-K86161929	cortisone	CHEMBL1650	CHEMBL1650	CHEMBL2034	P04150	NR3C1	2908	SINGLE PROTEIN	Homo sapiens	AGONIST	1	1	Glucocorticoid receptor agonist
BRD-K36616567	doxepin	CHEMBL1628227	CHEMBL1628227	CHEMBL222	P23975	SLC6A2		SINGLE PROTEIN	Homo sapiens	INHIBITOR	1	0	Norepinephrine transporter inhibitor
BRD-K60369935	ribavirin	CHEMBL1643	CHEMBL1643	CHEMBL4296320	O39930	NS5b		SINGLE PROTEIN	Hepacivirus hominis	INHIBITOR	1	0	RNA-directed RNA polymerase inhibitor
BRD-K51350053	toremifene	CHEMBL1655	CHEMBL1655	CHEMBL2093866	Q92731	ESR2		PROTEIN FAMILY	Homo sapiens	MODULATOR	1	0	Estrogen receptor modulator
BRD-K51350053	toremifene	CHEMBL1655	CHEMBL1655	CHEMBL2093866	P03372	ESR1		PROTEIN FAMILY	Homo sapiens	MODULATOR	1	0	Estrogen receptor modulator
BRD-A90799790	isradipine	CHEMBL1648	CHEMBL1648	CHEMBL2095229	Q13936	CACNA1C		PROTEIN FAMILY	Homo sapiens	BLOCKER	1	0	Voltage-gated L-type calcium channel blocker
BRD-A90799790	isradipine	CHEMBL1648	CHEMBL1648	CHEMBL2095229	Q13698	CACNA1S		PROTEIN FAMILY	Homo sapiens	BLOCKER	1	0	Voltage-gated L-type calcium channel blocker
BRD-A90799790	isradipine	CHEMBL1648	CHEMBL1648	CHEMBL2095229	Q01668	CACNA1D		PROTEIN FAMILY	Homo sapiens	BLOCKER	1	0	Voltage-gated L-type calcium channel blocker
BRD-A90799790	isradipine	CHEMBL1648	CHEMBL1648	CHEMBL2095229	O60840	CACNA1F		PROTEIN FAMILY	Homo sapiens	BLOCKER	1	0	Voltage-gated L-type calcium channel blocker
BRD-A31204924	mitotane	CHEMBL1670	CHEMBL1670	CHEMBL1908	P15538	CYP11B1		SINGLE PROTEIN	Homo sapiens	INHIBITOR	1	0	Cytochrome P450 11B1 inhibitor
BRD-K28346421	rifapentine	CHEMBL1660	CHEMBL1660	CHEMBL2364672	P0A8V2	rpoB		PROTEIN COMPLEX	Bacteria	INHIBITOR	1	0	Bacterial DNA-directed RNA polymerase inhibitor
BRD-K28346421	rifapentine	CHEMBL1660	CHEMBL1660	CHEMBL2364672	P0A7Z4	rpoA		PROTEIN COMPLEX	Bacteria	INHIBITOR	1	0	Bacterial DNA-directed RNA polymerase inhibitor
BRD-K28346421	rifapentine	CHEMBL1660	CHEMBL1660	CHEMBL2364672	P0A8T7	rpoC		PROTEIN COMPLEX	Bacteria	INHIBITOR	1	0	Bacterial DNA-directed RNA polymerase inhibitor
BRD-K28346421	rifapentine	CHEMBL1660	CHEMBL1660	CHEMBL2364672	P0A800	rpoZ		PROTEIN COMPLEX	Bacteria	INHIBITOR	1	0	Bacterial DNA-directed RNA polymerase inhibitor
BRD-K52930707	rescinnamine	CHEMBL1668	CHEMBL1668	CHEMBL1893	Q05940	SLC18A2		SINGLE PROTEIN	Homo sapiens	INHIBITOR	1	0	Synaptic vesicular amine transporter inhibitor
BRD-K51485625	ritonavir	CHEMBL163	CHEMBL163	CHEMBL243	Q72874	pol		SINGLE PROTEIN	Human immunodeficiency virus 1	INHIBITOR	1	0	Human immunodeficiency virus type 1 protease inhibitor
BRD-K76841105	tazarotene	CHEMBL1657	CHEMBL1657	CHEMBL2363069	P13631	RARG		PROTEIN FAMILY	Homo sapiens	AGONIST	1	0	Retinoic acid receptor agonist
BRD-K76841105	tazarotene	CHEMBL1657	CHEMBL1657	CHEMBL2363069	P10826	RARB		PROTEIN FAMILY	Homo sapiens	AGONIST	1	0	Retinoic acid receptor agonist
BRD-K76841105	tazarotene	CHEMBL1657	CHEMBL1657	CHEMBL2363069	P10276	RARA		PROTEIN FAMILY	Homo sapiens	AGONIST	1	0	Retinoic acid receptor agonist
BRD-K60369935	ribavirin	CHEMBL1643	CHEMBL1643	CHEMBL2363073				NUCLEIC-ACID	Hepacivirus hominis	INHIBITOR	1	0	RNA inhibitor
BRD-K63242551	cefadroxil	CHEMBL1644	CHEMBL1644	CHEMBL2354204	P24228	dacB		PROTEIN FAMILY	Bacteria	INHIBITOR	1	0	Bacterial penicillin-binding protein inhibitor
BRD-K63242551	cefadroxil	CHEMBL1644	CHEMBL1644	CHEMBL2354204	P0AD68	ftsI		PROTEIN FAMILY	Bacteria	INHIBITOR	1	0	Bacterial penicillin-binding protein inhibitor
BRD-K63242551	cefadroxil	CHEMBL1644	CHEMBL1644	CHEMBL2354204	P02918	mrcA		PROTEIN FAMILY	Bacteria	INHIBITOR	1	0	Bacterial penicillin-binding protein inhibitor
BRD-K63242551	cefadroxil	CHEMBL1644	CHEMBL1644	CHEMBL2354204	P02919	mrcB		PROTEIN FAMILY	Bacteria	INHIBITOR	1	0	Bacterial penicillin-binding protein inhibitor
BRD-K63242551	cefadroxil	CHEMBL1644	CHEMBL1644	CHEMBL2354204	P0AEB2	dacA		PROTEIN FAMILY	Bacteria	INHIBITOR	1	0	Bacterial penicillin-binding protein inhibitor
BRD-K63242551	cefadroxil	CHEMBL1644	CHEMBL1644	CHEMBL2354204	P0AD65	mrdA		PROTEIN FAMILY	Bacteria	INHIBITOR	1	0	Bacterial penicillin-binding protein inhibitor
BRD-K63242551	cefadroxil	CHEMBL1644	CHEMBL1644	CHEMBL2354204	P08506	dacC		PROTEIN FAMILY	Bacteria	INHIBITOR	1	0	Bacterial penicillin-binding protein inhibitor
BRD-K07106112	BMS-599626	CHEMBL1645462	CHEMBL1645462	CHEMBL203	P00533	EGFR	1956	SINGLE PROTEIN	Homo sapiens	INHIBITOR	1	1	Epidermal growth factor receptor erbB1 inhibitor
BRD-K07106112	BMS-599626	CHEMBL1645462	CHEMBL1645462	CHEMBL1824	P04626	ERBB2	2064	SINGLE PROTEIN	Homo sapiens	INHIBITOR	1	1	Receptor protein-tyrosine kinase erbB-2 inhibitor
BRD-K07106112	BMS-599626	CHEMBL1645462	CHEMBL1645462	CHEMBL3009	Q15303	ERBB4		SINGLE PROTEIN	Homo sapiens	INHIBITOR	1	0	Receptor protein-tyrosine kinase erbB-4 inhibitor
BRD-K31553034	zibotentan	CHEMBL1628688	CHEMBL1628688	CHEMBL252	P25101	EDNRA		SINGLE PROTEIN	Homo sapiens	ANTAGONIST	1	0	Endothelin receptor ET-A antagonist
BRD-A87715314	pronetalol	CHEMBL16476	CHEMBL16476	CHEMBL213	P08588	ADRB1		SINGLE PROTEIN	Homo sapiens	ANTAGONIST	1	0	Beta-1 adrenergic receptor antagonist
BRD-A87715314	pronetalol	CHEMBL16476	CHEMBL16476	CHEMBL210	P07550	ADRB2	154	SINGLE PROTEIN	Homo sapiens	ANTAGONIST	1	1	Beta-2 adrenergic receptor antagonist
BRD-K86816506	PF-04457845	CHEMBL1651534	CHEMBL1651534	CHEMBL2243	O00519	FAAH		SINGLE PROTEIN	Homo sapiens	INHIBITOR	1	0	Anandamide amidohydrolase inhibitor
BRD-K51485625	ritonavir	CHEMBL163	CHEMBL163	CHEMBL2364675	P08684	CYP3A4		PROTEIN FAMILY	Homo sapiens	INHIBITOR	1	0	Cytochrome P450 3A inhibitor
BRD-K51485625	ritonavir	CHEMBL163	CHEMBL163	CHEMBL2364675	P20815	CYP3A5		PROTEIN FAMILY	Homo sapiens	INHIBITOR	1	0	Cytochrome P450 3A inhibitor
BRD-K51485625	ritonavir	CHEMBL163	CHEMBL163	CHEMBL2364675	Q9HB55	CYP3A43		PROTEIN FAMILY	Homo sapiens	INHIBITOR	1	0	Cytochrome P450 3A inhibitor
BRD-K51485625	ritonavir	CHEMBL163	CHEMBL163	CHEMBL2364675	P24462	CYP3A7		PROTEIN FAMILY	Homo sapiens	INHIBITOR	1	0	Cytochrome P450 3A inhibitor
BRD-K67100011	pivmecillinam	CHEMBL1650818	CHEMBL1650818	CHEMBL2354313	P0AD65	mrdA		SINGLE PROTEIN	Bacteria	INHIBITOR	1	0	Bacterial penicillin-binding protein 2 inhibitor
BRD-K36616567	doxepin	CHEMBL1628227	CHEMBL1628227	CHEMBL231	P35367	HRH1		SINGLE PROTEIN	Homo sapiens	ANTAGONIST	1	0	Histamine H1 receptor antagonist
BRD-K71499074	diclofenamide	CHEMBL17	CHEMBL17	CHEMBL261	P00915	CA1		SINGLE PROTEIN	Homo sapiens	INHIBITOR	1	0	Carbonic anhydrase I inhibitor
BRD-K71499074	diclofenamide	CHEMBL17	CHEMBL17	CHEMBL205	P00918	CA2		SINGLE PROTEIN	Homo sapiens	INHIBITOR	1	0	Carbonic anhydrase II inhibitor
BRD-A80017228	bendroflumethiazide	CHEMBL1684	CHEMBL1684	CHEMBL1876	P55017	SLC12A3		SINGLE PROTEIN	Homo sapiens	INHIBITOR	1	0	Thiazide-sensitive sodium-chloride cotransporter inhibitor
BRD-K71499074	diclofenamide	CHEMBL17	CHEMBL17	CHEMBL3242	O43570	CA12		SINGLE PROTEIN	Homo sapiens	INHIBITOR	1	0	Carbonic anhydrase XII inhibitor
BRD-K71499074	diclofenamide	CHEMBL17	CHEMBL17	CHEMBL3729	P22748	CA4		SINGLE PROTEIN	Homo sapiens	INHIBITOR	1	0	Carbonic anhydrase IV inhibitor
BRD-A22101059	metrifonate	CHEMBL167150	CHEMBL167150	CHEMBL3341583	P38433	ace-1		SINGLE PROTEIN	Caenorhabditis elegans	INHIBITOR	1	0	Acetylcholinesterase 1 inhibitor
BRD-K99260425	etodolac	CHEMBL1716091	CHEMBL1716091	CHEMBL2061	P19793	RXRA		SINGLE PROTEIN	Homo sapiens	MODULATOR	1	0	Retinoid X receptor alpha modulator
BRD-A06352418	terfenadine	CHEMBL17157	CHEMBL17157	CHEMBL231	P35367	HRH1		SINGLE PROTEIN	Homo sapiens	ANTAGONIST	1	0	Histamine H1 receptor antagonist
BRD-A84465106	nisoldipine	CHEMBL1726	CHEMBL1726	CHEMBL2095229	Q13936	CACNA1C		PROTEIN FAMILY	Homo sapiens	BLOCKER	1	0	Voltage-gated L-type calcium channel blocker
BRD-A84465106	nisoldipine	CHEMBL1726	CHEMBL1726	CHEMBL2095229	Q13698	CACNA1S		PROTEIN FAMILY	Homo sapiens	BLOCKER	1	0	Voltage-gated L-type calcium channel blocker
BRD-A84465106	nisoldipine	CHEMBL1726	CHEMBL1726	CHEMBL2095229	Q01668	CACNA1D		PROTEIN FAMILY	Homo sapiens	BLOCKER	1	0	Voltage-gated L-type calcium channel blocker
BRD-A84465106	nisoldipine	CHEMBL1726	CHEMBL1726	CHEMBL2095229	O60840	CACNA1F		PROTEIN FAMILY	Homo sapiens	BLOCKER	1	0	Voltage-gated L-type calcium channel blocker
BRD-A12896037	cisapride	CHEMBL1729	CHEMBL1729	CHEMBL1875	Q13639	HTR4		SINGLE PROTEIN	Homo sapiens	AGONIST	1	0	Serotonin 4 (5-HT4) receptor agonist
BRD-K90733503	cephalexin	CHEMBL1727	CHEMBL1727	CHEMBL2354204	P24228	dacB		PROTEIN FAMILY	Bacteria	INHIBITOR	1	0	Bacterial penicillin-binding protein inhibitor
BRD-K90733503	cephalexin	CHEMBL1727	CHEMBL1727	CHEMBL2354204	P0AD68	ftsI		PROTEIN FAMILY	Bacteria	INHIBITOR	1	0	Bacterial penicillin-binding protein inhibitor
BRD-K90733503	cephalexin	CHEMBL1727	CHEMBL1727	CHEMBL2354204	P02918	mrcA		PROTEIN FAMILY	Bacteria	INHIBITOR	1	0	Bacterial penicillin-binding protein inhibitor
BRD-K90733503	cephalexin	CHEMBL1727	CHEMBL1727	CHEMBL2354204	P02919	mrcB		PROTEIN FAMILY	Bacteria	INHIBITOR	1	0	Bacterial penicillin-binding protein inhibitor
BRD-K90733503	cephalexin	CHEMBL1727	CHEMBL1727	CHEMBL2354204	P0AEB2	dacA		PROTEIN FAMILY	Bacteria	INHIBITOR	1	0	Bacterial penicillin-binding protein inhibitor
BRD-K90733503	cephalexin	CHEMBL1727	CHEMBL1727	CHEMBL2354204	P0AD65	mrdA		PROTEIN FAMILY	Bacteria	INHIBITOR	1	0	Bacterial penicillin-binding protein inhibitor
BRD-K90733503	cephalexin	CHEMBL1727	CHEMBL1727	CHEMBL2354204	P08506	dacC		PROTEIN FAMILY	Bacteria	INHIBITOR	1	0	Bacterial penicillin-binding protein inhibitor
BRD-K90733503	cephalexin	CHEMBL1727	CHEMBL1727	CHEMBL2354204	P24228	dacB		PROTEIN FAMILY	Bacteria	INHIBITOR	1	0	Bacterial penicillin-binding protein inhibitor
BRD-K90733503	cephalexin	CHEMBL1727	CHEMBL1727	CHEMBL2354204	P0AD68	ftsI		PROTEIN FAMILY	Bacteria	INHIBITOR	1	0	Bacterial penicillin-binding protein inhibitor
BRD-K90733503	cephalexin	CHEMBL1727	CHEMBL1727	CHEMBL2354204	P02918	mrcA		PROTEIN FAMILY	Bacteria	INHIBITOR	1	0	Bacterial penicillin-binding protein inhibitor
BRD-K90733503	cephalexin	CHEMBL1727	CHEMBL1727	CHEMBL2354204	P02919	mrcB		PROTEIN FAMILY	Bacteria	INHIBITOR	1	0	Bacterial penicillin-binding protein inhibitor
BRD-K90733503	cephalexin	CHEMBL1727	CHEMBL1727	CHEMBL2354204	P0AEB2	dacA		PROTEIN FAMILY	Bacteria	INHIBITOR	1	0	Bacterial penicillin-binding protein inhibitor
BRD-K90733503	cephalexin	CHEMBL1727	CHEMBL1727	CHEMBL2354204	P0AD65	mrdA		PROTEIN FAMILY	Bacteria	INHIBITOR	1	0	Bacterial penicillin-binding protein inhibitor
BRD-K90733503	cephalexin	CHEMBL1727	CHEMBL1727	CHEMBL2354204	P08506	dacC		PROTEIN FAMILY	Bacteria	INHIBITOR	1	0	Bacterial penicillin-binding protein inhibitor
BRD-K35687421	gimeracil	CHEMBL1730601	CHEMBL1730601	CHEMBL3172	Q12882	DPYD		SINGLE PROTEIN	Homo sapiens	INHIBITOR	1	0	Dihydropyrimidine dehydrogenase inhibitor
BRD-K24723746	solifenacin-succinate	CHEMBL1734	CHEMBL1734	CHEMBL245	P20309	CHRM3		SINGLE PROTEIN	Homo sapiens	ANTAGONIST	1	0	Muscarinic acetylcholine receptor M3 antagonist
BRD-K72166146	dihydroergotamine	CHEMBL1732	CHEMBL1732	CHEMBL1983	P28221	HTR1D		SINGLE PROTEIN	Homo sapiens	AGONIST	1	0	Serotonin 1d (5-HT1d) receptor agonist
BRD-K24723746	solifenacin-succinate	CHEMBL1734	CHEMBL1734	CHEMBL211	P08172	CHRM2		SINGLE PROTEIN	Homo sapiens	ANTAGONIST	1	0	Muscarinic acetylcholine receptor M2 antagonist
BRD-K68432770	ampicillin	CHEMBL174	CHEMBL174	CHEMBL2354204	P24228	dacB		PROTEIN FAMILY	Bacteria	INHIBITOR	1	0	Bacterial penicillin-binding protein inhibitor
BRD-K68432770	ampicillin	CHEMBL174	CHEMBL174	CHEMBL2354204	P0AD68	ftsI		PROTEIN FAMILY	Bacteria	INHIBITOR	1	0	Bacterial penicillin-binding protein inhibitor
BRD-K68432770	ampicillin	CHEMBL174	CHEMBL174	CHEMBL2354204	P02918	mrcA		PROTEIN FAMILY	Bacteria	INHIBITOR	1	0	Bacterial penicillin-binding protein inhibitor
BRD-K68432770	ampicillin	CHEMBL174	CHEMBL174	CHEMBL2354204	P02919	mrcB		PROTEIN FAMILY	Bacteria	INHIBITOR	1	0	Bacterial penicillin-binding protein inhibitor
BRD-K68432770	ampicillin	CHEMBL174	CHEMBL174	CHEMBL2354204	P0AEB2	dacA		PROTEIN FAMILY	Bacteria	INHIBITOR	1	0	Bacterial penicillin-binding protein inhibitor
BRD-K68432770	ampicillin	CHEMBL174	CHEMBL174	CHEMBL2354204	P0AD65	mrdA		PROTEIN FAMILY	Bacteria	INHIBITOR	1	0	Bacterial penicillin-binding protein inhibitor
BRD-K68432770	ampicillin	CHEMBL174	CHEMBL174	CHEMBL2354204	P08506	dacC		PROTEIN FAMILY	Bacteria	INHIBITOR	1	0	Bacterial penicillin-binding protein inhibitor
BRD-K68432770	ampicillin	CHEMBL174	CHEMBL174	CHEMBL2354204	P24228	dacB		PROTEIN FAMILY	Bacteria	INHIBITOR	1	0	Bacterial penicillin-binding protein inhibitor
BRD-K68432770	ampicillin	CHEMBL174	CHEMBL174	CHEMBL2354204	P0AD68	ftsI		PROTEIN FAMILY	Bacteria	INHIBITOR	1	0	Bacterial penicillin-binding protein inhibitor
BRD-K68432770	ampicillin	CHEMBL174	CHEMBL174	CHEMBL2354204	P02918	mrcA		PROTEIN FAMILY	Bacteria	INHIBITOR	1	0	Bacterial penicillin-binding protein inhibitor
BRD-K68432770	ampicillin	CHEMBL174	CHEMBL174	CHEMBL2354204	P02919	mrcB		PROTEIN FAMILY	Bacteria	INHIBITOR	1	0	Bacterial penicillin-binding protein inhibitor
BRD-K68432770	ampicillin	CHEMBL174	CHEMBL174	CHEMBL2354204	P0AEB2	dacA		PROTEIN FAMILY	Bacteria	INHIBITOR	1	0	Bacterial penicillin-binding protein inhibitor
BRD-K68432770	ampicillin	CHEMBL174	CHEMBL174	CHEMBL2354204	P0AD65	mrdA		PROTEIN FAMILY	Bacteria	INHIBITOR	1	0	Bacterial penicillin-binding protein inhibitor
BRD-K68432770	ampicillin	CHEMBL174	CHEMBL174	CHEMBL2354204	P08506	dacC		PROTEIN FAMILY	Bacteria	INHIBITOR	1	0	Bacterial penicillin-binding protein inhibitor
BRD-K11267252	alectinib	CHEMBL1738797	CHEMBL1738797	CHEMBL4247	Q9UM73	ALK		SINGLE PROTEIN	Homo sapiens	INHIBITOR	1	0	ALK tyrosine kinase receptor inhibitor
BRD-K11267252	alectinib	CHEMBL1738797	CHEMBL1738797	CHEMBL2041	P07949	RET		SINGLE PROTEIN	Homo sapiens	INHIBITOR	1	0	Tyrosine-protein kinase receptor RET inhibitor
BRD-K83699324	NMS-1286937	CHEMBL1738758	CHEMBL1738758	CHEMBL3024	P53350	PLK1	5347	SINGLE PROTEIN	Homo sapiens	INHIBITOR	1	1	Serine/threonine-protein kinase PLK1 inhibitor
BRD-K76694128	rebastinib	CHEMBL1738757	CHEMBL1738757	CHEMBL1862	P00519	ABL1	25	SINGLE PROTEIN	Homo sapiens	INHIBITOR	1	1	Tyrosine-protein kinase ABL inhibitor
BRD-K29735307	ostarine	CHEMBL1738889	CHEMBL1738889	CHEMBL1871	P10275	AR		SINGLE PROTEIN	Homo sapiens	MODULATOR	1	0	Androgen Receptor modulator
BRD-K11267252	alectinib	CHEMBL1738797	CHEMBL1738797	CHEMBL3883330	Q9UM73	ALK		CHIMERIC PROTEIN	Homo sapiens	INHIBITOR	1	0	EML4-ALK inhibitor
BRD-K11267252	alectinib	CHEMBL1738797	CHEMBL1738797	CHEMBL3883330	Q9HC35	EML4		CHIMERIC PROTEIN	Homo sapiens	INHIBITOR	1	0	EML4-ALK inhibitor
BRD-K82522873	N6022	CHEMBL1738699	CHEMBL1738699	CHEMBL4116	P11766	ADH5	128	SINGLE PROTEIN	Homo sapiens	INHIBITOR	1	1	Alcohol dehydrogenase class III inhibitor
BRD-K07265709	dexrazoxane	CHEMBL1738	CHEMBL1738	CHEMBL2363058				METAL		SEQUESTERING AGENT	1	0	Iron sequestering agent
BRD-K07265709	dexrazoxane	CHEMBL1738	CHEMBL1738	CHEMBL2094255	P11388	TOP2A	7153	PROTEIN FAMILY	Homo sapiens	INHIBITOR	1	1	DNA topoisomerase II inhibitor
BRD-K07265709	dexrazoxane	CHEMBL1738	CHEMBL1738	CHEMBL2094255	Q02880	TOP2B		PROTEIN FAMILY	Homo sapiens	INHIBITOR	1	0	DNA topoisomerase II inhibitor
BRD-K07265709	dexrazoxane	CHEMBL1738	CHEMBL1738	CHEMBL2094255	P11388	TOP2A	7153	PROTEIN FAMILY	Homo sapiens	INHIBITOR	1	1	DNA topoisomerase II inhibitor
BRD-K07265709	dexrazoxane	CHEMBL1738	CHEMBL1738	CHEMBL2094255	Q02880	TOP2B		PROTEIN FAMILY	Homo sapiens	INHIBITOR	1	0	DNA topoisomerase II inhibitor
BRD-K07265709	dexrazoxane	CHEMBL1738	CHEMBL1738	CHEMBL2363058				METAL		CHELATING AGENT	1	0	Iron chelating agent
BRD-K37385792	conivaptan	CHEMBL1755	CHEMBL1755	CHEMBL1790	P30518	AVPR2		SINGLE PROTEIN	Homo sapiens	ANTAGONIST	1	0	Vasopressin V2 receptor antagonist
BRD-K63343048	orlistat	CHEMBL175247	CHEMBL175247	CHEMBL1796	P07098	LIPF		SINGLE PROTEIN	Homo sapiens	INHIBITOR	1	0	Gastric lipase inhibitor
BRD-K63343048	orlistat	CHEMBL175247	CHEMBL175247	CHEMBL1812	P16233	PNLIP		SINGLE PROTEIN	Homo sapiens	INHIBITOR	1	0	Pancreatic lipase inhibitor
BRD-K36862742	hydroflumethiazide	CHEMBL1763	CHEMBL1763	CHEMBL1876	P55017	SLC12A3		SINGLE PROTEIN	Homo sapiens	INHIBITOR	1	0	Thiazide-sensitive sodium-chloride cotransporter inhibitor
BRD-K37385792	conivaptan	CHEMBL1755	CHEMBL1755	CHEMBL1889	P37288	AVPR1A		SINGLE PROTEIN	Homo sapiens	ANTAGONIST	1	0	Vasopressin V1a receptor antagonist
BRD-K61192372	capecitabine	CHEMBL1773	CHEMBL1773	CHEMBL1952	P04818	TYMS		SINGLE PROTEIN	Homo sapiens	INHIBITOR	1	0	Thymidylate synthase inhibitor
BRD-K00077635	estramustine-phosphate	CHEMBL1756	CHEMBL1756	CHEMBL242	Q92731	ESR2		SINGLE PROTEIN	Homo sapiens	MODULATOR	1	0	Estrogen receptor beta modulator
BRD-K30697463	desoximetasone	CHEMBL1766	CHEMBL1766	CHEMBL2034	P04150	NR3C1	2908	SINGLE PROTEIN	Homo sapiens	AGONIST	1	1	Glucocorticoid receptor agonist
BRD-K06240250	rilpivirine	CHEMBL175691	CHEMBL175691	CHEMBL247	Q72547	pol		SINGLE PROTEIN	Human immunodeficiency virus 1	INHIBITOR	1	0	Human immunodeficiency virus type 1 reverse transcriptase inhibitor
BRD-A00827783	dyphylline	CHEMBL1752	CHEMBL1752	CHEMBL2093863	P27815	PDE4A		PROTEIN FAMILY	Homo sapiens	INHIBITOR	1	0	Phosphodiesterase 4 inhibitor
BRD-A00827783	dyphylline	CHEMBL1752	CHEMBL1752	CHEMBL2093863	Q08499	PDE4D		PROTEIN FAMILY	Homo sapiens	INHIBITOR	1	0	Phosphodiesterase 4 inhibitor
BRD-A00827783	dyphylline	CHEMBL1752	CHEMBL1752	CHEMBL2093863	Q07343	PDE4B		PROTEIN FAMILY	Homo sapiens	INHIBITOR	1	0	Phosphodiesterase 4 inhibitor
BRD-A00827783	dyphylline	CHEMBL1752	CHEMBL1752	CHEMBL2093863	Q08493	PDE4C		PROTEIN FAMILY	Homo sapiens	INHIBITOR	1	0	Phosphodiesterase 4 inhibitor
BRD-K34022604	clofarabine	CHEMBL1750	CHEMBL1750	CHEMBL2095215	P23921	RRM1		PROTEIN COMPLEX GROUP	Homo sapiens	INHIBITOR	1	0	Ribonucleoside-diphosphate reductase RR1 inhibitor
BRD-K34022604	clofarabine	CHEMBL1750	CHEMBL1750	CHEMBL2095215	Q7LG56	RRM2B		PROTEIN COMPLEX GROUP	Homo sapiens	INHIBITOR	1	0	Ribonucleoside-diphosphate reductase RR1 inhibitor
BRD-K34022604	clofarabine	CHEMBL1750	CHEMBL1750	CHEMBL2095215	P31350	RRM2		PROTEIN COMPLEX GROUP	Homo sapiens	INHIBITOR	1	0	Ribonucleoside-diphosphate reductase RR1 inhibitor
BRD-A50157456	terbutaline	CHEMBL1760	CHEMBL1760	CHEMBL210	P07550	ADRB2	154	SINGLE PROTEIN	Homo sapiens	AGONIST	1	1	Beta-2 adrenergic receptor agonist
BRD-A00827783	dyphylline	CHEMBL1752	CHEMBL1752	CHEMBL241	Q14432	PDE3A		SINGLE PROTEIN	Homo sapiens	INHIBITOR	1	0	Phosphodiesterase 3A inhibitor
BRD-K27721098	clopidogrel	CHEMBL1771	CHEMBL1771	CHEMBL2001	Q9H244	P2RY12		SINGLE PROTEIN	Homo sapiens	ANTAGONIST	1	0	Purinergic receptor P2Y12 antagonist
BRD-K23478508	digoxin	CHEMBL1751	CHEMBL1751	CHEMBL2095186	P05023	ATP1A1		PROTEIN COMPLEX GROUP	Homo sapiens	INHIBITOR	1	0	Sodium/potassium-transporting ATPase inhibitor
BRD-K23478508	digoxin	CHEMBL1751	CHEMBL1751	CHEMBL2095186	P14415	ATP1B2		PROTEIN COMPLEX GROUP	Homo sapiens	INHIBITOR	1	0	Sodium/potassium-transporting ATPase inhibitor
BRD-K23478508	digoxin	CHEMBL1751	CHEMBL1751	CHEMBL2095186	P05026	ATP1B1	481	PROTEIN COMPLEX GROUP	Homo sapiens	INHIBITOR	1	1	Sodium/potassium-transporting ATPase inhibitor
BRD-K23478508	digoxin	CHEMBL1751	CHEMBL1751	CHEMBL2095186	P50993	ATP1A2		PROTEIN COMPLEX GROUP	Homo sapiens	INHIBITOR	1	0	Sodium/potassium-transporting ATPase inhibitor
BRD-K23478508	digoxin	CHEMBL1751	CHEMBL1751	CHEMBL2095186	P54709	ATP1B3		PROTEIN COMPLEX GROUP	Homo sapiens	INHIBITOR	1	0	Sodium/potassium-transporting ATPase inhibitor
BRD-K23478508	digoxin	CHEMBL1751	CHEMBL1751	CHEMBL2095186	P13637	ATP1A3		PROTEIN COMPLEX GROUP	Homo sapiens	INHIBITOR	1	0	Sodium/potassium-transporting ATPase inhibitor
BRD-K23478508	digoxin	CHEMBL1751	CHEMBL1751	CHEMBL2095186	Q13733	ATP1A4		PROTEIN COMPLEX GROUP	Homo sapiens	INHIBITOR	1	0	Sodium/potassium-transporting ATPase inhibitor
BRD-K23478508	digoxin	CHEMBL1751	CHEMBL1751	CHEMBL2095186	P54710	FXYD2		PROTEIN COMPLEX GROUP	Homo sapiens	INHIBITOR	1	0	Sodium/potassium-transporting ATPase inhibitor
BRD-K88043978	amikacin	CHEMBL177	CHEMBL177	CHEMBL2363135	P0A7V0	rpsB		PROTEIN NUCLEIC-ACID COMPLEX	Bacteria	INHIBITOR	1	0	Bacterial 70S ribosome inhibitor
BRD-K88043978	amikacin	CHEMBL177	CHEMBL177	CHEMBL2363135	P60723	rplD		PROTEIN NUCLEIC-ACID COMPLEX	Bacteria	INHIBITOR	1	0	Bacterial 70S ribosome inhibitor
BRD-K88043978	amikacin	CHEMBL177	CHEMBL177	CHEMBL2363135	P0AG67	rpsA		PROTEIN NUCLEIC-ACID COMPLEX	Bacteria	INHIBITOR	1	0	Bacterial 70S ribosome inhibitor
BRD-K88043978	amikacin	CHEMBL177	CHEMBL177	CHEMBL2363135	P0A7R5	rpsJ		PROTEIN NUCLEIC-ACID COMPLEX	Bacteria	INHIBITOR	1	0	Bacterial 70S ribosome inhibitor
BRD-K88043978	amikacin	CHEMBL177	CHEMBL177	CHEMBL2363135	P0A7R9	rpsK		PROTEIN NUCLEIC-ACID COMPLEX	Bacteria	INHIBITOR	1	0	Bacterial 70S ribosome inhibitor
BRD-K88043978	amikacin	CHEMBL177	CHEMBL177	CHEMBL2363135	P0A7S3	rpsL		PROTEIN NUCLEIC-ACID COMPLEX	Bacteria	INHIBITOR	1	0	Bacterial 70S ribosome inhibitor
BRD-K88043978	amikacin	CHEMBL177	CHEMBL177	CHEMBL2363135	P0A7S9	rpsM		PROTEIN NUCLEIC-ACID COMPLEX	Bacteria	INHIBITOR	1	0	Bacterial 70S ribosome inhibitor
BRD-K88043978	amikacin	CHEMBL177	CHEMBL177	CHEMBL2363135	P0AG59	rpsN		PROTEIN NUCLEIC-ACID COMPLEX	Bacteria	INHIBITOR	1	0	Bacterial 70S ribosome inhibitor
BRD-K88043978	amikacin	CHEMBL177	CHEMBL177	CHEMBL2363135	P0ADZ4	rpsO		PROTEIN NUCLEIC-ACID COMPLEX	Bacteria	INHIBITOR	1	0	Bacterial 70S ribosome inhibitor
BRD-K88043978	amikacin	CHEMBL177	CHEMBL177	CHEMBL2363135	P0A7T3	rpsP		PROTEIN NUCLEIC-ACID COMPLEX	Bacteria	INHIBITOR	1	0	Bacterial 70S ribosome inhibitor
BRD-K88043978	amikacin	CHEMBL177	CHEMBL177	CHEMBL2363135	P0AG63	rpsQ		PROTEIN NUCLEIC-ACID COMPLEX	Bacteria	INHIBITOR	1	0	Bacterial 70S ribosome inhibitor
BRD-K88043978	amikacin	CHEMBL177	CHEMBL177	CHEMBL2363135	P0A7T7	rpsR		PROTEIN NUCLEIC-ACID COMPLEX	Bacteria	INHIBITOR	1	0	Bacterial 70S ribosome inhibitor
BRD-K88043978	amikacin	CHEMBL177	CHEMBL177	CHEMBL2363135	P0A7U3	rpsS		PROTEIN NUCLEIC-ACID COMPLEX	Bacteria	INHIBITOR	1	0	Bacterial 70S ribosome inhibitor
BRD-K88043978	amikacin	CHEMBL177	CHEMBL177	CHEMBL2363135	P0A7U7	rpsT		PROTEIN NUCLEIC-ACID COMPLEX	Bacteria	INHIBITOR	1	0	Bacterial 70S ribosome inhibitor
BRD-K88043978	amikacin	CHEMBL177	CHEMBL177	CHEMBL2363135	P68679	rpsU		PROTEIN NUCLEIC-ACID COMPLEX	Bacteria	INHIBITOR	1	0	Bacterial 70S ribosome inhibitor
BRD-K88043978	amikacin	CHEMBL177	CHEMBL177	CHEMBL2363135	P0A7V3	rpsC		PROTEIN NUCLEIC-ACID COMPLEX	Bacteria	INHIBITOR	1	0	Bacterial 70S ribosome inhibitor
BRD-K88043978	amikacin	CHEMBL177	CHEMBL177	CHEMBL2363135	P0A7V8	rpsD		PROTEIN NUCLEIC-ACID COMPLEX	Bacteria	INHIBITOR	1	0	Bacterial 70S ribosome inhibitor
BRD-K88043978	amikacin	CHEMBL177	CHEMBL177	CHEMBL2363135	P0A7W1	rpsE		PROTEIN NUCLEIC-ACID COMPLEX	Bacteria	INHIBITOR	1	0	Bacterial 70S ribosome inhibitor
BRD-K88043978	amikacin	CHEMBL177	CHEMBL177	CHEMBL2363135	P02358	rpsF		PROTEIN NUCLEIC-ACID COMPLEX	Bacteria	INHIBITOR	1	0	Bacterial 70S ribosome inhibitor
BRD-K88043978	amikacin	CHEMBL177	CHEMBL177	CHEMBL2363135	P02359	rpsG		PROTEIN NUCLEIC-ACID COMPLEX	Bacteria	INHIBITOR	1	0	Bacterial 70S ribosome inhibitor
BRD-K88043978	amikacin	CHEMBL177	CHEMBL177	CHEMBL2363135	P0A7W7	rpsH		PROTEIN NUCLEIC-ACID COMPLEX	Bacteria	INHIBITOR	1	0	Bacterial 70S ribosome inhibitor
BRD-K88043978	amikacin	CHEMBL177	CHEMBL177	CHEMBL2363135	P0A7X3	rpsI		PROTEIN NUCLEIC-ACID COMPLEX	Bacteria	INHIBITOR	1	0	Bacterial 70S ribosome inhibitor
BRD-K88043978	amikacin	CHEMBL177	CHEMBL177	CHEMBL2363135	P0A7J3	rplJ		PROTEIN NUCLEIC-ACID COMPLEX	Bacteria	INHIBITOR	1	0	Bacterial 70S ribosome inhibitor
BRD-K88043978	amikacin	CHEMBL177	CHEMBL177	CHEMBL2363135	P0A7J7	rplK		PROTEIN NUCLEIC-ACID COMPLEX	Bacteria	INHIBITOR	1	0	Bacterial 70S ribosome inhibitor
BRD-K88043978	amikacin	CHEMBL177	CHEMBL177	CHEMBL2363135	P0AA10	rplM		PROTEIN NUCLEIC-ACID COMPLEX	Bacteria	INHIBITOR	1	0	Bacterial 70S ribosome inhibitor
BRD-K88043978	amikacin	CHEMBL177	CHEMBL177	CHEMBL2363135	P0ADY3	rplN		PROTEIN NUCLEIC-ACID COMPLEX	Bacteria	INHIBITOR	1	0	Bacterial 70S ribosome inhibitor
BRD-K88043978	amikacin	CHEMBL177	CHEMBL177	CHEMBL2363135	P02413	rplO		PROTEIN NUCLEIC-ACID COMPLEX	Bacteria	INHIBITOR	1	0	Bacterial 70S ribosome inhibitor
BRD-K88043978	amikacin	CHEMBL177	CHEMBL177	CHEMBL2363135	P0ADY7	rplP		PROTEIN NUCLEIC-ACID COMPLEX	Bacteria	INHIBITOR	1	0	Bacterial 70S ribosome inhibitor
BRD-K88043978	amikacin	CHEMBL177	CHEMBL177	CHEMBL2363135	P0AG44	rplQ		PROTEIN NUCLEIC-ACID COMPLEX	Bacteria	INHIBITOR	1	0	Bacterial 70S ribosome inhibitor
BRD-K88043978	amikacin	CHEMBL177	CHEMBL177	CHEMBL2363135	P0C018	rplR		PROTEIN NUCLEIC-ACID COMPLEX	Bacteria	INHIBITOR	1	0	Bacterial 70S ribosome inhibitor
BRD-K88043978	amikacin	CHEMBL177	CHEMBL177	CHEMBL2363135	P0A7K6	rplS		PROTEIN NUCLEIC-ACID COMPLEX	Bacteria	INHIBITOR	1	0	Bacterial 70S ribosome inhibitor
BRD-K88043978	amikacin	CHEMBL177	CHEMBL177	CHEMBL2363135	P0A7L0	rplA		PROTEIN NUCLEIC-ACID COMPLEX	Bacteria	INHIBITOR	1	0	Bacterial 70S ribosome inhibitor
BRD-K88043978	amikacin	CHEMBL177	CHEMBL177	CHEMBL2363135	P0A7L3	rplT		PROTEIN NUCLEIC-ACID COMPLEX	Bacteria	INHIBITOR	1	0	Bacterial 70S ribosome inhibitor
BRD-K88043978	amikacin	CHEMBL177	CHEMBL177	CHEMBL2363135	P0AG48	rplU		PROTEIN NUCLEIC-ACID COMPLEX	Bacteria	INHIBITOR	1	0	Bacterial 70S ribosome inhibitor
BRD-K88043978	amikacin	CHEMBL177	CHEMBL177	CHEMBL2363135	P61175	rplV		PROTEIN NUCLEIC-ACID COMPLEX	Bacteria	INHIBITOR	1	0	Bacterial 70S ribosome inhibitor
BRD-K88043978	amikacin	CHEMBL177	CHEMBL177	CHEMBL2363135	P0ADZ0	rplW		PROTEIN NUCLEIC-ACID COMPLEX	Bacteria	INHIBITOR	1	0	Bacterial 70S ribosome inhibitor
BRD-K88043978	amikacin	CHEMBL177	CHEMBL177	CHEMBL2363135	P60624	rplX		PROTEIN NUCLEIC-ACID COMPLEX	Bacteria	INHIBITOR	1	0	Bacterial 70S ribosome inhibitor
BRD-K88043978	amikacin	CHEMBL177	CHEMBL177	CHEMBL2363135	P68919	rplY		PROTEIN NUCLEIC-ACID COMPLEX	Bacteria	INHIBITOR	1	0	Bacterial 70S ribosome inhibitor
BRD-K88043978	amikacin	CHEMBL177	CHEMBL177	CHEMBL2363135	P0A7L8	rpmA		PROTEIN NUCLEIC-ACID COMPLEX	Bacteria	INHIBITOR	1	0	Bacterial 70S ribosome inhibitor
BRD-K88043978	amikacin	CHEMBL177	CHEMBL177	CHEMBL2363135	P0A7M2	rpmB		PROTEIN NUCLEIC-ACID COMPLEX	Bacteria	INHIBITOR	1	0	Bacterial 70S ribosome inhibitor
BRD-K88043978	amikacin	CHEMBL177	CHEMBL177	CHEMBL2363135	P0A7M6	rpmC		PROTEIN NUCLEIC-ACID COMPLEX	Bacteria	INHIBITOR	1	0	Bacterial 70S ribosome inhibitor
BRD-K88043978	amikacin	CHEMBL177	CHEMBL177	CHEMBL2363135	P60422	rplB		PROTEIN NUCLEIC-ACID COMPLEX	Bacteria	INHIBITOR	1	0	Bacterial 70S ribosome inhibitor
BRD-K88043978	amikacin	CHEMBL177	CHEMBL177	CHEMBL2363135	P0AG51	rpmD		PROTEIN NUCLEIC-ACID COMPLEX	Bacteria	INHIBITOR	1	0	Bacterial 70S ribosome inhibitor
BRD-K88043978	amikacin	CHEMBL177	CHEMBL177	CHEMBL2363135	P0A7N1	ykgM		PROTEIN NUCLEIC-ACID COMPLEX	Bacteria	INHIBITOR	1	0	Bacterial 70S ribosome inhibitor
BRD-K88043978	amikacin	CHEMBL177	CHEMBL177	CHEMBL2363135	P0A7M9	rpmE		PROTEIN NUCLEIC-ACID COMPLEX	Bacteria	INHIBITOR	1	0	Bacterial 70S ribosome inhibitor
BRD-K88043978	amikacin	CHEMBL177	CHEMBL177	CHEMBL2363135	P0A7N4	rpmF		PROTEIN NUCLEIC-ACID COMPLEX	Bacteria	INHIBITOR	1	0	Bacterial 70S ribosome inhibitor
BRD-K88043978	amikacin	CHEMBL177	CHEMBL177	CHEMBL2363135	P0A7N9	rpmG		PROTEIN NUCLEIC-ACID COMPLEX	Bacteria	INHIBITOR	1	0	Bacterial 70S ribosome inhibitor
BRD-K88043978	amikacin	CHEMBL177	CHEMBL177	CHEMBL2363135	P0A7P5	rpmH		PROTEIN NUCLEIC-ACID COMPLEX	Bacteria	INHIBITOR	1	0	Bacterial 70S ribosome inhibitor
BRD-K88043978	amikacin	CHEMBL177	CHEMBL177	CHEMBL2363135	P0A7Q1	rpmI		PROTEIN NUCLEIC-ACID COMPLEX	Bacteria	INHIBITOR	1	0	Bacterial 70S ribosome inhibitor
BRD-K88043978	amikacin	CHEMBL177	CHEMBL177	CHEMBL2363135	Q2EEQ2	rpmJ2		PROTEIN NUCLEIC-ACID COMPLEX	Bacteria	INHIBITOR	1	0	Bacterial 70S ribosome inhibitor
BRD-K88043978	amikacin	CHEMBL177	CHEMBL177	CHEMBL2363135	P0A7Q6	rpmJ1		PROTEIN NUCLEIC-ACID COMPLEX	Bacteria	INHIBITOR	1	0	Bacterial 70S ribosome inhibitor
BRD-K88043978	amikacin	CHEMBL177	CHEMBL177	CHEMBL2363135	P60438	rplC		PROTEIN NUCLEIC-ACID COMPLEX	Bacteria	INHIBITOR	1	0	Bacterial 70S ribosome inhibitor
BRD-K88043978	amikacin	CHEMBL177	CHEMBL177	CHEMBL2363135	P62399	rplE		PROTEIN NUCLEIC-ACID COMPLEX	Bacteria	INHIBITOR	1	0	Bacterial 70S ribosome inhibitor
BRD-K88043978	amikacin	CHEMBL177	CHEMBL177	CHEMBL2363135	P0AG55	rplF		PROTEIN NUCLEIC-ACID COMPLEX	Bacteria	INHIBITOR	1	0	Bacterial 70S ribosome inhibitor
BRD-K88043978	amikacin	CHEMBL177	CHEMBL177	CHEMBL2363135	P0A7K2	rplL		PROTEIN NUCLEIC-ACID COMPLEX	Bacteria	INHIBITOR	1	0	Bacterial 70S ribosome inhibitor
BRD-K49668410	clarithromycin	CHEMBL1741	CHEMBL1741	CHEMBL2363135	P0A7V0	rpsB		PROTEIN NUCLEIC-ACID COMPLEX	Bacteria	INHIBITOR	1	0	Bacterial 70S ribosome inhibitor
BRD-K49668410	clarithromycin	CHEMBL1741	CHEMBL1741	CHEMBL2363135	P60723	rplD		PROTEIN NUCLEIC-ACID COMPLEX	Bacteria	INHIBITOR	1	0	Bacterial 70S ribosome inhibitor
BRD-K49668410	clarithromycin	CHEMBL1741	CHEMBL1741	CHEMBL2363135	P0AG67	rpsA		PROTEIN NUCLEIC-ACID COMPLEX	Bacteria	INHIBITOR	1	0	Bacterial 70S ribosome inhibitor
BRD-K49668410	clarithromycin	CHEMBL1741	CHEMBL1741	CHEMBL2363135	P0A7R5	rpsJ		PROTEIN NUCLEIC-ACID COMPLEX	Bacteria	INHIBITOR	1	0	Bacterial 70S ribosome inhibitor
BRD-K49668410	clarithromycin	CHEMBL1741	CHEMBL1741	CHEMBL2363135	P0A7R9	rpsK		PROTEIN NUCLEIC-ACID COMPLEX	Bacteria	INHIBITOR	1	0	Bacterial 70S ribosome inhibitor
BRD-K49668410	clarithromycin	CHEMBL1741	CHEMBL1741	CHEMBL2363135	P0A7S3	rpsL		PROTEIN NUCLEIC-ACID COMPLEX	Bacteria	INHIBITOR	1	0	Bacterial 70S ribosome inhibitor
BRD-K49668410	clarithromycin	CHEMBL1741	CHEMBL1741	CHEMBL2363135	P0A7S9	rpsM		PROTEIN NUCLEIC-ACID COMPLEX	Bacteria	INHIBITOR	1	0	Bacterial 70S ribosome inhibitor
BRD-K49668410	clarithromycin	CHEMBL1741	CHEMBL1741	CHEMBL2363135	P0AG59	rpsN		PROTEIN NUCLEIC-ACID COMPLEX	Bacteria	INHIBITOR	1	0	Bacterial 70S ribosome inhibitor
BRD-K49668410	clarithromycin	CHEMBL1741	CHEMBL1741	CHEMBL2363135	P0ADZ4	rpsO		PROTEIN NUCLEIC-ACID COMPLEX	Bacteria	INHIBITOR	1	0	Bacterial 70S ribosome inhibitor
BRD-K49668410	clarithromycin	CHEMBL1741	CHEMBL1741	CHEMBL2363135	P0A7T3	rpsP		PROTEIN NUCLEIC-ACID COMPLEX	Bacteria	INHIBITOR	1	0	Bacterial 70S ribosome inhibitor
BRD-K49668410	clarithromycin	CHEMBL1741	CHEMBL1741	CHEMBL2363135	P0AG63	rpsQ		PROTEIN NUCLEIC-ACID COMPLEX	Bacteria	INHIBITOR	1	0	Bacterial 70S ribosome inhibitor
BRD-K49668410	clarithromycin	CHEMBL1741	CHEMBL1741	CHEMBL2363135	P0A7T7	rpsR		PROTEIN NUCLEIC-ACID COMPLEX	Bacteria	INHIBITOR	1	0	Bacterial 70S ribosome inhibitor
BRD-K49668410	clarithromycin	CHEMBL1741	CHEMBL1741	CHEMBL2363135	P0A7U3	rpsS		PROTEIN NUCLEIC-ACID COMPLEX	Bacteria	INHIBITOR	1	0	Bacterial 70S ribosome inhibitor
BRD-K49668410	clarithromycin	CHEMBL1741	CHEMBL1741	CHEMBL2363135	P0A7U7	rpsT		PROTEIN NUCLEIC-ACID COMPLEX	Bacteria	INHIBITOR	1	0	Bacterial 70S ribosome inhibitor
BRD-K49668410	clarithromycin	CHEMBL1741	CHEMBL1741	CHEMBL2363135	P68679	rpsU		PROTEIN NUCLEIC-ACID COMPLEX	Bacteria	INHIBITOR	1	0	Bacterial 70S ribosome inhibitor
BRD-K49668410	clarithromycin	CHEMBL1741	CHEMBL1741	CHEMBL2363135	P0A7V3	rpsC		PROTEIN NUCLEIC-ACID COMPLEX	Bacteria	INHIBITOR	1	0	Bacterial 70S ribosome inhibitor
BRD-K49668410	clarithromycin	CHEMBL1741	CHEMBL1741	CHEMBL2363135	P0A7V8	rpsD		PROTEIN NUCLEIC-ACID COMPLEX	Bacteria	INHIBITOR	1	0	Bacterial 70S ribosome inhibitor
BRD-K49668410	clarithromycin	CHEMBL1741	CHEMBL1741	CHEMBL2363135	P0A7W1	rpsE		PROTEIN NUCLEIC-ACID COMPLEX	Bacteria	INHIBITOR	1	0	Bacterial 70S ribosome inhibitor
BRD-K49668410	clarithromycin	CHEMBL1741	CHEMBL1741	CHEMBL2363135	P02358	rpsF		PROTEIN NUCLEIC-ACID COMPLEX	Bacteria	INHIBITOR	1	0	Bacterial 70S ribosome inhibitor
BRD-K49668410	clarithromycin	CHEMBL1741	CHEMBL1741	CHEMBL2363135	P02359	rpsG		PROTEIN NUCLEIC-ACID COMPLEX	Bacteria	INHIBITOR	1	0	Bacterial 70S ribosome inhibitor
BRD-K49668410	clarithromycin	CHEMBL1741	CHEMBL1741	CHEMBL2363135	P0A7W7	rpsH		PROTEIN NUCLEIC-ACID COMPLEX	Bacteria	INHIBITOR	1	0	Bacterial 70S ribosome inhibitor
BRD-K49668410	clarithromycin	CHEMBL1741	CHEMBL1741	CHEMBL2363135	P0A7X3	rpsI		PROTEIN NUCLEIC-ACID COMPLEX	Bacteria	INHIBITOR	1	0	Bacterial 70S ribosome inhibitor
BRD-K49668410	clarithromycin	CHEMBL1741	CHEMBL1741	CHEMBL2363135	P0A7J3	rplJ		PROTEIN NUCLEIC-ACID COMPLEX	Bacteria	INHIBITOR	1	0	Bacterial 70S ribosome inhibitor
BRD-K49668410	clarithromycin	CHEMBL1741	CHEMBL1741	CHEMBL2363135	P0A7J7	rplK		PROTEIN NUCLEIC-ACID COMPLEX	Bacteria	INHIBITOR	1	0	Bacterial 70S ribosome inhibitor
BRD-K49668410	clarithromycin	CHEMBL1741	CHEMBL1741	CHEMBL2363135	P0AA10	rplM		PROTEIN NUCLEIC-ACID COMPLEX	Bacteria	INHIBITOR	1	0	Bacterial 70S ribosome inhibitor
BRD-K49668410	clarithromycin	CHEMBL1741	CHEMBL1741	CHEMBL2363135	P0ADY3	rplN		PROTEIN NUCLEIC-ACID COMPLEX	Bacteria	INHIBITOR	1	0	Bacterial 70S ribosome inhibitor
BRD-K49668410	clarithromycin	CHEMBL1741	CHEMBL1741	CHEMBL2363135	P02413	rplO		PROTEIN NUCLEIC-ACID COMPLEX	Bacteria	INHIBITOR	1	0	Bacterial 70S ribosome inhibitor
BRD-K49668410	clarithromycin	CHEMBL1741	CHEMBL1741	CHEMBL2363135	P0ADY7	rplP		PROTEIN NUCLEIC-ACID COMPLEX	Bacteria	INHIBITOR	1	0	Bacterial 70S ribosome inhibitor
BRD-K49668410	clarithromycin	CHEMBL1741	CHEMBL1741	CHEMBL2363135	P0AG44	rplQ		PROTEIN NUCLEIC-ACID COMPLEX	Bacteria	INHIBITOR	1	0	Bacterial 70S ribosome inhibitor
BRD-K49668410	clarithromycin	CHEMBL1741	CHEMBL1741	CHEMBL2363135	P0C018	rplR		PROTEIN NUCLEIC-ACID COMPLEX	Bacteria	INHIBITOR	1	0	Bacterial 70S ribosome inhibitor
BRD-K49668410	clarithromycin	CHEMBL1741	CHEMBL1741	CHEMBL2363135	P0A7K6	rplS		PROTEIN NUCLEIC-ACID COMPLEX	Bacteria	INHIBITOR	1	0	Bacterial 70S ribosome inhibitor
BRD-K49668410	clarithromycin	CHEMBL1741	CHEMBL1741	CHEMBL2363135	P0A7L0	rplA		PROTEIN NUCLEIC-ACID COMPLEX	Bacteria	INHIBITOR	1	0	Bacterial 70S ribosome inhibitor
BRD-K49668410	clarithromycin	CHEMBL1741	CHEMBL1741	CHEMBL2363135	P0A7L3	rplT		PROTEIN NUCLEIC-ACID COMPLEX	Bacteria	INHIBITOR	1	0	Bacterial 70S ribosome inhibitor
BRD-K49668410	clarithromycin	CHEMBL1741	CHEMBL1741	CHEMBL2363135	P0AG48	rplU		PROTEIN NUCLEIC-ACID COMPLEX	Bacteria	INHIBITOR	1	0	Bacterial 70S ribosome inhibitor
BRD-K49668410	clarithromycin	CHEMBL1741	CHEMBL1741	CHEMBL2363135	P61175	rplV		PROTEIN NUCLEIC-ACID COMPLEX	Bacteria	INHIBITOR	1	0	Bacterial 70S ribosome inhibitor
BRD-K49668410	clarithromycin	CHEMBL1741	CHEMBL1741	CHEMBL2363135	P0ADZ0	rplW		PROTEIN NUCLEIC-ACID COMPLEX	Bacteria	INHIBITOR	1	0	Bacterial 70S ribosome inhibitor
BRD-K49668410	clarithromycin	CHEMBL1741	CHEMBL1741	CHEMBL2363135	P60624	rplX		PROTEIN NUCLEIC-ACID COMPLEX	Bacteria	INHIBITOR	1	0	Bacterial 70S ribosome inhibitor
BRD-K49668410	clarithromycin	CHEMBL1741	CHEMBL1741	CHEMBL2363135	P68919	rplY		PROTEIN NUCLEIC-ACID COMPLEX	Bacteria	INHIBITOR	1	0	Bacterial 70S ribosome inhibitor
BRD-K49668410	clarithromycin	CHEMBL1741	CHEMBL1741	CHEMBL2363135	P0A7L8	rpmA		PROTEIN NUCLEIC-ACID COMPLEX	Bacteria	INHIBITOR	1	0	Bacterial 70S ribosome inhibitor
BRD-K49668410	clarithromycin	CHEMBL1741	CHEMBL1741	CHEMBL2363135	P0A7M2	rpmB		PROTEIN NUCLEIC-ACID COMPLEX	Bacteria	INHIBITOR	1	0	Bacterial 70S ribosome inhibitor
BRD-K49668410	clarithromycin	CHEMBL1741	CHEMBL1741	CHEMBL2363135	P0A7M6	rpmC		PROTEIN NUCLEIC-ACID COMPLEX	Bacteria	INHIBITOR	1	0	Bacterial 70S ribosome inhibitor
BRD-K49668410	clarithromycin	CHEMBL1741	CHEMBL1741	CHEMBL2363135	P60422	rplB		PROTEIN NUCLEIC-ACID COMPLEX	Bacteria	INHIBITOR	1	0	Bacterial 70S ribosome inhibitor
BRD-K49668410	clarithromycin	CHEMBL1741	CHEMBL1741	CHEMBL2363135	P0AG51	rpmD		PROTEIN NUCLEIC-ACID COMPLEX	Bacteria	INHIBITOR	1	0	Bacterial 70S ribosome inhibitor
BRD-K49668410	clarithromycin	CHEMBL1741	CHEMBL1741	CHEMBL2363135	P0A7N1	ykgM		PROTEIN NUCLEIC-ACID COMPLEX	Bacteria	INHIBITOR	1	0	Bacterial 70S ribosome inhibitor
BRD-K49668410	clarithromycin	CHEMBL1741	CHEMBL1741	CHEMBL2363135	P0A7M9	rpmE		PROTEIN NUCLEIC-ACID COMPLEX	Bacteria	INHIBITOR	1	0	Bacterial 70S ribosome inhibitor
BRD-K49668410	clarithromycin	CHEMBL1741	CHEMBL1741	CHEMBL2363135	P0A7N4	rpmF		PROTEIN NUCLEIC-ACID COMPLEX	Bacteria	INHIBITOR	1	0	Bacterial 70S ribosome inhibitor
BRD-K49668410	clarithromycin	CHEMBL1741	CHEMBL1741	CHEMBL2363135	P0A7N9	rpmG		PROTEIN NUCLEIC-ACID COMPLEX	Bacteria	INHIBITOR	1	0	Bacterial 70S ribosome inhibitor
BRD-K49668410	clarithromycin	CHEMBL1741	CHEMBL1741	CHEMBL2363135	P0A7P5	rpmH		PROTEIN NUCLEIC-ACID COMPLEX	Bacteria	INHIBITOR	1	0	Bacterial 70S ribosome inhibitor
BRD-K49668410	clarithromycin	CHEMBL1741	CHEMBL1741	CHEMBL2363135	P0A7Q1	rpmI		PROTEIN NUCLEIC-ACID COMPLEX	Bacteria	INHIBITOR	1	0	Bacterial 70S ribosome inhibitor
BRD-K49668410	clarithromycin	CHEMBL1741	CHEMBL1741	CHEMBL2363135	Q2EEQ2	rpmJ2		PROTEIN NUCLEIC-ACID COMPLEX	Bacteria	INHIBITOR	1	0	Bacterial 70S ribosome inhibitor
BRD-K49668410	clarithromycin	CHEMBL1741	CHEMBL1741	CHEMBL2363135	P0A7Q6	rpmJ1		PROTEIN NUCLEIC-ACID COMPLEX	Bacteria	INHIBITOR	1	0	Bacterial 70S ribosome inhibitor
BRD-K49668410	clarithromycin	CHEMBL1741	CHEMBL1741	CHEMBL2363135	P60438	rplC		PROTEIN NUCLEIC-ACID COMPLEX	Bacteria	INHIBITOR	1	0	Bacterial 70S ribosome inhibitor
BRD-K49668410	clarithromycin	CHEMBL1741	CHEMBL1741	CHEMBL2363135	P62399	rplE		PROTEIN NUCLEIC-ACID COMPLEX	Bacteria	INHIBITOR	1	0	Bacterial 70S ribosome inhibitor
BRD-K49668410	clarithromycin	CHEMBL1741	CHEMBL1741	CHEMBL2363135	P0AG55	rplF		PROTEIN NUCLEIC-ACID COMPLEX	Bacteria	INHIBITOR	1	0	Bacterial 70S ribosome inhibitor
BRD-K49668410	clarithromycin	CHEMBL1741	CHEMBL1741	CHEMBL2363135	P0A7K2	rplL		PROTEIN NUCLEIC-ACID COMPLEX	Bacteria	INHIBITOR	1	0	Bacterial 70S ribosome inhibitor
BRD-K34022604	clofarabine	CHEMBL1750	CHEMBL1750	CHEMBL2311221				NUCLEIC-ACID	Homo sapiens	INHIBITOR	1	0	DNA inhibitor
BRD-K61192372	capecitabine	CHEMBL1773	CHEMBL1773	CHEMBL2311221				NUCLEIC-ACID	Homo sapiens	INHIBITOR	1	0	DNA inhibitor
BRD-K61192372	capecitabine	CHEMBL1773	CHEMBL1773	CHEMBL2311222				NUCLEIC-ACID	Homo sapiens	INHIBITOR	1	0	RNA inhibitor
BRD-K34022604	clofarabine	CHEMBL1750	CHEMBL1750	CHEMBL2363042	P09884	POLA1		PROTEIN FAMILY	Homo sapiens	INHIBITOR	1	0	DNA polymerase (alpha/delta/epsilon) inhibitor
BRD-K34022604	clofarabine	CHEMBL1750	CHEMBL1750	CHEMBL2363042	Q9HCU8	POLD4	57804	PROTEIN FAMILY	Homo sapiens	INHIBITOR	1	1	DNA polymerase (alpha/delta/epsilon) inhibitor
BRD-K34022604	clofarabine	CHEMBL1750	CHEMBL1750	CHEMBL2363042	Q15054	POLD3		PROTEIN FAMILY	Homo sapiens	INHIBITOR	1	0	DNA polymerase (alpha/delta/epsilon) inhibitor
BRD-K34022604	clofarabine	CHEMBL1750	CHEMBL1750	CHEMBL2363042	P28340	POLD1		PROTEIN FAMILY	Homo sapiens	INHIBITOR	1	0	DNA polymerase (alpha/delta/epsilon) inhibitor
BRD-K34022604	clofarabine	CHEMBL1750	CHEMBL1750	CHEMBL2363042	P49005	POLD2		PROTEIN FAMILY	Homo sapiens	INHIBITOR	1	0	DNA polymerase (alpha/delta/epsilon) inhibitor
BRD-K34022604	clofarabine	CHEMBL1750	CHEMBL1750	CHEMBL2363042	Q07864	POLE		PROTEIN FAMILY	Homo sapiens	INHIBITOR	1	0	DNA polymerase (alpha/delta/epsilon) inhibitor
BRD-K34022604	clofarabine	CHEMBL1750	CHEMBL1750	CHEMBL2363042	Q14181	POLA2		PROTEIN FAMILY	Homo sapiens	INHIBITOR	1	0	DNA polymerase (alpha/delta/epsilon) inhibitor
BRD-K34022604	clofarabine	CHEMBL1750	CHEMBL1750	CHEMBL2363042	P49642	PRIM1		PROTEIN FAMILY	Homo sapiens	INHIBITOR	1	0	DNA polymerase (alpha/delta/epsilon) inhibitor
BRD-K34022604	clofarabine	CHEMBL1750	CHEMBL1750	CHEMBL2363042	P49643	PRIM2		PROTEIN FAMILY	Homo sapiens	INHIBITOR	1	0	DNA polymerase (alpha/delta/epsilon) inhibitor
BRD-K34022604	clofarabine	CHEMBL1750	CHEMBL1750	CHEMBL2363042	P56282	POLE2	5427	PROTEIN FAMILY	Homo sapiens	INHIBITOR	1	1	DNA polymerase (alpha/delta/epsilon) inhibitor
BRD-K34022604	clofarabine	CHEMBL1750	CHEMBL1750	CHEMBL2363042	Q9NRF9	POLE3		PROTEIN FAMILY	Homo sapiens	INHIBITOR	1	0	DNA polymerase (alpha/delta/epsilon) inhibitor
BRD-A92670106	tocainide	CHEMBL1762	CHEMBL1762	CHEMBL2331043	P35498	SCN1A		PROTEIN FAMILY	Homo sapiens	BLOCKER	1	0	Sodium channel alpha subunit blocker
BRD-A92670106	tocainide	CHEMBL1762	CHEMBL1762	CHEMBL2331043	Q14524	SCN5A		PROTEIN FAMILY	Homo sapiens	BLOCKER	1	0	Sodium channel alpha subunit blocker
BRD-A92670106	tocainide	CHEMBL1762	CHEMBL1762	CHEMBL2331043	P35499	SCN4A		PROTEIN FAMILY	Homo sapiens	BLOCKER	1	0	Sodium channel alpha subunit blocker
BRD-A92670106	tocainide	CHEMBL1762	CHEMBL1762	CHEMBL2331043	Q01118	SCN7A		PROTEIN FAMILY	Homo sapiens	BLOCKER	1	0	Sodium channel alpha subunit blocker
BRD-A92670106	tocainide	CHEMBL1762	CHEMBL1762	CHEMBL2331043	Q99250	SCN2A		PROTEIN FAMILY	Homo sapiens	BLOCKER	1	0	Sodium channel alpha subunit blocker
BRD-A92670106	tocainide	CHEMBL1762	CHEMBL1762	CHEMBL2331043	Q15858	SCN9A		PROTEIN FAMILY	Homo sapiens	BLOCKER	1	0	Sodium channel alpha subunit blocker
BRD-A92670106	tocainide	CHEMBL1762	CHEMBL1762	CHEMBL2331043	Q9NY46	SCN3A		PROTEIN FAMILY	Homo sapiens	BLOCKER	1	0	Sodium channel alpha subunit blocker
BRD-A92670106	tocainide	CHEMBL1762	CHEMBL1762	CHEMBL2331043	Q9UI33	SCN11A		PROTEIN FAMILY	Homo sapiens	BLOCKER	1	0	Sodium channel alpha subunit blocker
BRD-A92670106	tocainide	CHEMBL1762	CHEMBL1762	CHEMBL2331043	Q9UQD0	SCN8A		PROTEIN FAMILY	Homo sapiens	BLOCKER	1	0	Sodium channel alpha subunit blocker
BRD-A92670106	tocainide	CHEMBL1762	CHEMBL1762	CHEMBL2331043	Q9Y5Y9	SCN10A		PROTEIN FAMILY	Homo sapiens	BLOCKER	1	0	Sodium channel alpha subunit blocker
BRD-K35559145	levomepromazine	CHEMBL1764	CHEMBL1764	CHEMBL2331075	P14416	DRD2		PROTEIN FAMILY	Homo sapiens	ANTAGONIST	1	0	D2-like dopamine receptor antagonist
BRD-K35559145	levomepromazine	CHEMBL1764	CHEMBL1764	CHEMBL2331075	P35462	DRD3		PROTEIN FAMILY	Homo sapiens	ANTAGONIST	1	0	D2-like dopamine receptor antagonist
BRD-K35559145	levomepromazine	CHEMBL1764	CHEMBL1764	CHEMBL2331075	P21917	DRD4		PROTEIN FAMILY	Homo sapiens	ANTAGONIST	1	0	D2-like dopamine receptor antagonist
BRD-A46179541	doxapram	CHEMBL1754	CHEMBL1754	CHEMBL2321613	O14649	KCNK3		SINGLE PROTEIN	Homo sapiens	BLOCKER	1	0	Potassium channel subfamily K member 3 blocker
BRD-A46179541	doxapram	CHEMBL1754	CHEMBL1754	CHEMBL2321614	Q9NPC2	KCNK9		SINGLE PROTEIN	Homo sapiens	BLOCKER	1	0	Potassium channel subfamily K member 9 blocker
BRD-K00077635	estramustine-phosphate	CHEMBL1756	CHEMBL1756	CHEMBL2311221				NUCLEIC-ACID	Homo sapiens	INHIBITOR	1	0	DNA inhibitor
BRD-K31092604	donitriptan	CHEMBL1742428	CHEMBL1742428	CHEMBL1898	P28222	HTR1B		SINGLE PROTEIN	Homo sapiens	AGONIST	1	0	Serotonin 1b (5-HT1b) receptor agonist
BRD-K31092604	donitriptan	CHEMBL1742428	CHEMBL1742428	CHEMBL1983	P28221	HTR1D		SINGLE PROTEIN	Homo sapiens	AGONIST	1	0	Serotonin 1d (5-HT1d) receptor agonist
BRD-K31092604	donitriptan	CHEMBL1742428	CHEMBL1742428	CHEMBL5071	Q9Y5Y4	PTGDR2		SINGLE PROTEIN	Homo sapiens	ANTAGONIST	1	0	G protein-coupled receptor 44 antagonist
BRD-K14965640	ibuprofen-(S)	CHEMBL175	CHEMBL175	CHEMBL2094253	P35354	PTGS2	5743	PROTEIN FAMILY	Homo sapiens	INHIBITOR	1	1	Cyclooxygenase inhibitor
BRD-K14965640	ibuprofen-(S)	CHEMBL175	CHEMBL175	CHEMBL2094253	P23219	PTGS1		PROTEIN FAMILY	Homo sapiens	INHIBITOR	1	0	Cyclooxygenase inhibitor
BRD-A67516570	lafutidine	CHEMBL1742461	CHEMBL1742461	CHEMBL1941	P25021	HRH2		SINGLE PROTEIN	Homo sapiens	ANTAGONIST	1	0	Histamine H2 receptor antagonist
BRD-K06240250	rilpivirine	CHEMBL175691	CHEMBL175691	CHEMBL247	Q72547	pol		SINGLE PROTEIN	Human immunodeficiency virus 1	INHIBITOR	1	0	Human immunodeficiency virus type 1 reverse transcriptase inhibitor
BRD-K61691541	PF-03084014	CHEMBL1770916	CHEMBL1770916	CHEMBL2094135	Q96BI3	APH1A		PROTEIN COMPLEX	Homo sapiens	INHIBITOR	1	0	Gamma-secretase inhibitor
BRD-K61691541	PF-03084014	CHEMBL1770916	CHEMBL1770916	CHEMBL2094135	Q9NZ42	PSENEN		PROTEIN COMPLEX	Homo sapiens	INHIBITOR	1	0	Gamma-secretase inhibitor
BRD-K61691541	PF-03084014	CHEMBL1770916	CHEMBL1770916	CHEMBL2094135	Q8WW43	APH1B		PROTEIN COMPLEX	Homo sapiens	INHIBITOR	1	0	Gamma-secretase inhibitor
BRD-K61691541	PF-03084014	CHEMBL1770916	CHEMBL1770916	CHEMBL2094135	P49768	PSEN1		PROTEIN COMPLEX	Homo sapiens	INHIBITOR	1	0	Gamma-secretase inhibitor
BRD-K61691541	PF-03084014	CHEMBL1770916	CHEMBL1770916	CHEMBL2094135	Q92542	NCSTN		PROTEIN COMPLEX	Homo sapiens	INHIBITOR	1	0	Gamma-secretase inhibitor
BRD-K61691541	PF-03084014	CHEMBL1770916	CHEMBL1770916	CHEMBL2094135	P49810	PSEN2		PROTEIN COMPLEX	Homo sapiens	INHIBITOR	1	0	Gamma-secretase inhibitor
BRD-K27721098	clopidogrel	CHEMBL1771	CHEMBL1771	CHEMBL2001	Q9H244	P2RY12		SINGLE PROTEIN	Homo sapiens	ANTAGONIST	1	0	Purinergic receptor P2Y12 antagonist
BRD-K61691541	PF-03084014	CHEMBL1770916	CHEMBL1770916	CHEMBL2094135	Q96BI3	APH1A		PROTEIN COMPLEX	Homo sapiens	INHIBITOR	1	0	Gamma-secretase inhibitor
BRD-K61691541	PF-03084014	CHEMBL1770916	CHEMBL1770916	CHEMBL2094135	Q9NZ42	PSENEN		PROTEIN COMPLEX	Homo sapiens	INHIBITOR	1	0	Gamma-secretase inhibitor
BRD-K61691541	PF-03084014	CHEMBL1770916	CHEMBL1770916	CHEMBL2094135	Q8WW43	APH1B		PROTEIN COMPLEX	Homo sapiens	INHIBITOR	1	0	Gamma-secretase inhibitor
BRD-K61691541	PF-03084014	CHEMBL1770916	CHEMBL1770916	CHEMBL2094135	P49768	PSEN1		PROTEIN COMPLEX	Homo sapiens	INHIBITOR	1	0	Gamma-secretase inhibitor
BRD-K61691541	PF-03084014	CHEMBL1770916	CHEMBL1770916	CHEMBL2094135	Q92542	NCSTN		PROTEIN COMPLEX	Homo sapiens	INHIBITOR	1	0	Gamma-secretase inhibitor
BRD-K61691541	PF-03084014	CHEMBL1770916	CHEMBL1770916	CHEMBL2094135	P49810	PSEN2		PROTEIN COMPLEX	Homo sapiens	INHIBITOR	1	0	Gamma-secretase inhibitor
BRD-K27721098	clopidogrel	CHEMBL1771	CHEMBL1771	CHEMBL2001	Q9H244	P2RY12		SINGLE PROTEIN	Homo sapiens	ANTAGONIST	1	0	Purinergic receptor P2Y12 antagonist
BRD-K27721098	clopidogrel	CHEMBL1771	CHEMBL1771	CHEMBL2001	Q9H244	P2RY12		SINGLE PROTEIN	Homo sapiens	ANTAGONIST	1	0	Purinergic receptor P2Y12 antagonist
BRD-K43389675	daunorubicin	CHEMBL178	CHEMBL178	CHEMBL1806	P11388	TOP2A	7153	SINGLE PROTEIN	Homo sapiens	INHIBITOR	1	1	DNA topoisomerase II alpha inhibitor
BRD-K43389675	daunorubicin	CHEMBL178	CHEMBL178	CHEMBL1806	P11388	TOP2A	7153	SINGLE PROTEIN	Homo sapiens	INHIBITOR	1	1	DNA topoisomerase II alpha inhibitor
BRD-K73109821	diazoxide	CHEMBL181	CHEMBL181	CHEMBL1886	Q14654	KCNJ11		SINGLE PROTEIN	Homo sapiens	OPENER	1	0	Potassium channel, inwardly rectifying, subfamily J, member 11 opener
BRD-K30816563	ranitidine	CHEMBL1790041	CHEMBL1790041	CHEMBL1941	P25021	HRH2		SINGLE PROTEIN	Homo sapiens	ANTAGONIST	1	0	Histamine H2 receptor antagonist
BRD-K30816563	ranitidine	CHEMBL1790041	CHEMBL1790041	CHEMBL1941	P25021	HRH2		SINGLE PROTEIN	Homo sapiens	ANTAGONIST	1	0	Histamine H2 receptor antagonist
BRD-K53972329	ruxolitinib	CHEMBL1789941	CHEMBL1789941	CHEMBL2835	P23458	JAK1		SINGLE PROTEIN	Homo sapiens	INHIBITOR	1	0	Tyrosine-protein kinase JAK1 inhibitor
BRD-K53972329	ruxolitinib	CHEMBL1789941	CHEMBL1789941	CHEMBL2971	O60674	JAK2		SINGLE PROTEIN	Homo sapiens	INHIBITOR	1	0	Tyrosine-protein kinase JAK2 inhibitor
BRD-K73109821	diazoxide	CHEMBL181	CHEMBL181	CHEMBL4770	Q15842	KCNJ8		SINGLE PROTEIN	Homo sapiens	OPENER	1	0	Potassium channel, inwardly rectifying, subfamily J, member 8 opener
BRD-K22662435	ganciclovir	CHEMBL182	CHEMBL182	CHEMBL1872	P04293			SINGLE PROTEIN	Herpes simplex virus (type 1 / strain 17)	INHIBITOR	1	0	Human herpesvirus 1 DNA polymerase inhibitor
BRD-K22662435	ganciclovir	CHEMBL182	CHEMBL182	CHEMBL1872	P04293			SINGLE PROTEIN	Herpes simplex virus (type 1 / strain 17)	INHIBITOR	1	0	Human herpesvirus 1 DNA polymerase inhibitor
BRD-K43389675	daunorubicin	CHEMBL178	CHEMBL178	CHEMBL2311221				NUCLEIC-ACID	Homo sapiens	INHIBITOR	1	0	DNA inhibitor
BRD-K43389675	daunorubicin	CHEMBL178	CHEMBL178	CHEMBL2311221				NUCLEIC-ACID	Homo sapiens	INHIBITOR	1	0	DNA inhibitor
BRD-K69932463	AZD-8055	CHEMBL1801204	CHEMBL1801204	CHEMBL2842	P42345	MTOR		SINGLE PROTEIN	Homo sapiens	INHIBITOR	1	0	Serine/threonine-protein kinase mTOR inhibitor
BRD-K85606544	neratinib	CHEMBL180022	CHEMBL180022	CHEMBL203	P00533	EGFR	1956	SINGLE PROTEIN	Homo sapiens	INHIBITOR	1	1	Epidermal growth factor receptor erbB1 inhibitor
BRD-K85606544	neratinib	CHEMBL180022	CHEMBL180022	CHEMBL1824	P04626	ERBB2	2064	SINGLE PROTEIN	Homo sapiens	INHIBITOR	1	1	Receptor protein-tyrosine kinase erbB-2 inhibitor
BRD-K36680103	omecamtiv-mecarbil	CHEMBL1800955	CHEMBL1800955	CHEMBL3831286	P12883	MYH7		PROTEIN COMPLEX	Homo sapiens	ACTIVATOR	1	0	Cardiac myosin activator
BRD-K36680103	omecamtiv-mecarbil	CHEMBL1800955	CHEMBL1800955	CHEMBL3831286	P13533	MYH6		PROTEIN COMPLEX	Homo sapiens	ACTIVATOR	1	0	Cardiac myosin activator
BRD-K36680103	omecamtiv-mecarbil	CHEMBL1800955	CHEMBL1800955	CHEMBL3831286	A7E2Y1	MYH7B		PROTEIN COMPLEX	Homo sapiens	ACTIVATOR	1	0	Cardiac myosin activator
BRD-K36680103	omecamtiv-mecarbil	CHEMBL1800955	CHEMBL1800955	CHEMBL3831286	P08590	MYL3		PROTEIN COMPLEX	Homo sapiens	ACTIVATOR	1	0	Cardiac myosin activator
BRD-K36680103	omecamtiv-mecarbil	CHEMBL1800955	CHEMBL1800955	CHEMBL3831286	P10916	MYL2		PROTEIN COMPLEX	Homo sapiens	ACTIVATOR	1	0	Cardiac myosin activator
BRD-K36680103	omecamtiv-mecarbil	CHEMBL1800955	CHEMBL1800955	CHEMBL3831286	Q01449	MYL7		PROTEIN COMPLEX	Homo sapiens	ACTIVATOR	1	0	Cardiac myosin activator
BRD-K36680103	omecamtiv-mecarbil	CHEMBL1800955	CHEMBL1800955	CHEMBL3831286	P12829	MYL4		PROTEIN COMPLEX	Homo sapiens	ACTIVATOR	1	0	Cardiac myosin activator
BRD-K32814891	reboxetine	CHEMBL180101	CHEMBL180101	CHEMBL222	P23975	SLC6A2		SINGLE PROTEIN	Homo sapiens	INHIBITOR	1	0	Norepinephrine transporter inhibitor
BRD-K43389675	daunorubicin	CHEMBL178	CHEMBL178	CHEMBL2311221				NUCLEIC-ACID	Homo sapiens	INHIBITOR	1	0	DNA inhibitor
BRD-K43389675	daunorubicin	CHEMBL178	CHEMBL178	CHEMBL1806	P11388	TOP2A	7153	SINGLE PROTEIN	Homo sapiens	INHIBITOR	1	1	DNA topoisomerase II alpha inhibitor
BRD-K30816563	ranitidine	CHEMBL1790041	CHEMBL1790041	CHEMBL1941	P25021	HRH2		SINGLE PROTEIN	Homo sapiens	ANTAGONIST	1	0	Histamine H2 receptor antagonist
BRD-A02990301	lofexidine	CHEMBL17860	CHEMBL17860	CHEMBL2095158	P08913	ADRA2A		PROTEIN FAMILY	Homo sapiens	AGONIST	1	0	Adrenergic receptor alpha-2 agonist
BRD-A02990301	lofexidine	CHEMBL17860	CHEMBL17860	CHEMBL2095158	P18825	ADRA2C		PROTEIN FAMILY	Homo sapiens	AGONIST	1	0	Adrenergic receptor alpha-2 agonist
BRD-A02990301	lofexidine	CHEMBL17860	CHEMBL17860	CHEMBL2095158	P18089	ADRA2B		PROTEIN FAMILY	Homo sapiens	AGONIST	1	0	Adrenergic receptor alpha-2 agonist
BRD-K85606544	neratinib	CHEMBL180022	CHEMBL180022	CHEMBL3009	Q15303	ERBB4		SINGLE PROTEIN	Homo sapiens	INHIBITOR	1	0	Receptor protein-tyrosine kinase erbB-4 inhibitor
BRD-K85606544	neratinib	CHEMBL180022	CHEMBL180022	CHEMBL1824	P04626	ERBB2	2064	SINGLE PROTEIN	Homo sapiens	INHIBITOR	1	1	Receptor protein-tyrosine kinase erbB-2 inhibitor
BRD-K85606544	neratinib	CHEMBL180022	CHEMBL180022	CHEMBL203	P00533	EGFR	1956	SINGLE PROTEIN	Homo sapiens	INHIBITOR	1	1	Epidermal growth factor receptor erbB1 inhibitor
BRD-K85606544	neratinib	CHEMBL180022	CHEMBL180022	CHEMBL3009	Q15303	ERBB4		SINGLE PROTEIN	Homo sapiens	INHIBITOR	1	0	Receptor protein-tyrosine kinase erbB-4 inhibitor
BRD-K25943794	blonanserin	CHEMBL178803	CHEMBL178803	CHEMBL224	P28223	HTR2A		SINGLE PROTEIN	Homo sapiens	ANTAGONIST	1	0	Serotonin 2a (5-HT2a) receptor antagonist
BRD-K25943794	blonanserin	CHEMBL178803	CHEMBL178803	CHEMBL217	P14416	DRD2		SINGLE PROTEIN	Homo sapiens	ANTAGONIST	1	0	Dopamine D2 receptor antagonist
BRD-K25943794	blonanserin	CHEMBL178803	CHEMBL178803	CHEMBL234	P35462	DRD3		SINGLE PROTEIN	Homo sapiens	ANTAGONIST	1	0	Dopamine D3 receptor antagonist
BRD-K53972329	ruxolitinib	CHEMBL1789941	CHEMBL1789941	CHEMBL2148	P52333	JAK3		SINGLE PROTEIN	Homo sapiens	INHIBITOR	1	0	Tyrosine-protein kinase JAK3 inhibitor
BRD-K53972329	ruxolitinib	CHEMBL1789941	CHEMBL1789941	CHEMBL2971	O60674	JAK2		SINGLE PROTEIN	Homo sapiens	INHIBITOR	1	0	Tyrosine-protein kinase JAK2 inhibitor
BRD-K53972329	ruxolitinib	CHEMBL1789941	CHEMBL1789941	CHEMBL2835	P23458	JAK1		SINGLE PROTEIN	Homo sapiens	INHIBITOR	1	0	Tyrosine-protein kinase JAK1 inhibitor
BRD-K53972329	ruxolitinib	CHEMBL1789941	CHEMBL1789941	CHEMBL3553	P29597	TYK2		SINGLE PROTEIN	Homo sapiens	INHIBITOR	1	0	Tyrosine-protein kinase TYK2 inhibitor
BRD-K24844714	fluorouracil	CHEMBL185	CHEMBL185	CHEMBL1952	P04818	TYMS		SINGLE PROTEIN	Homo sapiens	INHIBITOR	1	0	Thymidylate synthase inhibitor
BRD-K33240821	plerixafor	CHEMBL18442	CHEMBL18442	CHEMBL2107	P61073	CXCR4	7852	SINGLE PROTEIN	Homo sapiens	PARTIAL AGONIST	1	1	C-X-C chemokine receptor type 4 partial agonist
BRD-K05524748	dronedarone	CHEMBL184412	CHEMBL184412	CHEMBL2095229	Q13936	CACNA1C		PROTEIN FAMILY	Homo sapiens	BLOCKER	1	0	Voltage-gated L-type calcium channel blocker
BRD-K05524748	dronedarone	CHEMBL184412	CHEMBL184412	CHEMBL2095229	Q13698	CACNA1S		PROTEIN FAMILY	Homo sapiens	BLOCKER	1	0	Voltage-gated L-type calcium channel blocker
BRD-K05524748	dronedarone	CHEMBL184412	CHEMBL184412	CHEMBL2095229	Q01668	CACNA1D		PROTEIN FAMILY	Homo sapiens	BLOCKER	1	0	Voltage-gated L-type calcium channel blocker
BRD-K05524748	dronedarone	CHEMBL184412	CHEMBL184412	CHEMBL2095229	O60840	CACNA1F		PROTEIN FAMILY	Homo sapiens	BLOCKER	1	0	Voltage-gated L-type calcium channel blocker
BRD-K32318651	acyclovir	CHEMBL184	CHEMBL184	CHEMBL1872	P04293			SINGLE PROTEIN	Herpes simplex virus (type 1 / strain 17)	INHIBITOR	1	0	Human herpesvirus 1 DNA polymerase inhibitor
BRD-K32318651	acyclovir	CHEMBL184	CHEMBL184	CHEMBL1872	P04293			SINGLE PROTEIN	Herpes simplex virus (type 1 / strain 17)	INHIBITOR	1	0	Human herpesvirus 1 DNA polymerase inhibitor
BRD-K24844714	fluorouracil	CHEMBL185	CHEMBL185	CHEMBL2311221				NUCLEIC-ACID	Homo sapiens	INHIBITOR	1	0	DNA inhibitor
BRD-K24844714	fluorouracil	CHEMBL185	CHEMBL185	CHEMBL2311222				NUCLEIC-ACID	Homo sapiens	INHIBITOR	1	0	RNA inhibitor
BRD-K05524748	dronedarone	CHEMBL184412	CHEMBL184412	CHEMBL2331043	P35498	SCN1A		PROTEIN FAMILY	Homo sapiens	BLOCKER	1	0	Sodium channel alpha subunit blocker
BRD-K05524748	dronedarone	CHEMBL184412	CHEMBL184412	CHEMBL2331043	Q14524	SCN5A		PROTEIN FAMILY	Homo sapiens	BLOCKER	1	0	Sodium channel alpha subunit blocker
BRD-K05524748	dronedarone	CHEMBL184412	CHEMBL184412	CHEMBL2331043	P35499	SCN4A		PROTEIN FAMILY	Homo sapiens	BLOCKER	1	0	Sodium channel alpha subunit blocker
BRD-K05524748	dronedarone	CHEMBL184412	CHEMBL184412	CHEMBL2331043	Q01118	SCN7A		PROTEIN FAMILY	Homo sapiens	BLOCKER	1	0	Sodium channel alpha subunit blocker
BRD-K05524748	dronedarone	CHEMBL184412	CHEMBL184412	CHEMBL2331043	Q99250	SCN2A		PROTEIN FAMILY	Homo sapiens	BLOCKER	1	0	Sodium channel alpha subunit blocker
BRD-K05524748	dronedarone	CHEMBL184412	CHEMBL184412	CHEMBL2331043	Q15858	SCN9A		PROTEIN FAMILY	Homo sapiens	BLOCKER	1	0	Sodium channel alpha subunit blocker
BRD-K05524748	dronedarone	CHEMBL184412	CHEMBL184412	CHEMBL2331043	Q9NY46	SCN3A		PROTEIN FAMILY	Homo sapiens	BLOCKER	1	0	Sodium channel alpha subunit blocker
BRD-K05524748	dronedarone	CHEMBL184412	CHEMBL184412	CHEMBL2331043	Q9UI33	SCN11A		PROTEIN FAMILY	Homo sapiens	BLOCKER	1	0	Sodium channel alpha subunit blocker
BRD-K05524748	dronedarone	CHEMBL184412	CHEMBL184412	CHEMBL2331043	Q9UQD0	SCN8A		PROTEIN FAMILY	Homo sapiens	BLOCKER	1	0	Sodium channel alpha subunit blocker
BRD-K05524748	dronedarone	CHEMBL184412	CHEMBL184412	CHEMBL2331043	Q9Y5Y9	SCN10A		PROTEIN FAMILY	Homo sapiens	BLOCKER	1	0	Sodium channel alpha subunit blocker
BRD-K05524748	dronedarone	CHEMBL184412	CHEMBL184412	CHEMBL1914276	P63252	KCNJ2		SINGLE PROTEIN	Homo sapiens	BLOCKER	1	0	Inward rectifier potassium channel 2 blocker
BRD-K05524748	dronedarone	CHEMBL184412	CHEMBL184412	CHEMBL1250417	Q9Y3Q4	HCN4		SINGLE PROTEIN	Homo sapiens	BLOCKER	1	0	Potassium/sodium hyperpolarization-activated cyclic nucleotide-gated channel 4 blocker
BRD-K56405753	MK-2461	CHEMBL1822792	CHEMBL1822792	CHEMBL3717	P08581	MET		SINGLE PROTEIN	Homo sapiens	INHIBITOR	1	0	Hepatocyte growth factor receptor inhibitor
BRD-K42728290	NVP-BGJ398	CHEMBL1852688	CHEMBL1852688	CHEMBL2095217	P22607	FGFR3		PROTEIN FAMILY	Homo sapiens	INHIBITOR	1	0	Fibroblast growth factor receptor inhibitor
BRD-K42728290	NVP-BGJ398	CHEMBL1852688	CHEMBL1852688	CHEMBL2095217	P11362	FGFR1		PROTEIN FAMILY	Homo sapiens	INHIBITOR	1	0	Fibroblast growth factor receptor inhibitor
BRD-K42728290	NVP-BGJ398	CHEMBL1852688	CHEMBL1852688	CHEMBL2095217	P22455	FGFR4	2264	PROTEIN FAMILY	Homo sapiens	INHIBITOR	1	1	Fibroblast growth factor receptor inhibitor
BRD-K42728290	NVP-BGJ398	CHEMBL1852688	CHEMBL1852688	CHEMBL2095217	P21802	FGFR2	2263	PROTEIN FAMILY	Homo sapiens	INHIBITOR	1	1	Fibroblast growth factor receptor inhibitor
BRD-K58501140	TAK-875	CHEMBL1829174	CHEMBL1829174	CHEMBL4422	O14842	FFAR1		SINGLE PROTEIN	Homo sapiens	POSITIVE ALLOSTERIC MODULATOR	1	0	Free fatty acid receptor 1 positive allosteric modulator
BRD-K42728290	NVP-BGJ398	CHEMBL1852688	CHEMBL1852688	CHEMBL2095217	P22607	FGFR3		PROTEIN FAMILY	Homo sapiens	INHIBITOR	1	0	Fibroblast growth factor receptor inhibitor
BRD-K42728290	NVP-BGJ398	CHEMBL1852688	CHEMBL1852688	CHEMBL2095217	P11362	FGFR1		PROTEIN FAMILY	Homo sapiens	INHIBITOR	1	0	Fibroblast growth factor receptor inhibitor
BRD-K42728290	NVP-BGJ398	CHEMBL1852688	CHEMBL1852688	CHEMBL2095217	P22455	FGFR4	2264	PROTEIN FAMILY	Homo sapiens	INHIBITOR	1	1	Fibroblast growth factor receptor inhibitor
BRD-K42728290	NVP-BGJ398	CHEMBL1852688	CHEMBL1852688	CHEMBL2095217	P21802	FGFR2	2263	PROTEIN FAMILY	Homo sapiens	INHIBITOR	1	1	Fibroblast growth factor receptor inhibitor
BRD-K14681867	somatostatin	CHEMBL1823872	CHEMBL1823872	CHEMBL2111436	P35346	SSTR5		PROTEIN FAMILY	Homo sapiens	AGONIST	1	0	Somatostatin receptor agonist
BRD-K14681867	somatostatin	CHEMBL1823872	CHEMBL1823872	CHEMBL2111436	P30874	SSTR2		PROTEIN FAMILY	Homo sapiens	AGONIST	1	0	Somatostatin receptor agonist
BRD-K14681867	somatostatin	CHEMBL1823872	CHEMBL1823872	CHEMBL2111436	P31391	SSTR4		PROTEIN FAMILY	Homo sapiens	AGONIST	1	0	Somatostatin receptor agonist
BRD-K14681867	somatostatin	CHEMBL1823872	CHEMBL1823872	CHEMBL2111436	P30872	SSTR1		PROTEIN FAMILY	Homo sapiens	AGONIST	1	0	Somatostatin receptor agonist
BRD-K14681867	somatostatin	CHEMBL1823872	CHEMBL1823872	CHEMBL2111436	P32745	SSTR3		PROTEIN FAMILY	Homo sapiens	AGONIST	1	0	Somatostatin receptor agonist
BRD-K70301465	ibrutinib	CHEMBL1873475	CHEMBL1873475	CHEMBL5251	Q06187	BTK	695	SINGLE PROTEIN	Homo sapiens	INHIBITOR	1	1	Tyrosine-protein kinase BTK inhibitor
BRD-K12184916	NVP-BEZ235	CHEMBL1879463	CHEMBL1879463	CHEMBL2842	P42345	MTOR		SINGLE PROTEIN	Homo sapiens	INHIBITOR	1	0	Serine/threonine-protein kinase mTOR inhibitor
BRD-K12184916	NVP-BEZ235	CHEMBL1879463	CHEMBL1879463	CHEMBL3559703	P27986	PIK3R1		PROTEIN COMPLEX GROUP	Homo sapiens	INHIBITOR	1	0	PI3-kinase class I inhibitor
BRD-K12184916	NVP-BEZ235	CHEMBL1879463	CHEMBL1879463	CHEMBL3559703	P42338	PIK3CB		PROTEIN COMPLEX GROUP	Homo sapiens	INHIBITOR	1	0	PI3-kinase class I inhibitor
BRD-K12184916	NVP-BEZ235	CHEMBL1879463	CHEMBL1879463	CHEMBL3559703	P48736	PIK3CG		PROTEIN COMPLEX GROUP	Homo sapiens	INHIBITOR	1	0	PI3-kinase class I inhibitor
BRD-K12184916	NVP-BEZ235	CHEMBL1879463	CHEMBL1879463	CHEMBL3559703	P42336	PIK3CA	5290	PROTEIN COMPLEX GROUP	Homo sapiens	INHIBITOR	1	1	PI3-kinase class I inhibitor
BRD-K12184916	NVP-BEZ235	CHEMBL1879463	CHEMBL1879463	CHEMBL3559703	O00459	PIK3R2		PROTEIN COMPLEX GROUP	Homo sapiens	INHIBITOR	1	0	PI3-kinase class I inhibitor
BRD-K12184916	NVP-BEZ235	CHEMBL1879463	CHEMBL1879463	CHEMBL3559703	O00329	PIK3CD		PROTEIN COMPLEX GROUP	Homo sapiens	INHIBITOR	1	0	PI3-kinase class I inhibitor
BRD-K12184916	NVP-BEZ235	CHEMBL1879463	CHEMBL1879463	CHEMBL3559703	Q8WYR1	PIK3R5		PROTEIN COMPLEX GROUP	Homo sapiens	INHIBITOR	1	0	PI3-kinase class I inhibitor
BRD-K12184916	NVP-BEZ235	CHEMBL1879463	CHEMBL1879463	CHEMBL3559703	Q92569	PIK3R3	8503	PROTEIN COMPLEX GROUP	Homo sapiens	INHIBITOR	1	1	PI3-kinase class I inhibitor
BRD-K67080878	milrinone	CHEMBL189	CHEMBL189	CHEMBL241	Q14432	PDE3A		SINGLE PROTEIN	Homo sapiens	INHIBITOR	1	0	Phosphodiesterase 3A inhibitor
BRD-K37355418	efaproxiral	CHEMBL18901	CHEMBL18901	CHEMBL2095168	P69905	HBA1		PROTEIN COMPLEX	Homo sapiens	NEGATIVE MODULATOR	1	0	Hemoglobin HbA negative modulator
BRD-K37355418	efaproxiral	CHEMBL18901	CHEMBL18901	CHEMBL2095168	P68871	HBB		PROTEIN COMPLEX	Homo sapiens	NEGATIVE MODULATOR	1	0	Hemoglobin HbA negative modulator
BRD-K67563174	acemetacin	CHEMBL189171	CHEMBL189171	CHEMBL2094253	P35354	PTGS2	5743	PROTEIN FAMILY	Homo sapiens	INHIBITOR	1	1	Cyclooxygenase inhibitor
BRD-K67563174	acemetacin	CHEMBL189171	CHEMBL189171	CHEMBL2094253	P23219	PTGS1		PROTEIN FAMILY	Homo sapiens	INHIBITOR	1	0	Cyclooxygenase inhibitor
BRD-K97799481	theophylline	CHEMBL190	CHEMBL190	CHEMBL2093863	P27815	PDE4A		PROTEIN FAMILY	Homo sapiens	INHIBITOR	1	0	Phosphodiesterase 4 inhibitor
BRD-K97799481	theophylline	CHEMBL190	CHEMBL190	CHEMBL2093863	Q08499	PDE4D		PROTEIN FAMILY	Homo sapiens	INHIBITOR	1	0	Phosphodiesterase 4 inhibitor
BRD-K97799481	theophylline	CHEMBL190	CHEMBL190	CHEMBL2093863	Q07343	PDE4B		PROTEIN FAMILY	Homo sapiens	INHIBITOR	1	0	Phosphodiesterase 4 inhibitor
BRD-K97799481	theophylline	CHEMBL190	CHEMBL190	CHEMBL2093863	Q08493	PDE4C		PROTEIN FAMILY	Homo sapiens	INHIBITOR	1	0	Phosphodiesterase 4 inhibitor
BRD-K97799481	theophylline	CHEMBL190	CHEMBL190	CHEMBL2093863	P27815	PDE4A		PROTEIN FAMILY	Homo sapiens	INHIBITOR	1	0	Phosphodiesterase 4 inhibitor
BRD-K97799481	theophylline	CHEMBL190	CHEMBL190	CHEMBL2093863	Q08499	PDE4D		PROTEIN FAMILY	Homo sapiens	INHIBITOR	1	0	Phosphodiesterase 4 inhibitor
BRD-K97799481	theophylline	CHEMBL190	CHEMBL190	CHEMBL2093863	Q07343	PDE4B		PROTEIN FAMILY	Homo sapiens	INHIBITOR	1	0	Phosphodiesterase 4 inhibitor
BRD-K97799481	theophylline	CHEMBL190	CHEMBL190	CHEMBL2093863	Q08493	PDE4C		PROTEIN FAMILY	Homo sapiens	INHIBITOR	1	0	Phosphodiesterase 4 inhibitor
BRD-K97799481	theophylline	CHEMBL190	CHEMBL190	CHEMBL2094125	Q14432	PDE3A		PROTEIN FAMILY	Homo sapiens	INHIBITOR	1	0	Phosphodiesterase 3 inhibitor
BRD-K97799481	theophylline	CHEMBL190	CHEMBL190	CHEMBL2094125	Q13370	PDE3B		PROTEIN FAMILY	Homo sapiens	INHIBITOR	1	0	Phosphodiesterase 3 inhibitor
BRD-K97799481	theophylline	CHEMBL190	CHEMBL190	CHEMBL2094125	Q14432	PDE3A		PROTEIN FAMILY	Homo sapiens	INHIBITOR	1	0	Phosphodiesterase 3 inhibitor
BRD-K97799481	theophylline	CHEMBL190	CHEMBL190	CHEMBL2094125	Q13370	PDE3B		PROTEIN FAMILY	Homo sapiens	INHIBITOR	1	0	Phosphodiesterase 3 inhibitor
BRD-K97799481	theophylline	CHEMBL190	CHEMBL190	CHEMBL2111329	P30542	ADORA1		PROTEIN FAMILY	Homo sapiens	ANTAGONIST	1	0	Adenosine receptor antagonist
BRD-K97799481	theophylline	CHEMBL190	CHEMBL190	CHEMBL2111329	P29275	ADORA2B		PROTEIN FAMILY	Homo sapiens	ANTAGONIST	1	0	Adenosine receptor antagonist
BRD-K97799481	theophylline	CHEMBL190	CHEMBL190	CHEMBL2111329	P0DMS8	ADORA3		PROTEIN FAMILY	Homo sapiens	ANTAGONIST	1	0	Adenosine receptor antagonist
BRD-K97799481	theophylline	CHEMBL190	CHEMBL190	CHEMBL2111329	P29274	ADORA2A		PROTEIN FAMILY	Homo sapiens	ANTAGONIST	1	0	Adenosine receptor antagonist
BRD-K97799481	theophylline	CHEMBL190	CHEMBL190	CHEMBL2111329	P30542	ADORA1		PROTEIN FAMILY	Homo sapiens	ANTAGONIST	1	0	Adenosine receptor antagonist
BRD-K97799481	theophylline	CHEMBL190	CHEMBL190	CHEMBL2111329	P29275	ADORA2B		PROTEIN FAMILY	Homo sapiens	ANTAGONIST	1	0	Adenosine receptor antagonist
BRD-K97799481	theophylline	CHEMBL190	CHEMBL190	CHEMBL2111329	P0DMS8	ADORA3		PROTEIN FAMILY	Homo sapiens	ANTAGONIST	1	0	Adenosine receptor antagonist
BRD-K97799481	theophylline	CHEMBL190	CHEMBL190	CHEMBL2111329	P29274	ADORA2A		PROTEIN FAMILY	Homo sapiens	ANTAGONIST	1	0	Adenosine receptor antagonist
BRD-K51313569	palbociclib	CHEMBL189963	CHEMBL189963	CHEMBL2111455	P24385	CCND1	595	PROTEIN COMPLEX	Homo sapiens	INHIBITOR	1	1	CDK6/cyclin D1 inhibitor
BRD-K51313569	palbociclib	CHEMBL189963	CHEMBL189963	CHEMBL2111455	Q00534	CDK6	1021	PROTEIN COMPLEX	Homo sapiens	INHIBITOR	1	1	CDK6/cyclin D1 inhibitor
BRD-K51313569	palbociclib	CHEMBL189963	CHEMBL189963	CHEMBL1907601	P11802	CDK4	1019	PROTEIN COMPLEX	Homo sapiens	INHIBITOR	1	1	Cyclin-dependent kinase 4/cyclin D1 inhibitor
BRD-K51313569	palbociclib	CHEMBL189963	CHEMBL189963	CHEMBL1907601	P24385	CCND1	595	PROTEIN COMPLEX	Homo sapiens	INHIBITOR	1	1	Cyclin-dependent kinase 4/cyclin D1 inhibitor
BRD-K97799481	theophylline	CHEMBL190	CHEMBL190	CHEMBL2093863	P27815	PDE4A		PROTEIN FAMILY	Homo sapiens	INHIBITOR	1	0	Phosphodiesterase 4 inhibitor
BRD-K97799481	theophylline	CHEMBL190	CHEMBL190	CHEMBL2093863	Q08499	PDE4D		PROTEIN FAMILY	Homo sapiens	INHIBITOR	1	0	Phosphodiesterase 4 inhibitor
BRD-K97799481	theophylline	CHEMBL190	CHEMBL190	CHEMBL2093863	Q07343	PDE4B		PROTEIN FAMILY	Homo sapiens	INHIBITOR	1	0	Phosphodiesterase 4 inhibitor
BRD-K97799481	theophylline	CHEMBL190	CHEMBL190	CHEMBL2093863	Q08493	PDE4C		PROTEIN FAMILY	Homo sapiens	INHIBITOR	1	0	Phosphodiesterase 4 inhibitor
BRD-K97799481	theophylline	CHEMBL190	CHEMBL190	CHEMBL2094125	Q14432	PDE3A		PROTEIN FAMILY	Homo sapiens	INHIBITOR	1	0	Phosphodiesterase 3 inhibitor
BRD-K97799481	theophylline	CHEMBL190	CHEMBL190	CHEMBL2094125	Q13370	PDE3B		PROTEIN FAMILY	Homo sapiens	INHIBITOR	1	0	Phosphodiesterase 3 inhibitor
BRD-K97799481	theophylline	CHEMBL190	CHEMBL190	CHEMBL2111329	P30542	ADORA1		PROTEIN FAMILY	Homo sapiens	ANTAGONIST	1	0	Adenosine receptor antagonist
BRD-K97799481	theophylline	CHEMBL190	CHEMBL190	CHEMBL2111329	P29275	ADORA2B		PROTEIN FAMILY	Homo sapiens	ANTAGONIST	1	0	Adenosine receptor antagonist
BRD-K97799481	theophylline	CHEMBL190	CHEMBL190	CHEMBL2111329	P0DMS8	ADORA3		PROTEIN FAMILY	Homo sapiens	ANTAGONIST	1	0	Adenosine receptor antagonist
BRD-K97799481	theophylline	CHEMBL190	CHEMBL190	CHEMBL2111329	P29274	ADORA2A		PROTEIN FAMILY	Homo sapiens	ANTAGONIST	1	0	Adenosine receptor antagonist
BRD-K09557221	SR-147778	CHEMBL189676	CHEMBL189676	CHEMBL218	P21554	CNR1		SINGLE PROTEIN	Homo sapiens	ANTAGONIST	1	0	Cannabinoid CB1 receptor antagonist
BRD-K76205745	losartan	CHEMBL191	CHEMBL191	CHEMBL227	P30556	AGTR1		SINGLE PROTEIN	Homo sapiens	ANTAGONIST	1	0	Type-1 angiotensin II receptor antagonist
BRD-K13514097	everolimus	CHEMBL1908360	CHEMBL1908360	CHEMBL1902	P62942	FKBP1A		SINGLE PROTEIN	Homo sapiens	INHIBITOR	1	0	FK506-binding protein 1A inhibitor
BRD-K88172511	naltrexone	CHEMBL19019	CHEMBL19019	CHEMBL2095181	P41145	OPRK1		PROTEIN FAMILY	Homo sapiens	ANTAGONIST	1	0	Opioid receptors; mu/kappa/delta antagonist
BRD-K88172511	naltrexone	CHEMBL19019	CHEMBL19019	CHEMBL2095181	P41143	OPRD1		PROTEIN FAMILY	Homo sapiens	ANTAGONIST	1	0	Opioid receptors; mu/kappa/delta antagonist
BRD-K88172511	naltrexone	CHEMBL19019	CHEMBL19019	CHEMBL2095181	P35372	OPRM1		PROTEIN FAMILY	Homo sapiens	ANTAGONIST	1	0	Opioid receptors; mu/kappa/delta antagonist
BRD-K88172511	naltrexone	CHEMBL19019	CHEMBL19019	CHEMBL2095181	P41145	OPRK1		PROTEIN FAMILY	Homo sapiens	ANTAGONIST	1	0	Opioid receptors; mu/kappa/delta antagonist
BRD-K88172511	naltrexone	CHEMBL19019	CHEMBL19019	CHEMBL2095181	P41143	OPRD1		PROTEIN FAMILY	Homo sapiens	ANTAGONIST	1	0	Opioid receptors; mu/kappa/delta antagonist
BRD-K88172511	naltrexone	CHEMBL19019	CHEMBL19019	CHEMBL2095181	P35372	OPRM1		PROTEIN FAMILY	Homo sapiens	ANTAGONIST	1	0	Opioid receptors; mu/kappa/delta antagonist
BRD-K92428232	GSK-461364	CHEMBL1908394	CHEMBL1908394	CHEMBL3024	P53350	PLK1	5347	SINGLE PROTEIN	Homo sapiens	INHIBITOR	1	1	Serine/threonine-protein kinase PLK1 inhibitor
BRD-K21718444	KW-2449	CHEMBL1908397	CHEMBL1908397	CHEMBL4722	O14965	AURKA	6790	SINGLE PROTEIN	Homo sapiens	INHIBITOR	1	1	Serine/threonine-protein kinase Aurora-A inhibitor
BRD-K21718444	KW-2449	CHEMBL1908397	CHEMBL1908397	CHEMBL2185	Q96GD4	AURKB	9212	SINGLE PROTEIN	Homo sapiens	INHIBITOR	1	1	Serine/threonine-protein kinase Aurora-B inhibitor
BRD-K21718444	KW-2449	CHEMBL1908397	CHEMBL1908397	CHEMBL1974	P36888	FLT3		SINGLE PROTEIN	Homo sapiens	INHIBITOR	1	0	Tyrosine-protein kinase receptor FLT3 inhibitor
BRD-K21718444	KW-2449	CHEMBL1908397	CHEMBL1908397	CHEMBL1862	P00519	ABL1	25	SINGLE PROTEIN	Homo sapiens	INHIBITOR	1	1	Tyrosine-protein kinase ABL inhibitor
BRD-K28456624	seocalcitol	CHEMBL1908376	CHEMBL1908376	CHEMBL1977	P11473	VDR		SINGLE PROTEIN	Homo sapiens	AGONIST	1	0	Vitamin D receptor agonist
BRD-K71035033	masitinib	CHEMBL1908391	CHEMBL1908391	CHEMBL2742	P22607	FGFR3		SINGLE PROTEIN	Homo sapiens	INHIBITOR	1	0	Fibroblast growth factor receptor 3 inhibitor
BRD-K71035033	masitinib	CHEMBL1908391	CHEMBL1908391	CHEMBL1936	P10721	KIT	3815	SINGLE PROTEIN	Homo sapiens	INHIBITOR	1	1	Stem cell growth factor receptor inhibitor
BRD-K71035033	masitinib	CHEMBL1908391	CHEMBL1908391	CHEMBL2095189	P09619	PDGFRB		PROTEIN COMPLEX	Homo sapiens	INHIBITOR	1	0	Platelet-derived growth factor receptor inhibitor
BRD-K71035033	masitinib	CHEMBL1908391	CHEMBL1908391	CHEMBL2095189	P16234	PDGFRA		PROTEIN COMPLEX	Homo sapiens	INHIBITOR	1	0	Platelet-derived growth factor receptor inhibitor
BRD-K50128260	sildenafil	CHEMBL192	CHEMBL192	CHEMBL1827	O76074	PDE5A		SINGLE PROTEIN	Homo sapiens	INHIBITOR	1	0	Phosphodiesterase 5A inhibitor
BRD-K79759585	sildenafil	CHEMBL192	CHEMBL192	CHEMBL1827	O76074	PDE5A		SINGLE PROTEIN	Homo sapiens	INHIBITOR	1	0	Phosphodiesterase 5A inhibitor
BRD-K16730910	regorafenib	CHEMBL1946170	CHEMBL1946170	CHEMBL1862	P00519	ABL1	25	SINGLE PROTEIN	Homo sapiens	INHIBITOR	1	1	Tyrosine-protein kinase ABL inhibitor
BRD-K16730910	regorafenib	CHEMBL1946170	CHEMBL1946170	CHEMBL1906	P04049	RAF1		SINGLE PROTEIN	Homo sapiens	INHIBITOR	1	0	Serine/threonine-protein kinase RAF inhibitor
BRD-K16730910	regorafenib	CHEMBL1946170	CHEMBL1946170	CHEMBL1936	P10721	KIT	3815	SINGLE PROTEIN	Homo sapiens	INHIBITOR	1	1	Stem cell growth factor receptor inhibitor
BRD-K16730910	regorafenib	CHEMBL1946170	CHEMBL1946170	CHEMBL3650	P11362	FGFR1		SINGLE PROTEIN	Homo sapiens	INHIBITOR	1	0	Fibroblast growth factor receptor 1 inhibitor
BRD-K16730910	regorafenib	CHEMBL1946170	CHEMBL1946170	CHEMBL3961	Q15759	MAPK11		SINGLE PROTEIN	Homo sapiens	INHIBITOR	1	0	MAP kinase p38 beta inhibitor
BRD-K16730910	regorafenib	CHEMBL1946170	CHEMBL1946170	CHEMBL4142	P21802	FGFR2	2263	SINGLE PROTEIN	Homo sapiens	INHIBITOR	1	1	Fibroblast growth factor receptor 2 inhibitor
BRD-K16730910	regorafenib	CHEMBL1946170	CHEMBL1946170	CHEMBL4223	P42685	FRK		SINGLE PROTEIN	Homo sapiens	INHIBITOR	1	0	Tyrosine-protein kinase FRK inhibitor
BRD-K16730910	regorafenib	CHEMBL1946170	CHEMBL1946170	CHEMBL5122	Q16832	DDR2		SINGLE PROTEIN	Homo sapiens	INHIBITOR	1	0	Discoidin domain-containing receptor 2 inhibitor
BRD-K16730910	regorafenib	CHEMBL1946170	CHEMBL1946170	CHEMBL5145	P15056	BRAF		SINGLE PROTEIN	Homo sapiens	INHIBITOR	1	0	Serine/threonine-protein kinase B-raf inhibitor
BRD-K16730910	regorafenib	CHEMBL1946170	CHEMBL1946170	CHEMBL4128	Q02763	TEK		SINGLE PROTEIN	Homo sapiens	INHIBITOR	1	0	Tyrosine-protein kinase TIE-2 inhibitor
BRD-K03194791	roflumilast	CHEMBL193240	CHEMBL193240	CHEMBL2093863	P27815	PDE4A		PROTEIN FAMILY	Homo sapiens	INHIBITOR	1	0	Phosphodiesterase 4 inhibitor
BRD-K03194791	roflumilast	CHEMBL193240	CHEMBL193240	CHEMBL2093863	Q08499	PDE4D		PROTEIN FAMILY	Homo sapiens	INHIBITOR	1	0	Phosphodiesterase 4 inhibitor
BRD-K03194791	roflumilast	CHEMBL193240	CHEMBL193240	CHEMBL2093863	Q07343	PDE4B		PROTEIN FAMILY	Homo sapiens	INHIBITOR	1	0	Phosphodiesterase 4 inhibitor
BRD-K03194791	roflumilast	CHEMBL193240	CHEMBL193240	CHEMBL2093863	Q08493	PDE4C		PROTEIN FAMILY	Homo sapiens	INHIBITOR	1	0	Phosphodiesterase 4 inhibitor
BRD-K16730910	regorafenib	CHEMBL1946170	CHEMBL1946170	CHEMBL2095189	P09619	PDGFRB		PROTEIN COMPLEX	Homo sapiens	INHIBITOR	1	0	Platelet-derived growth factor receptor inhibitor
BRD-K16730910	regorafenib	CHEMBL1946170	CHEMBL1946170	CHEMBL2095189	P16234	PDGFRA		PROTEIN COMPLEX	Homo sapiens	INHIBITOR	1	0	Platelet-derived growth factor receptor inhibitor
BRD-K16730910	regorafenib	CHEMBL1946170	CHEMBL1946170	CHEMBL2095227	P17948	FLT1		PROTEIN FAMILY	Homo sapiens	INHIBITOR	1	0	Vascular endothelial growth factor receptor inhibitor
BRD-K16730910	regorafenib	CHEMBL1946170	CHEMBL1946170	CHEMBL2095227	P35916	FLT4		PROTEIN FAMILY	Homo sapiens	INHIBITOR	1	0	Vascular endothelial growth factor receptor inhibitor
BRD-K16730910	regorafenib	CHEMBL1946170	CHEMBL1946170	CHEMBL2095227	P35968	KDR		PROTEIN FAMILY	Homo sapiens	INHIBITOR	1	0	Vascular endothelial growth factor receptor inhibitor
BRD-K96354014	nifedipine	CHEMBL193	CHEMBL193	CHEMBL2095229	Q13936	CACNA1C		PROTEIN FAMILY	Homo sapiens	BLOCKER	1	0	Voltage-gated L-type calcium channel blocker
BRD-K96354014	nifedipine	CHEMBL193	CHEMBL193	CHEMBL2095229	Q13698	CACNA1S		PROTEIN FAMILY	Homo sapiens	BLOCKER	1	0	Voltage-gated L-type calcium channel blocker
BRD-K96354014	nifedipine	CHEMBL193	CHEMBL193	CHEMBL2095229	Q01668	CACNA1D		PROTEIN FAMILY	Homo sapiens	BLOCKER	1	0	Voltage-gated L-type calcium channel blocker
BRD-K96354014	nifedipine	CHEMBL193	CHEMBL193	CHEMBL2095229	O60840	CACNA1F		PROTEIN FAMILY	Homo sapiens	BLOCKER	1	0	Voltage-gated L-type calcium channel blocker
BRD-K16730910	regorafenib	CHEMBL1946170	CHEMBL1946170	CHEMBL2041	P07949	RET		SINGLE PROTEIN	Homo sapiens	INHIBITOR	1	0	Tyrosine-protein kinase receptor RET inhibitor
BRD-K26838195	AST-1306	CHEMBL1947204	CHEMBL1947204	CHEMBL203	P00533	EGFR	1956	SINGLE PROTEIN	Homo sapiens	INHIBITOR	1	1	Epidermal growth factor receptor erbB1 inhibitor
BRD-K26838195	AST-1306	CHEMBL1947204	CHEMBL1947204	CHEMBL1824	P04626	ERBB2	2064	SINGLE PROTEIN	Homo sapiens	INHIBITOR	1	1	Receptor protein-tyrosine kinase erbB-2 inhibitor
BRD-K80700417	SGI-1776	CHEMBL1952329	CHEMBL1952329	CHEMBL3559682	P11309	PIM1		PROTEIN FAMILY	Homo sapiens	INHIBITOR	1	0	Serine/threonine-protein kinase PIM inhibitor
BRD-K80700417	SGI-1776	CHEMBL1952329	CHEMBL1952329	CHEMBL3559682	Q9P1W9	PIM2		PROTEIN FAMILY	Homo sapiens	INHIBITOR	1	0	Serine/threonine-protein kinase PIM inhibitor
BRD-K80700417	SGI-1776	CHEMBL1952329	CHEMBL1952329	CHEMBL3559682	Q86V86	PIM3		PROTEIN FAMILY	Homo sapiens	INHIBITOR	1	0	Serine/threonine-protein kinase PIM inhibitor
BRD-K48213016	CC-930	CHEMBL1950289	CHEMBL1950289	CHEMBL2276	P45983	MAPK8		SINGLE PROTEIN	Homo sapiens	INHIBITOR	1	0	c-Jun N-terminal kinase 1 inhibitor
BRD-K48213016	CC-930	CHEMBL1950289	CHEMBL1950289	CHEMBL4179	P45984	MAPK9	5601	SINGLE PROTEIN	Homo sapiens	INHIBITOR	1	1	c-Jun N-terminal kinase 2 inhibitor
BRD-K48213016	CC-930	CHEMBL1950289	CHEMBL1950289	CHEMBL2637	P53779	MAPK10		SINGLE PROTEIN	Homo sapiens	INHIBITOR	1	0	c-Jun N-terminal kinase 3 inhibitor
BRD-K23228615	GDC-0980	CHEMBL1922094	CHEMBL1922094	CHEMBL2842	P42345	MTOR		SINGLE PROTEIN	Homo sapiens	INHIBITOR	1	0	Serine/threonine-protein kinase mTOR inhibitor
BRD-K23228615	GDC-0980	CHEMBL1922094	CHEMBL1922094	CHEMBL3559703	P27986	PIK3R1		PROTEIN COMPLEX GROUP	Homo sapiens	INHIBITOR	1	0	PI3-kinase class I inhibitor
BRD-K23228615	GDC-0980	CHEMBL1922094	CHEMBL1922094	CHEMBL3559703	P42338	PIK3CB		PROTEIN COMPLEX GROUP	Homo sapiens	INHIBITOR	1	0	PI3-kinase class I inhibitor
BRD-K23228615	GDC-0980	CHEMBL1922094	CHEMBL1922094	CHEMBL3559703	P48736	PIK3CG		PROTEIN COMPLEX GROUP	Homo sapiens	INHIBITOR	1	0	PI3-kinase class I inhibitor
BRD-K23228615	GDC-0980	CHEMBL1922094	CHEMBL1922094	CHEMBL3559703	P42336	PIK3CA	5290	PROTEIN COMPLEX GROUP	Homo sapiens	INHIBITOR	1	1	PI3-kinase class I inhibitor
BRD-K23228615	GDC-0980	CHEMBL1922094	CHEMBL1922094	CHEMBL3559703	O00459	PIK3R2		PROTEIN COMPLEX GROUP	Homo sapiens	INHIBITOR	1	0	PI3-kinase class I inhibitor
BRD-K23228615	GDC-0980	CHEMBL1922094	CHEMBL1922094	CHEMBL3559703	O00329	PIK3CD		PROTEIN COMPLEX GROUP	Homo sapiens	INHIBITOR	1	0	PI3-kinase class I inhibitor
BRD-K23228615	GDC-0980	CHEMBL1922094	CHEMBL1922094	CHEMBL3559703	Q8WYR1	PIK3R5		PROTEIN COMPLEX GROUP	Homo sapiens	INHIBITOR	1	0	PI3-kinase class I inhibitor
BRD-K23228615	GDC-0980	CHEMBL1922094	CHEMBL1922094	CHEMBL3559703	Q92569	PIK3R3	8503	PROTEIN COMPLEX GROUP	Homo sapiens	INHIBITOR	1	1	PI3-kinase class I inhibitor
BRD-K16732600	MK-0893	CHEMBL1933349	CHEMBL1933349	CHEMBL1985	P47871	GCGR		SINGLE PROTEIN	Homo sapiens	ANTAGONIST	1	0	Glucagon receptor antagonist
BRD-K83186168	AZD-1981	CHEMBL1914489	CHEMBL1914489	CHEMBL5071	Q9Y5Y4	PTGDR2		SINGLE PROTEIN	Homo sapiens	ANTAGONIST	1	0	G protein-coupled receptor 44 antagonist
BRD-K66911501	MK-3207	CHEMBL1910936	CHEMBL1910936	CHEMBL3798	Q16602	CALCRL		SINGLE PROTEIN	Homo sapiens	ANTAGONIST	1	0	Calcitonin gene-related peptide type 1 receptor antagonist
BRD-K58486055	reparixin	CHEMBL191413	CHEMBL191413	CHEMBL4029	P25024	CXCR1		SINGLE PROTEIN	Homo sapiens	MODULATOR	1	0	Interleukin-8 receptor A modulator
BRD-K58486055	reparixin	CHEMBL191413	CHEMBL191413	CHEMBL2434	P25025	CXCR2		SINGLE PROTEIN	Homo sapiens	MODULATOR	1	0	Interleukin-8 receptor B modulator
BRD-K77771411	moxonidine	CHEMBL19236	CHEMBL19236	CHEMBL3923	Q9Y2I1	NISCH	11188	SINGLE PROTEIN	Homo sapiens	AGONIST	1	1	Nischarin agonist
BRD-K17016787	estriol	CHEMBL193482	CHEMBL193482	CHEMBL2093866	Q92731	ESR2		PROTEIN FAMILY	Homo sapiens	MODULATOR	1	0	Estrogen receptor modulator
BRD-K17016787	estriol	CHEMBL193482	CHEMBL193482	CHEMBL2093866	P03372	ESR1		PROTEIN FAMILY	Homo sapiens	MODULATOR	1	0	Estrogen receptor modulator
BRD-A43082555	loxoprofen	CHEMBL19299	CHEMBL19299	CHEMBL2094253	P35354	PTGS2	5743	PROTEIN FAMILY	Homo sapiens	INHIBITOR	1	1	Cyclooxygenase inhibitor
BRD-A43082555	loxoprofen	CHEMBL19299	CHEMBL19299	CHEMBL2094253	P23219	PTGS1		PROTEIN FAMILY	Homo sapiens	INHIBITOR	1	0	Cyclooxygenase inhibitor
BRD-K16444452	ibudilast	CHEMBL19449	CHEMBL19449	CHEMBL2093863	P27815	PDE4A		PROTEIN FAMILY	Homo sapiens	INHIBITOR	1	0	Phosphodiesterase 4 inhibitor
BRD-K16444452	ibudilast	CHEMBL19449	CHEMBL19449	CHEMBL2093863	Q08499	PDE4D		PROTEIN FAMILY	Homo sapiens	INHIBITOR	1	0	Phosphodiesterase 4 inhibitor
BRD-K16444452	ibudilast	CHEMBL19449	CHEMBL19449	CHEMBL2093863	Q07343	PDE4B		PROTEIN FAMILY	Homo sapiens	INHIBITOR	1	0	Phosphodiesterase 4 inhibitor
BRD-K16444452	ibudilast	CHEMBL19449	CHEMBL19449	CHEMBL2093863	Q08493	PDE4C		PROTEIN FAMILY	Homo sapiens	INHIBITOR	1	0	Phosphodiesterase 4 inhibitor
BRD-K16444452	ibudilast	CHEMBL19449	CHEMBL19449	CHEMBL241	Q14432	PDE3A		SINGLE PROTEIN	Homo sapiens	INHIBITOR	1	0	Phosphodiesterase 3A inhibitor
BRD-K16444452	ibudilast	CHEMBL19449	CHEMBL19449	CHEMBL4409	Q9Y233	PDE10A		SINGLE PROTEIN	Homo sapiens	INHIBITOR	1	0	Phosphodiesterase 10A inhibitor
BRD-K16444452	ibudilast	CHEMBL19449	CHEMBL19449	CHEMBL1827	O76074	PDE5A		SINGLE PROTEIN	Homo sapiens	INHIBITOR	1	0	Phosphodiesterase 5A inhibitor
BRD-K16730910	regorafenib	CHEMBL1946170	CHEMBL1946170	CHEMBL2068	P29317	EPHA2		SINGLE PROTEIN	Homo sapiens	INHIBITOR	1	0	Ephrin type-A receptor 2 inhibitor
BRD-K16730910	regorafenib	CHEMBL1946170	CHEMBL1946170	CHEMBL2815	P04629	NTRK1		SINGLE PROTEIN	Homo sapiens	INHIBITOR	1	0	Nerve growth factor receptor Trk-A inhibitor
BRD-K16406336	methylene-blue	CHEMBL191083	CHEMBL191083	CHEMBL2111348	Q02153	GUCY1B1		PROTEIN COMPLEX GROUP	Homo sapiens	INHIBITOR	1	0	Soluble guanylate cyclase inhibitor
BRD-K16406336	methylene-blue	CHEMBL191083	CHEMBL191083	CHEMBL2111348	O75343	GUCY1B2		PROTEIN COMPLEX GROUP	Homo sapiens	INHIBITOR	1	0	Soluble guanylate cyclase inhibitor
BRD-K16406336	methylene-blue	CHEMBL191083	CHEMBL191083	CHEMBL2111348	P33402	GUCY1A2		PROTEIN COMPLEX GROUP	Homo sapiens	INHIBITOR	1	0	Soluble guanylate cyclase inhibitor
BRD-K16406336	methylene-blue	CHEMBL191083	CHEMBL191083	CHEMBL2111348	Q02108	GUCY1A1		PROTEIN COMPLEX GROUP	Homo sapiens	INHIBITOR	1	0	Soluble guanylate cyclase inhibitor
BRD-K65781196	avanafil	CHEMBL1963681	CHEMBL1963681	CHEMBL1827	O76074	PDE5A		SINGLE PROTEIN	Homo sapiens	INHIBITOR	1	0	Phosphodiesterase 5A inhibitor
BRD-K37130656	rivaroxaban	CHEMBL198362	CHEMBL198362	CHEMBL244	P00742	F10		SINGLE PROTEIN	Homo sapiens	INHIBITOR	1	0	Coagulation factor X inhibitor
BRD-K54256913	MK-1775	CHEMBL1976040	CHEMBL1976040	CHEMBL5491	P30291	WEE1		SINGLE PROTEIN	Homo sapiens	INHIBITOR	1	0	Serine/threonine-protein kinase WEE1 inhibitor
BRD-K40797222	SC-12267	CHEMBL197194	CHEMBL197194	CHEMBL1966	Q02127	DHODH		SINGLE PROTEIN	Homo sapiens	INHIBITOR	1	0	Dihydroorotate dehydrogenase inhibitor
BRD-K26701552	tegobuvir	CHEMBL1957287	CHEMBL1957287	CHEMBL4296320	O39930	NS5b		SINGLE PROTEIN	Hepacivirus hominis	INHIBITOR	1	0	RNA-directed RNA polymerase inhibitor
BRD-K43457670	acetazolamide	CHEMBL20	CHEMBL20	CHEMBL261	P00915	CA1		SINGLE PROTEIN	Homo sapiens	INHIBITOR	1	0	Carbonic anhydrase I inhibitor
BRD-K43457670	acetazolamide	CHEMBL20	CHEMBL20	CHEMBL261	P00915	CA1		SINGLE PROTEIN	Homo sapiens	INHIBITOR	1	0	Carbonic anhydrase I inhibitor
BRD-K43457670	acetazolamide	CHEMBL20	CHEMBL20	CHEMBL205	P00918	CA2		SINGLE PROTEIN	Homo sapiens	INHIBITOR	1	0	Carbonic anhydrase II inhibitor
BRD-K43457670	acetazolamide	CHEMBL20	CHEMBL20	CHEMBL205	P00918	CA2		SINGLE PROTEIN	Homo sapiens	INHIBITOR	1	0	Carbonic anhydrase II inhibitor
BRD-K35245662	ciclesonide	CHEMBL2040682	CHEMBL2040682	CHEMBL2034	P04150	NR3C1	2908	SINGLE PROTEIN	Homo sapiens	AGONIST	1	1	Glucocorticoid receptor agonist
BRD-K43457670	acetazolamide	CHEMBL20	CHEMBL20	CHEMBL3242	O43570	CA12		SINGLE PROTEIN	Homo sapiens	INHIBITOR	1	0	Carbonic anhydrase XII inhibitor
BRD-K43457670	acetazolamide	CHEMBL20	CHEMBL20	CHEMBL3242	O43570	CA12		SINGLE PROTEIN	Homo sapiens	INHIBITOR	1	0	Carbonic anhydrase XII inhibitor
BRD-K43457670	acetazolamide	CHEMBL20	CHEMBL20	CHEMBL3729	P22748	CA4		SINGLE PROTEIN	Homo sapiens	INHIBITOR	1	0	Carbonic anhydrase IV inhibitor
BRD-K43457670	acetazolamide	CHEMBL20	CHEMBL20	CHEMBL3729	P22748	CA4		SINGLE PROTEIN	Homo sapiens	INHIBITOR	1	0	Carbonic anhydrase IV inhibitor
BRD-K52818472	ivacaftor	CHEMBL2010601	CHEMBL2010601	CHEMBL4051	P13569	CFTR		SINGLE PROTEIN	Homo sapiens	POSITIVE MODULATOR	1	0	Cystic fibrosis transmembrane conductance regulator positive modulator
BRD-K09951645	dabrafenib	CHEMBL2028663	CHEMBL2028663	CHEMBL5145	P15056	BRAF		SINGLE PROTEIN	Homo sapiens	INHIBITOR	1	0	Serine/threonine-protein kinase B-raf inhibitor
BRD-K49111258	prazosin	CHEMBL2	CHEMBL2	CHEMBL2094251	P35348	ADRA1A		PROTEIN FAMILY	Homo sapiens	ANTAGONIST	1	0	Adrenergic receptor alpha-1 antagonist
BRD-K49111258	prazosin	CHEMBL2	CHEMBL2	CHEMBL2094251	P25100	ADRA1D		PROTEIN FAMILY	Homo sapiens	ANTAGONIST	1	0	Adrenergic receptor alpha-1 antagonist
BRD-K49111258	prazosin	CHEMBL2	CHEMBL2	CHEMBL2094251	P35368	ADRA1B		PROTEIN FAMILY	Homo sapiens	ANTAGONIST	1	0	Adrenergic receptor alpha-1 antagonist
BRD-K57764956	cariprazine	CHEMBL2028019	CHEMBL2028019	CHEMBL234	P35462	DRD3		SINGLE PROTEIN	Homo sapiens	MODULATOR	1	0	Dopamine D3 receptor modulator
BRD-K57764956	cariprazine	CHEMBL2028019	CHEMBL2028019	CHEMBL217	P14416	DRD2		SINGLE PROTEIN	Homo sapiens	MODULATOR	1	0	Dopamine D2 receptor modulator
BRD-K86525559	AZD-7762	CHEMBL2041933	CHEMBL2041933	CHEMBL4630	O14757	CHEK1	1111	SINGLE PROTEIN	Homo sapiens	INHIBITOR	1	1	Serine/threonine-protein kinase Chk1 inhibitor
BRD-K20722021	CEP-32496	CHEMBL2029988	CHEMBL2029988	CHEMBL5145	P15056	BRAF		SINGLE PROTEIN	Homo sapiens	INHIBITOR	1	0	Serine/threonine-protein kinase B-raf inhibitor
BRD-K20722021	CEP-32496	CHEMBL2029988	CHEMBL2029988	CHEMBL203	P00533	EGFR	1956	SINGLE PROTEIN	Homo sapiens	INHIBITOR	1	1	Epidermal growth factor receptor erbB1 inhibitor
BRD-K20722021	CEP-32496	CHEMBL2029988	CHEMBL2029988	CHEMBL2041	P07949	RET		SINGLE PROTEIN	Homo sapiens	INHIBITOR	1	0	Tyrosine-protein kinase receptor RET inhibitor
BRD-K73319509	PF-04217903	CHEMBL2001019	CHEMBL2001019	CHEMBL3717	P08581	MET		SINGLE PROTEIN	Homo sapiens	INHIBITOR	1	0	Hepatocyte growth factor receptor inhibitor
BRD-K54847683	equol	CHEMBL198877	CHEMBL198877	CHEMBL242	Q92731	ESR2		SINGLE PROTEIN	Homo sapiens	AGONIST	1	0	Estrogen receptor beta agonist
BRD-K42191735	buparlisib	CHEMBL2017974	CHEMBL2017974	CHEMBL3559703	P27986	PIK3R1		PROTEIN COMPLEX GROUP	Homo sapiens	INHIBITOR	1	0	PI3-kinase class I inhibitor
BRD-K42191735	buparlisib	CHEMBL2017974	CHEMBL2017974	CHEMBL3559703	P42338	PIK3CB		PROTEIN COMPLEX GROUP	Homo sapiens	INHIBITOR	1	0	PI3-kinase class I inhibitor
BRD-K42191735	buparlisib	CHEMBL2017974	CHEMBL2017974	CHEMBL3559703	P48736	PIK3CG		PROTEIN COMPLEX GROUP	Homo sapiens	INHIBITOR	1	0	PI3-kinase class I inhibitor
BRD-K42191735	buparlisib	CHEMBL2017974	CHEMBL2017974	CHEMBL3559703	P42336	PIK3CA	5290	PROTEIN COMPLEX GROUP	Homo sapiens	INHIBITOR	1	1	PI3-kinase class I inhibitor
BRD-K42191735	buparlisib	CHEMBL2017974	CHEMBL2017974	CHEMBL3559703	O00459	PIK3R2		PROTEIN COMPLEX GROUP	Homo sapiens	INHIBITOR	1	0	PI3-kinase class I inhibitor
BRD-K42191735	buparlisib	CHEMBL2017974	CHEMBL2017974	CHEMBL3559703	O00329	PIK3CD		PROTEIN COMPLEX GROUP	Homo sapiens	INHIBITOR	1	0	PI3-kinase class I inhibitor
BRD-K42191735	buparlisib	CHEMBL2017974	CHEMBL2017974	CHEMBL3559703	Q8WYR1	PIK3R5		PROTEIN COMPLEX GROUP	Homo sapiens	INHIBITOR	1	0	PI3-kinase class I inhibitor
BRD-K42191735	buparlisib	CHEMBL2017974	CHEMBL2017974	CHEMBL3559703	Q92569	PIK3R3	8503	PROTEIN COMPLEX GROUP	Homo sapiens	INHIBITOR	1	1	PI3-kinase class I inhibitor
BRD-K34341643	glasdegib	CHEMBL2043437	CHEMBL2043437	CHEMBL5971	Q99835	SMO		SINGLE PROTEIN	Homo sapiens	ANTAGONIST	1	0	Smoothened homolog antagonist
BRD-K19085898	darapladib	CHEMBL204021	CHEMBL204021	CHEMBL3514	Q13093	PLA2G7		SINGLE PROTEIN	Homo sapiens	INHIBITOR	1	0	LDL-associated phospholipase A2 inhibitor
BRD-K34341643	glasdegib	CHEMBL2043437	CHEMBL2043437	CHEMBL5971	Q99835	SMO		SINGLE PROTEIN	Homo sapiens	ANTAGONIST	1	0	Smoothened homolog antagonist
BRD-K88506063	KD-025	CHEMBL2005186	CHEMBL2005186	CHEMBL2973	O75116	ROCK2		SINGLE PROTEIN	Homo sapiens	INHIBITOR	1	0	Rho-associated protein kinase 2 inhibitor
BRD-K88506063	KD-025	CHEMBL2005186	CHEMBL2005186	CHEMBL2111459	O75116	ROCK2		PROTEIN FAMILY	Homo sapiens	INHIBITOR	1	0	Rho-associated protein kinase inhibitor
BRD-K88506063	KD-025	CHEMBL2005186	CHEMBL2005186	CHEMBL2111459	Q13464	ROCK1		PROTEIN FAMILY	Homo sapiens	INHIBITOR	1	0	Rho-associated protein kinase inhibitor
BRD-K94420399	PF-04136309	CHEMBL2029422	CHEMBL2029422	CHEMBL4015	P41597	CCR2		SINGLE PROTEIN	Homo sapiens	ANTAGONIST	1	0	C-C chemokine receptor type 2 antagonist
BRD-K52818472	ivacaftor	CHEMBL2010601	CHEMBL2010601	CHEMBL4051	P13569	CFTR		SINGLE PROTEIN	Homo sapiens	ACTIVATOR	1	0	Cystic fibrosis transmembrane conductance regulator activator
BRD-K90868879	canagliflozin	CHEMBL2048484	CHEMBL2048484	CHEMBL3884	P31639	SLC5A2		SINGLE PROTEIN	Homo sapiens	INHIBITOR	1	0	Sodium/glucose cotransporter 2 inhibitor
BRD-K54472332	elvitegravir	CHEMBL204656	CHEMBL204656	CHEMBL3471	Q7ZJM1			SINGLE PROTEIN	Human immunodeficiency virus 1	INHIBITOR	1	0	Human immunodeficiency virus type 1 integrase inhibitor
BRD-K51040301	cobicistat	CHEMBL2095208	CHEMBL2095208	CHEMBL2364675	P08684	CYP3A4		PROTEIN FAMILY	Homo sapiens	INHIBITOR	1	0	Cytochrome P450 3A inhibitor
BRD-K51040301	cobicistat	CHEMBL2095208	CHEMBL2095208	CHEMBL2364675	P20815	CYP3A5		PROTEIN FAMILY	Homo sapiens	INHIBITOR	1	0	Cytochrome P450 3A inhibitor
BRD-K51040301	cobicistat	CHEMBL2095208	CHEMBL2095208	CHEMBL2364675	Q9HB55	CYP3A43		PROTEIN FAMILY	Homo sapiens	INHIBITOR	1	0	Cytochrome P450 3A inhibitor
BRD-K51040301	cobicistat	CHEMBL2095208	CHEMBL2095208	CHEMBL2364675	P24462	CYP3A7		PROTEIN FAMILY	Homo sapiens	INHIBITOR	1	0	Cytochrome P450 3A inhibitor
BRD-K97428065	netupitant	CHEMBL206253	CHEMBL206253	CHEMBL249	P25103	TACR1		SINGLE PROTEIN	Homo sapiens	ANTAGONIST	1	0	Neurokinin 1 receptor antagonist
BRD-K46386702	ARRY-334543	CHEMBL2103842	CHEMBL2103842	CHEMBL203	P00533	EGFR	1956	SINGLE PROTEIN	Homo sapiens	INHIBITOR	1	1	Epidermal growth factor receptor erbB1 inhibitor
BRD-K46386702	ARRY-334543	CHEMBL2103842	CHEMBL2103842	CHEMBL1824	P04626	ERBB2	2064	SINGLE PROTEIN	Homo sapiens	INHIBITOR	1	1	Receptor protein-tyrosine kinase erbB-2 inhibitor
BRD-K84564571	telatinib	CHEMBL2079588	CHEMBL2079588	CHEMBL1936	P10721	KIT	3815	SINGLE PROTEIN	Homo sapiens	INHIBITOR	1	1	Stem cell growth factor receptor inhibitor
BRD-K84564571	telatinib	CHEMBL2079588	CHEMBL2079588	CHEMBL1913	P09619	PDGFRB		SINGLE PROTEIN	Homo sapiens	INHIBITOR	1	0	Platelet-derived growth factor receptor beta inhibitor
BRD-K84564571	telatinib	CHEMBL2079588	CHEMBL2079588	CHEMBL279	P35968	KDR		SINGLE PROTEIN	Homo sapiens	INHIBITOR	1	0	Vascular endothelial growth factor receptor 2 inhibitor
BRD-K84564571	telatinib	CHEMBL2079588	CHEMBL2079588	CHEMBL1955	P35916	FLT4		SINGLE PROTEIN	Homo sapiens	INHIBITOR	1	0	Vascular endothelial growth factor receptor 3 inhibitor
BRD-K66538826	amuvatinib	CHEMBL2103851	CHEMBL2103851	CHEMBL1974	P36888	FLT3		SINGLE PROTEIN	Homo sapiens	INHIBITOR	1	0	Tyrosine-protein kinase receptor FLT3 inhibitor
BRD-K66538826	amuvatinib	CHEMBL2103851	CHEMBL2103851	CHEMBL1936	P10721	KIT	3815	SINGLE PROTEIN	Homo sapiens	INHIBITOR	1	1	Stem cell growth factor receptor inhibitor
BRD-K66538826	amuvatinib	CHEMBL2103851	CHEMBL2103851	CHEMBL3717	P08581	MET		SINGLE PROTEIN	Homo sapiens	INHIBITOR	1	0	Hepatocyte growth factor receptor inhibitor
BRD-K66538826	amuvatinib	CHEMBL2103851	CHEMBL2103851	CHEMBL2007	P16234	PDGFRA		SINGLE PROTEIN	Homo sapiens	INHIBITOR	1	0	Platelet-derived growth factor receptor alpha inhibitor
BRD-K79595931	bavisant	CHEMBL2103862	CHEMBL2103862	CHEMBL264	Q9Y5N1	HRH3		SINGLE PROTEIN	Homo sapiens	ANTAGONIST	1	0	Histamine H3 receptor antagonist
BRD-K65991129	SB-705498	CHEMBL207433	CHEMBL207433	CHEMBL4794	Q8NER1	TRPV1		SINGLE PROTEIN	Homo sapiens	ANTAGONIST	1	0	Vanilloid receptor antagonist
BRD-K13662825	dinaciclib	CHEMBL2103840	CHEMBL2103840	CHEMBL308	P06493	CDK1	983	SINGLE PROTEIN	Homo sapiens	INHIBITOR	1	1	Cyclin-dependent kinase 1 inhibitor
BRD-K13662825	dinaciclib	CHEMBL2103840	CHEMBL2103840	CHEMBL301	P24941	CDK2	1017	SINGLE PROTEIN	Homo sapiens	INHIBITOR	1	1	Cyclin-dependent kinase 2 inhibitor
BRD-K13662825	dinaciclib	CHEMBL2103840	CHEMBL2103840	CHEMBL4036	Q00535	CDK5		SINGLE PROTEIN	Homo sapiens	INHIBITOR	1	0	Cyclin-dependent kinase 5 inhibitor
BRD-K13662825	dinaciclib	CHEMBL2103840	CHEMBL2103840	CHEMBL3116	P50750	CDK9		SINGLE PROTEIN	Homo sapiens	INHIBITOR	1	0	Cyclin-dependent kinase 9 inhibitor
BRD-K24943235	grazoprevir	CHEMBL2063090	CHEMBL2063090	CHEMBL2095231	D2K2A8			PROTEIN COMPLEX	Hepatitis C virus	INHIBITOR	1	0	Hepatitis C virus serine protease, NS3/NS4A inhibitor
BRD-K24943235	grazoprevir	CHEMBL2063090	CHEMBL2063090	CHEMBL2095231	A3EZI9	NS3		PROTEIN COMPLEX	Hepatitis C virus	INHIBITOR	1	0	Hepatitis C virus serine protease, NS3/NS4A inhibitor
BRD-K23728141	tafamidis-meglumine	CHEMBL2103837	CHEMBL2103837	CHEMBL3194	P02766	TTR		SINGLE PROTEIN	Homo sapiens	STABILISER	1	0	Transthyretin stabiliser
BRD-K92241597	tosedostat	CHEMBL2103847	CHEMBL2103847	CHEMBL3831223	P15144	ANPEP		PROTEIN FAMILY	Homo sapiens	INHIBITOR	1	0	Aminopeptidase inhibitor
BRD-K92241597	tosedostat	CHEMBL2103847	CHEMBL2103847	CHEMBL3831223	P55786	NPEPPS		PROTEIN FAMILY	Homo sapiens	INHIBITOR	1	0	Aminopeptidase inhibitor
BRD-K92241597	tosedostat	CHEMBL2103847	CHEMBL2103847	CHEMBL3831223	Q9H4A4	RNPEP		PROTEIN FAMILY	Homo sapiens	INHIBITOR	1	0	Aminopeptidase inhibitor
BRD-K92241597	tosedostat	CHEMBL2103847	CHEMBL2103847	CHEMBL3831223	P53582	METAP1		PROTEIN FAMILY	Homo sapiens	INHIBITOR	1	0	Aminopeptidase inhibitor
BRD-K92241597	tosedostat	CHEMBL2103847	CHEMBL2103847	CHEMBL3831223	Q9UIQ6	LNPEP		PROTEIN FAMILY	Homo sapiens	INHIBITOR	1	0	Aminopeptidase inhibitor
BRD-K92241597	tosedostat	CHEMBL2103847	CHEMBL2103847	CHEMBL3831223	Q9ULA0	DNPEP		PROTEIN FAMILY	Homo sapiens	INHIBITOR	1	0	Aminopeptidase inhibitor
BRD-K92241597	tosedostat	CHEMBL2103847	CHEMBL2103847	CHEMBL3831223	Q07075	ENPEP		PROTEIN FAMILY	Homo sapiens	INHIBITOR	1	0	Aminopeptidase inhibitor
BRD-K92241597	tosedostat	CHEMBL2103847	CHEMBL2103847	CHEMBL3831223	Q9NQW7	XPNPEP1	7511	PROTEIN FAMILY	Homo sapiens	INHIBITOR	1	1	Aminopeptidase inhibitor
BRD-K92241597	tosedostat	CHEMBL2103847	CHEMBL2103847	CHEMBL3831223	P28838	LAP3	51056	PROTEIN FAMILY	Homo sapiens	INHIBITOR	1	1	Aminopeptidase inhibitor
BRD-K92241597	tosedostat	CHEMBL2103847	CHEMBL2103847	CHEMBL3831223	P50579	METAP2		PROTEIN FAMILY	Homo sapiens	INHIBITOR	1	0	Aminopeptidase inhibitor
BRD-K92241597	tosedostat	CHEMBL2103847	CHEMBL2103847	CHEMBL3831223	O43895	XPNPEP2		PROTEIN FAMILY	Homo sapiens	INHIBITOR	1	0	Aminopeptidase inhibitor
BRD-K92241597	tosedostat	CHEMBL2103847	CHEMBL2103847	CHEMBL3831223	Q6P179	ERAP2		PROTEIN FAMILY	Homo sapiens	INHIBITOR	1	0	Aminopeptidase inhibitor
BRD-K92241597	tosedostat	CHEMBL2103847	CHEMBL2103847	CHEMBL3831223	Q9NZ08	ERAP1		PROTEIN FAMILY	Homo sapiens	INHIBITOR	1	0	Aminopeptidase inhibitor
BRD-K92241597	tosedostat	CHEMBL2103847	CHEMBL2103847	CHEMBL3831223	Q6Q4G3	LVRN		PROTEIN FAMILY	Homo sapiens	INHIBITOR	1	0	Aminopeptidase inhibitor
BRD-K92241597	tosedostat	CHEMBL2103847	CHEMBL2103847	CHEMBL3831223	Q8N6M6	AOPEP		PROTEIN FAMILY	Homo sapiens	INHIBITOR	1	0	Aminopeptidase inhibitor
BRD-K92241597	tosedostat	CHEMBL2103847	CHEMBL2103847	CHEMBL3831223	Q6UB28	METAP1D		PROTEIN FAMILY	Homo sapiens	INHIBITOR	1	0	Aminopeptidase inhibitor
BRD-K92241597	tosedostat	CHEMBL2103847	CHEMBL2103847	CHEMBL3831223	Q8NDH3	NPEPL1	79716	PROTEIN FAMILY	Homo sapiens	INHIBITOR	1	1	Aminopeptidase inhibitor
BRD-K92241597	tosedostat	CHEMBL2103847	CHEMBL2103847	CHEMBL3831223	Q9HAU8	RNPEPL1		PROTEIN FAMILY	Homo sapiens	INHIBITOR	1	0	Aminopeptidase inhibitor
BRD-K92241597	tosedostat	CHEMBL2103847	CHEMBL2103847	CHEMBL3831223	Q9NQH7	XPNPEP3		PROTEIN FAMILY	Homo sapiens	INHIBITOR	1	0	Aminopeptidase inhibitor
BRD-K63178091	telotristat	CHEMBL2103855	CHEMBL2103855	CHEMBL3831287	Q8IWU9	TPH2		PROTEIN FAMILY	Homo sapiens	INHIBITOR	1	0	Tryptophan 5-hydroxylase inhibitor
BRD-K63178091	telotristat	CHEMBL2103855	CHEMBL2103855	CHEMBL3831287	P17752	TPH1		PROTEIN FAMILY	Homo sapiens	INHIBITOR	1	0	Tryptophan 5-hydroxylase inhibitor
BRD-K23728141	tafamidis-meglumine	CHEMBL2103837	CHEMBL2103837	CHEMBL3194	P02766	TTR		SINGLE PROTEIN	Homo sapiens	STABILISER	1	0	Transthyretin stabiliser
BRD-K03095347	levosimendan	CHEMBL2051955	CHEMBL2051955	CHEMBL2094125	Q14432	PDE3A		PROTEIN FAMILY	Homo sapiens	INHIBITOR	1	0	Phosphodiesterase 3 inhibitor
BRD-K03095347	levosimendan	CHEMBL2051955	CHEMBL2051955	CHEMBL2094125	Q13370	PDE3B		PROTEIN FAMILY	Homo sapiens	INHIBITOR	1	0	Phosphodiesterase 3 inhibitor
BRD-K03095347	levosimendan	CHEMBL2051955	CHEMBL2051955	CHEMBL2095202	P63316	TNNC1		PROTEIN COMPLEX	Homo sapiens	POSITIVE MODULATOR	1	0	Troponin, cardiac muscle positive modulator
BRD-K03095347	levosimendan	CHEMBL2051955	CHEMBL2051955	CHEMBL2095202	P19429	TNNI3		PROTEIN COMPLEX	Homo sapiens	POSITIVE MODULATOR	1	0	Troponin, cardiac muscle positive modulator
BRD-K03095347	levosimendan	CHEMBL2051955	CHEMBL2051955	CHEMBL2095202	P45379	TNNT2		PROTEIN COMPLEX	Homo sapiens	POSITIVE MODULATOR	1	0	Troponin, cardiac muscle positive modulator
BRD-K91623615	ABT-751	CHEMBL20684	CHEMBL20684	CHEMBL3832942	P68371	TUBB4B		PROTEIN FAMILY	Homo sapiens	INHIBITOR	1	0	Tubulin beta inhibitor
BRD-K91623615	ABT-751	CHEMBL20684	CHEMBL20684	CHEMBL3832942	Q9H4B7	TUBB1		PROTEIN FAMILY	Homo sapiens	INHIBITOR	1	0	Tubulin beta inhibitor
BRD-K91623615	ABT-751	CHEMBL20684	CHEMBL20684	CHEMBL3832942	Q13509	TUBB3		PROTEIN FAMILY	Homo sapiens	INHIBITOR	1	0	Tubulin beta inhibitor
BRD-K91623615	ABT-751	CHEMBL20684	CHEMBL20684	CHEMBL3832942	P04350	TUBB4A		PROTEIN FAMILY	Homo sapiens	INHIBITOR	1	0	Tubulin beta inhibitor
BRD-K91623615	ABT-751	CHEMBL20684	CHEMBL20684	CHEMBL3832942	Q3ZCM7	TUBB8		PROTEIN FAMILY	Homo sapiens	INHIBITOR	1	0	Tubulin beta inhibitor
BRD-K91623615	ABT-751	CHEMBL20684	CHEMBL20684	CHEMBL3832942	P07437	TUBB		PROTEIN FAMILY	Homo sapiens	INHIBITOR	1	0	Tubulin beta inhibitor
BRD-K91623615	ABT-751	CHEMBL20684	CHEMBL20684	CHEMBL3832942	Q13885	TUBB2A		PROTEIN FAMILY	Homo sapiens	INHIBITOR	1	0	Tubulin beta inhibitor
BRD-K91623615	ABT-751	CHEMBL20684	CHEMBL20684	CHEMBL3832942	Q9BVA1	TUBB2B		PROTEIN FAMILY	Homo sapiens	INHIBITOR	1	0	Tubulin beta inhibitor
BRD-K91623615	ABT-751	CHEMBL20684	CHEMBL20684	CHEMBL3832942	Q9BUF5	TUBB6	84617	PROTEIN FAMILY	Homo sapiens	INHIBITOR	1	1	Tubulin beta inhibitor
BRD-K91623615	ABT-751	CHEMBL20684	CHEMBL20684	CHEMBL3832942	A6NNZ2	TUBB8B		PROTEIN FAMILY	Homo sapiens	INHIBITOR	1	0	Tubulin beta inhibitor
BRD-K12867552	PCI-24781	CHEMBL2103863	CHEMBL2103863	CHEMBL2093865	Q13547	HDAC1		PROTEIN FAMILY	Homo sapiens	INHIBITOR	1	0	Histone deacetylase inhibitor
BRD-K12867552	PCI-24781	CHEMBL2103863	CHEMBL2103863	CHEMBL2093865	O15379	HDAC3		PROTEIN FAMILY	Homo sapiens	INHIBITOR	1	0	Histone deacetylase inhibitor
BRD-K12867552	PCI-24781	CHEMBL2103863	CHEMBL2103863	CHEMBL2093865	Q9UBN7	HDAC6	10013	PROTEIN FAMILY	Homo sapiens	INHIBITOR	1	1	Histone deacetylase inhibitor
BRD-K12867552	PCI-24781	CHEMBL2103863	CHEMBL2103863	CHEMBL2093865	Q92769	HDAC2	3066	PROTEIN FAMILY	Homo sapiens	INHIBITOR	1	1	Histone deacetylase inhibitor
BRD-K12867552	PCI-24781	CHEMBL2103863	CHEMBL2103863	CHEMBL2093865	Q9UQL6	HDAC5		PROTEIN FAMILY	Homo sapiens	INHIBITOR	1	0	Histone deacetylase inhibitor
BRD-K12867552	PCI-24781	CHEMBL2103863	CHEMBL2103863	CHEMBL2093865	Q8WUI4	HDAC7		PROTEIN FAMILY	Homo sapiens	INHIBITOR	1	0	Histone deacetylase inhibitor
BRD-K12867552	PCI-24781	CHEMBL2103863	CHEMBL2103863	CHEMBL2093865	Q9BY41	HDAC8		PROTEIN FAMILY	Homo sapiens	INHIBITOR	1	0	Histone deacetylase inhibitor
BRD-K12867552	PCI-24781	CHEMBL2103863	CHEMBL2103863	CHEMBL2093865	Q96DB2	HDAC11		PROTEIN FAMILY	Homo sapiens	INHIBITOR	1	0	Histone deacetylase inhibitor
BRD-K12867552	PCI-24781	CHEMBL2103863	CHEMBL2103863	CHEMBL2093865	P56524	HDAC4		PROTEIN FAMILY	Homo sapiens	INHIBITOR	1	0	Histone deacetylase inhibitor
BRD-K12867552	PCI-24781	CHEMBL2103863	CHEMBL2103863	CHEMBL2093865	Q9UKV0	HDAC9		PROTEIN FAMILY	Homo sapiens	INHIBITOR	1	0	Histone deacetylase inhibitor
BRD-K12867552	PCI-24781	CHEMBL2103863	CHEMBL2103863	CHEMBL2093865	Q969S8	HDAC10		PROTEIN FAMILY	Homo sapiens	INHIBITOR	1	0	Histone deacetylase inhibitor
BRD-A79903587	tegafur	CHEMBL20883	CHEMBL20883	CHEMBL2311222				NUCLEIC-ACID	Homo sapiens	INHIBITOR	1	0	RNA inhibitor
BRD-A79903587	tegafur	CHEMBL20883	CHEMBL20883	CHEMBL1952	P04818	TYMS		SINGLE PROTEIN	Homo sapiens	INHIBITOR	1	0	Thymidylate synthase inhibitor
BRD-A79903587	tegafur	CHEMBL20883	CHEMBL20883	CHEMBL2311221				NUCLEIC-ACID	Homo sapiens	INHIBITOR	1	0	DNA inhibitor
BRD-A08187463	racecadotril	CHEMBL2103772	CHEMBL2103772	CHEMBL1944	P08473	MME		SINGLE PROTEIN	Homo sapiens	INHIBITOR	1	0	Neprilysin inhibitor
BRD-K51544265	cabozantinib	CHEMBL2105717	CHEMBL2105717	CHEMBL279	P35968	KDR		SINGLE PROTEIN	Homo sapiens	INHIBITOR	1	0	Vascular endothelial growth factor receptor 2 inhibitor
BRD-K12343256	trametinib	CHEMBL2103875	CHEMBL2103875	CHEMBL2964	P36507	MAP2K2		SINGLE PROTEIN	Homo sapiens	INHIBITOR	1	0	Dual specificity mitogen-activated protein kinase kinase 2 inhibitor
BRD-K12343256	trametinib	CHEMBL2103875	CHEMBL2103875	CHEMBL3587	Q02750	MAP2K1		SINGLE PROTEIN	Homo sapiens	INHIBITOR	1	0	Dual specificity mitogen-activated protein kinase kinase 1 inhibitor
BRD-K51544265	cabozantinib	CHEMBL2105717	CHEMBL2105717	CHEMBL3717	P08581	MET		SINGLE PROTEIN	Homo sapiens	INHIBITOR	1	0	Hepatocyte growth factor receptor inhibitor
BRD-K31111078	dimethyl-fumarate	CHEMBL2107333	CHEMBL2107333	CHEMBL2069156	Q14145	KEAP1	9817	SINGLE PROTEIN	Homo sapiens	INHIBITOR	1	1	Kelch-like ECH-associated protein 1 inhibitor
BRD-K53963539	vortioxetine	CHEMBL2104993	CHEMBL2104993	CHEMBL214	P08908	HTR1A		SINGLE PROTEIN	Homo sapiens	AGONIST	1	0	Serotonin 1a (5-HT1a) receptor agonist
BRD-K53963539	vortioxetine	CHEMBL2104993	CHEMBL2104993	CHEMBL228	P31645	SLC6A4		SINGLE PROTEIN	Homo sapiens	INHIBITOR	1	0	Serotonin transporter inhibitor
BRD-K53963539	vortioxetine	CHEMBL2104993	CHEMBL2104993	CHEMBL1899	P46098	HTR3A		SINGLE PROTEIN	Homo sapiens	ANTAGONIST	1	0	Serotonin 3a (5-HT3a) receptor antagonist
BRD-K84783599	riociguat	CHEMBL2107834	CHEMBL2107834	CHEMBL2111348	Q02153	GUCY1B1		PROTEIN COMPLEX GROUP	Homo sapiens	POSITIVE ALLOSTERIC MODULATOR	1	0	Soluble guanylate cyclase positive allosteric modulator
BRD-K84783599	riociguat	CHEMBL2107834	CHEMBL2107834	CHEMBL2111348	O75343	GUCY1B2		PROTEIN COMPLEX GROUP	Homo sapiens	POSITIVE ALLOSTERIC MODULATOR	1	0	Soluble guanylate cyclase positive allosteric modulator
BRD-K84783599	riociguat	CHEMBL2107834	CHEMBL2107834	CHEMBL2111348	P33402	GUCY1A2		PROTEIN COMPLEX GROUP	Homo sapiens	POSITIVE ALLOSTERIC MODULATOR	1	0	Soluble guanylate cyclase positive allosteric modulator
BRD-K84783599	riociguat	CHEMBL2107834	CHEMBL2107834	CHEMBL2111348	Q02108	GUCY1A1		PROTEIN COMPLEX GROUP	Homo sapiens	POSITIVE ALLOSTERIC MODULATOR	1	0	Soluble guanylate cyclase positive allosteric modulator
BRD-K48812570	macitentan	CHEMBL2103873	CHEMBL2103873	CHEMBL2096678	P24530	EDNRB		PROTEIN FAMILY	Homo sapiens	ANTAGONIST	1	0	Endothelin receptor, ET-A/ET-B antagonist
BRD-K48812570	macitentan	CHEMBL2103873	CHEMBL2103873	CHEMBL2096678	P25101	EDNRA		PROTEIN FAMILY	Homo sapiens	ANTAGONIST	1	0	Endothelin receptor, ET-A/ET-B antagonist
BRD-K71058253	luliconazole	CHEMBL2105689	CHEMBL2105689	CHEMBL1780	P10613	ERG11		SINGLE PROTEIN	Candida albicans (strain SC5314 / ATCC MYA-2876) (Yeast)	INHIBITOR	1	0	Cytochrome P450 51 inhibitor
BRD-K53765467	empagliflozin	CHEMBL2107830	CHEMBL2107830	CHEMBL3884	P31639	SLC5A2		SINGLE PROTEIN	Homo sapiens	INHIBITOR	1	0	Sodium/glucose cotransporter 2 inhibitor
BRD-K69236721	lumacaftor	CHEMBL2103870	CHEMBL2103870	CHEMBL4051	P13569	CFTR		SINGLE PROTEIN	Homo sapiens	STABILISER	1	0	Cystic fibrosis transmembrane conductance regulator stabiliser
BRD-K00911143	brexpiprazole	CHEMBL2105760	CHEMBL2105760	CHEMBL217	P14416	DRD2		SINGLE PROTEIN	Homo sapiens	PARTIAL AGONIST	1	0	Dopamine D2 receptor partial agonist
BRD-K00911143	brexpiprazole	CHEMBL2105760	CHEMBL2105760	CHEMBL214	P08908	HTR1A		SINGLE PROTEIN	Homo sapiens	PARTIAL AGONIST	1	0	Serotonin 1a (5-HT1a) receptor partial agonist
BRD-K00911143	brexpiprazole	CHEMBL2105760	CHEMBL2105760	CHEMBL224	P28223	HTR2A		SINGLE PROTEIN	Homo sapiens	ANTAGONIST	1	0	Serotonin 2a (5-HT2a) receptor antagonist
BRD-K19796430	sonidegib	CHEMBL2105737	CHEMBL2105737	CHEMBL5971	Q99835	SMO		SINGLE PROTEIN	Homo sapiens	INHIBITOR	1	0	Smoothened homolog inhibitor
BRD-K75024268	lesinurad	CHEMBL2105720	CHEMBL2105720	CHEMBL6120	Q96S37	SLC22A12		SINGLE PROTEIN	Homo sapiens	INHIBITOR	1	0	Solute carrier family 22 member 12 inhibitor
BRD-K83794243	palovarotene	CHEMBL2105648	CHEMBL2105648	CHEMBL2003	P13631	RARG		SINGLE PROTEIN	Homo sapiens	AGONIST	1	0	Retinoic acid receptor gamma agonist
BRD-K89014967	AS-703026	CHEMBL2107832	CHEMBL2107832	CHEMBL3587	Q02750	MAP2K1		SINGLE PROTEIN	Homo sapiens	INHIBITOR	1	0	Dual specificity mitogen-activated protein kinase kinase 1 inhibitor
BRD-K89014967	AS-703026	CHEMBL2107832	CHEMBL2107832	CHEMBL2964	P36507	MAP2K2		SINGLE PROTEIN	Homo sapiens	INHIBITOR	1	0	Dual specificity mitogen-activated protein kinase kinase 2 inhibitor
BRD-K25630527	LY-2784544	CHEMBL2107823	CHEMBL2107823	CHEMBL2971	O60674	JAK2		SINGLE PROTEIN	Homo sapiens	INHIBITOR	1	0	Tyrosine-protein kinase JAK2 inhibitor
BRD-A00147595	balaglitazone	CHEMBL2103991	CHEMBL2103991	CHEMBL235	P37231	PPARG	5468	SINGLE PROTEIN	Homo sapiens	PARTIAL AGONIST	1	1	Peroxisome proliferator-activated receptor gamma partial agonist
BRD-K33379087	tivantinib	CHEMBL2103882	CHEMBL2103882	CHEMBL3717	P08581	MET		SINGLE PROTEIN	Homo sapiens	INHIBITOR	1	0	Hepatocyte growth factor receptor inhibitor
BRD-K53581288	baricitinib	CHEMBL2105759	CHEMBL2105759	CHEMBL2835	P23458	JAK1		SINGLE PROTEIN	Homo sapiens	INHIBITOR	1	0	Tyrosine-protein kinase JAK1 inhibitor
BRD-K53581288	baricitinib	CHEMBL2105759	CHEMBL2105759	CHEMBL2971	O60674	JAK2		SINGLE PROTEIN	Homo sapiens	INHIBITOR	1	0	Tyrosine-protein kinase JAK2 inhibitor
BRD-K38852836	ganetespib	CHEMBL2103879	CHEMBL2103879	CHEMBL2095165	P07900	HSP90AA1		PROTEIN FAMILY	Homo sapiens	INHIBITOR	1	0	Heat shock protein HSP90 inhibitor
BRD-K38852836	ganetespib	CHEMBL2103879	CHEMBL2103879	CHEMBL2095165	P08238	HSP90AB1		PROTEIN FAMILY	Homo sapiens	INHIBITOR	1	0	Heat shock protein HSP90 inhibitor
BRD-K17513304	firategrast	CHEMBL2104967	CHEMBL2104967	CHEMBL1907599	P05556	ITGB1		PROTEIN COMPLEX	Homo sapiens	ANTAGONIST	1	0	Integrin alpha-4/beta-1 antagonist
BRD-K17513304	firategrast	CHEMBL2104967	CHEMBL2104967	CHEMBL1907599	P13612	ITGA4		PROTEIN COMPLEX	Homo sapiens	ANTAGONIST	1	0	Integrin alpha-4/beta-1 antagonist
BRD-K17513304	firategrast	CHEMBL2104967	CHEMBL2104967	CHEMBL2095184	P13612	ITGA4		PROTEIN COMPLEX	Homo sapiens	ANTAGONIST	1	0	Integrin alpha-4/beta-7 antagonist
BRD-K17513304	firategrast	CHEMBL2104967	CHEMBL2104967	CHEMBL2095184	P26010	ITGB7		PROTEIN COMPLEX	Homo sapiens	ANTAGONIST	1	0	Integrin alpha-4/beta-7 antagonist
BRD-K12343256	trametinib	CHEMBL2103875	CHEMBL2103875	CHEMBL2111289	P36507	MAP2K2		PROTEIN FAMILY	Homo sapiens	INHIBITOR	1	0	Dual specificity mitogen-activated protein kinase kinase; MEK1/2 inhibitor
BRD-K12343256	trametinib	CHEMBL2103875	CHEMBL2103875	CHEMBL2111289	Q02750	MAP2K1		PROTEIN FAMILY	Homo sapiens	INHIBITOR	1	0	Dual specificity mitogen-activated protein kinase kinase; MEK1/2 inhibitor
BRD-K15426076	iguratimod	CHEMBL2107455	CHEMBL2107455	CHEMBL2085	P14174	MIF	4282	SINGLE PROTEIN	Homo sapiens	INHIBITOR	1	1	Macrophage migration inhibitory factor inhibitor
BRD-K15426076	iguratimod	CHEMBL2107455	CHEMBL2107455	CHEMBL4523586	O43734	TRAF3IP2		SINGLE PROTEIN	Homo sapiens	INHIBITOR	1	0	E3 ubiquitin ligase TRAF3IP2 inhibitor
BRD-K93869735	taltirelin	CHEMBL2107016	CHEMBL2107016	CHEMBL1810	P34981	TRHR		SINGLE PROTEIN	Homo sapiens	AGONIST	1	0	Thyrotropin-releasing hormone receptor agonist
BRD-K15426076	iguratimod	CHEMBL2107455	CHEMBL2107455	CHEMBL230	P35354	PTGS2	5743	SINGLE PROTEIN	Homo sapiens	INHIBITOR	1	1	Cyclooxygenase-2 inhibitor
BRD-K96740444	itopride	CHEMBL2107457	CHEMBL2107457	CHEMBL217	P14416	DRD2		SINGLE PROTEIN	Homo sapiens	ANTAGONIST	1	0	Dopamine D2 receptor antagonist
BRD-K96740444	itopride	CHEMBL2107457	CHEMBL2107457	CHEMBL220	P22303	ACHE		SINGLE PROTEIN	Homo sapiens	INHIBITOR	1	0	Acetylcholinesterase inhibitor
BRD-K83837640	JNJ-26481585	CHEMBL2105763	CHEMBL2105763	CHEMBL2093865	Q13547	HDAC1		PROTEIN FAMILY	Homo sapiens	INHIBITOR	1	0	Histone deacetylase inhibitor
BRD-K83837640	JNJ-26481585	CHEMBL2105763	CHEMBL2105763	CHEMBL2093865	O15379	HDAC3		PROTEIN FAMILY	Homo sapiens	INHIBITOR	1	0	Histone deacetylase inhibitor
BRD-K83837640	JNJ-26481585	CHEMBL2105763	CHEMBL2105763	CHEMBL2093865	Q9UBN7	HDAC6	10013	PROTEIN FAMILY	Homo sapiens	INHIBITOR	1	1	Histone deacetylase inhibitor
BRD-K83837640	JNJ-26481585	CHEMBL2105763	CHEMBL2105763	CHEMBL2093865	Q92769	HDAC2	3066	PROTEIN FAMILY	Homo sapiens	INHIBITOR	1	1	Histone deacetylase inhibitor
BRD-K83837640	JNJ-26481585	CHEMBL2105763	CHEMBL2105763	CHEMBL2093865	Q9UQL6	HDAC5		PROTEIN FAMILY	Homo sapiens	INHIBITOR	1	0	Histone deacetylase inhibitor
BRD-K83837640	JNJ-26481585	CHEMBL2105763	CHEMBL2105763	CHEMBL2093865	Q8WUI4	HDAC7		PROTEIN FAMILY	Homo sapiens	INHIBITOR	1	0	Histone deacetylase inhibitor
BRD-K83837640	JNJ-26481585	CHEMBL2105763	CHEMBL2105763	CHEMBL2093865	Q9BY41	HDAC8		PROTEIN FAMILY	Homo sapiens	INHIBITOR	1	0	Histone deacetylase inhibitor
BRD-K83837640	JNJ-26481585	CHEMBL2105763	CHEMBL2105763	CHEMBL2093865	Q96DB2	HDAC11		PROTEIN FAMILY	Homo sapiens	INHIBITOR	1	0	Histone deacetylase inhibitor
BRD-K83837640	JNJ-26481585	CHEMBL2105763	CHEMBL2105763	CHEMBL2093865	P56524	HDAC4		PROTEIN FAMILY	Homo sapiens	INHIBITOR	1	0	Histone deacetylase inhibitor
BRD-K83837640	JNJ-26481585	CHEMBL2105763	CHEMBL2105763	CHEMBL2093865	Q9UKV0	HDAC9		PROTEIN FAMILY	Homo sapiens	INHIBITOR	1	0	Histone deacetylase inhibitor
BRD-K83837640	JNJ-26481585	CHEMBL2105763	CHEMBL2105763	CHEMBL2093865	Q969S8	HDAC10		PROTEIN FAMILY	Homo sapiens	INHIBITOR	1	0	Histone deacetylase inhibitor
BRD-K57169635	dacomitinib	CHEMBL2110732	CHEMBL2110732	CHEMBL203	P00533	EGFR	1956	SINGLE PROTEIN	Homo sapiens	INHIBITOR	1	1	Epidermal growth factor receptor erbB1 inhibitor
BRD-K57169635	dacomitinib	CHEMBL2110732	CHEMBL2110732	CHEMBL1824	P04626	ERBB2	2064	SINGLE PROTEIN	Homo sapiens	INHIBITOR	1	1	Receptor protein-tyrosine kinase erbB-2 inhibitor
BRD-K57169635	dacomitinib	CHEMBL2110732	CHEMBL2110732	CHEMBL3009	Q15303	ERBB4		SINGLE PROTEIN	Homo sapiens	INHIBITOR	1	0	Receptor protein-tyrosine kinase erbB-4 inhibitor
BRD-K01174345	anamorelin	CHEMBL2110579	CHEMBL2110579	CHEMBL4616	Q92847	GHSR		SINGLE PROTEIN	Homo sapiens	AGONIST	1	0	Ghrelin receptor agonist
BRD-K83405785	pimavanserin	CHEMBL2111101	CHEMBL2111101	CHEMBL224	P28223	HTR2A		SINGLE PROTEIN	Homo sapiens	INVERSE AGONIST	1	0	Serotonin 2a (5-HT2a) receptor inverse agonist
BRD-K57169635	dacomitinib	CHEMBL2110732	CHEMBL2110732	CHEMBL203	P00533	EGFR	1956	SINGLE PROTEIN	Homo sapiens	INHIBITOR	1	1	Epidermal growth factor receptor erbB1 inhibitor
BRD-K57169635	dacomitinib	CHEMBL2110732	CHEMBL2110732	CHEMBL1824	P04626	ERBB2	2064	SINGLE PROTEIN	Homo sapiens	INHIBITOR	1	1	Receptor protein-tyrosine kinase erbB-2 inhibitor
BRD-K57169635	dacomitinib	CHEMBL2110732	CHEMBL2110732	CHEMBL3009	Q15303	ERBB4		SINGLE PROTEIN	Homo sapiens	INHIBITOR	1	0	Receptor protein-tyrosine kinase erbB-4 inhibitor
BRD-K19741547	vernakalant	CHEMBL2111112	CHEMBL2111112	CHEMBL3038488	P48549	KCNJ3		PROTEIN COMPLEX	Homo sapiens	BLOCKER	1	0	Kir3.1/Kir3.4 blocker
BRD-K19741547	vernakalant	CHEMBL2111112	CHEMBL2111112	CHEMBL3038488	P48544	KCNJ5		PROTEIN COMPLEX	Homo sapiens	BLOCKER	1	0	Kir3.1/Kir3.4 blocker
BRD-K19741547	vernakalant	CHEMBL2111112	CHEMBL2111112	CHEMBL4306	P22460	KCNA5		SINGLE PROTEIN	Homo sapiens	BLOCKER	1	0	Voltage-gated potassium channel subunit Kv1.5 blocker
BRD-K19741547	vernakalant	CHEMBL2111112	CHEMBL2111112	CHEMBL240	Q12809	KCNH2		SINGLE PROTEIN	Homo sapiens	BLOCKER	1	0	HERG blocker
BRD-K19741547	vernakalant	CHEMBL2111112	CHEMBL2111112	CHEMBL1964	Q9UK17	KCND3		SINGLE PROTEIN	Homo sapiens	BLOCKER	1	0	Voltage-gated potassium channel subunit Kv4.3 blocker
BRD-K19741547	vernakalant	CHEMBL2111112	CHEMBL2111112	CHEMBL1980	Q14524	SCN5A		SINGLE PROTEIN	Homo sapiens	BLOCKER	1	0	Sodium channel protein type V alpha subunit blocker
BRD-K02123250	JNJ-38877605	CHEMBL2133806	CHEMBL2133806	CHEMBL3717	P08581	MET		SINGLE PROTEIN	Homo sapiens	INHIBITOR	1	0	Hepatocyte growth factor receptor inhibitor
BRD-K97045029	pranlukast	CHEMBL21333	CHEMBL21333	CHEMBL1798	Q9Y271	CYSLTR1		SINGLE PROTEIN	Homo sapiens	ANTAGONIST	1	0	Cysteinyl leukotriene receptor 1 antagonist
BRD-K23190681	AV-412	CHEMBL2138625	CHEMBL2138625	CHEMBL203	P00533	EGFR	1956	SINGLE PROTEIN	Homo sapiens	INHIBITOR	1	1	Epidermal growth factor receptor erbB1 inhibitor
BRD-K23190681	AV-412	CHEMBL2138625	CHEMBL2138625	CHEMBL1824	P04626	ERBB2	2064	SINGLE PROTEIN	Homo sapiens	INHIBITOR	1	1	Receptor protein-tyrosine kinase erbB-2 inhibitor
BRD-K78659596	ixazomib	CHEMBL2141296	CHEMBL2141296	CHEMBL2364701	Q99460	PSMD1		PROTEIN COMPLEX	Homo sapiens	INHIBITOR	1	0	26S proteasome inhibitor
BRD-K78659596	ixazomib	CHEMBL2141296	CHEMBL2141296	CHEMBL2364701	P49721	PSMB2		PROTEIN COMPLEX	Homo sapiens	INHIBITOR	1	0	26S proteasome inhibitor
BRD-K78659596	ixazomib	CHEMBL2141296	CHEMBL2141296	CHEMBL2364701	P20618	PSMB1		PROTEIN COMPLEX	Homo sapiens	INHIBITOR	1	0	26S proteasome inhibitor
BRD-K78659596	ixazomib	CHEMBL2141296	CHEMBL2141296	CHEMBL2364701	P28074	PSMB5		PROTEIN COMPLEX	Homo sapiens	INHIBITOR	1	0	26S proteasome inhibitor
BRD-K78659596	ixazomib	CHEMBL2141296	CHEMBL2141296	CHEMBL2364701	P28062	PSMB8	5696	PROTEIN COMPLEX	Homo sapiens	INHIBITOR	1	1	26S proteasome inhibitor
BRD-K78659596	ixazomib	CHEMBL2141296	CHEMBL2141296	CHEMBL2364701	P28065	PSMB9		PROTEIN COMPLEX	Homo sapiens	INHIBITOR	1	0	26S proteasome inhibitor
BRD-K78659596	ixazomib	CHEMBL2141296	CHEMBL2141296	CHEMBL2364701	P28072	PSMB6		PROTEIN COMPLEX	Homo sapiens	INHIBITOR	1	0	26S proteasome inhibitor
BRD-K78659596	ixazomib	CHEMBL2141296	CHEMBL2141296	CHEMBL2364701	O00487	PSMD14		PROTEIN COMPLEX	Homo sapiens	INHIBITOR	1	0	26S proteasome inhibitor
BRD-K78659596	ixazomib	CHEMBL2141296	CHEMBL2141296	CHEMBL2364701	P25786	PSMA1		PROTEIN COMPLEX	Homo sapiens	INHIBITOR	1	0	26S proteasome inhibitor
BRD-K78659596	ixazomib	CHEMBL2141296	CHEMBL2141296	CHEMBL2364701	P25787	PSMA2		PROTEIN COMPLEX	Homo sapiens	INHIBITOR	1	0	26S proteasome inhibitor
BRD-K78659596	ixazomib	CHEMBL2141296	CHEMBL2141296	CHEMBL2364701	P25788	PSMA3		PROTEIN COMPLEX	Homo sapiens	INHIBITOR	1	0	26S proteasome inhibitor
BRD-K78659596	ixazomib	CHEMBL2141296	CHEMBL2141296	CHEMBL2364701	P25789	PSMA4		PROTEIN COMPLEX	Homo sapiens	INHIBITOR	1	0	26S proteasome inhibitor
BRD-K78659596	ixazomib	CHEMBL2141296	CHEMBL2141296	CHEMBL2364701	P28066	PSMA5		PROTEIN COMPLEX	Homo sapiens	INHIBITOR	1	0	26S proteasome inhibitor
BRD-K78659596	ixazomib	CHEMBL2141296	CHEMBL2141296	CHEMBL2364701	P60900	PSMA6		PROTEIN COMPLEX	Homo sapiens	INHIBITOR	1	0	26S proteasome inhibitor
BRD-K78659596	ixazomib	CHEMBL2141296	CHEMBL2141296	CHEMBL2364701	O14818	PSMA7		PROTEIN COMPLEX	Homo sapiens	INHIBITOR	1	0	26S proteasome inhibitor
BRD-K78659596	ixazomib	CHEMBL2141296	CHEMBL2141296	CHEMBL2364701	Q8TAA3	PSMA8		PROTEIN COMPLEX	Homo sapiens	INHIBITOR	1	0	26S proteasome inhibitor
BRD-K78659596	ixazomib	CHEMBL2141296	CHEMBL2141296	CHEMBL2364701	P40306	PSMB10	5699	PROTEIN COMPLEX	Homo sapiens	INHIBITOR	1	1	26S proteasome inhibitor
BRD-K78659596	ixazomib	CHEMBL2141296	CHEMBL2141296	CHEMBL2364701	A5LHX3	PSMB11		PROTEIN COMPLEX	Homo sapiens	INHIBITOR	1	0	26S proteasome inhibitor
BRD-K78659596	ixazomib	CHEMBL2141296	CHEMBL2141296	CHEMBL2364701	P49720	PSMB3		PROTEIN COMPLEX	Homo sapiens	INHIBITOR	1	0	26S proteasome inhibitor
BRD-K78659596	ixazomib	CHEMBL2141296	CHEMBL2141296	CHEMBL2364701	P28070	PSMB4		PROTEIN COMPLEX	Homo sapiens	INHIBITOR	1	0	26S proteasome inhibitor
BRD-K78659596	ixazomib	CHEMBL2141296	CHEMBL2141296	CHEMBL2364701	Q99436	PSMB7		PROTEIN COMPLEX	Homo sapiens	INHIBITOR	1	0	26S proteasome inhibitor
BRD-K78659596	ixazomib	CHEMBL2141296	CHEMBL2141296	CHEMBL2364701	Q16186	ADRM1		PROTEIN COMPLEX	Homo sapiens	INHIBITOR	1	0	26S proteasome inhibitor
BRD-K78659596	ixazomib	CHEMBL2141296	CHEMBL2141296	CHEMBL2364701	P35998	PSMC2		PROTEIN COMPLEX	Homo sapiens	INHIBITOR	1	0	26S proteasome inhibitor
BRD-K78659596	ixazomib	CHEMBL2141296	CHEMBL2141296	CHEMBL2364701	P62191	PSMC1		PROTEIN COMPLEX	Homo sapiens	INHIBITOR	1	0	26S proteasome inhibitor
BRD-K78659596	ixazomib	CHEMBL2141296	CHEMBL2141296	CHEMBL2364701	P43686	PSMC4		PROTEIN COMPLEX	Homo sapiens	INHIBITOR	1	0	26S proteasome inhibitor
BRD-K78659596	ixazomib	CHEMBL2141296	CHEMBL2141296	CHEMBL2364701	P62333	PSMC6		PROTEIN COMPLEX	Homo sapiens	INHIBITOR	1	0	26S proteasome inhibitor
BRD-K78659596	ixazomib	CHEMBL2141296	CHEMBL2141296	CHEMBL2364701	P17980	PSMC3		PROTEIN COMPLEX	Homo sapiens	INHIBITOR	1	0	26S proteasome inhibitor
BRD-K78659596	ixazomib	CHEMBL2141296	CHEMBL2141296	CHEMBL2364701	P62195	PSMC5		PROTEIN COMPLEX	Homo sapiens	INHIBITOR	1	0	26S proteasome inhibitor
BRD-K78659596	ixazomib	CHEMBL2141296	CHEMBL2141296	CHEMBL2364701	Q13200	PSMD2	5708	PROTEIN COMPLEX	Homo sapiens	INHIBITOR	1	1	26S proteasome inhibitor
BRD-K78659596	ixazomib	CHEMBL2141296	CHEMBL2141296	CHEMBL2364701	O43242	PSMD3		PROTEIN COMPLEX	Homo sapiens	INHIBITOR	1	0	26S proteasome inhibitor
BRD-K78659596	ixazomib	CHEMBL2141296	CHEMBL2141296	CHEMBL2364701	O00232	PSMD12		PROTEIN COMPLEX	Homo sapiens	INHIBITOR	1	0	26S proteasome inhibitor
BRD-K78659596	ixazomib	CHEMBL2141296	CHEMBL2141296	CHEMBL2364701	O00231	PSMD11		PROTEIN COMPLEX	Homo sapiens	INHIBITOR	1	0	26S proteasome inhibitor
BRD-K78659596	ixazomib	CHEMBL2141296	CHEMBL2141296	CHEMBL2364701	Q15008	PSMD6		PROTEIN COMPLEX	Homo sapiens	INHIBITOR	1	0	26S proteasome inhibitor
BRD-K78659596	ixazomib	CHEMBL2141296	CHEMBL2141296	CHEMBL2364701	P51665	PSMD7		PROTEIN COMPLEX	Homo sapiens	INHIBITOR	1	0	26S proteasome inhibitor
BRD-K78659596	ixazomib	CHEMBL2141296	CHEMBL2141296	CHEMBL2364701	Q9UNM6	PSMD13		PROTEIN COMPLEX	Homo sapiens	INHIBITOR	1	0	26S proteasome inhibitor
BRD-K78659596	ixazomib	CHEMBL2141296	CHEMBL2141296	CHEMBL2364701	P55036	PSMD4	5710	PROTEIN COMPLEX	Homo sapiens	INHIBITOR	1	1	26S proteasome inhibitor
BRD-K78659596	ixazomib	CHEMBL2141296	CHEMBL2141296	CHEMBL2364701	P48556	PSMD8		PROTEIN COMPLEX	Homo sapiens	INHIBITOR	1	0	26S proteasome inhibitor
BRD-K78659596	ixazomib	CHEMBL2141296	CHEMBL2141296	CHEMBL2364701	P60896	SEM1		PROTEIN COMPLEX	Homo sapiens	INHIBITOR	1	0	26S proteasome inhibitor
BRD-A50998626	palomid-529	CHEMBL2141712	CHEMBL2141712	CHEMBL2842	P42345	MTOR		SINGLE PROTEIN	Homo sapiens	INHIBITOR	1	0	Serine/threonine-protein kinase mTOR inhibitor
BRD-K50498985	taladegib	CHEMBL2142592	CHEMBL2142592	CHEMBL5971	Q99835	SMO		SINGLE PROTEIN	Homo sapiens	ANTAGONIST	1	0	Smoothened homolog antagonist
BRD-K27182532	metatinib	CHEMBL2143592	CHEMBL2143592	CHEMBL3717	P08581	MET		SINGLE PROTEIN	Homo sapiens	INHIBITOR	1	0	Hepatocyte growth factor receptor inhibitor
BRD-K27182532	metatinib	CHEMBL2143592	CHEMBL2143592	CHEMBL279	P35968	KDR		SINGLE PROTEIN	Homo sapiens	INHIBITOR	1	0	Vascular endothelial growth factor receptor 2 inhibitor
BRD-K03390685	cobimetinib	CHEMBL2146883	CHEMBL2146883	CHEMBL3587	Q02750	MAP2K1		SINGLE PROTEIN	Homo sapiens	INHIBITOR	1	0	Dual specificity mitogen-activated protein kinase kinase 1 inhibitor
BRD-K03390685	cobimetinib	CHEMBL2146883	CHEMBL2146883	CHEMBL2964	P36507	MAP2K2		SINGLE PROTEIN	Homo sapiens	INHIBITOR	1	0	Dual specificity mitogen-activated protein kinase kinase 2 inhibitor
BRD-K03390685	cobimetinib	CHEMBL2146883	CHEMBL2146883	CHEMBL3587	Q02750	MAP2K1		SINGLE PROTEIN	Homo sapiens	INHIBITOR	1	0	Dual specificity mitogen-activated protein kinase kinase 1 inhibitor
BRD-K03390685	cobimetinib	CHEMBL2146883	CHEMBL2146883	CHEMBL2964	P36507	MAP2K2		SINGLE PROTEIN	Homo sapiens	INHIBITOR	1	0	Dual specificity mitogen-activated protein kinase kinase 2 inhibitor
BRD-K71603915	EVP-6124	CHEMBL2151572	CHEMBL2151572	CHEMBL2492	P36544	CHRNA7		SINGLE PROTEIN	Homo sapiens	PARTIAL AGONIST	1	0	Neuronal acetylcholine receptor protein alpha-7 subunit partial agonist
BRD-K48068743	teneligliptin	CHEMBL2147777	CHEMBL2147777	CHEMBL284	P27487	DPP4		SINGLE PROTEIN	Homo sapiens	INHIBITOR	1	0	Dipeptidyl peptidase IV inhibitor
BRD-K74913225	brinzolamide	CHEMBL220491	CHEMBL220491	CHEMBL205	P00918	CA2		SINGLE PROTEIN	Homo sapiens	INHIBITOR	1	0	Carbonic anhydrase II inhibitor
BRD-K48617017	dorzolamide	CHEMBL218490	CHEMBL218490	CHEMBL205	P00918	CA2		SINGLE PROTEIN	Homo sapiens	INHIBITOR	1	0	Carbonic anhydrase II inhibitor
BRD-K29653726	topiramate	CHEMBL220492	CHEMBL220492	CHEMBL205	P00918	CA2		SINGLE PROTEIN	Homo sapiens	INHIBITOR	1	0	Carbonic anhydrase II inhibitor
BRD-K25433859	maprotiline	CHEMBL21731	CHEMBL21731	CHEMBL222	P23975	SLC6A2		SINGLE PROTEIN	Homo sapiens	INHIBITOR	1	0	Norepinephrine transporter inhibitor
BRD-K29653726	topiramate	CHEMBL220492	CHEMBL220492	CHEMBL3729	P22748	CA4		SINGLE PROTEIN	Homo sapiens	INHIBITOR	1	0	Carbonic anhydrase IV inhibitor
BRD-K29653726	topiramate	CHEMBL220492	CHEMBL220492	CHEMBL2096670	P48058	GRIA4		PROTEIN COMPLEX GROUP	Homo sapiens	ANTAGONIST	1	0	Glutamate receptor ionotropic AMPA antagonist
BRD-K29653726	topiramate	CHEMBL220492	CHEMBL220492	CHEMBL2096670	P42263	GRIA3		PROTEIN COMPLEX GROUP	Homo sapiens	ANTAGONIST	1	0	Glutamate receptor ionotropic AMPA antagonist
BRD-K29653726	topiramate	CHEMBL220492	CHEMBL220492	CHEMBL2096670	P42262	GRIA2		PROTEIN COMPLEX GROUP	Homo sapiens	ANTAGONIST	1	0	Glutamate receptor ionotropic AMPA antagonist
BRD-K29653726	topiramate	CHEMBL220492	CHEMBL220492	CHEMBL2096670	P42261	GRIA1		PROTEIN COMPLEX GROUP	Homo sapiens	ANTAGONIST	1	0	Glutamate receptor ionotropic AMPA antagonist
BRD-K29653726	topiramate	CHEMBL220492	CHEMBL220492	CHEMBL2109241	P39086	GRIK1		PROTEIN COMPLEX GROUP	Homo sapiens	ANTAGONIST	1	0	Glutamate receptor ionotropic kainate antagonist
BRD-K29653726	topiramate	CHEMBL220492	CHEMBL220492	CHEMBL2109241	Q16478	GRIK5		PROTEIN COMPLEX GROUP	Homo sapiens	ANTAGONIST	1	0	Glutamate receptor ionotropic kainate antagonist
BRD-K29653726	topiramate	CHEMBL220492	CHEMBL220492	CHEMBL2109241	Q16099	GRIK4		PROTEIN COMPLEX GROUP	Homo sapiens	ANTAGONIST	1	0	Glutamate receptor ionotropic kainate antagonist
BRD-K29653726	topiramate	CHEMBL220492	CHEMBL220492	CHEMBL2109241	Q13002	GRIK2		PROTEIN COMPLEX GROUP	Homo sapiens	ANTAGONIST	1	0	Glutamate receptor ionotropic kainate antagonist
BRD-K29653726	topiramate	CHEMBL220492	CHEMBL220492	CHEMBL2109241	Q13003	GRIK3		PROTEIN COMPLEX GROUP	Homo sapiens	ANTAGONIST	1	0	Glutamate receptor ionotropic kainate antagonist
BRD-K29653726	topiramate	CHEMBL220492	CHEMBL220492	CHEMBL2093872	P14867	GABRA1		PROTEIN COMPLEX GROUP	Homo sapiens	POSITIVE MODULATOR	1	0	GABA-A receptor; anion channel positive modulator
BRD-K29653726	topiramate	CHEMBL220492	CHEMBL220492	CHEMBL2093872	P47870	GABRB2		PROTEIN COMPLEX GROUP	Homo sapiens	POSITIVE MODULATOR	1	0	GABA-A receptor; anion channel positive modulator
BRD-K29653726	topiramate	CHEMBL220492	CHEMBL220492	CHEMBL2093872	P18507	GABRG2		PROTEIN COMPLEX GROUP	Homo sapiens	POSITIVE MODULATOR	1	0	GABA-A receptor; anion channel positive modulator
BRD-K29653726	topiramate	CHEMBL220492	CHEMBL220492	CHEMBL2093872	P28472	GABRB3		PROTEIN COMPLEX GROUP	Homo sapiens	POSITIVE MODULATOR	1	0	GABA-A receptor; anion channel positive modulator
BRD-K29653726	topiramate	CHEMBL220492	CHEMBL220492	CHEMBL2093872	P48169	GABRA4		PROTEIN COMPLEX GROUP	Homo sapiens	POSITIVE MODULATOR	1	0	GABA-A receptor; anion channel positive modulator
BRD-K29653726	topiramate	CHEMBL220492	CHEMBL220492	CHEMBL2093872	Q99928	GABRG3		PROTEIN COMPLEX GROUP	Homo sapiens	POSITIVE MODULATOR	1	0	GABA-A receptor; anion channel positive modulator
BRD-K29653726	topiramate	CHEMBL220492	CHEMBL220492	CHEMBL2093872	Q9UN88	GABRQ		PROTEIN COMPLEX GROUP	Homo sapiens	POSITIVE MODULATOR	1	0	GABA-A receptor; anion channel positive modulator
BRD-K29653726	topiramate	CHEMBL220492	CHEMBL220492	CHEMBL2093872	P34903	GABRA3		PROTEIN COMPLEX GROUP	Homo sapiens	POSITIVE MODULATOR	1	0	GABA-A receptor; anion channel positive modulator
BRD-K29653726	topiramate	CHEMBL220492	CHEMBL220492	CHEMBL2093872	O00591	GABRP		PROTEIN COMPLEX GROUP	Homo sapiens	POSITIVE MODULATOR	1	0	GABA-A receptor; anion channel positive modulator
BRD-K29653726	topiramate	CHEMBL220492	CHEMBL220492	CHEMBL2093872	O14764	GABRD		PROTEIN COMPLEX GROUP	Homo sapiens	POSITIVE MODULATOR	1	0	GABA-A receptor; anion channel positive modulator
BRD-K29653726	topiramate	CHEMBL220492	CHEMBL220492	CHEMBL2093872	Q8N1C3	GABRG1		PROTEIN COMPLEX GROUP	Homo sapiens	POSITIVE MODULATOR	1	0	GABA-A receptor; anion channel positive modulator
BRD-K29653726	topiramate	CHEMBL220492	CHEMBL220492	CHEMBL2093872	P18505	GABRB1		PROTEIN COMPLEX GROUP	Homo sapiens	POSITIVE MODULATOR	1	0	GABA-A receptor; anion channel positive modulator
BRD-K29653726	topiramate	CHEMBL220492	CHEMBL220492	CHEMBL2093872	P78334	GABRE		PROTEIN COMPLEX GROUP	Homo sapiens	POSITIVE MODULATOR	1	0	GABA-A receptor; anion channel positive modulator
BRD-K29653726	topiramate	CHEMBL220492	CHEMBL220492	CHEMBL2093872	P47869	GABRA2		PROTEIN COMPLEX GROUP	Homo sapiens	POSITIVE MODULATOR	1	0	GABA-A receptor; anion channel positive modulator
BRD-K29653726	topiramate	CHEMBL220492	CHEMBL220492	CHEMBL2093872	P31644	GABRA5		PROTEIN COMPLEX GROUP	Homo sapiens	POSITIVE MODULATOR	1	0	GABA-A receptor; anion channel positive modulator
BRD-K29653726	topiramate	CHEMBL220492	CHEMBL220492	CHEMBL2093872	Q16445	GABRA6		PROTEIN COMPLEX GROUP	Homo sapiens	POSITIVE MODULATOR	1	0	GABA-A receptor; anion channel positive modulator
BRD-K07208025	trimethoprim	CHEMBL22	CHEMBL22	CHEMBL2364669	P0ABQ4	folA		SINGLE PROTEIN	Bacteria	INHIBITOR	1	0	Bacterial dihydrofolate reductase inhibitor
BRD-K07208025	trimethoprim	CHEMBL22	CHEMBL22	CHEMBL2364669	P0ABQ4	folA		SINGLE PROTEIN	Bacteria	INHIBITOR	1	0	Bacterial dihydrofolate reductase inhibitor
BRD-K07208025	trimethoprim	CHEMBL22	CHEMBL22	CHEMBL2364669	P0ABQ4	folA		SINGLE PROTEIN	Bacteria	INHIBITOR	1	0	Bacterial dihydrofolate reductase inhibitor
BRD-K29653726	topiramate	CHEMBL220492	CHEMBL220492	CHEMBL2331043	P35498	SCN1A		PROTEIN FAMILY	Homo sapiens	BLOCKER	1	0	Sodium channel alpha subunit blocker
BRD-K29653726	topiramate	CHEMBL220492	CHEMBL220492	CHEMBL2331043	Q14524	SCN5A		PROTEIN FAMILY	Homo sapiens	BLOCKER	1	0	Sodium channel alpha subunit blocker
BRD-K29653726	topiramate	CHEMBL220492	CHEMBL220492	CHEMBL2331043	P35499	SCN4A		PROTEIN FAMILY	Homo sapiens	BLOCKER	1	0	Sodium channel alpha subunit blocker
BRD-K29653726	topiramate	CHEMBL220492	CHEMBL220492	CHEMBL2331043	Q01118	SCN7A		PROTEIN FAMILY	Homo sapiens	BLOCKER	1	0	Sodium channel alpha subunit blocker
BRD-K29653726	topiramate	CHEMBL220492	CHEMBL220492	CHEMBL2331043	Q99250	SCN2A		PROTEIN FAMILY	Homo sapiens	BLOCKER	1	0	Sodium channel alpha subunit blocker
BRD-K29653726	topiramate	CHEMBL220492	CHEMBL220492	CHEMBL2331043	Q15858	SCN9A		PROTEIN FAMILY	Homo sapiens	BLOCKER	1	0	Sodium channel alpha subunit blocker
BRD-K29653726	topiramate	CHEMBL220492	CHEMBL220492	CHEMBL2331043	Q9NY46	SCN3A		PROTEIN FAMILY	Homo sapiens	BLOCKER	1	0	Sodium channel alpha subunit blocker
BRD-K29653726	topiramate	CHEMBL220492	CHEMBL220492	CHEMBL2331043	Q9UI33	SCN11A		PROTEIN FAMILY	Homo sapiens	BLOCKER	1	0	Sodium channel alpha subunit blocker
BRD-K29653726	topiramate	CHEMBL220492	CHEMBL220492	CHEMBL2331043	Q9UQD0	SCN8A		PROTEIN FAMILY	Homo sapiens	BLOCKER	1	0	Sodium channel alpha subunit blocker
BRD-K29653726	topiramate	CHEMBL220492	CHEMBL220492	CHEMBL2331043	Q9Y5Y9	SCN10A		PROTEIN FAMILY	Homo sapiens	BLOCKER	1	0	Sodium channel alpha subunit blocker
BRD-K60866521	idelalisib	CHEMBL2216870	CHEMBL2216870	CHEMBL3130	O00329	PIK3CD		SINGLE PROTEIN	Homo sapiens	INHIBITOR	1	0	PI3-kinase p110-delta subunit inhibitor
BRD-K58772419	AZD-6482	CHEMBL2165191	CHEMBL2165191	CHEMBL3559703	P27986	PIK3R1		PROTEIN COMPLEX GROUP	Homo sapiens	INHIBITOR	1	0	PI3-kinase class I inhibitor
BRD-K58772419	AZD-6482	CHEMBL2165191	CHEMBL2165191	CHEMBL3559703	P42338	PIK3CB		PROTEIN COMPLEX GROUP	Homo sapiens	INHIBITOR	1	0	PI3-kinase class I inhibitor
BRD-K58772419	AZD-6482	CHEMBL2165191	CHEMBL2165191	CHEMBL3559703	P48736	PIK3CG		PROTEIN COMPLEX GROUP	Homo sapiens	INHIBITOR	1	0	PI3-kinase class I inhibitor
BRD-K58772419	AZD-6482	CHEMBL2165191	CHEMBL2165191	CHEMBL3559703	P42336	PIK3CA	5290	PROTEIN COMPLEX GROUP	Homo sapiens	INHIBITOR	1	1	PI3-kinase class I inhibitor
BRD-K58772419	AZD-6482	CHEMBL2165191	CHEMBL2165191	CHEMBL3559703	O00459	PIK3R2		PROTEIN COMPLEX GROUP	Homo sapiens	INHIBITOR	1	0	PI3-kinase class I inhibitor
BRD-K58772419	AZD-6482	CHEMBL2165191	CHEMBL2165191	CHEMBL3559703	O00329	PIK3CD		PROTEIN COMPLEX GROUP	Homo sapiens	INHIBITOR	1	0	PI3-kinase class I inhibitor
BRD-K58772419	AZD-6482	CHEMBL2165191	CHEMBL2165191	CHEMBL3559703	Q8WYR1	PIK3R5		PROTEIN COMPLEX GROUP	Homo sapiens	INHIBITOR	1	0	PI3-kinase class I inhibitor
BRD-K58772419	AZD-6482	CHEMBL2165191	CHEMBL2165191	CHEMBL3559703	Q92569	PIK3R3	8503	PROTEIN COMPLEX GROUP	Homo sapiens	INHIBITOR	1	1	PI3-kinase class I inhibitor
BRD-K43002773	GDC-0068	CHEMBL2177390	CHEMBL2177390	CHEMBL2111353	P31751	AKT2		PROTEIN FAMILY	Homo sapiens	INHIBITOR	1	0	Serine/threonine-protein kinase AKT inhibitor
BRD-K43002773	GDC-0068	CHEMBL2177390	CHEMBL2177390	CHEMBL2111353	Q9Y243	AKT3		PROTEIN FAMILY	Homo sapiens	INHIBITOR	1	0	Serine/threonine-protein kinase AKT inhibitor
BRD-K43002773	GDC-0068	CHEMBL2177390	CHEMBL2177390	CHEMBL2111353	P31749	AKT1	207	PROTEIN FAMILY	Homo sapiens	INHIBITOR	1	1	Serine/threonine-protein kinase AKT inhibitor
BRD-K55781385	BMS-927711	CHEMBL2178422	CHEMBL2178422	CHEMBL3798	Q16602	CALCRL		SINGLE PROTEIN	Homo sapiens	ANTAGONIST	1	0	Calcitonin gene-related peptide type 1 receptor antagonist
BRD-K19540840	saracatinib	CHEMBL217092	CHEMBL217092	CHEMBL1862	P00519	ABL1	25	SINGLE PROTEIN	Homo sapiens	INHIBITOR	1	1	Tyrosine-protein kinase ABL inhibitor
BRD-U07805514	saracatinib	CHEMBL217092	CHEMBL217092	CHEMBL1862	P00519	ABL1	25	SINGLE PROTEIN	Homo sapiens	INHIBITOR	1	1	Tyrosine-protein kinase ABL inhibitor
BRD-K19540840	saracatinib	CHEMBL217092	CHEMBL217092	CHEMBL267	P12931	SRC	6714	SINGLE PROTEIN	Homo sapiens	INHIBITOR	1	1	Tyrosine-protein kinase SRC inhibitor
BRD-U07805514	saracatinib	CHEMBL217092	CHEMBL217092	CHEMBL267	P12931	SRC	6714	SINGLE PROTEIN	Homo sapiens	INHIBITOR	1	1	Tyrosine-protein kinase SRC inhibitor
BRD-K35169477	taranabant	CHEMBL220360	CHEMBL220360	CHEMBL218	P21554	CNR1		SINGLE PROTEIN	Homo sapiens	INVERSE AGONIST	1	0	Cannabinoid CB1 receptor inverse agonist
BRD-K55781385	BMS-927711	CHEMBL2178422	CHEMBL2178422	CHEMBL3798	Q16602	CALCRL		SINGLE PROTEIN	Homo sapiens	ANTAGONIST	1	0	Calcitonin gene-related peptide type 1 receptor antagonist
BRD-K34870043	adoprazine	CHEMBL221692	CHEMBL221692	CHEMBL214	P08908	HTR1A		SINGLE PROTEIN	Homo sapiens	AGONIST	1	0	Serotonin 1a (5-HT1a) receptor agonist
BRD-K34870043	adoprazine	CHEMBL221692	CHEMBL221692	CHEMBL217	P14416	DRD2		SINGLE PROTEIN	Homo sapiens	ANTAGONIST	1	0	Dopamine D2 receptor antagonist
BRD-K34870043	adoprazine	CHEMBL221692	CHEMBL221692	CHEMBL234	P35462	DRD3		SINGLE PROTEIN	Homo sapiens	ANTAGONIST	1	0	Dopamine D3 receptor antagonist
BRD-K38305202	domperidone	CHEMBL219916	CHEMBL219916	CHEMBL217	P14416	DRD2		SINGLE PROTEIN	Homo sapiens	ANTAGONIST	1	0	Dopamine D2 receptor antagonist
BRD-A70814879	ABC-294640	CHEMBL2158685	CHEMBL2158685	CHEMBL3023	Q9NRA0	SPHK2		SINGLE PROTEIN	Homo sapiens	INHIBITOR	1	0	Sphingosine kinase 2 inhibitor
BRD-K50031829	PF-04447943	CHEMBL2179105	CHEMBL2179105	CHEMBL3535	O76083	PDE9A		SINGLE PROTEIN	Homo sapiens	INHIBITOR	1	0	Phosphodiesterase 9A inhibitor
BRD-K40758068	efavirenz	CHEMBL223228	CHEMBL223228	CHEMBL247	Q72547	pol		SINGLE PROTEIN	Human immunodeficiency virus 1	INHIBITOR	1	0	Human immunodeficiency virus type 1 reverse transcriptase inhibitor
BRD-K31283835	tofacitinib	CHEMBL221959	CHEMBL221959	CHEMBL2363062	P52333	JAK3		PROTEIN FAMILY	Homo sapiens	INHIBITOR	1	0	Janus Kinase (JAK) inhibitor
BRD-K31283835	tofacitinib	CHEMBL221959	CHEMBL221959	CHEMBL2363062	P23458	JAK1		PROTEIN FAMILY	Homo sapiens	INHIBITOR	1	0	Janus Kinase (JAK) inhibitor
BRD-K31283835	tofacitinib	CHEMBL221959	CHEMBL221959	CHEMBL2363062	O60674	JAK2		PROTEIN FAMILY	Homo sapiens	INHIBITOR	1	0	Janus Kinase (JAK) inhibitor
BRD-K31283835	tofacitinib	CHEMBL221959	CHEMBL221959	CHEMBL2363062	P29597	TYK2		PROTEIN FAMILY	Homo sapiens	INHIBITOR	1	0	Janus Kinase (JAK) inhibitor
BRD-K39746403	erythromycin-estolate	CHEMBL2220427	CHEMBL2220427	CHEMBL2363135	P0A7V0	rpsB		PROTEIN NUCLEIC-ACID COMPLEX	Bacteria	INHIBITOR	1	0	Bacterial 70S ribosome inhibitor
BRD-K39746403	erythromycin-estolate	CHEMBL2220427	CHEMBL2220427	CHEMBL2363135	P60723	rplD		PROTEIN NUCLEIC-ACID COMPLEX	Bacteria	INHIBITOR	1	0	Bacterial 70S ribosome inhibitor
BRD-K39746403	erythromycin-estolate	CHEMBL2220427	CHEMBL2220427	CHEMBL2363135	P0AG67	rpsA		PROTEIN NUCLEIC-ACID COMPLEX	Bacteria	INHIBITOR	1	0	Bacterial 70S ribosome inhibitor
BRD-K39746403	erythromycin-estolate	CHEMBL2220427	CHEMBL2220427	CHEMBL2363135	P0A7R5	rpsJ		PROTEIN NUCLEIC-ACID COMPLEX	Bacteria	INHIBITOR	1	0	Bacterial 70S ribosome inhibitor
BRD-K39746403	erythromycin-estolate	CHEMBL2220427	CHEMBL2220427	CHEMBL2363135	P0A7R9	rpsK		PROTEIN NUCLEIC-ACID COMPLEX	Bacteria	INHIBITOR	1	0	Bacterial 70S ribosome inhibitor
BRD-K39746403	erythromycin-estolate	CHEMBL2220427	CHEMBL2220427	CHEMBL2363135	P0A7S3	rpsL		PROTEIN NUCLEIC-ACID COMPLEX	Bacteria	INHIBITOR	1	0	Bacterial 70S ribosome inhibitor
BRD-K39746403	erythromycin-estolate	CHEMBL2220427	CHEMBL2220427	CHEMBL2363135	P0A7S9	rpsM		PROTEIN NUCLEIC-ACID COMPLEX	Bacteria	INHIBITOR	1	0	Bacterial 70S ribosome inhibitor
BRD-K39746403	erythromycin-estolate	CHEMBL2220427	CHEMBL2220427	CHEMBL2363135	P0AG59	rpsN		PROTEIN NUCLEIC-ACID COMPLEX	Bacteria	INHIBITOR	1	0	Bacterial 70S ribosome inhibitor
BRD-K39746403	erythromycin-estolate	CHEMBL2220427	CHEMBL2220427	CHEMBL2363135	P0ADZ4	rpsO		PROTEIN NUCLEIC-ACID COMPLEX	Bacteria	INHIBITOR	1	0	Bacterial 70S ribosome inhibitor
BRD-K39746403	erythromycin-estolate	CHEMBL2220427	CHEMBL2220427	CHEMBL2363135	P0A7T3	rpsP		PROTEIN NUCLEIC-ACID COMPLEX	Bacteria	INHIBITOR	1	0	Bacterial 70S ribosome inhibitor
BRD-K39746403	erythromycin-estolate	CHEMBL2220427	CHEMBL2220427	CHEMBL2363135	P0AG63	rpsQ		PROTEIN NUCLEIC-ACID COMPLEX	Bacteria	INHIBITOR	1	0	Bacterial 70S ribosome inhibitor
BRD-K39746403	erythromycin-estolate	CHEMBL2220427	CHEMBL2220427	CHEMBL2363135	P0A7T7	rpsR		PROTEIN NUCLEIC-ACID COMPLEX	Bacteria	INHIBITOR	1	0	Bacterial 70S ribosome inhibitor
BRD-K39746403	erythromycin-estolate	CHEMBL2220427	CHEMBL2220427	CHEMBL2363135	P0A7U3	rpsS		PROTEIN NUCLEIC-ACID COMPLEX	Bacteria	INHIBITOR	1	0	Bacterial 70S ribosome inhibitor
BRD-K39746403	erythromycin-estolate	CHEMBL2220427	CHEMBL2220427	CHEMBL2363135	P0A7U7	rpsT		PROTEIN NUCLEIC-ACID COMPLEX	Bacteria	INHIBITOR	1	0	Bacterial 70S ribosome inhibitor
BRD-K39746403	erythromycin-estolate	CHEMBL2220427	CHEMBL2220427	CHEMBL2363135	P68679	rpsU		PROTEIN NUCLEIC-ACID COMPLEX	Bacteria	INHIBITOR	1	0	Bacterial 70S ribosome inhibitor
BRD-K39746403	erythromycin-estolate	CHEMBL2220427	CHEMBL2220427	CHEMBL2363135	P0A7V3	rpsC		PROTEIN NUCLEIC-ACID COMPLEX	Bacteria	INHIBITOR	1	0	Bacterial 70S ribosome inhibitor
BRD-K39746403	erythromycin-estolate	CHEMBL2220427	CHEMBL2220427	CHEMBL2363135	P0A7V8	rpsD		PROTEIN NUCLEIC-ACID COMPLEX	Bacteria	INHIBITOR	1	0	Bacterial 70S ribosome inhibitor
BRD-K39746403	erythromycin-estolate	CHEMBL2220427	CHEMBL2220427	CHEMBL2363135	P0A7W1	rpsE		PROTEIN NUCLEIC-ACID COMPLEX	Bacteria	INHIBITOR	1	0	Bacterial 70S ribosome inhibitor
BRD-K39746403	erythromycin-estolate	CHEMBL2220427	CHEMBL2220427	CHEMBL2363135	P02358	rpsF		PROTEIN NUCLEIC-ACID COMPLEX	Bacteria	INHIBITOR	1	0	Bacterial 70S ribosome inhibitor
BRD-K39746403	erythromycin-estolate	CHEMBL2220427	CHEMBL2220427	CHEMBL2363135	P02359	rpsG		PROTEIN NUCLEIC-ACID COMPLEX	Bacteria	INHIBITOR	1	0	Bacterial 70S ribosome inhibitor
BRD-K39746403	erythromycin-estolate	CHEMBL2220427	CHEMBL2220427	CHEMBL2363135	P0A7W7	rpsH		PROTEIN NUCLEIC-ACID COMPLEX	Bacteria	INHIBITOR	1	0	Bacterial 70S ribosome inhibitor
BRD-K39746403	erythromycin-estolate	CHEMBL2220427	CHEMBL2220427	CHEMBL2363135	P0A7X3	rpsI		PROTEIN NUCLEIC-ACID COMPLEX	Bacteria	INHIBITOR	1	0	Bacterial 70S ribosome inhibitor
BRD-K39746403	erythromycin-estolate	CHEMBL2220427	CHEMBL2220427	CHEMBL2363135	P0A7J3	rplJ		PROTEIN NUCLEIC-ACID COMPLEX	Bacteria	INHIBITOR	1	0	Bacterial 70S ribosome inhibitor
BRD-K39746403	erythromycin-estolate	CHEMBL2220427	CHEMBL2220427	CHEMBL2363135	P0A7J7	rplK		PROTEIN NUCLEIC-ACID COMPLEX	Bacteria	INHIBITOR	1	0	Bacterial 70S ribosome inhibitor
BRD-K39746403	erythromycin-estolate	CHEMBL2220427	CHEMBL2220427	CHEMBL2363135	P0AA10	rplM		PROTEIN NUCLEIC-ACID COMPLEX	Bacteria	INHIBITOR	1	0	Bacterial 70S ribosome inhibitor
BRD-K39746403	erythromycin-estolate	CHEMBL2220427	CHEMBL2220427	CHEMBL2363135	P0ADY3	rplN		PROTEIN NUCLEIC-ACID COMPLEX	Bacteria	INHIBITOR	1	0	Bacterial 70S ribosome inhibitor
BRD-K39746403	erythromycin-estolate	CHEMBL2220427	CHEMBL2220427	CHEMBL2363135	P02413	rplO		PROTEIN NUCLEIC-ACID COMPLEX	Bacteria	INHIBITOR	1	0	Bacterial 70S ribosome inhibitor
BRD-K39746403	erythromycin-estolate	CHEMBL2220427	CHEMBL2220427	CHEMBL2363135	P0ADY7	rplP		PROTEIN NUCLEIC-ACID COMPLEX	Bacteria	INHIBITOR	1	0	Bacterial 70S ribosome inhibitor
BRD-K39746403	erythromycin-estolate	CHEMBL2220427	CHEMBL2220427	CHEMBL2363135	P0AG44	rplQ		PROTEIN NUCLEIC-ACID COMPLEX	Bacteria	INHIBITOR	1	0	Bacterial 70S ribosome inhibitor
BRD-K39746403	erythromycin-estolate	CHEMBL2220427	CHEMBL2220427	CHEMBL2363135	P0C018	rplR		PROTEIN NUCLEIC-ACID COMPLEX	Bacteria	INHIBITOR	1	0	Bacterial 70S ribosome inhibitor
BRD-K39746403	erythromycin-estolate	CHEMBL2220427	CHEMBL2220427	CHEMBL2363135	P0A7K6	rplS		PROTEIN NUCLEIC-ACID COMPLEX	Bacteria	INHIBITOR	1	0	Bacterial 70S ribosome inhibitor
BRD-K39746403	erythromycin-estolate	CHEMBL2220427	CHEMBL2220427	CHEMBL2363135	P0A7L0	rplA		PROTEIN NUCLEIC-ACID COMPLEX	Bacteria	INHIBITOR	1	0	Bacterial 70S ribosome inhibitor
BRD-K39746403	erythromycin-estolate	CHEMBL2220427	CHEMBL2220427	CHEMBL2363135	P0A7L3	rplT		PROTEIN NUCLEIC-ACID COMPLEX	Bacteria	INHIBITOR	1	0	Bacterial 70S ribosome inhibitor
BRD-K39746403	erythromycin-estolate	CHEMBL2220427	CHEMBL2220427	CHEMBL2363135	P0AG48	rplU		PROTEIN NUCLEIC-ACID COMPLEX	Bacteria	INHIBITOR	1	0	Bacterial 70S ribosome inhibitor
BRD-K39746403	erythromycin-estolate	CHEMBL2220427	CHEMBL2220427	CHEMBL2363135	P61175	rplV		PROTEIN NUCLEIC-ACID COMPLEX	Bacteria	INHIBITOR	1	0	Bacterial 70S ribosome inhibitor
BRD-K39746403	erythromycin-estolate	CHEMBL2220427	CHEMBL2220427	CHEMBL2363135	P0ADZ0	rplW		PROTEIN NUCLEIC-ACID COMPLEX	Bacteria	INHIBITOR	1	0	Bacterial 70S ribosome inhibitor
BRD-K39746403	erythromycin-estolate	CHEMBL2220427	CHEMBL2220427	CHEMBL2363135	P60624	rplX		PROTEIN NUCLEIC-ACID COMPLEX	Bacteria	INHIBITOR	1	0	Bacterial 70S ribosome inhibitor
BRD-K39746403	erythromycin-estolate	CHEMBL2220427	CHEMBL2220427	CHEMBL2363135	P68919	rplY		PROTEIN NUCLEIC-ACID COMPLEX	Bacteria	INHIBITOR	1	0	Bacterial 70S ribosome inhibitor
BRD-K39746403	erythromycin-estolate	CHEMBL2220427	CHEMBL2220427	CHEMBL2363135	P0A7L8	rpmA		PROTEIN NUCLEIC-ACID COMPLEX	Bacteria	INHIBITOR	1	0	Bacterial 70S ribosome inhibitor
BRD-K39746403	erythromycin-estolate	CHEMBL2220427	CHEMBL2220427	CHEMBL2363135	P0A7M2	rpmB		PROTEIN NUCLEIC-ACID COMPLEX	Bacteria	INHIBITOR	1	0	Bacterial 70S ribosome inhibitor
BRD-K39746403	erythromycin-estolate	CHEMBL2220427	CHEMBL2220427	CHEMBL2363135	P0A7M6	rpmC		PROTEIN NUCLEIC-ACID COMPLEX	Bacteria	INHIBITOR	1	0	Bacterial 70S ribosome inhibitor
BRD-K39746403	erythromycin-estolate	CHEMBL2220427	CHEMBL2220427	CHEMBL2363135	P60422	rplB		PROTEIN NUCLEIC-ACID COMPLEX	Bacteria	INHIBITOR	1	0	Bacterial 70S ribosome inhibitor
BRD-K39746403	erythromycin-estolate	CHEMBL2220427	CHEMBL2220427	CHEMBL2363135	P0AG51	rpmD		PROTEIN NUCLEIC-ACID COMPLEX	Bacteria	INHIBITOR	1	0	Bacterial 70S ribosome inhibitor
BRD-K39746403	erythromycin-estolate	CHEMBL2220427	CHEMBL2220427	CHEMBL2363135	P0A7N1	ykgM		PROTEIN NUCLEIC-ACID COMPLEX	Bacteria	INHIBITOR	1	0	Bacterial 70S ribosome inhibitor
BRD-K39746403	erythromycin-estolate	CHEMBL2220427	CHEMBL2220427	CHEMBL2363135	P0A7M9	rpmE		PROTEIN NUCLEIC-ACID COMPLEX	Bacteria	INHIBITOR	1	0	Bacterial 70S ribosome inhibitor
BRD-K39746403	erythromycin-estolate	CHEMBL2220427	CHEMBL2220427	CHEMBL2363135	P0A7N4	rpmF		PROTEIN NUCLEIC-ACID COMPLEX	Bacteria	INHIBITOR	1	0	Bacterial 70S ribosome inhibitor
BRD-K39746403	erythromycin-estolate	CHEMBL2220427	CHEMBL2220427	CHEMBL2363135	P0A7N9	rpmG		PROTEIN NUCLEIC-ACID COMPLEX	Bacteria	INHIBITOR	1	0	Bacterial 70S ribosome inhibitor
BRD-K39746403	erythromycin-estolate	CHEMBL2220427	CHEMBL2220427	CHEMBL2363135	P0A7P5	rpmH		PROTEIN NUCLEIC-ACID COMPLEX	Bacteria	INHIBITOR	1	0	Bacterial 70S ribosome inhibitor
BRD-K39746403	erythromycin-estolate	CHEMBL2220427	CHEMBL2220427	CHEMBL2363135	P0A7Q1	rpmI		PROTEIN NUCLEIC-ACID COMPLEX	Bacteria	INHIBITOR	1	0	Bacterial 70S ribosome inhibitor
BRD-K39746403	erythromycin-estolate	CHEMBL2220427	CHEMBL2220427	CHEMBL2363135	Q2EEQ2	rpmJ2		PROTEIN NUCLEIC-ACID COMPLEX	Bacteria	INHIBITOR	1	0	Bacterial 70S ribosome inhibitor
BRD-K39746403	erythromycin-estolate	CHEMBL2220427	CHEMBL2220427	CHEMBL2363135	P0A7Q6	rpmJ1		PROTEIN NUCLEIC-ACID COMPLEX	Bacteria	INHIBITOR	1	0	Bacterial 70S ribosome inhibitor
BRD-K39746403	erythromycin-estolate	CHEMBL2220427	CHEMBL2220427	CHEMBL2363135	P60438	rplC		PROTEIN NUCLEIC-ACID COMPLEX	Bacteria	INHIBITOR	1	0	Bacterial 70S ribosome inhibitor
BRD-K39746403	erythromycin-estolate	CHEMBL2220427	CHEMBL2220427	CHEMBL2363135	P62399	rplE		PROTEIN NUCLEIC-ACID COMPLEX	Bacteria	INHIBITOR	1	0	Bacterial 70S ribosome inhibitor
BRD-K39746403	erythromycin-estolate	CHEMBL2220427	CHEMBL2220427	CHEMBL2363135	P0AG55	rplF		PROTEIN NUCLEIC-ACID COMPLEX	Bacteria	INHIBITOR	1	0	Bacterial 70S ribosome inhibitor
BRD-K39746403	erythromycin-estolate	CHEMBL2220427	CHEMBL2220427	CHEMBL2363135	P0A7K2	rplL		PROTEIN NUCLEIC-ACID COMPLEX	Bacteria	INHIBITOR	1	0	Bacterial 70S ribosome inhibitor
BRD-K31309378	lucitanib	CHEMBL2220486	CHEMBL2220486	CHEMBL3650	P11362	FGFR1		SINGLE PROTEIN	Homo sapiens	INHIBITOR	1	0	Fibroblast growth factor receptor 1 inhibitor
BRD-K31309378	lucitanib	CHEMBL2220486	CHEMBL2220486	CHEMBL2095227	P17948	FLT1		PROTEIN FAMILY	Homo sapiens	INHIBITOR	1	0	Vascular endothelial growth factor receptor inhibitor
BRD-K31309378	lucitanib	CHEMBL2220486	CHEMBL2220486	CHEMBL2095227	P35916	FLT4		PROTEIN FAMILY	Homo sapiens	INHIBITOR	1	0	Vascular endothelial growth factor receptor inhibitor
BRD-K31309378	lucitanib	CHEMBL2220486	CHEMBL2220486	CHEMBL2095227	P35968	KDR		PROTEIN FAMILY	Homo sapiens	INHIBITOR	1	0	Vascular endothelial growth factor receptor inhibitor
BRD-K31309378	lucitanib	CHEMBL2220486	CHEMBL2220486	CHEMBL4142	P21802	FGFR2	2263	SINGLE PROTEIN	Homo sapiens	INHIBITOR	1	1	Fibroblast growth factor receptor 2 inhibitor
BRD-K25412176	GSK-2110183	CHEMBL2219422	CHEMBL2219422	CHEMBL2111353	P31751	AKT2		PROTEIN FAMILY	Homo sapiens	INHIBITOR	1	0	Serine/threonine-protein kinase AKT inhibitor
BRD-K25412176	GSK-2110183	CHEMBL2219422	CHEMBL2219422	CHEMBL2111353	Q9Y243	AKT3		PROTEIN FAMILY	Homo sapiens	INHIBITOR	1	0	Serine/threonine-protein kinase AKT inhibitor
BRD-K25412176	GSK-2110183	CHEMBL2219422	CHEMBL2219422	CHEMBL2111353	P31749	AKT1	207	PROTEIN FAMILY	Homo sapiens	INHIBITOR	1	1	Serine/threonine-protein kinase AKT inhibitor
BRD-K26823213	GW-842166	CHEMBL225411	CHEMBL225411	CHEMBL253	P34972	CNR2		SINGLE PROTEIN	Homo sapiens	AGONIST	1	0	Cannabinoid CB2 receptor agonist
BRD-K99749624	linifanib	CHEMBL223360	CHEMBL223360	CHEMBL1844	P07333	CSF1R		SINGLE PROTEIN	Homo sapiens	INHIBITOR	1	0	Macrophage colony stimulating factor receptor inhibitor
BRD-K99749624	linifanib	CHEMBL223360	CHEMBL223360	CHEMBL1974	P36888	FLT3		SINGLE PROTEIN	Homo sapiens	INHIBITOR	1	0	Tyrosine-protein kinase receptor FLT3 inhibitor
BRD-K99749624	linifanib	CHEMBL223360	CHEMBL223360	CHEMBL2095189	P09619	PDGFRB		PROTEIN COMPLEX	Homo sapiens	INHIBITOR	1	0	Platelet-derived growth factor receptor inhibitor
BRD-K99749624	linifanib	CHEMBL223360	CHEMBL223360	CHEMBL2095189	P16234	PDGFRA		PROTEIN COMPLEX	Homo sapiens	INHIBITOR	1	0	Platelet-derived growth factor receptor inhibitor
BRD-K99749624	linifanib	CHEMBL223360	CHEMBL223360	CHEMBL2095227	P17948	FLT1		PROTEIN FAMILY	Homo sapiens	INHIBITOR	1	0	Vascular endothelial growth factor receptor inhibitor
BRD-K99749624	linifanib	CHEMBL223360	CHEMBL223360	CHEMBL2095227	P35916	FLT4		PROTEIN FAMILY	Homo sapiens	INHIBITOR	1	0	Vascular endothelial growth factor receptor inhibitor
BRD-K99749624	linifanib	CHEMBL223360	CHEMBL223360	CHEMBL2095227	P35968	KDR		PROTEIN FAMILY	Homo sapiens	INHIBITOR	1	0	Vascular endothelial growth factor receptor inhibitor
BRD-K89839824	raltitrexed	CHEMBL225071	CHEMBL225071	CHEMBL1952	P04818	TYMS		SINGLE PROTEIN	Homo sapiens	INHIBITOR	1	0	Thymidylate synthase inhibitor
BRD-K54094468	remoxipride	CHEMBL22242	CHEMBL22242	CHEMBL217	P14416	DRD2		SINGLE PROTEIN	Homo sapiens	ANTAGONIST	1	0	Dopamine D2 receptor antagonist
BRD-K54094468	remoxipride	CHEMBL22242	CHEMBL22242	CHEMBL217	P14416	DRD2		SINGLE PROTEIN	Homo sapiens	ANTAGONIST	1	0	Dopamine D2 receptor antagonist
BRD-K04264130	favipiravir	CHEMBL221722	CHEMBL221722	CHEMBL4523676	P03433	PA		PROTEIN COMPLEX	Influenza A virus (strain A/Puerto Rico/8/1934 H1N1)	INHIBITOR	1	0	RNA-directed RNA polymerase inhibitor
BRD-K04264130	favipiravir	CHEMBL221722	CHEMBL221722	CHEMBL4523676	P03431	PB1		PROTEIN COMPLEX	Influenza A virus (strain A/Puerto Rico/8/1934 H1N1)	INHIBITOR	1	0	RNA-directed RNA polymerase inhibitor
BRD-K04264130	favipiravir	CHEMBL221722	CHEMBL221722	CHEMBL4523676	P03428	PB2		PROTEIN COMPLEX	Influenza A virus (strain A/Puerto Rico/8/1934 H1N1)	INHIBITOR	1	0	RNA-directed RNA polymerase inhibitor
BRD-K61567297	resatorvid	CHEMBL225157	CHEMBL225157	CHEMBL5255	O00206	TLR4	7099	SINGLE PROTEIN	Homo sapiens	INHIBITOR	1	1	Toll-like receptor 4 inhibitor
BRD-K64881305	ispinesib	CHEMBL228814	CHEMBL228814	CHEMBL4581	P52732	KIF11		SINGLE PROTEIN	Homo sapiens	INHIBITOR	1	0	Kinesin-like protein 1 inhibitor
BRD-K24023109	diltiazem	CHEMBL23	CHEMBL23	CHEMBL2095229	Q13936	CACNA1C		PROTEIN FAMILY	Homo sapiens	BLOCKER	1	0	Voltage-gated L-type calcium channel blocker
BRD-K24023109	diltiazem	CHEMBL23	CHEMBL23	CHEMBL2095229	Q13698	CACNA1S		PROTEIN FAMILY	Homo sapiens	BLOCKER	1	0	Voltage-gated L-type calcium channel blocker
BRD-K24023109	diltiazem	CHEMBL23	CHEMBL23	CHEMBL2095229	Q01668	CACNA1D		PROTEIN FAMILY	Homo sapiens	BLOCKER	1	0	Voltage-gated L-type calcium channel blocker
BRD-K24023109	diltiazem	CHEMBL23	CHEMBL23	CHEMBL2095229	O60840	CACNA1F		PROTEIN FAMILY	Homo sapiens	BLOCKER	1	0	Voltage-gated L-type calcium channel blocker
BRD-K24023109	diltiazem	CHEMBL23	CHEMBL23	CHEMBL2095229	Q13936	CACNA1C		PROTEIN FAMILY	Homo sapiens	BLOCKER	1	0	Voltage-gated L-type calcium channel blocker
BRD-K24023109	diltiazem	CHEMBL23	CHEMBL23	CHEMBL2095229	Q13698	CACNA1S		PROTEIN FAMILY	Homo sapiens	BLOCKER	1	0	Voltage-gated L-type calcium channel blocker
BRD-K24023109	diltiazem	CHEMBL23	CHEMBL23	CHEMBL2095229	Q01668	CACNA1D		PROTEIN FAMILY	Homo sapiens	BLOCKER	1	0	Voltage-gated L-type calcium channel blocker
BRD-K24023109	diltiazem	CHEMBL23	CHEMBL23	CHEMBL2095229	O60840	CACNA1F		PROTEIN FAMILY	Homo sapiens	BLOCKER	1	0	Voltage-gated L-type calcium channel blocker
BRD-K67121414	apixaban	CHEMBL231779	CHEMBL231779	CHEMBL244	P00742	F10		SINGLE PROTEIN	Homo sapiens	INHIBITOR	1	0	Coagulation factor X inhibitor
BRD-K84996356	AZD-3514	CHEMBL2346976	CHEMBL2346976	CHEMBL1871	P10275	AR		SINGLE PROTEIN	Homo sapiens	MODULATOR	1	0	Androgen Receptor modulator
BRD-K55512740	MK-8033	CHEMBL2323775	CHEMBL2323775	CHEMBL3717	P08581	MET		SINGLE PROTEIN	Homo sapiens	INHIBITOR	1	0	Hepatocyte growth factor receptor inhibitor
BRD-K55512740	MK-8033	CHEMBL2323775	CHEMBL2323775	CHEMBL2689	Q04912	MST1R		SINGLE PROTEIN	Homo sapiens	INHIBITOR	1	0	Macrophage-stimulating protein receptor inhibitor
BRD-K34185671	AMG-517	CHEMBL229430	CHEMBL229430	CHEMBL4794	Q8NER1	TRPV1		SINGLE PROTEIN	Homo sapiens	ANTAGONIST	1	0	Vanilloid receptor antagonist
BRD-K64785675	TG-100115	CHEMBL230011	CHEMBL230011	CHEMBL3267	P48736	PIK3CG		SINGLE PROTEIN	Homo sapiens	INHIBITOR	1	0	PI3-kinase p110-gamma subunit inhibitor
BRD-K64785675	TG-100115	CHEMBL230011	CHEMBL230011	CHEMBL3130	O00329	PIK3CD		SINGLE PROTEIN	Homo sapiens	INHIBITOR	1	0	PI3-kinase p110-delta subunit inhibitor
BRD-K64838454	dipraglurant	CHEMBL2346738	CHEMBL2346738	CHEMBL3227	P41594	GRM5		SINGLE PROTEIN	Homo sapiens	MODULATOR	1	0	Metabotropic glutamate receptor 5 modulator
BRD-K52313696	tacedinaline	CHEMBL235191	CHEMBL235191	CHEMBL2093865	Q13547	HDAC1		PROTEIN FAMILY	Homo sapiens	INHIBITOR	1	0	Histone deacetylase inhibitor
BRD-K52313696	tacedinaline	CHEMBL235191	CHEMBL235191	CHEMBL2093865	O15379	HDAC3		PROTEIN FAMILY	Homo sapiens	INHIBITOR	1	0	Histone deacetylase inhibitor
BRD-K52313696	tacedinaline	CHEMBL235191	CHEMBL235191	CHEMBL2093865	Q9UBN7	HDAC6	10013	PROTEIN FAMILY	Homo sapiens	INHIBITOR	1	1	Histone deacetylase inhibitor
BRD-K52313696	tacedinaline	CHEMBL235191	CHEMBL235191	CHEMBL2093865	Q92769	HDAC2	3066	PROTEIN FAMILY	Homo sapiens	INHIBITOR	1	1	Histone deacetylase inhibitor
BRD-K52313696	tacedinaline	CHEMBL235191	CHEMBL235191	CHEMBL2093865	Q9UQL6	HDAC5		PROTEIN FAMILY	Homo sapiens	INHIBITOR	1	0	Histone deacetylase inhibitor
BRD-K52313696	tacedinaline	CHEMBL235191	CHEMBL235191	CHEMBL2093865	Q8WUI4	HDAC7		PROTEIN FAMILY	Homo sapiens	INHIBITOR	1	0	Histone deacetylase inhibitor
BRD-K52313696	tacedinaline	CHEMBL235191	CHEMBL235191	CHEMBL2093865	Q9BY41	HDAC8		PROTEIN FAMILY	Homo sapiens	INHIBITOR	1	0	Histone deacetylase inhibitor
BRD-K52313696	tacedinaline	CHEMBL235191	CHEMBL235191	CHEMBL2093865	Q96DB2	HDAC11		PROTEIN FAMILY	Homo sapiens	INHIBITOR	1	0	Histone deacetylase inhibitor
BRD-K52313696	tacedinaline	CHEMBL235191	CHEMBL235191	CHEMBL2093865	P56524	HDAC4		PROTEIN FAMILY	Homo sapiens	INHIBITOR	1	0	Histone deacetylase inhibitor
BRD-K52313696	tacedinaline	CHEMBL235191	CHEMBL235191	CHEMBL2093865	Q9UKV0	HDAC9		PROTEIN FAMILY	Homo sapiens	INHIBITOR	1	0	Histone deacetylase inhibitor
BRD-K52313696	tacedinaline	CHEMBL235191	CHEMBL235191	CHEMBL2093865	Q969S8	HDAC10		PROTEIN FAMILY	Homo sapiens	INHIBITOR	1	0	Histone deacetylase inhibitor
BRD-K99023089	AZD-5363	CHEMBL2325741	CHEMBL2325741	CHEMBL2111353	P31751	AKT2		PROTEIN FAMILY	Homo sapiens	INHIBITOR	1	0	Serine/threonine-protein kinase AKT inhibitor
BRD-K99023089	AZD-5363	CHEMBL2325741	CHEMBL2325741	CHEMBL2111353	Q9Y243	AKT3		PROTEIN FAMILY	Homo sapiens	INHIBITOR	1	0	Serine/threonine-protein kinase AKT inhibitor
BRD-K99023089	AZD-5363	CHEMBL2325741	CHEMBL2325741	CHEMBL2111353	P31749	AKT1	207	PROTEIN FAMILY	Homo sapiens	INHIBITOR	1	1	Serine/threonine-protein kinase AKT inhibitor
BRD-K99113996	AZD-2014	CHEMBL2336325	CHEMBL2336325	CHEMBL2842	P42345	MTOR		SINGLE PROTEIN	Homo sapiens	INHIBITOR	1	0	Serine/threonine-protein kinase mTOR inhibitor
BRD-K98453471	salirasib	CHEMBL23293	CHEMBL23293	CHEMBL4524006	P01112	HRAS		PROTEIN FAMILY	Homo sapiens	INHIBITOR	1	0	RAS inhibitor
BRD-K98453471	salirasib	CHEMBL23293	CHEMBL23293	CHEMBL4524006	P01111	NRAS	4893	PROTEIN FAMILY	Homo sapiens	INHIBITOR	1	1	RAS inhibitor
BRD-K98453471	salirasib	CHEMBL23293	CHEMBL23293	CHEMBL4524006	P01116	KRAS		PROTEIN FAMILY	Homo sapiens	INHIBITOR	1	0	RAS inhibitor
BRD-K08037784	arbutin	CHEMBL232202	CHEMBL232202	CHEMBL1973	P14679	TYR		SINGLE PROTEIN	Homo sapiens	INHIBITOR	1	0	Tyrosinase inhibitor
BRD-K91328526	clomifene	CHEMBL2355051	CHEMBL2355051	CHEMBL206	P03372	ESR1		SINGLE PROTEIN	Homo sapiens	MODULATOR	1	0	Estrogen receptor alpha modulator
BRD-K11973162	tipiracil	CHEMBL235668	CHEMBL235668	CHEMBL3106	P19971	TYMP		SINGLE PROTEIN	Homo sapiens	INHIBITOR	1	0	Thymidine phosphorylase inhibitor
BRD-K87403606	BRD-K87403606	CHEMBL2360841	CHEMBL2360841	CHEMBL4011	P04608	tat		SINGLE PROTEIN	Human immunodeficiency virus type 1 group M subtype B (isolate HXB2)(HIV-1)	ANTAGONIST	1	0	Human immunodeficiency virus type 1 Tat protein antagonist
BRD-K96550715	linagliptin	CHEMBL237500	CHEMBL237500	CHEMBL284	P27487	DPP4		SINGLE PROTEIN	Homo sapiens	INHIBITOR	1	0	Dipeptidyl peptidase IV inhibitor
BRD-K05446112	ledipasvir	CHEMBL2374220	CHEMBL2374220	CHEMBL3307224	Q5L478			SINGLE PROTEIN	Hepatitis C virus	INHIBITOR	1	0	Nonstructural protein 5A inhibitor
BRD-K78118466	LY-2157299	CHEMBL2364611	CHEMBL2364611	CHEMBL4439	P36897	TGFBR1		SINGLE PROTEIN	Homo sapiens	INHIBITOR	1	0	TGF-beta receptor type I inhibitor
BRD-K59227464	LY-2228820	CHEMBL2364626	CHEMBL2364626	CHEMBL260	Q16539	MAPK14		SINGLE PROTEIN	Homo sapiens	INHIBITOR	1	0	MAP kinase p38 alpha inhibitor
BRD-K44844162	taselisib	CHEMBL2387080	CHEMBL2387080	CHEMBL3559703	P27986	PIK3R1		PROTEIN COMPLEX GROUP	Homo sapiens	INHIBITOR	1	0	PI3-kinase class I inhibitor
BRD-K44844162	taselisib	CHEMBL2387080	CHEMBL2387080	CHEMBL3559703	P42338	PIK3CB		PROTEIN COMPLEX GROUP	Homo sapiens	INHIBITOR	1	0	PI3-kinase class I inhibitor
BRD-K44844162	taselisib	CHEMBL2387080	CHEMBL2387080	CHEMBL3559703	P48736	PIK3CG		PROTEIN COMPLEX GROUP	Homo sapiens	INHIBITOR	1	0	PI3-kinase class I inhibitor
BRD-K44844162	taselisib	CHEMBL2387080	CHEMBL2387080	CHEMBL3559703	P42336	PIK3CA	5290	PROTEIN COMPLEX GROUP	Homo sapiens	INHIBITOR	1	1	PI3-kinase class I inhibitor
BRD-K44844162	taselisib	CHEMBL2387080	CHEMBL2387080	CHEMBL3559703	O00459	PIK3R2		PROTEIN COMPLEX GROUP	Homo sapiens	INHIBITOR	1	0	PI3-kinase class I inhibitor
BRD-K44844162	taselisib	CHEMBL2387080	CHEMBL2387080	CHEMBL3559703	O00329	PIK3CD		PROTEIN COMPLEX GROUP	Homo sapiens	INHIBITOR	1	0	PI3-kinase class I inhibitor
BRD-K44844162	taselisib	CHEMBL2387080	CHEMBL2387080	CHEMBL3559703	Q8WYR1	PIK3R5		PROTEIN COMPLEX GROUP	Homo sapiens	INHIBITOR	1	0	PI3-kinase class I inhibitor
BRD-K44844162	taselisib	CHEMBL2387080	CHEMBL2387080	CHEMBL3559703	Q92569	PIK3R3	8503	PROTEIN COMPLEX GROUP	Homo sapiens	INHIBITOR	1	1	PI3-kinase class I inhibitor
BRD-K91159026	telcagepant	CHEMBL236593	CHEMBL236593	CHEMBL3798	Q16602	CALCRL		SINGLE PROTEIN	Homo sapiens	ANTAGONIST	1	0	Calcitonin gene-related peptide type 1 receptor antagonist
BRD-K20008181	LCQ-908	CHEMBL2364624	CHEMBL2364624	CHEMBL6009	O75907	DGAT1		SINGLE PROTEIN	Homo sapiens	INHIBITOR	1	0	Diacylglycerol O-acyltransferase 1 inhibitor
BRD-K82928847	ACY-1215	CHEMBL2364628	CHEMBL2364628	CHEMBL1865	Q9UBN7	HDAC6	10013	SINGLE PROTEIN	Homo sapiens	INHIBITOR	1	1	Histone deacetylase 6 inhibitor
BRD-A20239487	atenolol-(+/-)	CHEMBL24	CHEMBL24	CHEMBL213	P08588	ADRB1		SINGLE PROTEIN	Homo sapiens	ANTAGONIST	1	0	Beta-1 adrenergic receptor antagonist
BRD-K77625799	vandetanib	CHEMBL24828	CHEMBL24828	CHEMBL267	P12931	SRC	6714	SINGLE PROTEIN	Homo sapiens	INHIBITOR	1	1	Tyrosine-protein kinase SRC inhibitor
BRD-K18135438	chenodeoxycholic-acid	CHEMBL240597	CHEMBL240597	CHEMBL2047	Q96RI1	NR1H4		SINGLE PROTEIN	Homo sapiens	AGONIST	1	0	Bile acid receptor FXR agonist
BRD-K77625799	vandetanib	CHEMBL24828	CHEMBL24828	CHEMBL4601	Q13882	PTK6		SINGLE PROTEIN	Homo sapiens	INHIBITOR	1	0	Tyrosine-protein kinase BRK inhibitor
BRD-K77625799	vandetanib	CHEMBL24828	CHEMBL24828	CHEMBL4128	Q02763	TEK		SINGLE PROTEIN	Homo sapiens	INHIBITOR	1	0	Tyrosine-protein kinase TIE-2 inhibitor
BRD-K77625799	vandetanib	CHEMBL24828	CHEMBL24828	CHEMBL2095227	P17948	FLT1		PROTEIN FAMILY	Homo sapiens	INHIBITOR	1	0	Vascular endothelial growth factor receptor inhibitor
BRD-K77625799	vandetanib	CHEMBL24828	CHEMBL24828	CHEMBL2095227	P35916	FLT4		PROTEIN FAMILY	Homo sapiens	INHIBITOR	1	0	Vascular endothelial growth factor receptor inhibitor
BRD-K77625799	vandetanib	CHEMBL24828	CHEMBL24828	CHEMBL2095227	P35968	KDR		PROTEIN FAMILY	Homo sapiens	INHIBITOR	1	0	Vascular endothelial growth factor receptor inhibitor
BRD-K77625799	vandetanib	CHEMBL24828	CHEMBL24828	CHEMBL2041	P07949	RET		SINGLE PROTEIN	Homo sapiens	INHIBITOR	1	0	Tyrosine-protein kinase receptor RET inhibitor
BRD-K77625799	vandetanib	CHEMBL24828	CHEMBL24828	CHEMBL2363043	P29317	EPHA2		PROTEIN FAMILY	Homo sapiens	INHIBITOR	1	0	Ephrin receptor inhibitor
BRD-K77625799	vandetanib	CHEMBL24828	CHEMBL24828	CHEMBL2363043	P29323	EPHB2	2048	PROTEIN FAMILY	Homo sapiens	INHIBITOR	1	1	Ephrin receptor inhibitor
BRD-K77625799	vandetanib	CHEMBL24828	CHEMBL24828	CHEMBL2363043	P54756	EPHA5		PROTEIN FAMILY	Homo sapiens	INHIBITOR	1	0	Ephrin receptor inhibitor
BRD-K77625799	vandetanib	CHEMBL24828	CHEMBL24828	CHEMBL2363043	P54764	EPHA4		PROTEIN FAMILY	Homo sapiens	INHIBITOR	1	0	Ephrin receptor inhibitor
BRD-K77625799	vandetanib	CHEMBL24828	CHEMBL24828	CHEMBL2363043	P29322	EPHA8		PROTEIN FAMILY	Homo sapiens	INHIBITOR	1	0	Ephrin receptor inhibitor
BRD-K77625799	vandetanib	CHEMBL24828	CHEMBL24828	CHEMBL2363043	Q9UF33	EPHA6		PROTEIN FAMILY	Homo sapiens	INHIBITOR	1	0	Ephrin receptor inhibitor
BRD-K77625799	vandetanib	CHEMBL24828	CHEMBL24828	CHEMBL2363043	Q15375	EPHA7		PROTEIN FAMILY	Homo sapiens	INHIBITOR	1	0	Ephrin receptor inhibitor
BRD-K77625799	vandetanib	CHEMBL24828	CHEMBL24828	CHEMBL2363043	P54753	EPHB3		PROTEIN FAMILY	Homo sapiens	INHIBITOR	1	0	Ephrin receptor inhibitor
BRD-K77625799	vandetanib	CHEMBL24828	CHEMBL24828	CHEMBL2363043	P29320	EPHA3	2042	PROTEIN FAMILY	Homo sapiens	INHIBITOR	1	1	Ephrin receptor inhibitor
BRD-K77625799	vandetanib	CHEMBL24828	CHEMBL24828	CHEMBL2363043	P54762	EPHB1		PROTEIN FAMILY	Homo sapiens	INHIBITOR	1	0	Ephrin receptor inhibitor
BRD-K77625799	vandetanib	CHEMBL24828	CHEMBL24828	CHEMBL2363043	P54760	EPHB4		PROTEIN FAMILY	Homo sapiens	INHIBITOR	1	0	Ephrin receptor inhibitor
BRD-K77625799	vandetanib	CHEMBL24828	CHEMBL24828	CHEMBL2363043	P21709	EPHA1		PROTEIN FAMILY	Homo sapiens	INHIBITOR	1	0	Ephrin receptor inhibitor
BRD-K77625799	vandetanib	CHEMBL24828	CHEMBL24828	CHEMBL2363043	O15197	EPHB6		PROTEIN FAMILY	Homo sapiens	INHIBITOR	1	0	Ephrin receptor inhibitor
BRD-K77625799	vandetanib	CHEMBL24828	CHEMBL24828	CHEMBL2363043	Q5JZY3	EPHA10		PROTEIN FAMILY	Homo sapiens	INHIBITOR	1	0	Ephrin receptor inhibitor
BRD-K77625799	vandetanib	CHEMBL24828	CHEMBL24828	CHEMBL2363049	P04626	ERBB2	2064	PROTEIN FAMILY	Homo sapiens	INHIBITOR	1	1	Epidermal growth factor receptor inhibitor
BRD-K77625799	vandetanib	CHEMBL24828	CHEMBL24828	CHEMBL2363049	P00533	EGFR	1956	PROTEIN FAMILY	Homo sapiens	INHIBITOR	1	1	Epidermal growth factor receptor inhibitor
BRD-K77625799	vandetanib	CHEMBL24828	CHEMBL24828	CHEMBL2363049	Q15303	ERBB4		PROTEIN FAMILY	Homo sapiens	INHIBITOR	1	0	Epidermal growth factor receptor inhibitor
BRD-K77625799	vandetanib	CHEMBL24828	CHEMBL24828	CHEMBL2363049	P21860	ERBB3	2065	PROTEIN FAMILY	Homo sapiens	INHIBITOR	1	1	Epidermal growth factor receptor inhibitor
BRD-K98572433	AZD-8931	CHEMBL2408045	CHEMBL2408045	CHEMBL1824	P04626	ERBB2	2064	SINGLE PROTEIN	Homo sapiens	INHIBITOR	1	1	Receptor protein-tyrosine kinase erbB-2 inhibitor
BRD-K98572433	AZD-8931	CHEMBL2408045	CHEMBL2408045	CHEMBL5838	P21860	ERBB3	2065	SINGLE PROTEIN	Homo sapiens	INHIBITOR	1	1	Receptor tyrosine-protein kinase erbB-3 inhibitor
BRD-K98572433	AZD-8931	CHEMBL2408045	CHEMBL2408045	CHEMBL203	P00533	EGFR	1956	SINGLE PROTEIN	Homo sapiens	INHIBITOR	1	1	Epidermal growth factor receptor erbB1 inhibitor
BRD-K54997624	alpelisib	CHEMBL2396661	CHEMBL2396661	CHEMBL4005	P42336	PIK3CA	5290	SINGLE PROTEIN	Homo sapiens	INHIBITOR	1	1	PI3-kinase p110-alpha subunit inhibitor
BRD-K46290096	preladenant	CHEMBL240624	CHEMBL240624	CHEMBL251	P29274	ADORA2A		SINGLE PROTEIN	Homo sapiens	ANTAGONIST	1	0	Adenosine A2a receptor antagonist
BRD-K58626373	dexfenfluramine	CHEMBL248702	CHEMBL248702	CHEMBL2096904	P30939	HTR1F		PROTEIN FAMILY	Homo sapiens	AGONIST	1	0	Serotonin (5-HT) receptor agonist
BRD-K58626373	dexfenfluramine	CHEMBL248702	CHEMBL248702	CHEMBL2096904	P41595	HTR2B		PROTEIN FAMILY	Homo sapiens	AGONIST	1	0	Serotonin (5-HT) receptor agonist
BRD-K58626373	dexfenfluramine	CHEMBL248702	CHEMBL248702	CHEMBL2096904	Q13639	HTR4		PROTEIN FAMILY	Homo sapiens	AGONIST	1	0	Serotonin (5-HT) receptor agonist
BRD-K58626373	dexfenfluramine	CHEMBL248702	CHEMBL248702	CHEMBL2096904	P28222	HTR1B		PROTEIN FAMILY	Homo sapiens	AGONIST	1	0	Serotonin (5-HT) receptor agonist
BRD-K58626373	dexfenfluramine	CHEMBL248702	CHEMBL248702	CHEMBL2096904	P46098	HTR3A		PROTEIN FAMILY	Homo sapiens	AGONIST	1	0	Serotonin (5-HT) receptor agonist
BRD-K58626373	dexfenfluramine	CHEMBL248702	CHEMBL248702	CHEMBL2096904	P08908	HTR1A		PROTEIN FAMILY	Homo sapiens	AGONIST	1	0	Serotonin (5-HT) receptor agonist
BRD-K58626373	dexfenfluramine	CHEMBL248702	CHEMBL248702	CHEMBL2096904	P28221	HTR1D		PROTEIN FAMILY	Homo sapiens	AGONIST	1	0	Serotonin (5-HT) receptor agonist
BRD-K58626373	dexfenfluramine	CHEMBL248702	CHEMBL248702	CHEMBL2096904	P28223	HTR2A		PROTEIN FAMILY	Homo sapiens	AGONIST	1	0	Serotonin (5-HT) receptor agonist
BRD-K58626373	dexfenfluramine	CHEMBL248702	CHEMBL248702	CHEMBL2096904	P28335	HTR2C		PROTEIN FAMILY	Homo sapiens	AGONIST	1	0	Serotonin (5-HT) receptor agonist
BRD-K58626373	dexfenfluramine	CHEMBL248702	CHEMBL248702	CHEMBL2096904	P28566	HTR1E		PROTEIN FAMILY	Homo sapiens	AGONIST	1	0	Serotonin (5-HT) receptor agonist
BRD-K58626373	dexfenfluramine	CHEMBL248702	CHEMBL248702	CHEMBL2096904	P34969	HTR7		PROTEIN FAMILY	Homo sapiens	AGONIST	1	0	Serotonin (5-HT) receptor agonist
BRD-K58626373	dexfenfluramine	CHEMBL248702	CHEMBL248702	CHEMBL2096904	P50406	HTR6		PROTEIN FAMILY	Homo sapiens	AGONIST	1	0	Serotonin (5-HT) receptor agonist
BRD-K58626373	dexfenfluramine	CHEMBL248702	CHEMBL248702	CHEMBL2096904	P47898	HTR5A		PROTEIN FAMILY	Homo sapiens	AGONIST	1	0	Serotonin (5-HT) receptor agonist
BRD-K58626373	dexfenfluramine	CHEMBL248702	CHEMBL248702	CHEMBL2096904	A5X5Y0	HTR3E		PROTEIN FAMILY	Homo sapiens	AGONIST	1	0	Serotonin (5-HT) receptor agonist
BRD-K58626373	dexfenfluramine	CHEMBL248702	CHEMBL248702	CHEMBL2096904	O95264	HTR3B		PROTEIN FAMILY	Homo sapiens	AGONIST	1	0	Serotonin (5-HT) receptor agonist
BRD-K58626373	dexfenfluramine	CHEMBL248702	CHEMBL248702	CHEMBL2096904	Q70Z44	HTR3D		PROTEIN FAMILY	Homo sapiens	AGONIST	1	0	Serotonin (5-HT) receptor agonist
BRD-K58626373	dexfenfluramine	CHEMBL248702	CHEMBL248702	CHEMBL2096904	Q8WXA8	HTR3C		PROTEIN FAMILY	Homo sapiens	AGONIST	1	0	Serotonin (5-HT) receptor agonist
BRD-A10662413	prenylamine	CHEMBL24072	CHEMBL24072	CHEMBL1980	Q14524	SCN5A		SINGLE PROTEIN	Homo sapiens	BLOCKER	1	0	Sodium channel protein type V alpha subunit blocker
BRD-A60197193	amisulpride	CHEMBL243712	CHEMBL243712	CHEMBL2096904	P30939	HTR1F		PROTEIN FAMILY	Homo sapiens	ANTAGONIST	1	0	Serotonin (5-HT) receptor antagonist
BRD-A60197193	amisulpride	CHEMBL243712	CHEMBL243712	CHEMBL2096904	P41595	HTR2B		PROTEIN FAMILY	Homo sapiens	ANTAGONIST	1	0	Serotonin (5-HT) receptor antagonist
BRD-A60197193	amisulpride	CHEMBL243712	CHEMBL243712	CHEMBL2096904	Q13639	HTR4		PROTEIN FAMILY	Homo sapiens	ANTAGONIST	1	0	Serotonin (5-HT) receptor antagonist
BRD-A60197193	amisulpride	CHEMBL243712	CHEMBL243712	CHEMBL2096904	P28222	HTR1B		PROTEIN FAMILY	Homo sapiens	ANTAGONIST	1	0	Serotonin (5-HT) receptor antagonist
BRD-A60197193	amisulpride	CHEMBL243712	CHEMBL243712	CHEMBL2096904	P46098	HTR3A		PROTEIN FAMILY	Homo sapiens	ANTAGONIST	1	0	Serotonin (5-HT) receptor antagonist
BRD-A60197193	amisulpride	CHEMBL243712	CHEMBL243712	CHEMBL2096904	P08908	HTR1A		PROTEIN FAMILY	Homo sapiens	ANTAGONIST	1	0	Serotonin (5-HT) receptor antagonist
BRD-A60197193	amisulpride	CHEMBL243712	CHEMBL243712	CHEMBL2096904	P28221	HTR1D		PROTEIN FAMILY	Homo sapiens	ANTAGONIST	1	0	Serotonin (5-HT) receptor antagonist
BRD-A60197193	amisulpride	CHEMBL243712	CHEMBL243712	CHEMBL2096904	P28223	HTR2A		PROTEIN FAMILY	Homo sapiens	ANTAGONIST	1	0	Serotonin (5-HT) receptor antagonist
BRD-A60197193	amisulpride	CHEMBL243712	CHEMBL243712	CHEMBL2096904	P28335	HTR2C		PROTEIN FAMILY	Homo sapiens	ANTAGONIST	1	0	Serotonin (5-HT) receptor antagonist
BRD-A60197193	amisulpride	CHEMBL243712	CHEMBL243712	CHEMBL2096904	P28566	HTR1E		PROTEIN FAMILY	Homo sapiens	ANTAGONIST	1	0	Serotonin (5-HT) receptor antagonist
BRD-A60197193	amisulpride	CHEMBL243712	CHEMBL243712	CHEMBL2096904	P34969	HTR7		PROTEIN FAMILY	Homo sapiens	ANTAGONIST	1	0	Serotonin (5-HT) receptor antagonist
BRD-A60197193	amisulpride	CHEMBL243712	CHEMBL243712	CHEMBL2096904	P50406	HTR6		PROTEIN FAMILY	Homo sapiens	ANTAGONIST	1	0	Serotonin (5-HT) receptor antagonist
BRD-A60197193	amisulpride	CHEMBL243712	CHEMBL243712	CHEMBL2096904	P47898	HTR5A		PROTEIN FAMILY	Homo sapiens	ANTAGONIST	1	0	Serotonin (5-HT) receptor antagonist
BRD-A60197193	amisulpride	CHEMBL243712	CHEMBL243712	CHEMBL2096904	A5X5Y0	HTR3E		PROTEIN FAMILY	Homo sapiens	ANTAGONIST	1	0	Serotonin (5-HT) receptor antagonist
BRD-A60197193	amisulpride	CHEMBL243712	CHEMBL243712	CHEMBL2096904	O95264	HTR3B		PROTEIN FAMILY	Homo sapiens	ANTAGONIST	1	0	Serotonin (5-HT) receptor antagonist
BRD-A60197193	amisulpride	CHEMBL243712	CHEMBL243712	CHEMBL2096904	Q70Z44	HTR3D		PROTEIN FAMILY	Homo sapiens	ANTAGONIST	1	0	Serotonin (5-HT) receptor antagonist
BRD-A60197193	amisulpride	CHEMBL243712	CHEMBL243712	CHEMBL2096904	Q8WXA8	HTR3C		PROTEIN FAMILY	Homo sapiens	ANTAGONIST	1	0	Serotonin (5-HT) receptor antagonist
BRD-K91315211	betahistine	CHEMBL24441	CHEMBL24441	CHEMBL264	Q9Y5N1	HRH3		SINGLE PROTEIN	Homo sapiens	ANTAGONIST	1	0	Histamine H3 receptor antagonist
BRD-A10662413	prenylamine	CHEMBL24072	CHEMBL24072	CHEMBL6093	P0DP23	CALM1		SINGLE PROTEIN	Homo sapiens	INHIBITOR	1	0	Calmodulin inhibitor
BRD-K91315211	betahistine	CHEMBL24441	CHEMBL24441	CHEMBL231	P35367	HRH1		SINGLE PROTEIN	Homo sapiens	AGONIST	1	0	Histamine H1 receptor agonist
BRD-A60197193	amisulpride	CHEMBL243712	CHEMBL243712	CHEMBL2095169	P14416	DRD2		SELECTIVITY GROUP	Homo sapiens	ANTAGONIST	1	0	Dopamine receptors; D2 & D3 antagonist
BRD-A60197193	amisulpride	CHEMBL243712	CHEMBL243712	CHEMBL2095169	P35462	DRD3		SELECTIVITY GROUP	Homo sapiens	ANTAGONIST	1	0	Dopamine receptors; D2 & D3 antagonist
BRD-K20001883	apabetalone	CHEMBL2393130	CHEMBL2393130	CHEMBL4296614	P25440	BRD2		PROTEIN FAMILY	Homo sapiens	INHIBITOR	1	0	Bromodomain and extra-terminal motif (BET) inhibitor
BRD-K20001883	apabetalone	CHEMBL2393130	CHEMBL2393130	CHEMBL4296614	O60885	BRD4		PROTEIN FAMILY	Homo sapiens	INHIBITOR	1	0	Bromodomain and extra-terminal motif (BET) inhibitor
BRD-K20001883	apabetalone	CHEMBL2393130	CHEMBL2393130	CHEMBL4296614	Q58F21	BRDT		PROTEIN FAMILY	Homo sapiens	INHIBITOR	1	0	Bromodomain and extra-terminal motif (BET) inhibitor
BRD-K20001883	apabetalone	CHEMBL2393130	CHEMBL2393130	CHEMBL4296614	Q15059	BRD3		PROTEIN FAMILY	Homo sapiens	INHIBITOR	1	0	Bromodomain and extra-terminal motif (BET) inhibitor
BRD-K66412701	pazufloxacin	CHEMBL240163	CHEMBL240163	CHEMBL2311224	P0AES6	gyrB		PROTEIN COMPLEX	Bacteria	INHIBITOR	1	0	Bacterial DNA gyrase inhibitor
BRD-K66412701	pazufloxacin	CHEMBL240163	CHEMBL240163	CHEMBL2311224	P0AES4	gyrA		PROTEIN COMPLEX	Bacteria	INHIBITOR	1	0	Bacterial DNA gyrase inhibitor
BRD-K66412701	pazufloxacin	CHEMBL240163	CHEMBL240163	CHEMBL2094255	P11388	TOP2A	7153	PROTEIN FAMILY	Homo sapiens	INHIBITOR	1	1	DNA topoisomerase II inhibitor
BRD-K66412701	pazufloxacin	CHEMBL240163	CHEMBL240163	CHEMBL2094255	Q02880	TOP2B		PROTEIN FAMILY	Homo sapiens	INHIBITOR	1	0	DNA topoisomerase II inhibitor
BRD-K62627508	idasanutlin	CHEMBL2402737	CHEMBL2402737	CHEMBL1907611	P04637	TP53	7157	PROTEIN-PROTEIN INTERACTION	Homo sapiens	INHIBITOR	1	1	Tumour suppressor p53/oncoprotein Mdm2 inhibitor
BRD-K62627508	idasanutlin	CHEMBL2402737	CHEMBL2402737	CHEMBL1907611	Q00987	MDM2		PROTEIN-PROTEIN INTERACTION	Homo sapiens	INHIBITOR	1	0	Tumour suppressor p53/oncoprotein Mdm2 inhibitor
BRD-K81528515	nilotinib	CHEMBL255863	CHEMBL255863	CHEMBL1862	P00519	ABL1	25	SINGLE PROTEIN	Homo sapiens	INHIBITOR	1	1	Tyrosine-protein kinase ABL inhibitor
BRD-K05658747	raltegravir	CHEMBL254316	CHEMBL254316	CHEMBL3471	Q7ZJM1			SINGLE PROTEIN	Human immunodeficiency virus 1	INHIBITOR	1	0	Human immunodeficiency virus type 1 integrase inhibitor
BRD-K11433652	aspirin	CHEMBL25	CHEMBL25	CHEMBL2094253	P35354	PTGS2	5743	PROTEIN FAMILY	Homo sapiens	INHIBITOR	1	1	Cyclooxygenase inhibitor
BRD-K11433652	aspirin	CHEMBL25	CHEMBL25	CHEMBL2094253	P23219	PTGS1		PROTEIN FAMILY	Homo sapiens	INHIBITOR	1	0	Cyclooxygenase inhibitor
BRD-K89055274	alverine	CHEMBL253371	CHEMBL253371	CHEMBL214	P08908	HTR1A		SINGLE PROTEIN	Homo sapiens	ANTAGONIST	1	0	Serotonin 1a (5-HT1a) receptor antagonist
BRD-K89055274	alverine	CHEMBL253371	CHEMBL253371	CHEMBL5398	P41235	HNF4A		SINGLE PROTEIN	Homo sapiens	ACTIVATOR	1	0	Hepatocyte nuclear factor 4-alpha activator
BRD-K36627727	tamibarotene	CHEMBL25202	CHEMBL25202	CHEMBL2008	P10826	RARB		SINGLE PROTEIN	Homo sapiens	AGONIST	1	0	Retinoic acid receptor beta agonist
BRD-K36627727	tamibarotene	CHEMBL25202	CHEMBL25202	CHEMBL2055	P10276	RARA		SINGLE PROTEIN	Homo sapiens	AGONIST	1	0	Retinoic acid receptor alpha agonist
BRD-K94830329	ataluren	CHEMBL256997	CHEMBL256997	CHEMBL3987582	P08865	RPSA		PROTEIN NUCLEIC-ACID COMPLEX	Homo sapiens	MODULATOR	1	0	80S Ribosome modulator
BRD-K94830329	ataluren	CHEMBL256997	CHEMBL256997	CHEMBL3987582	P42677	RPS27		PROTEIN NUCLEIC-ACID COMPLEX	Homo sapiens	MODULATOR	1	0	80S Ribosome modulator
BRD-K94830329	ataluren	CHEMBL256997	CHEMBL256997	CHEMBL3987582	P62753	RPS6	6194	PROTEIN NUCLEIC-ACID COMPLEX	Homo sapiens	MODULATOR	1	1	80S Ribosome modulator
BRD-K94830329	ataluren	CHEMBL256997	CHEMBL256997	CHEMBL3987582	P15880	RPS2		PROTEIN NUCLEIC-ACID COMPLEX	Homo sapiens	MODULATOR	1	0	80S Ribosome modulator
BRD-K94830329	ataluren	CHEMBL256997	CHEMBL256997	CHEMBL3987582	P23396	RPS3		PROTEIN NUCLEIC-ACID COMPLEX	Homo sapiens	MODULATOR	1	0	80S Ribosome modulator
BRD-K94830329	ataluren	CHEMBL256997	CHEMBL256997	CHEMBL3987582	P61247	RPS3A		PROTEIN NUCLEIC-ACID COMPLEX	Homo sapiens	MODULATOR	1	0	80S Ribosome modulator
BRD-K94830329	ataluren	CHEMBL256997	CHEMBL256997	CHEMBL3987582	P62701	RPS4X		PROTEIN NUCLEIC-ACID COMPLEX	Homo sapiens	MODULATOR	1	0	80S Ribosome modulator
BRD-K94830329	ataluren	CHEMBL256997	CHEMBL256997	CHEMBL3987582	P22090	RPS4Y1		PROTEIN NUCLEIC-ACID COMPLEX	Homo sapiens	MODULATOR	1	0	80S Ribosome modulator
BRD-K94830329	ataluren	CHEMBL256997	CHEMBL256997	CHEMBL3987582	P46782	RPS5	6193	PROTEIN NUCLEIC-ACID COMPLEX	Homo sapiens	MODULATOR	1	1	80S Ribosome modulator
BRD-K94830329	ataluren	CHEMBL256997	CHEMBL256997	CHEMBL3987582	P62081	RPS7		PROTEIN NUCLEIC-ACID COMPLEX	Homo sapiens	MODULATOR	1	0	80S Ribosome modulator
BRD-K94830329	ataluren	CHEMBL256997	CHEMBL256997	CHEMBL3987582	P62241	RPS8		PROTEIN NUCLEIC-ACID COMPLEX	Homo sapiens	MODULATOR	1	0	80S Ribosome modulator
BRD-K94830329	ataluren	CHEMBL256997	CHEMBL256997	CHEMBL3987582	P46781	RPS9		PROTEIN NUCLEIC-ACID COMPLEX	Homo sapiens	MODULATOR	1	0	80S Ribosome modulator
BRD-K94830329	ataluren	CHEMBL256997	CHEMBL256997	CHEMBL3987582	P46783	RPS10		PROTEIN NUCLEIC-ACID COMPLEX	Homo sapiens	MODULATOR	1	0	80S Ribosome modulator
BRD-K94830329	ataluren	CHEMBL256997	CHEMBL256997	CHEMBL3987582	P62280	RPS11		PROTEIN NUCLEIC-ACID COMPLEX	Homo sapiens	MODULATOR	1	0	80S Ribosome modulator
BRD-K94830329	ataluren	CHEMBL256997	CHEMBL256997	CHEMBL3987582	P25398	RPS12		PROTEIN NUCLEIC-ACID COMPLEX	Homo sapiens	MODULATOR	1	0	80S Ribosome modulator
BRD-K94830329	ataluren	CHEMBL256997	CHEMBL256997	CHEMBL3987582	P62277	RPS13		PROTEIN NUCLEIC-ACID COMPLEX	Homo sapiens	MODULATOR	1	0	80S Ribosome modulator
BRD-K94830329	ataluren	CHEMBL256997	CHEMBL256997	CHEMBL3987582	P62263	RPS14		PROTEIN NUCLEIC-ACID COMPLEX	Homo sapiens	MODULATOR	1	0	80S Ribosome modulator
BRD-K94830329	ataluren	CHEMBL256997	CHEMBL256997	CHEMBL3987582	P62841	RPS15		PROTEIN NUCLEIC-ACID COMPLEX	Homo sapiens	MODULATOR	1	0	80S Ribosome modulator
BRD-K94830329	ataluren	CHEMBL256997	CHEMBL256997	CHEMBL3987582	P62244	RPS15A		PROTEIN NUCLEIC-ACID COMPLEX	Homo sapiens	MODULATOR	1	0	80S Ribosome modulator
BRD-K94830329	ataluren	CHEMBL256997	CHEMBL256997	CHEMBL3987582	P62249	RPS16		PROTEIN NUCLEIC-ACID COMPLEX	Homo sapiens	MODULATOR	1	0	80S Ribosome modulator
BRD-K94830329	ataluren	CHEMBL256997	CHEMBL256997	CHEMBL3987582	P08708	RPS17		PROTEIN NUCLEIC-ACID COMPLEX	Homo sapiens	MODULATOR	1	0	80S Ribosome modulator
BRD-K94830329	ataluren	CHEMBL256997	CHEMBL256997	CHEMBL3987582	P62269	RPS18		PROTEIN NUCLEIC-ACID COMPLEX	Homo sapiens	MODULATOR	1	0	80S Ribosome modulator
BRD-K94830329	ataluren	CHEMBL256997	CHEMBL256997	CHEMBL3987582	P39019	RPS19		PROTEIN NUCLEIC-ACID COMPLEX	Homo sapiens	MODULATOR	1	0	80S Ribosome modulator
BRD-K94830329	ataluren	CHEMBL256997	CHEMBL256997	CHEMBL3987582	P60866	RPS20		PROTEIN NUCLEIC-ACID COMPLEX	Homo sapiens	MODULATOR	1	0	80S Ribosome modulator
BRD-K94830329	ataluren	CHEMBL256997	CHEMBL256997	CHEMBL3987582	P63220	RPS21		PROTEIN NUCLEIC-ACID COMPLEX	Homo sapiens	MODULATOR	1	0	80S Ribosome modulator
BRD-K94830329	ataluren	CHEMBL256997	CHEMBL256997	CHEMBL3987582	P62266	RPS23		PROTEIN NUCLEIC-ACID COMPLEX	Homo sapiens	MODULATOR	1	0	80S Ribosome modulator
BRD-K94830329	ataluren	CHEMBL256997	CHEMBL256997	CHEMBL3987582	P62847	RPS24		PROTEIN NUCLEIC-ACID COMPLEX	Homo sapiens	MODULATOR	1	0	80S Ribosome modulator
BRD-K94830329	ataluren	CHEMBL256997	CHEMBL256997	CHEMBL3987582	P62851	RPS25		PROTEIN NUCLEIC-ACID COMPLEX	Homo sapiens	MODULATOR	1	0	80S Ribosome modulator
BRD-K94830329	ataluren	CHEMBL256997	CHEMBL256997	CHEMBL3987582	P62854	RPS26		PROTEIN NUCLEIC-ACID COMPLEX	Homo sapiens	MODULATOR	1	0	80S Ribosome modulator
BRD-K94830329	ataluren	CHEMBL256997	CHEMBL256997	CHEMBL3987582	P62979	RPS27A		PROTEIN NUCLEIC-ACID COMPLEX	Homo sapiens	MODULATOR	1	0	80S Ribosome modulator
BRD-K94830329	ataluren	CHEMBL256997	CHEMBL256997	CHEMBL3987582	P62857	RPS28		PROTEIN NUCLEIC-ACID COMPLEX	Homo sapiens	MODULATOR	1	0	80S Ribosome modulator
BRD-K94830329	ataluren	CHEMBL256997	CHEMBL256997	CHEMBL3987582	P62273	RPS29		PROTEIN NUCLEIC-ACID COMPLEX	Homo sapiens	MODULATOR	1	0	80S Ribosome modulator
BRD-K94830329	ataluren	CHEMBL256997	CHEMBL256997	CHEMBL3987582	P62861	FAU		PROTEIN NUCLEIC-ACID COMPLEX	Homo sapiens	MODULATOR	1	0	80S Ribosome modulator
BRD-K94830329	ataluren	CHEMBL256997	CHEMBL256997	CHEMBL3987582	P39023	RPL3		PROTEIN NUCLEIC-ACID COMPLEX	Homo sapiens	MODULATOR	1	0	80S Ribosome modulator
BRD-K94830329	ataluren	CHEMBL256997	CHEMBL256997	CHEMBL3987582	P36578	RPL4		PROTEIN NUCLEIC-ACID COMPLEX	Homo sapiens	MODULATOR	1	0	80S Ribosome modulator
BRD-K94830329	ataluren	CHEMBL256997	CHEMBL256997	CHEMBL3987582	P46777	RPL5		PROTEIN NUCLEIC-ACID COMPLEX	Homo sapiens	MODULATOR	1	0	80S Ribosome modulator
BRD-K94830329	ataluren	CHEMBL256997	CHEMBL256997	CHEMBL3987582	Q02878	RPL6		PROTEIN NUCLEIC-ACID COMPLEX	Homo sapiens	MODULATOR	1	0	80S Ribosome modulator
BRD-K94830329	ataluren	CHEMBL256997	CHEMBL256997	CHEMBL3987582	P18124	RPL7		PROTEIN NUCLEIC-ACID COMPLEX	Homo sapiens	MODULATOR	1	0	80S Ribosome modulator
BRD-K94830329	ataluren	CHEMBL256997	CHEMBL256997	CHEMBL3987582	P62424	RPL7A		PROTEIN NUCLEIC-ACID COMPLEX	Homo sapiens	MODULATOR	1	0	80S Ribosome modulator
BRD-K94830329	ataluren	CHEMBL256997	CHEMBL256997	CHEMBL3987582	P62917	RPL8		PROTEIN NUCLEIC-ACID COMPLEX	Homo sapiens	MODULATOR	1	0	80S Ribosome modulator
BRD-K94830329	ataluren	CHEMBL256997	CHEMBL256997	CHEMBL3987582	P32969	RPL9		PROTEIN NUCLEIC-ACID COMPLEX	Homo sapiens	MODULATOR	1	0	80S Ribosome modulator
BRD-K94830329	ataluren	CHEMBL256997	CHEMBL256997	CHEMBL3987582	P27635	RPL10		PROTEIN NUCLEIC-ACID COMPLEX	Homo sapiens	MODULATOR	1	0	80S Ribosome modulator
BRD-K94830329	ataluren	CHEMBL256997	CHEMBL256997	CHEMBL3987582	P62906	RPL10A		PROTEIN NUCLEIC-ACID COMPLEX	Homo sapiens	MODULATOR	1	0	80S Ribosome modulator
BRD-K94830329	ataluren	CHEMBL256997	CHEMBL256997	CHEMBL3987582	P62913	RPL11		PROTEIN NUCLEIC-ACID COMPLEX	Homo sapiens	MODULATOR	1	0	80S Ribosome modulator
BRD-K94830329	ataluren	CHEMBL256997	CHEMBL256997	CHEMBL3987582	P30050	RPL12		PROTEIN NUCLEIC-ACID COMPLEX	Homo sapiens	MODULATOR	1	0	80S Ribosome modulator
BRD-K94830329	ataluren	CHEMBL256997	CHEMBL256997	CHEMBL3987582	P26373	RPL13		PROTEIN NUCLEIC-ACID COMPLEX	Homo sapiens	MODULATOR	1	0	80S Ribosome modulator
BRD-K94830329	ataluren	CHEMBL256997	CHEMBL256997	CHEMBL3987582	P40429	RPL13A		PROTEIN NUCLEIC-ACID COMPLEX	Homo sapiens	MODULATOR	1	0	80S Ribosome modulator
BRD-K94830329	ataluren	CHEMBL256997	CHEMBL256997	CHEMBL3987582	P50914	RPL14		PROTEIN NUCLEIC-ACID COMPLEX	Homo sapiens	MODULATOR	1	0	80S Ribosome modulator
BRD-K94830329	ataluren	CHEMBL256997	CHEMBL256997	CHEMBL3987582	P61313	RPL15		PROTEIN NUCLEIC-ACID COMPLEX	Homo sapiens	MODULATOR	1	0	80S Ribosome modulator
BRD-K94830329	ataluren	CHEMBL256997	CHEMBL256997	CHEMBL3987582	P18621	RPL17		PROTEIN NUCLEIC-ACID COMPLEX	Homo sapiens	MODULATOR	1	0	80S Ribosome modulator
BRD-K94830329	ataluren	CHEMBL256997	CHEMBL256997	CHEMBL3987582	Q07020	RPL18		PROTEIN NUCLEIC-ACID COMPLEX	Homo sapiens	MODULATOR	1	0	80S Ribosome modulator
BRD-K94830329	ataluren	CHEMBL256997	CHEMBL256997	CHEMBL3987582	Q02543	RPL18A		PROTEIN NUCLEIC-ACID COMPLEX	Homo sapiens	MODULATOR	1	0	80S Ribosome modulator
BRD-K94830329	ataluren	CHEMBL256997	CHEMBL256997	CHEMBL3987582	P84098	RPL19		PROTEIN NUCLEIC-ACID COMPLEX	Homo sapiens	MODULATOR	1	0	80S Ribosome modulator
BRD-K94830329	ataluren	CHEMBL256997	CHEMBL256997	CHEMBL3987582	P46778	RPL21		PROTEIN NUCLEIC-ACID COMPLEX	Homo sapiens	MODULATOR	1	0	80S Ribosome modulator
BRD-K94830329	ataluren	CHEMBL256997	CHEMBL256997	CHEMBL3987582	P35268	RPL22		PROTEIN NUCLEIC-ACID COMPLEX	Homo sapiens	MODULATOR	1	0	80S Ribosome modulator
BRD-K94830329	ataluren	CHEMBL256997	CHEMBL256997	CHEMBL3987582	P62829	RPL23		PROTEIN NUCLEIC-ACID COMPLEX	Homo sapiens	MODULATOR	1	0	80S Ribosome modulator
BRD-K94830329	ataluren	CHEMBL256997	CHEMBL256997	CHEMBL3987582	P62750	RPL23A		PROTEIN NUCLEIC-ACID COMPLEX	Homo sapiens	MODULATOR	1	0	80S Ribosome modulator
BRD-K94830329	ataluren	CHEMBL256997	CHEMBL256997	CHEMBL3987582	P83731	RPL24		PROTEIN NUCLEIC-ACID COMPLEX	Homo sapiens	MODULATOR	1	0	80S Ribosome modulator
BRD-K94830329	ataluren	CHEMBL256997	CHEMBL256997	CHEMBL3987582	P61254	RPL26		PROTEIN NUCLEIC-ACID COMPLEX	Homo sapiens	MODULATOR	1	0	80S Ribosome modulator
BRD-K94830329	ataluren	CHEMBL256997	CHEMBL256997	CHEMBL3987582	P61353	RPL27		PROTEIN NUCLEIC-ACID COMPLEX	Homo sapiens	MODULATOR	1	0	80S Ribosome modulator
BRD-K94830329	ataluren	CHEMBL256997	CHEMBL256997	CHEMBL3987582	P46776	RPL27A		PROTEIN NUCLEIC-ACID COMPLEX	Homo sapiens	MODULATOR	1	0	80S Ribosome modulator
BRD-K94830329	ataluren	CHEMBL256997	CHEMBL256997	CHEMBL3987582	P46779	RPL28		PROTEIN NUCLEIC-ACID COMPLEX	Homo sapiens	MODULATOR	1	0	80S Ribosome modulator
BRD-K94830329	ataluren	CHEMBL256997	CHEMBL256997	CHEMBL3987582	P47914	RPL29		PROTEIN NUCLEIC-ACID COMPLEX	Homo sapiens	MODULATOR	1	0	80S Ribosome modulator
BRD-K94830329	ataluren	CHEMBL256997	CHEMBL256997	CHEMBL3987582	P62888	RPL30		PROTEIN NUCLEIC-ACID COMPLEX	Homo sapiens	MODULATOR	1	0	80S Ribosome modulator
BRD-K94830329	ataluren	CHEMBL256997	CHEMBL256997	CHEMBL3987582	P62899	RPL31		PROTEIN NUCLEIC-ACID COMPLEX	Homo sapiens	MODULATOR	1	0	80S Ribosome modulator
BRD-K94830329	ataluren	CHEMBL256997	CHEMBL256997	CHEMBL3987582	P62910	RPL32		PROTEIN NUCLEIC-ACID COMPLEX	Homo sapiens	MODULATOR	1	0	80S Ribosome modulator
BRD-K94830329	ataluren	CHEMBL256997	CHEMBL256997	CHEMBL3987582	P49207	RPL34		PROTEIN NUCLEIC-ACID COMPLEX	Homo sapiens	MODULATOR	1	0	80S Ribosome modulator
BRD-K94830329	ataluren	CHEMBL256997	CHEMBL256997	CHEMBL3987582	P42766	RPL35		PROTEIN NUCLEIC-ACID COMPLEX	Homo sapiens	MODULATOR	1	0	80S Ribosome modulator
BRD-K94830329	ataluren	CHEMBL256997	CHEMBL256997	CHEMBL3987582	P18077	RPL35A		PROTEIN NUCLEIC-ACID COMPLEX	Homo sapiens	MODULATOR	1	0	80S Ribosome modulator
BRD-K94830329	ataluren	CHEMBL256997	CHEMBL256997	CHEMBL3987582	Q9Y3U8	RPL36		PROTEIN NUCLEIC-ACID COMPLEX	Homo sapiens	MODULATOR	1	0	80S Ribosome modulator
BRD-K94830329	ataluren	CHEMBL256997	CHEMBL256997	CHEMBL3987582	P83881	RPL36A		PROTEIN NUCLEIC-ACID COMPLEX	Homo sapiens	MODULATOR	1	0	80S Ribosome modulator
BRD-K94830329	ataluren	CHEMBL256997	CHEMBL256997	CHEMBL3987582	P61927	RPL37		PROTEIN NUCLEIC-ACID COMPLEX	Homo sapiens	MODULATOR	1	0	80S Ribosome modulator
BRD-K94830329	ataluren	CHEMBL256997	CHEMBL256997	CHEMBL3987582	P61513	RPL37A		PROTEIN NUCLEIC-ACID COMPLEX	Homo sapiens	MODULATOR	1	0	80S Ribosome modulator
BRD-K94830329	ataluren	CHEMBL256997	CHEMBL256997	CHEMBL3987582	P63173	RPL38		PROTEIN NUCLEIC-ACID COMPLEX	Homo sapiens	MODULATOR	1	0	80S Ribosome modulator
BRD-K94830329	ataluren	CHEMBL256997	CHEMBL256997	CHEMBL3987582	P62891	RPL39		PROTEIN NUCLEIC-ACID COMPLEX	Homo sapiens	MODULATOR	1	0	80S Ribosome modulator
BRD-K94830329	ataluren	CHEMBL256997	CHEMBL256997	CHEMBL3987582	P62945	RPL41		PROTEIN NUCLEIC-ACID COMPLEX	Homo sapiens	MODULATOR	1	0	80S Ribosome modulator
BRD-K94830329	ataluren	CHEMBL256997	CHEMBL256997	CHEMBL3987582	P05388	RPLP0		PROTEIN NUCLEIC-ACID COMPLEX	Homo sapiens	MODULATOR	1	0	80S Ribosome modulator
BRD-K94830329	ataluren	CHEMBL256997	CHEMBL256997	CHEMBL3987582	P05386	RPLP1		PROTEIN NUCLEIC-ACID COMPLEX	Homo sapiens	MODULATOR	1	0	80S Ribosome modulator
BRD-K22227508	targinine	CHEMBL256147	CHEMBL256147	CHEMBL4630725	P29475	NOS1		PROTEIN FAMILY	Homo sapiens	INHIBITOR	1	0	Nitric oxide synthase inhibitor
BRD-K22227508	targinine	CHEMBL256147	CHEMBL256147	CHEMBL4630725	P35228	NOS2		PROTEIN FAMILY	Homo sapiens	INHIBITOR	1	0	Nitric oxide synthase inhibitor
BRD-K22227508	targinine	CHEMBL256147	CHEMBL256147	CHEMBL4630725	P29474	NOS3	4846	PROTEIN FAMILY	Homo sapiens	INHIBITOR	1	1	Nitric oxide synthase inhibitor
BRD-K59506194	targinine	CHEMBL256147	CHEMBL256147	CHEMBL4630725	P29475	NOS1		PROTEIN FAMILY	Homo sapiens	INHIBITOR	1	0	Nitric oxide synthase inhibitor
BRD-K59506194	targinine	CHEMBL256147	CHEMBL256147	CHEMBL4630725	P35228	NOS2		PROTEIN FAMILY	Homo sapiens	INHIBITOR	1	0	Nitric oxide synthase inhibitor
BRD-K59506194	targinine	CHEMBL256147	CHEMBL256147	CHEMBL4630725	P29474	NOS3	4846	PROTEIN FAMILY	Homo sapiens	INHIBITOR	1	1	Nitric oxide synthase inhibitor
BRD-K22227508	targinine	CHEMBL256147	CHEMBL256147	CHEMBL4630725	P29475	NOS1		PROTEIN FAMILY	Homo sapiens	INHIBITOR	1	0	Nitric oxide synthase inhibitor
BRD-K22227508	targinine	CHEMBL256147	CHEMBL256147	CHEMBL4630725	P35228	NOS2		PROTEIN FAMILY	Homo sapiens	INHIBITOR	1	0	Nitric oxide synthase inhibitor
BRD-K22227508	targinine	CHEMBL256147	CHEMBL256147	CHEMBL4630725	P29474	NOS3	4846	PROTEIN FAMILY	Homo sapiens	INHIBITOR	1	1	Nitric oxide synthase inhibitor
BRD-K59506194	targinine	CHEMBL256147	CHEMBL256147	CHEMBL4630725	P29475	NOS1		PROTEIN FAMILY	Homo sapiens	INHIBITOR	1	0	Nitric oxide synthase inhibitor
BRD-K59506194	targinine	CHEMBL256147	CHEMBL256147	CHEMBL4630725	P35228	NOS2		PROTEIN FAMILY	Homo sapiens	INHIBITOR	1	0	Nitric oxide synthase inhibitor
BRD-K59506194	targinine	CHEMBL256147	CHEMBL256147	CHEMBL4630725	P29474	NOS3	4846	PROTEIN FAMILY	Homo sapiens	INHIBITOR	1	1	Nitric oxide synthase inhibitor
BRD-K81528515	nilotinib	CHEMBL255863	CHEMBL255863	CHEMBL2096618	P00519	ABL1	25	CHIMERIC PROTEIN	Homo sapiens	INHIBITOR	1	1	Bcr/Abl fusion protein inhibitor
BRD-K81528515	nilotinib	CHEMBL255863	CHEMBL255863	CHEMBL2096618	P11274	BCR		CHIMERIC PROTEIN	Homo sapiens	INHIBITOR	1	0	Bcr/Abl fusion protein inhibitor
BRD-K41859756	NVP-AUY922	CHEMBL252164	CHEMBL252164	CHEMBL2095165	P07900	HSP90AA1		PROTEIN FAMILY	Homo sapiens	INHIBITOR	1	0	Heat shock protein HSP90 inhibitor
BRD-K41859756	NVP-AUY922	CHEMBL252164	CHEMBL252164	CHEMBL2095165	P08238	HSP90AB1		PROTEIN FAMILY	Homo sapiens	INHIBITOR	1	0	Heat shock protein HSP90 inhibitor
BRD-A15202882	milnacipran	CHEMBL259209	CHEMBL259209	CHEMBL228	P31645	SLC6A4		SINGLE PROTEIN	Homo sapiens	INHIBITOR	1	0	Serotonin transporter inhibitor
BRD-A15202882	milnacipran	CHEMBL259209	CHEMBL259209	CHEMBL222	P23975	SLC6A2		SINGLE PROTEIN	Homo sapiens	INHIBITOR	1	0	Norepinephrine transporter inhibitor
BRD-K70914287	BIBX-1382	CHEMBL258940	CHEMBL258940	CHEMBL203	P00533	EGFR	1956	SINGLE PROTEIN	Homo sapiens	INHIBITOR	1	1	Epidermal growth factor receptor erbB1 inhibitor
BRD-K83963101	MLN-8054	CHEMBL259084	CHEMBL259084	CHEMBL4722	O14965	AURKA	6790	SINGLE PROTEIN	Homo sapiens	INHIBITOR	1	1	Serine/threonine-protein kinase Aurora-A inhibitor
BRD-K90948141	indiplon	CHEMBL262075	CHEMBL262075	CHEMBL1962	P14867	GABRA1		SINGLE PROTEIN	Homo sapiens	POSITIVE ALLOSTERIC MODULATOR	1	0	GABA receptor alpha-1 subunit positive allosteric modulator
BRD-K20958582	TH-302	CHEMBL260046	CHEMBL260046	CHEMBL2311221				NUCLEIC-ACID	Homo sapiens	INHIBITOR	1	0	DNA inhibitor
BRD-K49372556	mofezolac	CHEMBL259972	CHEMBL259972	CHEMBL221	P23219	PTGS1		SINGLE PROTEIN	Homo sapiens	INHIBITOR	1	0	Cyclooxygenase-1 inhibitor
BRD-A55272860	sulpiride	CHEMBL26	CHEMBL26	CHEMBL217	P14416	DRD2		SINGLE PROTEIN	Homo sapiens	ANTAGONIST	1	0	Dopamine D2 receptor antagonist
BRD-A10070317	propranolol	CHEMBL27	CHEMBL27	CHEMBL213	P08588	ADRB1		SINGLE PROTEIN	Homo sapiens	ANTAGONIST	1	0	Beta-1 adrenergic receptor antagonist
BRD-K69608737	tacrolimus	CHEMBL269732	CHEMBL269732	CHEMBL1902	P62942	FKBP1A		SINGLE PROTEIN	Homo sapiens	INHIBITOR	1	0	FK506-binding protein 1A inhibitor
BRD-K07857022	alvimopan	CHEMBL270190	CHEMBL270190	CHEMBL233	P35372	OPRM1		SINGLE PROTEIN	Homo sapiens	ANTAGONIST	1	0	Mu opioid receptor antagonist
BRD-A20119038	mecamylamine	CHEMBL267936	CHEMBL267936	CHEMBL1907594	P30926	CHRNB4		PROTEIN COMPLEX	Homo sapiens	NEGATIVE ALLOSTERIC MODULATOR	1	0	Neuronal acetylcholine receptor; alpha3/beta4 negative allosteric modulator
BRD-A20119038	mecamylamine	CHEMBL267936	CHEMBL267936	CHEMBL1907594	P32297	CHRNA3		PROTEIN COMPLEX	Homo sapiens	NEGATIVE ALLOSTERIC MODULATOR	1	0	Neuronal acetylcholine receptor; alpha3/beta4 negative allosteric modulator
BRD-A10070317	propranolol	CHEMBL27	CHEMBL27	CHEMBL210	P07550	ADRB2	154	SINGLE PROTEIN	Homo sapiens	ANTAGONIST	1	1	Beta-2 adrenergic receptor antagonist
BRD-K70327167	suramin	CHEMBL265502	CHEMBL265502	CHEMBL2120	P05230	FGF1		SINGLE PROTEIN	Homo sapiens	INHIBITOR	1	0	Acidic fibroblast growth factor inhibitor
BRD-K04389336	labetalol	CHEMBL27193	CHEMBL27193	CHEMBL2094118	P08588	ADRB1		PROTEIN FAMILY	Homo sapiens	ANTAGONIST	1	0	Adrenergic receptor beta antagonist
BRD-K04389336	labetalol	CHEMBL27193	CHEMBL27193	CHEMBL2094118	P07550	ADRB2	154	PROTEIN FAMILY	Homo sapiens	ANTAGONIST	1	1	Adrenergic receptor beta antagonist
BRD-K04389336	labetalol	CHEMBL27193	CHEMBL27193	CHEMBL2094118	P13945	ADRB3		PROTEIN FAMILY	Homo sapiens	ANTAGONIST	1	0	Adrenergic receptor beta antagonist
BRD-K00938507	sulfamethoxypyridazine	CHEMBL268869	CHEMBL268869	CHEMBL2364668	P0AC13	folP		SINGLE PROTEIN	Bacteria	INHIBITOR	1	0	Bacterial dihydropteroate synthase inhibitor
BRD-K46018455	bezafibrate	CHEMBL264374	CHEMBL264374	CHEMBL3559683	P37231	PPARG	5468	PROTEIN FAMILY	Homo sapiens	AGONIST	1	1	Peroxisome proliferator-activated receptor agonist
BRD-K46018455	bezafibrate	CHEMBL264374	CHEMBL264374	CHEMBL3559683	Q07869	PPARA		PROTEIN FAMILY	Homo sapiens	AGONIST	1	0	Peroxisome proliferator-activated receptor agonist
BRD-K46018455	bezafibrate	CHEMBL264374	CHEMBL264374	CHEMBL3559683	Q03181	PPARD	5467	PROTEIN FAMILY	Homo sapiens	AGONIST	1	1	Peroxisome proliferator-activated receptor agonist
BRD-K04389336	labetalol	CHEMBL27193	CHEMBL27193	CHEMBL210	P07550	ADRB2	154	SINGLE PROTEIN	Homo sapiens	AGONIST	1	1	Beta-2 adrenergic receptor agonist
BRD-K55034111	pefloxacin	CHEMBL267648	CHEMBL267648	CHEMBL2311224	P0AES6	gyrB		PROTEIN COMPLEX	Bacteria	INHIBITOR	1	0	Bacterial DNA gyrase inhibitor
BRD-K55034111	pefloxacin	CHEMBL267648	CHEMBL267648	CHEMBL2311224	P0AES4	gyrA		PROTEIN COMPLEX	Bacteria	INHIBITOR	1	0	Bacterial DNA gyrase inhibitor
BRD-K55034111	pefloxacin	CHEMBL267648	CHEMBL267648	CHEMBL2363076	P0AFI2	parC		PROTEIN COMPLEX	Bacteria	INHIBITOR	1	0	Topoisomerase IV inhibitor
BRD-K55034111	pefloxacin	CHEMBL267648	CHEMBL267648	CHEMBL2363076	P20083	parE		PROTEIN COMPLEX	Bacteria	INHIBITOR	1	0	Topoisomerase IV inhibitor
BRD-K51671335	levosulpiride	CHEMBL267044	CHEMBL267044	CHEMBL217	P14416	DRD2		SINGLE PROTEIN	Homo sapiens	ANTAGONIST	1	0	Dopamine D2 receptor antagonist
BRD-K51671335	levosulpiride	CHEMBL267044	CHEMBL267044	CHEMBL1875	Q13639	HTR4		SINGLE PROTEIN	Homo sapiens	AGONIST	1	0	Serotonin 4 (5-HT4) receptor agonist
BRD-K63504947	semaxanib	CHEMBL276711	CHEMBL276711	CHEMBL1936	P10721	KIT	3815	SINGLE PROTEIN	Homo sapiens	INHIBITOR	1	1	Stem cell growth factor receptor inhibitor
BRD-K63504947	semaxanib	CHEMBL276711	CHEMBL276711	CHEMBL2095227	P17948	FLT1		PROTEIN FAMILY	Homo sapiens	INHIBITOR	1	0	Vascular endothelial growth factor receptor inhibitor
BRD-K63504947	semaxanib	CHEMBL276711	CHEMBL276711	CHEMBL2095227	P35916	FLT4		PROTEIN FAMILY	Homo sapiens	INHIBITOR	1	0	Vascular endothelial growth factor receptor inhibitor
BRD-K63504947	semaxanib	CHEMBL276711	CHEMBL276711	CHEMBL2095227	P35968	KDR		PROTEIN FAMILY	Homo sapiens	INHIBITOR	1	0	Vascular endothelial growth factor receptor inhibitor
BRD-K55966568	orantinib	CHEMBL274654	CHEMBL274654	CHEMBL2095217	P22607	FGFR3		PROTEIN FAMILY	Homo sapiens	INHIBITOR	1	0	Fibroblast growth factor receptor inhibitor
BRD-K55966568	orantinib	CHEMBL274654	CHEMBL274654	CHEMBL2095217	P11362	FGFR1		PROTEIN FAMILY	Homo sapiens	INHIBITOR	1	0	Fibroblast growth factor receptor inhibitor
BRD-K55966568	orantinib	CHEMBL274654	CHEMBL274654	CHEMBL2095217	P22455	FGFR4	2264	PROTEIN FAMILY	Homo sapiens	INHIBITOR	1	1	Fibroblast growth factor receptor inhibitor
BRD-K55966568	orantinib	CHEMBL274654	CHEMBL274654	CHEMBL2095217	P21802	FGFR2	2263	PROTEIN FAMILY	Homo sapiens	INHIBITOR	1	1	Fibroblast growth factor receptor inhibitor
BRD-K55966568	orantinib	CHEMBL274654	CHEMBL274654	CHEMBL2095189	P09619	PDGFRB		PROTEIN COMPLEX	Homo sapiens	INHIBITOR	1	0	Platelet-derived growth factor receptor inhibitor
BRD-K55966568	orantinib	CHEMBL274654	CHEMBL274654	CHEMBL2095189	P16234	PDGFRA		PROTEIN COMPLEX	Homo sapiens	INHIBITOR	1	0	Platelet-derived growth factor receptor inhibitor
BRD-K55966568	orantinib	CHEMBL274654	CHEMBL274654	CHEMBL279	P35968	KDR		SINGLE PROTEIN	Homo sapiens	INHIBITOR	1	0	Vascular endothelial growth factor receptor 2 inhibitor
BRD-K77908580	entinostat	CHEMBL27759	CHEMBL27759	CHEMBL2093865	Q13547	HDAC1		PROTEIN FAMILY	Homo sapiens	INHIBITOR	1	0	Histone deacetylase inhibitor
BRD-K77908580	entinostat	CHEMBL27759	CHEMBL27759	CHEMBL2093865	O15379	HDAC3		PROTEIN FAMILY	Homo sapiens	INHIBITOR	1	0	Histone deacetylase inhibitor
BRD-K77908580	entinostat	CHEMBL27759	CHEMBL27759	CHEMBL2093865	Q9UBN7	HDAC6	10013	PROTEIN FAMILY	Homo sapiens	INHIBITOR	1	1	Histone deacetylase inhibitor
BRD-K77908580	entinostat	CHEMBL27759	CHEMBL27759	CHEMBL2093865	Q92769	HDAC2	3066	PROTEIN FAMILY	Homo sapiens	INHIBITOR	1	1	Histone deacetylase inhibitor
BRD-K77908580	entinostat	CHEMBL27759	CHEMBL27759	CHEMBL2093865	Q9UQL6	HDAC5		PROTEIN FAMILY	Homo sapiens	INHIBITOR	1	0	Histone deacetylase inhibitor
BRD-K77908580	entinostat	CHEMBL27759	CHEMBL27759	CHEMBL2093865	Q8WUI4	HDAC7		PROTEIN FAMILY	Homo sapiens	INHIBITOR	1	0	Histone deacetylase inhibitor
BRD-K77908580	entinostat	CHEMBL27759	CHEMBL27759	CHEMBL2093865	Q9BY41	HDAC8		PROTEIN FAMILY	Homo sapiens	INHIBITOR	1	0	Histone deacetylase inhibitor
BRD-K77908580	entinostat	CHEMBL27759	CHEMBL27759	CHEMBL2093865	Q96DB2	HDAC11		PROTEIN FAMILY	Homo sapiens	INHIBITOR	1	0	Histone deacetylase inhibitor
BRD-K77908580	entinostat	CHEMBL27759	CHEMBL27759	CHEMBL2093865	P56524	HDAC4		PROTEIN FAMILY	Homo sapiens	INHIBITOR	1	0	Histone deacetylase inhibitor
BRD-K77908580	entinostat	CHEMBL27759	CHEMBL27759	CHEMBL2093865	Q9UKV0	HDAC9		PROTEIN FAMILY	Homo sapiens	INHIBITOR	1	0	Histone deacetylase inhibitor
BRD-K77908580	entinostat	CHEMBL27759	CHEMBL27759	CHEMBL2093865	Q969S8	HDAC10		PROTEIN FAMILY	Homo sapiens	INHIBITOR	1	0	Histone deacetylase inhibitor
BRD-K16485616	mocetinostat	CHEMBL272980	CHEMBL272980	CHEMBL325	Q13547	HDAC1		SINGLE PROTEIN	Homo sapiens	INHIBITOR	1	0	Histone deacetylase 1 inhibitor
BRD-K16485616	mocetinostat	CHEMBL272980	CHEMBL272980	CHEMBL1937	Q92769	HDAC2	3066	SINGLE PROTEIN	Homo sapiens	INHIBITOR	1	1	Histone deacetylase 2 inhibitor
BRD-K16485616	mocetinostat	CHEMBL272980	CHEMBL272980	CHEMBL1829	O15379	HDAC3		SINGLE PROTEIN	Homo sapiens	INHIBITOR	1	0	Histone deacetylase 3 inhibitor
BRD-K16485616	mocetinostat	CHEMBL272980	CHEMBL272980	CHEMBL3310	Q96DB2	HDAC11		SINGLE PROTEIN	Homo sapiens	INHIBITOR	1	0	Histone deacetylase 11 inhibitor
BRD-K16485616	mocetinostat	CHEMBL272980	CHEMBL272980	CHEMBL3192	Q9BY41	HDAC8		SINGLE PROTEIN	Homo sapiens	INHIBITOR	1	0	Histone deacetylase 8 inhibitor
BRD-A29644307	nomifensine	CHEMBL273575	CHEMBL273575	CHEMBL2363064	P31645	SLC6A4		PROTEIN FAMILY	Homo sapiens	INHIBITOR	1	0	Monoamine transporter inhibitor
BRD-A29644307	nomifensine	CHEMBL273575	CHEMBL273575	CHEMBL2363064	Q01959	SLC6A3		PROTEIN FAMILY	Homo sapiens	INHIBITOR	1	0	Monoamine transporter inhibitor
BRD-A29644307	nomifensine	CHEMBL273575	CHEMBL273575	CHEMBL2363064	P23975	SLC6A2		PROTEIN FAMILY	Homo sapiens	INHIBITOR	1	0	Monoamine transporter inhibitor
BRD-K46937689	phenazone	CHEMBL277474	CHEMBL277474	CHEMBL221	P23219	PTGS1		SINGLE PROTEIN	Homo sapiens	INHIBITOR	1	0	Cyclooxygenase-1 inhibitor
BRD-A94543220	bifonazole	CHEMBL277535	CHEMBL277535	CHEMBL4662933	P10613	ERG11		SINGLE PROTEIN	Fungi	INHIBITOR	1	0	Lanosterol 14-alpha demethylase inhibitor
BRD-A94543220	bifonazole	CHEMBL277535	CHEMBL277535	CHEMBL4804261	Q10283	hmg1		SINGLE PROTEIN	Dermatophytes	INHIBITOR	1	0	HMG-CoA reductase inhibitor
BRD-K18922609	neostigmine	CHEMBL278020	CHEMBL278020	CHEMBL220	P22303	ACHE		SINGLE PROTEIN	Homo sapiens	INHIBITOR	1	0	Acetylcholinesterase inhibitor
BRD-K22482860	dalfampridine	CHEMBL284348	CHEMBL284348	CHEMBL2362996	P51787	KCNQ1		PROTEIN FAMILY	Homo sapiens	BLOCKER	1	0	Voltage-gated potassium channel blocker
BRD-K22482860	dalfampridine	CHEMBL284348	CHEMBL284348	CHEMBL2362996	Q9UK17	KCND3		PROTEIN FAMILY	Homo sapiens	BLOCKER	1	0	Voltage-gated potassium channel blocker
BRD-K22482860	dalfampridine	CHEMBL284348	CHEMBL284348	CHEMBL2362996	Q12809	KCNH2		PROTEIN FAMILY	Homo sapiens	BLOCKER	1	0	Voltage-gated potassium channel blocker
BRD-K22482860	dalfampridine	CHEMBL284348	CHEMBL284348	CHEMBL2362996	P16389	KCNA2		PROTEIN FAMILY	Homo sapiens	BLOCKER	1	0	Voltage-gated potassium channel blocker
BRD-K22482860	dalfampridine	CHEMBL284348	CHEMBL284348	CHEMBL2362996	Q09470	KCNA1		PROTEIN FAMILY	Homo sapiens	BLOCKER	1	0	Voltage-gated potassium channel blocker
BRD-K22482860	dalfampridine	CHEMBL284348	CHEMBL284348	CHEMBL2362996	O43526	KCNQ2		PROTEIN FAMILY	Homo sapiens	BLOCKER	1	0	Voltage-gated potassium channel blocker
BRD-K22482860	dalfampridine	CHEMBL284348	CHEMBL284348	CHEMBL2362996	O43525	KCNQ3		PROTEIN FAMILY	Homo sapiens	BLOCKER	1	0	Voltage-gated potassium channel blocker
BRD-K22482860	dalfampridine	CHEMBL284348	CHEMBL284348	CHEMBL2362996	Q96RP8	KCNA7		PROTEIN FAMILY	Homo sapiens	BLOCKER	1	0	Voltage-gated potassium channel blocker
BRD-K22482860	dalfampridine	CHEMBL284348	CHEMBL284348	CHEMBL2362996	Q9NR82	KCNQ5		PROTEIN FAMILY	Homo sapiens	BLOCKER	1	0	Voltage-gated potassium channel blocker
BRD-K22482860	dalfampridine	CHEMBL284348	CHEMBL284348	CHEMBL2362996	P56696	KCNQ4		PROTEIN FAMILY	Homo sapiens	BLOCKER	1	0	Voltage-gated potassium channel blocker
BRD-K22482860	dalfampridine	CHEMBL284348	CHEMBL284348	CHEMBL2362996	O95259	KCNH1		PROTEIN FAMILY	Homo sapiens	BLOCKER	1	0	Voltage-gated potassium channel blocker
BRD-K22482860	dalfampridine	CHEMBL284348	CHEMBL284348	CHEMBL2362996	P22459	KCNA4		PROTEIN FAMILY	Homo sapiens	BLOCKER	1	0	Voltage-gated potassium channel blocker
BRD-K22482860	dalfampridine	CHEMBL284348	CHEMBL284348	CHEMBL2362996	P22460	KCNA5		PROTEIN FAMILY	Homo sapiens	BLOCKER	1	0	Voltage-gated potassium channel blocker
BRD-K22482860	dalfampridine	CHEMBL284348	CHEMBL284348	CHEMBL2362996	P22001	KCNA3		PROTEIN FAMILY	Homo sapiens	BLOCKER	1	0	Voltage-gated potassium channel blocker
BRD-K22482860	dalfampridine	CHEMBL284348	CHEMBL284348	CHEMBL2362996	P17658	KCNA6		PROTEIN FAMILY	Homo sapiens	BLOCKER	1	0	Voltage-gated potassium channel blocker
BRD-K22482860	dalfampridine	CHEMBL284348	CHEMBL284348	CHEMBL2362996	P48547	KCNC1		PROTEIN FAMILY	Homo sapiens	BLOCKER	1	0	Voltage-gated potassium channel blocker
BRD-K22482860	dalfampridine	CHEMBL284348	CHEMBL284348	CHEMBL2362996	Q9NZV8	KCND2		PROTEIN FAMILY	Homo sapiens	BLOCKER	1	0	Voltage-gated potassium channel blocker
BRD-K22482860	dalfampridine	CHEMBL284348	CHEMBL284348	CHEMBL2362996	Q92953	KCNB2		PROTEIN FAMILY	Homo sapiens	BLOCKER	1	0	Voltage-gated potassium channel blocker
BRD-K22482860	dalfampridine	CHEMBL284348	CHEMBL284348	CHEMBL2362996	Q03721	KCNC4		PROTEIN FAMILY	Homo sapiens	BLOCKER	1	0	Voltage-gated potassium channel blocker
BRD-K22482860	dalfampridine	CHEMBL284348	CHEMBL284348	CHEMBL2362996	Q14003	KCNC3		PROTEIN FAMILY	Homo sapiens	BLOCKER	1	0	Voltage-gated potassium channel blocker
BRD-K22482860	dalfampridine	CHEMBL284348	CHEMBL284348	CHEMBL2362996	Q14721	KCNB1		PROTEIN FAMILY	Homo sapiens	BLOCKER	1	0	Voltage-gated potassium channel blocker
BRD-K22482860	dalfampridine	CHEMBL284348	CHEMBL284348	CHEMBL2362996	Q16322	KCNA10		PROTEIN FAMILY	Homo sapiens	BLOCKER	1	0	Voltage-gated potassium channel blocker
BRD-K22482860	dalfampridine	CHEMBL284348	CHEMBL284348	CHEMBL2362996	Q6PIU1	KCNV1		PROTEIN FAMILY	Homo sapiens	BLOCKER	1	0	Voltage-gated potassium channel blocker
BRD-K22482860	dalfampridine	CHEMBL284348	CHEMBL284348	CHEMBL2362996	Q8NCM2	KCNH5		PROTEIN FAMILY	Homo sapiens	BLOCKER	1	0	Voltage-gated potassium channel blocker
BRD-K22482860	dalfampridine	CHEMBL284348	CHEMBL284348	CHEMBL2362996	Q8TAE7	KCNG3		PROTEIN FAMILY	Homo sapiens	BLOCKER	1	0	Voltage-gated potassium channel blocker
BRD-K22482860	dalfampridine	CHEMBL284348	CHEMBL284348	CHEMBL2362996	Q8TDN1	KCNG4		PROTEIN FAMILY	Homo sapiens	BLOCKER	1	0	Voltage-gated potassium channel blocker
BRD-K22482860	dalfampridine	CHEMBL284348	CHEMBL284348	CHEMBL2362996	Q8TDN2	KCNV2		PROTEIN FAMILY	Homo sapiens	BLOCKER	1	0	Voltage-gated potassium channel blocker
BRD-K22482860	dalfampridine	CHEMBL284348	CHEMBL284348	CHEMBL2362996	Q96KK3	KCNS1		PROTEIN FAMILY	Homo sapiens	BLOCKER	1	0	Voltage-gated potassium channel blocker
BRD-K22482860	dalfampridine	CHEMBL284348	CHEMBL284348	CHEMBL2362996	Q96L42	KCNH8		PROTEIN FAMILY	Homo sapiens	BLOCKER	1	0	Voltage-gated potassium channel blocker
BRD-K22482860	dalfampridine	CHEMBL284348	CHEMBL284348	CHEMBL2362996	Q96PR1	KCNC2		PROTEIN FAMILY	Homo sapiens	BLOCKER	1	0	Voltage-gated potassium channel blocker
BRD-K22482860	dalfampridine	CHEMBL284348	CHEMBL284348	CHEMBL2362996	Q9BQ31	KCNS3		PROTEIN FAMILY	Homo sapiens	BLOCKER	1	0	Voltage-gated potassium channel blocker
BRD-K22482860	dalfampridine	CHEMBL284348	CHEMBL284348	CHEMBL2362996	Q9H252	KCNH6		PROTEIN FAMILY	Homo sapiens	BLOCKER	1	0	Voltage-gated potassium channel blocker
BRD-K22482860	dalfampridine	CHEMBL284348	CHEMBL284348	CHEMBL2362996	Q9H3M0	KCNF1		PROTEIN FAMILY	Homo sapiens	BLOCKER	1	0	Voltage-gated potassium channel blocker
BRD-K22482860	dalfampridine	CHEMBL284348	CHEMBL284348	CHEMBL2362996	Q9NS40	KCNH7		PROTEIN FAMILY	Homo sapiens	BLOCKER	1	0	Voltage-gated potassium channel blocker
BRD-K22482860	dalfampridine	CHEMBL284348	CHEMBL284348	CHEMBL2362996	Q9NSA2	KCND1		PROTEIN FAMILY	Homo sapiens	BLOCKER	1	0	Voltage-gated potassium channel blocker
BRD-K22482860	dalfampridine	CHEMBL284348	CHEMBL284348	CHEMBL2362996	Q9UIX4	KCNG1		PROTEIN FAMILY	Homo sapiens	BLOCKER	1	0	Voltage-gated potassium channel blocker
BRD-K22482860	dalfampridine	CHEMBL284348	CHEMBL284348	CHEMBL2362996	Q9UJ96	KCNG2		PROTEIN FAMILY	Homo sapiens	BLOCKER	1	0	Voltage-gated potassium channel blocker
BRD-K22482860	dalfampridine	CHEMBL284348	CHEMBL284348	CHEMBL2362996	Q9ULD8	KCNH3		PROTEIN FAMILY	Homo sapiens	BLOCKER	1	0	Voltage-gated potassium channel blocker
BRD-K22482860	dalfampridine	CHEMBL284348	CHEMBL284348	CHEMBL2362996	Q9ULS6	KCNS2		PROTEIN FAMILY	Homo sapiens	BLOCKER	1	0	Voltage-gated potassium channel blocker
BRD-K22482860	dalfampridine	CHEMBL284348	CHEMBL284348	CHEMBL2362996	Q9UQ05	KCNH4		PROTEIN FAMILY	Homo sapiens	BLOCKER	1	0	Voltage-gated potassium channel blocker
BRD-K80608265	erteberel	CHEMBL278703	CHEMBL278703	CHEMBL242	Q92731	ESR2		SINGLE PROTEIN	Homo sapiens	AGONIST	1	0	Estrogen receptor beta agonist
BRD-K15507868	tesaglitazar	CHEMBL282686	CHEMBL282686	CHEMBL239	Q07869	PPARA		SINGLE PROTEIN	Homo sapiens	AGONIST	1	0	Peroxisome proliferator-activated receptor alpha agonist
BRD-K15507868	tesaglitazar	CHEMBL282686	CHEMBL282686	CHEMBL235	P37231	PPARG	5468	SINGLE PROTEIN	Homo sapiens	AGONIST	1	1	Peroxisome proliferator-activated receptor gamma agonist
BRD-K21396683	marimastat	CHEMBL279785	CHEMBL279785	CHEMBL321	P14780	MMP9		SINGLE PROTEIN	Homo sapiens	INHIBITOR	1	0	Matrix metalloproteinase 9 inhibitor
BRD-K78643075	bromperidol	CHEMBL28218	CHEMBL28218	CHEMBL217	P14416	DRD2		SINGLE PROTEIN	Homo sapiens	ANTAGONIST	1	0	Dopamine D2 receptor antagonist
BRD-A95602221	celiprolol	CHEMBL27810	CHEMBL27810	CHEMBL210	P07550	ADRB2	154	SINGLE PROTEIN	Homo sapiens	PARTIAL AGONIST	1	1	Beta-2 adrenergic receptor partial agonist
BRD-K21396683	marimastat	CHEMBL279785	CHEMBL279785	CHEMBL332	P03956	MMP1	4312	SINGLE PROTEIN	Homo sapiens	INHIBITOR	1	1	Matrix metalloproteinase-1 inhibitor
BRD-K21396683	marimastat	CHEMBL279785	CHEMBL279785	CHEMBL4393	P39900	MMP12		SINGLE PROTEIN	Homo sapiens	INHIBITOR	1	0	Matrix metalloproteinase 12 inhibitor
BRD-K21396683	marimastat	CHEMBL279785	CHEMBL279785	CHEMBL333	P08253	MMP2	4313	SINGLE PROTEIN	Homo sapiens	INHIBITOR	1	1	Matrix metalloproteinase-2 inhibitor
BRD-K21396683	marimastat	CHEMBL279785	CHEMBL279785	CHEMBL283	P08254	MMP3		SINGLE PROTEIN	Homo sapiens	INHIBITOR	1	0	Matrix metalloproteinase 3 inhibitor
BRD-K21396683	marimastat	CHEMBL279785	CHEMBL279785	CHEMBL4073	P09237	MMP7		SINGLE PROTEIN	Homo sapiens	INHIBITOR	1	0	Matrix metalloproteinase 7 inhibitor
BRD-K02867583	minaprine	CHEMBL278819	CHEMBL278819	CHEMBL220	P22303	ACHE		SINGLE PROTEIN	Homo sapiens	INHIBITOR	1	0	Acetylcholinesterase inhibitor
BRD-K02867583	minaprine	CHEMBL278819	CHEMBL278819	CHEMBL2111341	P14416	DRD2		SELECTIVITY GROUP	Homo sapiens	AGONIST	1	0	Dopamine D1 and D2 receptor agonist
BRD-K02867583	minaprine	CHEMBL278819	CHEMBL278819	CHEMBL2111341	P21728	DRD1		SELECTIVITY GROUP	Homo sapiens	AGONIST	1	0	Dopamine D1 and D2 receptor agonist
BRD-K02867583	minaprine	CHEMBL278819	CHEMBL278819	CHEMBL1951	P21397	MAOA		SINGLE PROTEIN	Homo sapiens	INHIBITOR	1	0	Monoamine oxidase A inhibitor
BRD-K02867583	minaprine	CHEMBL278819	CHEMBL278819	CHEMBL216	P11229	CHRM1		SINGLE PROTEIN	Homo sapiens	AGONIST	1	0	Muscarinic acetylcholine receptor M1 agonist
BRD-K02867583	minaprine	CHEMBL278819	CHEMBL278819	CHEMBL220	P22303	ACHE		SINGLE PROTEIN	Homo sapiens	INHIBITOR	1	0	Acetylcholinesterase inhibitor
BRD-K02867583	minaprine	CHEMBL278819	CHEMBL278819	CHEMBL2111341	P14416	DRD2		SELECTIVITY GROUP	Homo sapiens	AGONIST	1	0	Dopamine D1 and D2 receptor agonist
BRD-K02867583	minaprine	CHEMBL278819	CHEMBL278819	CHEMBL2111341	P21728	DRD1		SELECTIVITY GROUP	Homo sapiens	AGONIST	1	0	Dopamine D1 and D2 receptor agonist
BRD-K02867583	minaprine	CHEMBL278819	CHEMBL278819	CHEMBL1951	P21397	MAOA		SINGLE PROTEIN	Homo sapiens	INHIBITOR	1	0	Monoamine oxidase A inhibitor
BRD-K02867583	minaprine	CHEMBL278819	CHEMBL278819	CHEMBL216	P11229	CHRM1		SINGLE PROTEIN	Homo sapiens	AGONIST	1	0	Muscarinic acetylcholine receptor M1 agonist
BRD-A95602221	celiprolol	CHEMBL27810	CHEMBL27810	CHEMBL2095158	P08913	ADRA2A		PROTEIN FAMILY	Homo sapiens	ANTAGONIST	1	0	Adrenergic receptor alpha-2 antagonist
BRD-A95602221	celiprolol	CHEMBL27810	CHEMBL27810	CHEMBL2095158	P18825	ADRA2C		PROTEIN FAMILY	Homo sapiens	ANTAGONIST	1	0	Adrenergic receptor alpha-2 antagonist
BRD-A95602221	celiprolol	CHEMBL27810	CHEMBL27810	CHEMBL2095158	P18089	ADRA2B		PROTEIN FAMILY	Homo sapiens	ANTAGONIST	1	0	Adrenergic receptor alpha-2 antagonist
BRD-A95602221	celiprolol	CHEMBL27810	CHEMBL27810	CHEMBL213	P08588	ADRB1		SINGLE PROTEIN	Homo sapiens	ANTAGONIST	1	0	Beta-1 adrenergic receptor antagonist
BRD-K02867583	minaprine	CHEMBL278819	CHEMBL278819	CHEMBL2095200	P41595	HTR2B		PROTEIN FAMILY	Homo sapiens	ANTAGONIST	1	0	Serotonin 2 (5-HT2) receptor antagonist
BRD-K02867583	minaprine	CHEMBL278819	CHEMBL278819	CHEMBL2095200	P28223	HTR2A		PROTEIN FAMILY	Homo sapiens	ANTAGONIST	1	0	Serotonin 2 (5-HT2) receptor antagonist
BRD-K02867583	minaprine	CHEMBL278819	CHEMBL278819	CHEMBL2095200	P28335	HTR2C		PROTEIN FAMILY	Homo sapiens	ANTAGONIST	1	0	Serotonin 2 (5-HT2) receptor antagonist
BRD-K02867583	minaprine	CHEMBL278819	CHEMBL278819	CHEMBL2095200	P41595	HTR2B		PROTEIN FAMILY	Homo sapiens	ANTAGONIST	1	0	Serotonin 2 (5-HT2) receptor antagonist
BRD-K02867583	minaprine	CHEMBL278819	CHEMBL278819	CHEMBL2095200	P28223	HTR2A		PROTEIN FAMILY	Homo sapiens	ANTAGONIST	1	0	Serotonin 2 (5-HT2) receptor antagonist
BRD-K02867583	minaprine	CHEMBL278819	CHEMBL278819	CHEMBL2095200	P28335	HTR2C		PROTEIN FAMILY	Homo sapiens	ANTAGONIST	1	0	Serotonin 2 (5-HT2) receptor antagonist
BRD-K99964838	bosutinib	CHEMBL288441	CHEMBL288441	CHEMBL1862	P00519	ABL1	25	SINGLE PROTEIN	Homo sapiens	INHIBITOR	1	1	Tyrosine-protein kinase ABL inhibitor
BRD-A10967948	granisetron	CHEMBL289469	CHEMBL289469	CHEMBL1899	P46098	HTR3A		SINGLE PROTEIN	Homo sapiens	ANTAGONIST	1	0	Serotonin 3a (5-HT3a) receptor antagonist
BRD-A10967948	granisetron	CHEMBL289469	CHEMBL289469	CHEMBL1899	P46098	HTR3A		SINGLE PROTEIN	Homo sapiens	ANTAGONIST	1	0	Serotonin 3a (5-HT3a) receptor antagonist
BRD-K99964838	bosutinib	CHEMBL288441	CHEMBL288441	CHEMBL267	P12931	SRC	6714	SINGLE PROTEIN	Homo sapiens	INHIBITOR	1	1	Tyrosine-protein kinase SRC inhibitor
BRD-K99964838	bosutinib	CHEMBL288441	CHEMBL288441	CHEMBL3234	P08631	HCK		SINGLE PROTEIN	Homo sapiens	INHIBITOR	1	0	Tyrosine-protein kinase HCK inhibitor
BRD-K99964838	bosutinib	CHEMBL288441	CHEMBL288441	CHEMBL3905	P07948	LYN	4067	SINGLE PROTEIN	Homo sapiens	INHIBITOR	1	1	Tyrosine-protein kinase Lyn inhibitor
BRD-K55191674	benzylpenicillin	CHEMBL29	CHEMBL29	CHEMBL2354204	P24228	dacB		PROTEIN FAMILY	Bacteria	INHIBITOR	1	0	Bacterial penicillin-binding protein inhibitor
BRD-K55191674	benzylpenicillin	CHEMBL29	CHEMBL29	CHEMBL2354204	P0AD68	ftsI		PROTEIN FAMILY	Bacteria	INHIBITOR	1	0	Bacterial penicillin-binding protein inhibitor
BRD-K55191674	benzylpenicillin	CHEMBL29	CHEMBL29	CHEMBL2354204	P02918	mrcA		PROTEIN FAMILY	Bacteria	INHIBITOR	1	0	Bacterial penicillin-binding protein inhibitor
BRD-K55191674	benzylpenicillin	CHEMBL29	CHEMBL29	CHEMBL2354204	P02919	mrcB		PROTEIN FAMILY	Bacteria	INHIBITOR	1	0	Bacterial penicillin-binding protein inhibitor
BRD-K55191674	benzylpenicillin	CHEMBL29	CHEMBL29	CHEMBL2354204	P0AEB2	dacA		PROTEIN FAMILY	Bacteria	INHIBITOR	1	0	Bacterial penicillin-binding protein inhibitor
BRD-K55191674	benzylpenicillin	CHEMBL29	CHEMBL29	CHEMBL2354204	P0AD65	mrdA		PROTEIN FAMILY	Bacteria	INHIBITOR	1	0	Bacterial penicillin-binding protein inhibitor
BRD-K55191674	benzylpenicillin	CHEMBL29	CHEMBL29	CHEMBL2354204	P08506	dacC		PROTEIN FAMILY	Bacteria	INHIBITOR	1	0	Bacterial penicillin-binding protein inhibitor
BRD-K55191674	benzylpenicillin	CHEMBL29	CHEMBL29	CHEMBL2354204	P24228	dacB		PROTEIN FAMILY	Bacteria	INHIBITOR	1	0	Bacterial penicillin-binding protein inhibitor
BRD-K55191674	benzylpenicillin	CHEMBL29	CHEMBL29	CHEMBL2354204	P0AD68	ftsI		PROTEIN FAMILY	Bacteria	INHIBITOR	1	0	Bacterial penicillin-binding protein inhibitor
BRD-K55191674	benzylpenicillin	CHEMBL29	CHEMBL29	CHEMBL2354204	P02918	mrcA		PROTEIN FAMILY	Bacteria	INHIBITOR	1	0	Bacterial penicillin-binding protein inhibitor
BRD-K55191674	benzylpenicillin	CHEMBL29	CHEMBL29	CHEMBL2354204	P02919	mrcB		PROTEIN FAMILY	Bacteria	INHIBITOR	1	0	Bacterial penicillin-binding protein inhibitor
BRD-K55191674	benzylpenicillin	CHEMBL29	CHEMBL29	CHEMBL2354204	P0AEB2	dacA		PROTEIN FAMILY	Bacteria	INHIBITOR	1	0	Bacterial penicillin-binding protein inhibitor
BRD-K55191674	benzylpenicillin	CHEMBL29	CHEMBL29	CHEMBL2354204	P0AD65	mrdA		PROTEIN FAMILY	Bacteria	INHIBITOR	1	0	Bacterial penicillin-binding protein inhibitor
BRD-K55191674	benzylpenicillin	CHEMBL29	CHEMBL29	CHEMBL2354204	P08506	dacC		PROTEIN FAMILY	Bacteria	INHIBITOR	1	0	Bacterial penicillin-binding protein inhibitor
BRD-K55191674	benzylpenicillin	CHEMBL29	CHEMBL29	CHEMBL2354204	P24228	dacB		PROTEIN FAMILY	Bacteria	INHIBITOR	1	0	Bacterial penicillin-binding protein inhibitor
BRD-K55191674	benzylpenicillin	CHEMBL29	CHEMBL29	CHEMBL2354204	P0AD68	ftsI		PROTEIN FAMILY	Bacteria	INHIBITOR	1	0	Bacterial penicillin-binding protein inhibitor
BRD-K55191674	benzylpenicillin	CHEMBL29	CHEMBL29	CHEMBL2354204	P02918	mrcA		PROTEIN FAMILY	Bacteria	INHIBITOR	1	0	Bacterial penicillin-binding protein inhibitor
BRD-K55191674	benzylpenicillin	CHEMBL29	CHEMBL29	CHEMBL2354204	P02919	mrcB		PROTEIN FAMILY	Bacteria	INHIBITOR	1	0	Bacterial penicillin-binding protein inhibitor
BRD-K55191674	benzylpenicillin	CHEMBL29	CHEMBL29	CHEMBL2354204	P0AEB2	dacA		PROTEIN FAMILY	Bacteria	INHIBITOR	1	0	Bacterial penicillin-binding protein inhibitor
BRD-K55191674	benzylpenicillin	CHEMBL29	CHEMBL29	CHEMBL2354204	P0AD65	mrdA		PROTEIN FAMILY	Bacteria	INHIBITOR	1	0	Bacterial penicillin-binding protein inhibitor
BRD-K55191674	benzylpenicillin	CHEMBL29	CHEMBL29	CHEMBL2354204	P08506	dacC		PROTEIN FAMILY	Bacteria	INHIBITOR	1	0	Bacterial penicillin-binding protein inhibitor
BRD-K62965247	tipifarnib-P2	CHEMBL289228	CHEMBL289228	CHEMBL2094108	P49354	FNTA		PROTEIN COMPLEX	Homo sapiens	INHIBITOR	1	0	Protein farnesyltransferase inhibitor
BRD-K62965247	tipifarnib-P2	CHEMBL289228	CHEMBL289228	CHEMBL2094108	P49356	FNTB		PROTEIN COMPLEX	Homo sapiens	INHIBITOR	1	0	Protein farnesyltransferase inhibitor
BRD-K01638814	rilmenidine	CHEMBL289480	CHEMBL289480	CHEMBL3923	Q9Y2I1	NISCH	11188	SINGLE PROTEIN	Homo sapiens	AGONIST	1	1	Nischarin agonist
BRD-M62162320	rilmenidine	CHEMBL289480	CHEMBL289480	CHEMBL3923	Q9Y2I1	NISCH	11188	SINGLE PROTEIN	Homo sapiens	AGONIST	1	1	Nischarin agonist
BRD-K99964838	bosutinib	CHEMBL288441	CHEMBL288441	CHEMBL2096618	P00519	ABL1	25	CHIMERIC PROTEIN	Homo sapiens	INHIBITOR	1	1	Bcr/Abl fusion protein inhibitor
BRD-K99964838	bosutinib	CHEMBL288441	CHEMBL288441	CHEMBL2096618	P11274	BCR		CHIMERIC PROTEIN	Homo sapiens	INHIBITOR	1	0	Bcr/Abl fusion protein inhibitor
BRD-K18618618	cimetidine	CHEMBL30	CHEMBL30	CHEMBL1941	P25021	HRH2		SINGLE PROTEIN	Homo sapiens	ANTAGONIST	1	0	Histamine H2 receptor antagonist
BRD-K34157611	cimetidine	CHEMBL30	CHEMBL30	CHEMBL1941	P25021	HRH2		SINGLE PROTEIN	Homo sapiens	ANTAGONIST	1	0	Histamine H2 receptor antagonist
BRD-K18618618	cimetidine	CHEMBL30	CHEMBL30	CHEMBL1941	P25021	HRH2		SINGLE PROTEIN	Homo sapiens	ANTAGONIST	1	0	Histamine H2 receptor antagonist
BRD-K34157611	cimetidine	CHEMBL30	CHEMBL30	CHEMBL1941	P25021	HRH2		SINGLE PROTEIN	Homo sapiens	ANTAGONIST	1	0	Histamine H2 receptor antagonist
BRD-K50590187	capsaicin	CHEMBL294199	CHEMBL294199	CHEMBL4794	Q8NER1	TRPV1		SINGLE PROTEIN	Homo sapiens	OPENER	1	0	Vanilloid receptor opener
BRD-K05395900	nicotine	CHEMBL3	CHEMBL3	CHEMBL1907589	P17787	CHRNB2		PROTEIN COMPLEX	Homo sapiens	AGONIST	1	0	Neuronal acetylcholine receptor; alpha4/beta2 agonist
BRD-K05395900	nicotine	CHEMBL3	CHEMBL3	CHEMBL1907589	P43681	CHRNA4		PROTEIN COMPLEX	Homo sapiens	AGONIST	1	0	Neuronal acetylcholine receptor; alpha4/beta2 agonist
BRD-K05395900	nicotine	CHEMBL3	CHEMBL3	CHEMBL1907589	P17787	CHRNB2		PROTEIN COMPLEX	Homo sapiens	AGONIST	1	0	Neuronal acetylcholine receptor; alpha4/beta2 agonist
BRD-K05395900	nicotine	CHEMBL3	CHEMBL3	CHEMBL1907589	P43681	CHRNA4		PROTEIN COMPLEX	Homo sapiens	AGONIST	1	0	Neuronal acetylcholine receptor; alpha4/beta2 agonist
BRD-K37249724	astemizole	CHEMBL296419	CHEMBL296419	CHEMBL231	P35367	HRH1		SINGLE PROTEIN	Homo sapiens	ANTAGONIST	1	0	Histamine H1 receptor antagonist
BRD-K43389698	BMS-387032	CHEMBL296468	CHEMBL296468	CHEMBL301	P24941	CDK2	1017	SINGLE PROTEIN	Homo sapiens	INHIBITOR	1	1	Cyclin-dependent kinase 2 inhibitor
BRD-K43389698	BMS-387032	CHEMBL296468	CHEMBL296468	CHEMBL3055	P50613	CDK7	1022	SINGLE PROTEIN	Homo sapiens	INHIBITOR	1	1	Cyclin-dependent kinase 7 inhibitor
BRD-K43389698	BMS-387032	CHEMBL296468	CHEMBL296468	CHEMBL3116	P50750	CDK9		SINGLE PROTEIN	Homo sapiens	INHIBITOR	1	0	Cyclin-dependent kinase 9 inhibitor
BRD-K41599323	lonafarnib	CHEMBL298734	CHEMBL298734	CHEMBL2094108	P49354	FNTA		PROTEIN COMPLEX	Homo sapiens	INHIBITOR	1	0	Protein farnesyltransferase inhibitor
BRD-K41599323	lonafarnib	CHEMBL298734	CHEMBL298734	CHEMBL2094108	P49356	FNTB		PROTEIN COMPLEX	Homo sapiens	INHIBITOR	1	0	Protein farnesyltransferase inhibitor
BRD-K94270326	ecopipam	CHEMBL298406	CHEMBL298406	CHEMBL2056	P21728	DRD1		SINGLE PROTEIN	Homo sapiens	ANTAGONIST	1	0	Dopamine D1 receptor antagonist
BRD-K79425933	benperidol	CHEMBL297302	CHEMBL297302	CHEMBL217	P14416	DRD2		SINGLE PROTEIN	Homo sapiens	ANTAGONIST	1	0	Dopamine D2 receptor antagonist
BRD-A03061970	alizapride	CHEMBL290194	CHEMBL290194	CHEMBL217	P14416	DRD2		SINGLE PROTEIN	Homo sapiens	ANTAGONIST	1	0	Dopamine D2 receptor antagonist
BRD-K06388322	pramipexole	CHEMBL301265	CHEMBL301265	CHEMBL2331075	P14416	DRD2		PROTEIN FAMILY	Homo sapiens	AGONIST	1	0	D2-like dopamine receptor agonist
BRD-K06388322	pramipexole	CHEMBL301265	CHEMBL301265	CHEMBL2331075	P35462	DRD3		PROTEIN FAMILY	Homo sapiens	AGONIST	1	0	D2-like dopamine receptor agonist
BRD-K06388322	pramipexole	CHEMBL301265	CHEMBL301265	CHEMBL2331075	P21917	DRD4		PROTEIN FAMILY	Homo sapiens	AGONIST	1	0	D2-like dopamine receptor agonist
BRD-K79404599	enzastaurin	CHEMBL300138	CHEMBL300138	CHEMBL3045	P05771	PRKCB		SINGLE PROTEIN	Homo sapiens	INHIBITOR	1	0	Protein kinase C beta inhibitor
BRD-K69001009	golvatinib	CHEMBL3039525	CHEMBL3039525	CHEMBL3717	P08581	MET		SINGLE PROTEIN	Homo sapiens	INHIBITOR	1	0	Hepatocyte growth factor receptor inhibitor
BRD-K69001009	golvatinib	CHEMBL3039525	CHEMBL3039525	CHEMBL279	P35968	KDR		SINGLE PROTEIN	Homo sapiens	INHIBITOR	1	0	Vascular endothelial growth factor receptor 2 inhibitor
BRD-K14109347	LY-2603618	CHEMBL3039517	CHEMBL3039517	CHEMBL4630	O14757	CHEK1	1111	SINGLE PROTEIN	Homo sapiens	INHIBITOR	1	1	Serine/threonine-protein kinase Chk1 inhibitor
BRD-K71221037	birinapant	CHEMBL3039522	CHEMBL3039522	CHEMBL3038465	Q13489	BIRC3		PROTEIN FAMILY	Homo sapiens	INHIBITOR	1	0	cIAP1/cIAP2 inhibitor
BRD-K71221037	birinapant	CHEMBL3039522	CHEMBL3039522	CHEMBL3038465	Q13490	BIRC2	329	PROTEIN FAMILY	Homo sapiens	INHIBITOR	1	1	cIAP1/cIAP2 inhibitor
BRD-K51087630	tirasemtiv	CHEMBL3039529	CHEMBL3039529	CHEMBL3831282	P48788	TNNI2		PROTEIN COMPLEX	Homo sapiens	ACTIVATOR	1	0	Fast skeletal troponin complex activator
BRD-K51087630	tirasemtiv	CHEMBL3039529	CHEMBL3039529	CHEMBL3831282	P45378	TNNT3		PROTEIN COMPLEX	Homo sapiens	ACTIVATOR	1	0	Fast skeletal troponin complex activator
BRD-K51087630	tirasemtiv	CHEMBL3039529	CHEMBL3039529	CHEMBL3831282	P02585	TNNC2		PROTEIN COMPLEX	Homo sapiens	ACTIVATOR	1	0	Fast skeletal troponin complex activator
BRD-A59198242	viloxazine	CHEMBL306700	CHEMBL306700	CHEMBL222	P23975	SLC6A2		SINGLE PROTEIN	Homo sapiens	INHIBITOR	1	0	Norepinephrine transporter inhibitor
BRD-K09372874	merimepodib	CHEMBL304087	CHEMBL304087	CHEMBL1822	P20839	IMPDH1		SINGLE PROTEIN	Homo sapiens	INHIBITOR	1	0	Inosine-5'-monophosphate dehydrogenase 1 inhibitor
BRD-K93468883	IPI-145	CHEMBL3039502	CHEMBL3039502	CHEMBL3130	O00329	PIK3CD		SINGLE PROTEIN	Homo sapiens	INHIBITOR	1	0	PI3-kinase p110-delta subunit inhibitor
BRD-K93468883	IPI-145	CHEMBL3039502	CHEMBL3039502	CHEMBL3267	P48736	PIK3CG		SINGLE PROTEIN	Homo sapiens	INHIBITOR	1	0	PI3-kinase p110-gamma subunit inhibitor
BRD-K74717603	etravirine	CHEMBL308954	CHEMBL308954	CHEMBL247	Q72547	pol		SINGLE PROTEIN	Human immunodeficiency virus 1	INHIBITOR	1	0	Human immunodeficiency virus type 1 reverse transcriptase inhibitor
BRD-A74980173	gatifloxacin	CHEMBL31	CHEMBL31	CHEMBL2311225	P0A4L9	gyrB		PROTEIN COMPLEX	Streptococcus pneumoniae	INHIBITOR	1	0	DNA gyrase inhibitor
BRD-A74980173	gatifloxacin	CHEMBL31	CHEMBL31	CHEMBL2311225	P72524	gyrA		PROTEIN COMPLEX	Streptococcus pneumoniae	INHIBITOR	1	0	DNA gyrase inhibitor
BRD-A74980173	gatifloxacin	CHEMBL31	CHEMBL31	CHEMBL2363033	P72525	parC		PROTEIN COMPLEX	Streptococcus pneumoniae	INHIBITOR	1	0	Topoisomerase IV inhibitor
BRD-A74980173	gatifloxacin	CHEMBL31	CHEMBL31	CHEMBL2363033	Q59961	parE		PROTEIN COMPLEX	Streptococcus pneumoniae	INHIBITOR	1	0	Topoisomerase IV inhibitor
BRD-K02943813	dasabuvir	CHEMBL3137312	CHEMBL3137312	CHEMBL4296320	O39930	NS5b		SINGLE PROTEIN	Hepacivirus hominis	INHIBITOR	1	0	RNA-directed RNA polymerase inhibitor
BRD-K91456750	sacubitril	CHEMBL3137301	CHEMBL3137301	CHEMBL1944	P08473	MME		SINGLE PROTEIN	Homo sapiens	INHIBITOR	1	0	Neprilysin inhibitor
BRD-K37764012	PF-03758309	CHEMBL3128043	CHEMBL3128043	CHEMBL4482	O96013	PAK4	10298	SINGLE PROTEIN	Homo sapiens	INHIBITOR	1	1	Serine/threonine-protein kinase PAK 4 inhibitor
BRD-K87124298	OSI-027	CHEMBL3120215	CHEMBL3120215	CHEMBL2842	P42345	MTOR		SINGLE PROTEIN	Homo sapiens	INHIBITOR	1	0	Serine/threonine-protein kinase mTOR inhibitor
BRD-K43578482	defactinib	CHEMBL3137331	CHEMBL3137331	CHEMBL2695	Q05397	PTK2	5747	SINGLE PROTEIN	Homo sapiens	INHIBITOR	1	1	Focal adhesion kinase 1 inhibitor
BRD-K43578482	defactinib	CHEMBL3137331	CHEMBL3137331	CHEMBL5469	Q14289	PTK2B	2185	SINGLE PROTEIN	Homo sapiens	INHIBITOR	1	1	Protein tyrosine kinase 2 beta inhibitor
BRD-K62391742	venetoclax	CHEMBL3137309	CHEMBL3137309	CHEMBL4860	P10415	BCL2	596	SINGLE PROTEIN	Homo sapiens	INHIBITOR	1	1	Apoptosis regulator Bcl-2 inhibitor
BRD-K18849474	dalcetrapib	CHEMBL313006	CHEMBL313006	CHEMBL3572	P11597	CETP		SINGLE PROTEIN	Homo sapiens	INHIBITOR	1	0	Cholesteryl ester transfer protein inhibitor
BRD-K95142244	talazoparib	CHEMBL3137320	CHEMBL3137320	CHEMBL5366	Q9UGN5	PARP2	10038	SINGLE PROTEIN	Homo sapiens	INHIBITOR	1	1	Poly [ADP-ribose] polymerase 2 inhibitor
BRD-K95142244	talazoparib	CHEMBL3137320	CHEMBL3137320	CHEMBL3105	P09874	PARP1	142	SINGLE PROTEIN	Homo sapiens	INHIBITOR	1	1	Poly [ADP-ribose] polymerase-1 inhibitor
BRD-K95142244	talazoparib	CHEMBL3137320	CHEMBL3137320	CHEMBL5366	Q9UGN5	PARP2	10038	SINGLE PROTEIN	Homo sapiens	INHIBITOR	1	1	Poly [ADP-ribose] polymerase 2 inhibitor
BRD-K95142244	talazoparib	CHEMBL3137320	CHEMBL3137320	CHEMBL3105	P09874	PARP1	142	SINGLE PROTEIN	Homo sapiens	INHIBITOR	1	1	Poly [ADP-ribose] polymerase-1 inhibitor
BRD-K64925568	AMG-232	CHEMBL3125702	CHEMBL3125702	CHEMBL1907611	P04637	TP53	7157	PROTEIN-PROTEIN INTERACTION	Homo sapiens	INHIBITOR	1	1	Tumour suppressor p53/oncoprotein Mdm2 inhibitor
BRD-K64925568	AMG-232	CHEMBL3125702	CHEMBL3125702	CHEMBL1907611	Q00987	MDM2		PROTEIN-PROTEIN INTERACTION	Homo sapiens	INHIBITOR	1	0	Tumour suppressor p53/oncoprotein Mdm2 inhibitor
BRD-K16336526	capsaicin	CHEMBL313971	CHEMBL313971	CHEMBL4794	Q8NER1	TRPV1		SINGLE PROTEIN	Homo sapiens	AGONIST	1	0	Vanilloid receptor agonist
BRD-K08356259	xylometazoline	CHEMBL312448	CHEMBL312448	CHEMBL2095203	P35348	ADRA1A		PROTEIN FAMILY	Homo sapiens	AGONIST	1	0	Adrenergic receptor alpha agonist
BRD-K08356259	xylometazoline	CHEMBL312448	CHEMBL312448	CHEMBL2095203	P08913	ADRA2A		PROTEIN FAMILY	Homo sapiens	AGONIST	1	0	Adrenergic receptor alpha agonist
BRD-K08356259	xylometazoline	CHEMBL312448	CHEMBL312448	CHEMBL2095203	P18825	ADRA2C		PROTEIN FAMILY	Homo sapiens	AGONIST	1	0	Adrenergic receptor alpha agonist
BRD-K08356259	xylometazoline	CHEMBL312448	CHEMBL312448	CHEMBL2095203	P25100	ADRA1D		PROTEIN FAMILY	Homo sapiens	AGONIST	1	0	Adrenergic receptor alpha agonist
BRD-K08356259	xylometazoline	CHEMBL312448	CHEMBL312448	CHEMBL2095203	P35368	ADRA1B		PROTEIN FAMILY	Homo sapiens	AGONIST	1	0	Adrenergic receptor alpha agonist
BRD-K08356259	xylometazoline	CHEMBL312448	CHEMBL312448	CHEMBL2095203	P18089	ADRA2B		PROTEIN FAMILY	Homo sapiens	AGONIST	1	0	Adrenergic receptor alpha agonist
BRD-K89104321	gaboxadol	CHEMBL312443	CHEMBL312443	CHEMBL3430899	P28472	GABRB3		PROTEIN COMPLEX	Homo sapiens	AGONIST	1	0	Gamma-aminobutyric acid receptor subunit alpha-4/beta3/delta agonist
BRD-K89104321	gaboxadol	CHEMBL312443	CHEMBL312443	CHEMBL3430899	P48169	GABRA4		PROTEIN COMPLEX	Homo sapiens	AGONIST	1	0	Gamma-aminobutyric acid receptor subunit alpha-4/beta3/delta agonist
BRD-K89104321	gaboxadol	CHEMBL312443	CHEMBL312443	CHEMBL3430899	O14764	GABRD		PROTEIN COMPLEX	Homo sapiens	AGONIST	1	0	Gamma-aminobutyric acid receptor subunit alpha-4/beta3/delta agonist
BRD-K88025533	fingolimod	CHEMBL314854	CHEMBL314854	CHEMBL2363041	Q9H228	S1PR5		PROTEIN FAMILY	Homo sapiens	AGONIST	1	0	Sphingosine 1-phosphate receptor agonist
BRD-K88025533	fingolimod	CHEMBL314854	CHEMBL314854	CHEMBL2363041	O95136	S1PR2		PROTEIN FAMILY	Homo sapiens	AGONIST	1	0	Sphingosine 1-phosphate receptor agonist
BRD-K88025533	fingolimod	CHEMBL314854	CHEMBL314854	CHEMBL2363041	O95977	S1PR4		PROTEIN FAMILY	Homo sapiens	AGONIST	1	0	Sphingosine 1-phosphate receptor agonist
BRD-K88025533	fingolimod	CHEMBL314854	CHEMBL314854	CHEMBL2363041	Q99500	S1PR3		PROTEIN FAMILY	Homo sapiens	AGONIST	1	0	Sphingosine 1-phosphate receptor agonist
BRD-K88025533	fingolimod	CHEMBL314854	CHEMBL314854	CHEMBL2363041	P21453	S1PR1		PROTEIN FAMILY	Homo sapiens	AGONIST	1	0	Sphingosine 1-phosphate receptor agonist
BRD-K37687095	AZD-8330	CHEMBL3182621	CHEMBL3182621	CHEMBL3587	Q02750	MAP2K1		SINGLE PROTEIN	Homo sapiens	INHIBITOR	1	0	Dual specificity mitogen-activated protein kinase kinase 1 inhibitor
BRD-K37687095	AZD-8330	CHEMBL3182621	CHEMBL3182621	CHEMBL2964	P36507	MAP2K2		SINGLE PROTEIN	Homo sapiens	INHIBITOR	1	0	Dual specificity mitogen-activated protein kinase kinase 2 inhibitor
BRD-A44863528	proglumide	CHEMBL316561	CHEMBL316561	CHEMBL2095185	P32239	CCKBR		PROTEIN FAMILY	Homo sapiens	ANTAGONIST	1	0	Cholecystokinin receptor antagonist
BRD-A44863528	proglumide	CHEMBL316561	CHEMBL316561	CHEMBL2095185	P32238	CCKAR		PROTEIN FAMILY	Homo sapiens	ANTAGONIST	1	0	Cholecystokinin receptor antagonist
BRD-K50422030	clomethiazole	CHEMBL315795	CHEMBL315795	CHEMBL2093872	P14867	GABRA1		PROTEIN COMPLEX GROUP	Homo sapiens	POSITIVE ALLOSTERIC MODULATOR	1	0	GABA-A receptor; anion channel positive allosteric modulator
BRD-K50422030	clomethiazole	CHEMBL315795	CHEMBL315795	CHEMBL2093872	P47870	GABRB2		PROTEIN COMPLEX GROUP	Homo sapiens	POSITIVE ALLOSTERIC MODULATOR	1	0	GABA-A receptor; anion channel positive allosteric modulator
BRD-K50422030	clomethiazole	CHEMBL315795	CHEMBL315795	CHEMBL2093872	P18507	GABRG2		PROTEIN COMPLEX GROUP	Homo sapiens	POSITIVE ALLOSTERIC MODULATOR	1	0	GABA-A receptor; anion channel positive allosteric modulator
BRD-K50422030	clomethiazole	CHEMBL315795	CHEMBL315795	CHEMBL2093872	P28472	GABRB3		PROTEIN COMPLEX GROUP	Homo sapiens	POSITIVE ALLOSTERIC MODULATOR	1	0	GABA-A receptor; anion channel positive allosteric modulator
BRD-K50422030	clomethiazole	CHEMBL315795	CHEMBL315795	CHEMBL2093872	P48169	GABRA4		PROTEIN COMPLEX GROUP	Homo sapiens	POSITIVE ALLOSTERIC MODULATOR	1	0	GABA-A receptor; anion channel positive allosteric modulator
BRD-K50422030	clomethiazole	CHEMBL315795	CHEMBL315795	CHEMBL2093872	Q99928	GABRG3		PROTEIN COMPLEX GROUP	Homo sapiens	POSITIVE ALLOSTERIC MODULATOR	1	0	GABA-A receptor; anion channel positive allosteric modulator
BRD-K50422030	clomethiazole	CHEMBL315795	CHEMBL315795	CHEMBL2093872	Q9UN88	GABRQ		PROTEIN COMPLEX GROUP	Homo sapiens	POSITIVE ALLOSTERIC MODULATOR	1	0	GABA-A receptor; anion channel positive allosteric modulator
BRD-K50422030	clomethiazole	CHEMBL315795	CHEMBL315795	CHEMBL2093872	P34903	GABRA3		PROTEIN COMPLEX GROUP	Homo sapiens	POSITIVE ALLOSTERIC MODULATOR	1	0	GABA-A receptor; anion channel positive allosteric modulator
BRD-K50422030	clomethiazole	CHEMBL315795	CHEMBL315795	CHEMBL2093872	O00591	GABRP		PROTEIN COMPLEX GROUP	Homo sapiens	POSITIVE ALLOSTERIC MODULATOR	1	0	GABA-A receptor; anion channel positive allosteric modulator
BRD-K50422030	clomethiazole	CHEMBL315795	CHEMBL315795	CHEMBL2093872	O14764	GABRD		PROTEIN COMPLEX GROUP	Homo sapiens	POSITIVE ALLOSTERIC MODULATOR	1	0	GABA-A receptor; anion channel positive allosteric modulator
BRD-K50422030	clomethiazole	CHEMBL315795	CHEMBL315795	CHEMBL2093872	Q8N1C3	GABRG1		PROTEIN COMPLEX GROUP	Homo sapiens	POSITIVE ALLOSTERIC MODULATOR	1	0	GABA-A receptor; anion channel positive allosteric modulator
BRD-K50422030	clomethiazole	CHEMBL315795	CHEMBL315795	CHEMBL2093872	P18505	GABRB1		PROTEIN COMPLEX GROUP	Homo sapiens	POSITIVE ALLOSTERIC MODULATOR	1	0	GABA-A receptor; anion channel positive allosteric modulator
BRD-K50422030	clomethiazole	CHEMBL315795	CHEMBL315795	CHEMBL2093872	P78334	GABRE		PROTEIN COMPLEX GROUP	Homo sapiens	POSITIVE ALLOSTERIC MODULATOR	1	0	GABA-A receptor; anion channel positive allosteric modulator
BRD-K50422030	clomethiazole	CHEMBL315795	CHEMBL315795	CHEMBL2093872	P47869	GABRA2		PROTEIN COMPLEX GROUP	Homo sapiens	POSITIVE ALLOSTERIC MODULATOR	1	0	GABA-A receptor; anion channel positive allosteric modulator
BRD-K50422030	clomethiazole	CHEMBL315795	CHEMBL315795	CHEMBL2093872	P31644	GABRA5		PROTEIN COMPLEX GROUP	Homo sapiens	POSITIVE ALLOSTERIC MODULATOR	1	0	GABA-A receptor; anion channel positive allosteric modulator
BRD-K50422030	clomethiazole	CHEMBL315795	CHEMBL315795	CHEMBL2093872	Q16445	GABRA6		PROTEIN COMPLEX GROUP	Homo sapiens	POSITIVE ALLOSTERIC MODULATOR	1	0	GABA-A receptor; anion channel positive allosteric modulator
BRD-A02710418	meptazinol	CHEMBL314437	CHEMBL314437	CHEMBL233	P35372	OPRM1		SINGLE PROTEIN	Homo sapiens	PARTIAL AGONIST	1	0	Mu opioid receptor partial agonist
BRD-K88025533	fingolimod	CHEMBL314854	CHEMBL314854	CHEMBL2363041	Q9H228	S1PR5		PROTEIN FAMILY	Homo sapiens	BINDING AGENT	1	0	Sphingosine 1-phosphate receptor binding agent
BRD-K88025533	fingolimod	CHEMBL314854	CHEMBL314854	CHEMBL2363041	O95136	S1PR2		PROTEIN FAMILY	Homo sapiens	BINDING AGENT	1	0	Sphingosine 1-phosphate receptor binding agent
BRD-K88025533	fingolimod	CHEMBL314854	CHEMBL314854	CHEMBL2363041	O95977	S1PR4		PROTEIN FAMILY	Homo sapiens	BINDING AGENT	1	0	Sphingosine 1-phosphate receptor binding agent
BRD-K88025533	fingolimod	CHEMBL314854	CHEMBL314854	CHEMBL2363041	Q99500	S1PR3		PROTEIN FAMILY	Homo sapiens	BINDING AGENT	1	0	Sphingosine 1-phosphate receptor binding agent
BRD-K88025533	fingolimod	CHEMBL314854	CHEMBL314854	CHEMBL2363041	P21453	S1PR1		PROTEIN FAMILY	Homo sapiens	BINDING AGENT	1	0	Sphingosine 1-phosphate receptor binding agent
BRD-K92193792	nizatidine	CHEMBL3183075	CHEMBL3183075	CHEMBL1941	P25021	HRH2		SINGLE PROTEIN	Homo sapiens	ANTAGONIST	1	0	Histamine H2 receptor antagonist
BRD-K91308639	ARN-509	CHEMBL3183409	CHEMBL3183409	CHEMBL1871	P10275	AR		SINGLE PROTEIN	Homo sapiens	ANTAGONIST	1	0	Androgen Receptor antagonist
BRD-K82244583	binimetinib	CHEMBL3187723	CHEMBL3187723	CHEMBL3587	Q02750	MAP2K1		SINGLE PROTEIN	Homo sapiens	INHIBITOR	1	0	Dual specificity mitogen-activated protein kinase kinase 1 inhibitor
BRD-K82244583	binimetinib	CHEMBL3187723	CHEMBL3187723	CHEMBL2964	P36507	MAP2K2		SINGLE PROTEIN	Homo sapiens	INHIBITOR	1	0	Dual specificity mitogen-activated protein kinase kinase 2 inhibitor
BRD-K60341624	GSK-1292263	CHEMBL3187503	CHEMBL3187503	CHEMBL5652	Q8TDV5	GPR119		SINGLE PROTEIN	Homo sapiens	AGONIST	1	0	Glucose-dependent insulinotropic receptor agonist
BRD-K49215523	GSK-2636771	CHEMBL3188551	CHEMBL3188551	CHEMBL3145	P42338	PIK3CB		SINGLE PROTEIN	Homo sapiens	INHIBITOR	1	0	PI3-kinase p110-beta subunit inhibitor
BRD-K88510285	bortezomib	CHEMBL325041	CHEMBL325041	CHEMBL2364701	Q99460	PSMD1		PROTEIN COMPLEX	Homo sapiens	INHIBITOR	1	0	26S proteasome inhibitor
BRD-K88510285	bortezomib	CHEMBL325041	CHEMBL325041	CHEMBL2364701	P49721	PSMB2		PROTEIN COMPLEX	Homo sapiens	INHIBITOR	1	0	26S proteasome inhibitor
BRD-K88510285	bortezomib	CHEMBL325041	CHEMBL325041	CHEMBL2364701	P20618	PSMB1		PROTEIN COMPLEX	Homo sapiens	INHIBITOR	1	0	26S proteasome inhibitor
BRD-K88510285	bortezomib	CHEMBL325041	CHEMBL325041	CHEMBL2364701	P28074	PSMB5		PROTEIN COMPLEX	Homo sapiens	INHIBITOR	1	0	26S proteasome inhibitor
BRD-K88510285	bortezomib	CHEMBL325041	CHEMBL325041	CHEMBL2364701	P28062	PSMB8	5696	PROTEIN COMPLEX	Homo sapiens	INHIBITOR	1	1	26S proteasome inhibitor
BRD-K88510285	bortezomib	CHEMBL325041	CHEMBL325041	CHEMBL2364701	P28065	PSMB9		PROTEIN COMPLEX	Homo sapiens	INHIBITOR	1	0	26S proteasome inhibitor
BRD-K88510285	bortezomib	CHEMBL325041	CHEMBL325041	CHEMBL2364701	P28072	PSMB6		PROTEIN COMPLEX	Homo sapiens	INHIBITOR	1	0	26S proteasome inhibitor
BRD-K88510285	bortezomib	CHEMBL325041	CHEMBL325041	CHEMBL2364701	O00487	PSMD14		PROTEIN COMPLEX	Homo sapiens	INHIBITOR	1	0	26S proteasome inhibitor
BRD-K88510285	bortezomib	CHEMBL325041	CHEMBL325041	CHEMBL2364701	P25786	PSMA1		PROTEIN COMPLEX	Homo sapiens	INHIBITOR	1	0	26S proteasome inhibitor
BRD-K88510285	bortezomib	CHEMBL325041	CHEMBL325041	CHEMBL2364701	P25787	PSMA2		PROTEIN COMPLEX	Homo sapiens	INHIBITOR	1	0	26S proteasome inhibitor
BRD-K88510285	bortezomib	CHEMBL325041	CHEMBL325041	CHEMBL2364701	P25788	PSMA3		PROTEIN COMPLEX	Homo sapiens	INHIBITOR	1	0	26S proteasome inhibitor
BRD-K88510285	bortezomib	CHEMBL325041	CHEMBL325041	CHEMBL2364701	P25789	PSMA4		PROTEIN COMPLEX	Homo sapiens	INHIBITOR	1	0	26S proteasome inhibitor
BRD-K88510285	bortezomib	CHEMBL325041	CHEMBL325041	CHEMBL2364701	P28066	PSMA5		PROTEIN COMPLEX	Homo sapiens	INHIBITOR	1	0	26S proteasome inhibitor
BRD-K88510285	bortezomib	CHEMBL325041	CHEMBL325041	CHEMBL2364701	P60900	PSMA6		PROTEIN COMPLEX	Homo sapiens	INHIBITOR	1	0	26S proteasome inhibitor
BRD-K88510285	bortezomib	CHEMBL325041	CHEMBL325041	CHEMBL2364701	O14818	PSMA7		PROTEIN COMPLEX	Homo sapiens	INHIBITOR	1	0	26S proteasome inhibitor
BRD-K88510285	bortezomib	CHEMBL325041	CHEMBL325041	CHEMBL2364701	Q8TAA3	PSMA8		PROTEIN COMPLEX	Homo sapiens	INHIBITOR	1	0	26S proteasome inhibitor
BRD-K88510285	bortezomib	CHEMBL325041	CHEMBL325041	CHEMBL2364701	P40306	PSMB10	5699	PROTEIN COMPLEX	Homo sapiens	INHIBITOR	1	1	26S proteasome inhibitor
BRD-K88510285	bortezomib	CHEMBL325041	CHEMBL325041	CHEMBL2364701	A5LHX3	PSMB11		PROTEIN COMPLEX	Homo sapiens	INHIBITOR	1	0	26S proteasome inhibitor
BRD-K88510285	bortezomib	CHEMBL325041	CHEMBL325041	CHEMBL2364701	P49720	PSMB3		PROTEIN COMPLEX	Homo sapiens	INHIBITOR	1	0	26S proteasome inhibitor
BRD-K88510285	bortezomib	CHEMBL325041	CHEMBL325041	CHEMBL2364701	P28070	PSMB4		PROTEIN COMPLEX	Homo sapiens	INHIBITOR	1	0	26S proteasome inhibitor
BRD-K88510285	bortezomib	CHEMBL325041	CHEMBL325041	CHEMBL2364701	Q99436	PSMB7		PROTEIN COMPLEX	Homo sapiens	INHIBITOR	1	0	26S proteasome inhibitor
BRD-K88510285	bortezomib	CHEMBL325041	CHEMBL325041	CHEMBL2364701	Q16186	ADRM1		PROTEIN COMPLEX	Homo sapiens	INHIBITOR	1	0	26S proteasome inhibitor
BRD-K88510285	bortezomib	CHEMBL325041	CHEMBL325041	CHEMBL2364701	P35998	PSMC2		PROTEIN COMPLEX	Homo sapiens	INHIBITOR	1	0	26S proteasome inhibitor
BRD-K88510285	bortezomib	CHEMBL325041	CHEMBL325041	CHEMBL2364701	P62191	PSMC1		PROTEIN COMPLEX	Homo sapiens	INHIBITOR	1	0	26S proteasome inhibitor
BRD-K88510285	bortezomib	CHEMBL325041	CHEMBL325041	CHEMBL2364701	P43686	PSMC4		PROTEIN COMPLEX	Homo sapiens	INHIBITOR	1	0	26S proteasome inhibitor
BRD-K88510285	bortezomib	CHEMBL325041	CHEMBL325041	CHEMBL2364701	P62333	PSMC6		PROTEIN COMPLEX	Homo sapiens	INHIBITOR	1	0	26S proteasome inhibitor
BRD-K88510285	bortezomib	CHEMBL325041	CHEMBL325041	CHEMBL2364701	P17980	PSMC3		PROTEIN COMPLEX	Homo sapiens	INHIBITOR	1	0	26S proteasome inhibitor
BRD-K88510285	bortezomib	CHEMBL325041	CHEMBL325041	CHEMBL2364701	P62195	PSMC5		PROTEIN COMPLEX	Homo sapiens	INHIBITOR	1	0	26S proteasome inhibitor
BRD-K88510285	bortezomib	CHEMBL325041	CHEMBL325041	CHEMBL2364701	Q13200	PSMD2	5708	PROTEIN COMPLEX	Homo sapiens	INHIBITOR	1	1	26S proteasome inhibitor
BRD-K88510285	bortezomib	CHEMBL325041	CHEMBL325041	CHEMBL2364701	O43242	PSMD3		PROTEIN COMPLEX	Homo sapiens	INHIBITOR	1	0	26S proteasome inhibitor
BRD-K88510285	bortezomib	CHEMBL325041	CHEMBL325041	CHEMBL2364701	O00232	PSMD12		PROTEIN COMPLEX	Homo sapiens	INHIBITOR	1	0	26S proteasome inhibitor
BRD-K88510285	bortezomib	CHEMBL325041	CHEMBL325041	CHEMBL2364701	O00231	PSMD11		PROTEIN COMPLEX	Homo sapiens	INHIBITOR	1	0	26S proteasome inhibitor
BRD-K88510285	bortezomib	CHEMBL325041	CHEMBL325041	CHEMBL2364701	Q15008	PSMD6		PROTEIN COMPLEX	Homo sapiens	INHIBITOR	1	0	26S proteasome inhibitor
BRD-K88510285	bortezomib	CHEMBL325041	CHEMBL325041	CHEMBL2364701	P51665	PSMD7		PROTEIN COMPLEX	Homo sapiens	INHIBITOR	1	0	26S proteasome inhibitor
BRD-K88510285	bortezomib	CHEMBL325041	CHEMBL325041	CHEMBL2364701	Q9UNM6	PSMD13		PROTEIN COMPLEX	Homo sapiens	INHIBITOR	1	0	26S proteasome inhibitor
BRD-K88510285	bortezomib	CHEMBL325041	CHEMBL325041	CHEMBL2364701	P55036	PSMD4	5710	PROTEIN COMPLEX	Homo sapiens	INHIBITOR	1	1	26S proteasome inhibitor
BRD-K88510285	bortezomib	CHEMBL325041	CHEMBL325041	CHEMBL2364701	P48556	PSMD8		PROTEIN COMPLEX	Homo sapiens	INHIBITOR	1	0	26S proteasome inhibitor
BRD-K88510285	bortezomib	CHEMBL325041	CHEMBL325041	CHEMBL2364701	P60896	SEM1		PROTEIN COMPLEX	Homo sapiens	INHIBITOR	1	0	26S proteasome inhibitor
BRD-K66615216	moxifloxacin	CHEMBL32	CHEMBL32	CHEMBL2363076	P0AFI2	parC		PROTEIN COMPLEX	Bacteria	INHIBITOR	1	0	Topoisomerase IV inhibitor
BRD-K66615216	moxifloxacin	CHEMBL32	CHEMBL32	CHEMBL2363076	P20083	parE		PROTEIN COMPLEX	Bacteria	INHIBITOR	1	0	Topoisomerase IV inhibitor
BRD-K66615216	moxifloxacin	CHEMBL32	CHEMBL32	CHEMBL2311224	P0AES6	gyrB		PROTEIN COMPLEX	Bacteria	INHIBITOR	1	0	Bacterial DNA gyrase inhibitor
BRD-K66615216	moxifloxacin	CHEMBL32	CHEMBL32	CHEMBL2311224	P0AES4	gyrA		PROTEIN COMPLEX	Bacteria	INHIBITOR	1	0	Bacterial DNA gyrase inhibitor
BRD-K38868394	MK-0773	CHEMBL3221237	CHEMBL3221237	CHEMBL1871	P10275	AR		SINGLE PROTEIN	Homo sapiens	MODULATOR	1	0	Androgen Receptor modulator
BRD-K29415052	BGT-226	CHEMBL3218578	CHEMBL3218578	CHEMBL2842	P42345	MTOR		SINGLE PROTEIN	Homo sapiens	INHIBITOR	1	0	Serine/threonine-protein kinase mTOR inhibitor
BRD-K29415052	BGT-226	CHEMBL3218578	CHEMBL3218578	CHEMBL3559703	P27986	PIK3R1		PROTEIN COMPLEX GROUP	Homo sapiens	INHIBITOR	1	0	PI3-kinase class I inhibitor
BRD-K29415052	BGT-226	CHEMBL3218578	CHEMBL3218578	CHEMBL3559703	P42338	PIK3CB		PROTEIN COMPLEX GROUP	Homo sapiens	INHIBITOR	1	0	PI3-kinase class I inhibitor
BRD-K29415052	BGT-226	CHEMBL3218578	CHEMBL3218578	CHEMBL3559703	P48736	PIK3CG		PROTEIN COMPLEX GROUP	Homo sapiens	INHIBITOR	1	0	PI3-kinase class I inhibitor
BRD-K29415052	BGT-226	CHEMBL3218578	CHEMBL3218578	CHEMBL3559703	P42336	PIK3CA	5290	PROTEIN COMPLEX GROUP	Homo sapiens	INHIBITOR	1	1	PI3-kinase class I inhibitor
BRD-K29415052	BGT-226	CHEMBL3218578	CHEMBL3218578	CHEMBL3559703	O00459	PIK3R2		PROTEIN COMPLEX GROUP	Homo sapiens	INHIBITOR	1	0	PI3-kinase class I inhibitor
BRD-K29415052	BGT-226	CHEMBL3218578	CHEMBL3218578	CHEMBL3559703	O00329	PIK3CD		PROTEIN COMPLEX GROUP	Homo sapiens	INHIBITOR	1	0	PI3-kinase class I inhibitor
BRD-K29415052	BGT-226	CHEMBL3218578	CHEMBL3218578	CHEMBL3559703	Q8WYR1	PIK3R5		PROTEIN COMPLEX GROUP	Homo sapiens	INHIBITOR	1	0	PI3-kinase class I inhibitor
BRD-K29415052	BGT-226	CHEMBL3218578	CHEMBL3218578	CHEMBL3559703	Q92569	PIK3R3	8503	PROTEIN COMPLEX GROUP	Homo sapiens	INHIBITOR	1	1	PI3-kinase class I inhibitor
BRD-K50168500	canertinib	CHEMBL31965	CHEMBL31965	CHEMBL203	P00533	EGFR	1956	SINGLE PROTEIN	Homo sapiens	INHIBITOR	1	1	Epidermal growth factor receptor erbB1 inhibitor
BRD-K50168500	canertinib	CHEMBL31965	CHEMBL31965	CHEMBL1824	P04626	ERBB2	2064	SINGLE PROTEIN	Homo sapiens	INHIBITOR	1	1	Receptor protein-tyrosine kinase erbB-2 inhibitor
BRD-K50168500	canertinib	CHEMBL31965	CHEMBL31965	CHEMBL3009	Q15303	ERBB4		SINGLE PROTEIN	Homo sapiens	INHIBITOR	1	0	Receptor protein-tyrosine kinase erbB-4 inhibitor
BRD-K17294426	clebopride	CHEMBL325109	CHEMBL325109	CHEMBL1875	Q13639	HTR4		SINGLE PROTEIN	Homo sapiens	AGONIST	1	0	Serotonin 4 (5-HT4) receptor agonist
BRD-K17294426	clebopride	CHEMBL325109	CHEMBL325109	CHEMBL217	P14416	DRD2		SINGLE PROTEIN	Homo sapiens	ANTAGONIST	1	0	Dopamine D2 receptor antagonist
BRD-K32218650	MBX-2982	CHEMBL3260505	CHEMBL3260505	CHEMBL5652	Q8TDV5	GPR119		SINGLE PROTEIN	Homo sapiens	AGONIST	1	0	Glucose-dependent insulinotropic receptor agonist
BRD-K72005722	VT-464	CHEMBL3264610	CHEMBL3264610	CHEMBL3522	P05093	CYP17A1		SINGLE PROTEIN	Homo sapiens	INHIBITOR	1	0	Cytochrome P450 17A1 inhibitor
BRD-K72005722	VT-464	CHEMBL3264610	CHEMBL3264610	CHEMBL1871	P10275	AR		SINGLE PROTEIN	Homo sapiens	ANTAGONIST	1	0	Androgen Receptor antagonist
BRD-K88510285	bortezomib	CHEMBL325041	CHEMBL325041	CHEMBL2364701	Q99460	PSMD1		PROTEIN COMPLEX	Homo sapiens	INHIBITOR	1	0	26S proteasome inhibitor
BRD-K88510285	bortezomib	CHEMBL325041	CHEMBL325041	CHEMBL2364701	P49721	PSMB2		PROTEIN COMPLEX	Homo sapiens	INHIBITOR	1	0	26S proteasome inhibitor
BRD-K88510285	bortezomib	CHEMBL325041	CHEMBL325041	CHEMBL2364701	P20618	PSMB1		PROTEIN COMPLEX	Homo sapiens	INHIBITOR	1	0	26S proteasome inhibitor
BRD-K88510285	bortezomib	CHEMBL325041	CHEMBL325041	CHEMBL2364701	P28074	PSMB5		PROTEIN COMPLEX	Homo sapiens	INHIBITOR	1	0	26S proteasome inhibitor
BRD-K88510285	bortezomib	CHEMBL325041	CHEMBL325041	CHEMBL2364701	P28062	PSMB8	5696	PROTEIN COMPLEX	Homo sapiens	INHIBITOR	1	1	26S proteasome inhibitor
BRD-K88510285	bortezomib	CHEMBL325041	CHEMBL325041	CHEMBL2364701	P28065	PSMB9		PROTEIN COMPLEX	Homo sapiens	INHIBITOR	1	0	26S proteasome inhibitor
BRD-K88510285	bortezomib	CHEMBL325041	CHEMBL325041	CHEMBL2364701	P28072	PSMB6		PROTEIN COMPLEX	Homo sapiens	INHIBITOR	1	0	26S proteasome inhibitor
BRD-K88510285	bortezomib	CHEMBL325041	CHEMBL325041	CHEMBL2364701	O00487	PSMD14		PROTEIN COMPLEX	Homo sapiens	INHIBITOR	1	0	26S proteasome inhibitor
BRD-K88510285	bortezomib	CHEMBL325041	CHEMBL325041	CHEMBL2364701	P25786	PSMA1		PROTEIN COMPLEX	Homo sapiens	INHIBITOR	1	0	26S proteasome inhibitor
BRD-K88510285	bortezomib	CHEMBL325041	CHEMBL325041	CHEMBL2364701	P25787	PSMA2		PROTEIN COMPLEX	Homo sapiens	INHIBITOR	1	0	26S proteasome inhibitor
BRD-K88510285	bortezomib	CHEMBL325041	CHEMBL325041	CHEMBL2364701	P25788	PSMA3		PROTEIN COMPLEX	Homo sapiens	INHIBITOR	1	0	26S proteasome inhibitor
BRD-K88510285	bortezomib	CHEMBL325041	CHEMBL325041	CHEMBL2364701	P25789	PSMA4		PROTEIN COMPLEX	Homo sapiens	INHIBITOR	1	0	26S proteasome inhibitor
BRD-K88510285	bortezomib	CHEMBL325041	CHEMBL325041	CHEMBL2364701	P28066	PSMA5		PROTEIN COMPLEX	Homo sapiens	INHIBITOR	1	0	26S proteasome inhibitor
BRD-K88510285	bortezomib	CHEMBL325041	CHEMBL325041	CHEMBL2364701	P60900	PSMA6		PROTEIN COMPLEX	Homo sapiens	INHIBITOR	1	0	26S proteasome inhibitor
BRD-K88510285	bortezomib	CHEMBL325041	CHEMBL325041	CHEMBL2364701	O14818	PSMA7		PROTEIN COMPLEX	Homo sapiens	INHIBITOR	1	0	26S proteasome inhibitor
BRD-K88510285	bortezomib	CHEMBL325041	CHEMBL325041	CHEMBL2364701	Q8TAA3	PSMA8		PROTEIN COMPLEX	Homo sapiens	INHIBITOR	1	0	26S proteasome inhibitor
BRD-K88510285	bortezomib	CHEMBL325041	CHEMBL325041	CHEMBL2364701	P40306	PSMB10	5699	PROTEIN COMPLEX	Homo sapiens	INHIBITOR	1	1	26S proteasome inhibitor
BRD-K88510285	bortezomib	CHEMBL325041	CHEMBL325041	CHEMBL2364701	A5LHX3	PSMB11		PROTEIN COMPLEX	Homo sapiens	INHIBITOR	1	0	26S proteasome inhibitor
BRD-K88510285	bortezomib	CHEMBL325041	CHEMBL325041	CHEMBL2364701	P49720	PSMB3		PROTEIN COMPLEX	Homo sapiens	INHIBITOR	1	0	26S proteasome inhibitor
BRD-K88510285	bortezomib	CHEMBL325041	CHEMBL325041	CHEMBL2364701	P28070	PSMB4		PROTEIN COMPLEX	Homo sapiens	INHIBITOR	1	0	26S proteasome inhibitor
BRD-K88510285	bortezomib	CHEMBL325041	CHEMBL325041	CHEMBL2364701	Q99436	PSMB7		PROTEIN COMPLEX	Homo sapiens	INHIBITOR	1	0	26S proteasome inhibitor
BRD-K88510285	bortezomib	CHEMBL325041	CHEMBL325041	CHEMBL2364701	Q16186	ADRM1		PROTEIN COMPLEX	Homo sapiens	INHIBITOR	1	0	26S proteasome inhibitor
BRD-K88510285	bortezomib	CHEMBL325041	CHEMBL325041	CHEMBL2364701	P35998	PSMC2		PROTEIN COMPLEX	Homo sapiens	INHIBITOR	1	0	26S proteasome inhibitor
BRD-K88510285	bortezomib	CHEMBL325041	CHEMBL325041	CHEMBL2364701	P62191	PSMC1		PROTEIN COMPLEX	Homo sapiens	INHIBITOR	1	0	26S proteasome inhibitor
BRD-K88510285	bortezomib	CHEMBL325041	CHEMBL325041	CHEMBL2364701	P43686	PSMC4		PROTEIN COMPLEX	Homo sapiens	INHIBITOR	1	0	26S proteasome inhibitor
BRD-K88510285	bortezomib	CHEMBL325041	CHEMBL325041	CHEMBL2364701	P62333	PSMC6		PROTEIN COMPLEX	Homo sapiens	INHIBITOR	1	0	26S proteasome inhibitor
BRD-K88510285	bortezomib	CHEMBL325041	CHEMBL325041	CHEMBL2364701	P17980	PSMC3		PROTEIN COMPLEX	Homo sapiens	INHIBITOR	1	0	26S proteasome inhibitor
BRD-K88510285	bortezomib	CHEMBL325041	CHEMBL325041	CHEMBL2364701	P62195	PSMC5		PROTEIN COMPLEX	Homo sapiens	INHIBITOR	1	0	26S proteasome inhibitor
BRD-K88510285	bortezomib	CHEMBL325041	CHEMBL325041	CHEMBL2364701	Q13200	PSMD2	5708	PROTEIN COMPLEX	Homo sapiens	INHIBITOR	1	1	26S proteasome inhibitor
BRD-K88510285	bortezomib	CHEMBL325041	CHEMBL325041	CHEMBL2364701	O43242	PSMD3		PROTEIN COMPLEX	Homo sapiens	INHIBITOR	1	0	26S proteasome inhibitor
BRD-K88510285	bortezomib	CHEMBL325041	CHEMBL325041	CHEMBL2364701	O00232	PSMD12		PROTEIN COMPLEX	Homo sapiens	INHIBITOR	1	0	26S proteasome inhibitor
BRD-K88510285	bortezomib	CHEMBL325041	CHEMBL325041	CHEMBL2364701	O00231	PSMD11		PROTEIN COMPLEX	Homo sapiens	INHIBITOR	1	0	26S proteasome inhibitor
BRD-K88510285	bortezomib	CHEMBL325041	CHEMBL325041	CHEMBL2364701	Q15008	PSMD6		PROTEIN COMPLEX	Homo sapiens	INHIBITOR	1	0	26S proteasome inhibitor
BRD-K88510285	bortezomib	CHEMBL325041	CHEMBL325041	CHEMBL2364701	P51665	PSMD7		PROTEIN COMPLEX	Homo sapiens	INHIBITOR	1	0	26S proteasome inhibitor
BRD-K88510285	bortezomib	CHEMBL325041	CHEMBL325041	CHEMBL2364701	Q9UNM6	PSMD13		PROTEIN COMPLEX	Homo sapiens	INHIBITOR	1	0	26S proteasome inhibitor
BRD-K88510285	bortezomib	CHEMBL325041	CHEMBL325041	CHEMBL2364701	P55036	PSMD4	5710	PROTEIN COMPLEX	Homo sapiens	INHIBITOR	1	1	26S proteasome inhibitor
BRD-K88510285	bortezomib	CHEMBL325041	CHEMBL325041	CHEMBL2364701	P48556	PSMD8		PROTEIN COMPLEX	Homo sapiens	INHIBITOR	1	0	26S proteasome inhibitor
BRD-K88510285	bortezomib	CHEMBL325041	CHEMBL325041	CHEMBL2364701	P60896	SEM1		PROTEIN COMPLEX	Homo sapiens	INHIBITOR	1	0	26S proteasome inhibitor
BRD-K59715032	pasireotide	CHEMBL3349607	CHEMBL3349607	CHEMBL1792	P35346	SSTR5		SINGLE PROTEIN	Homo sapiens	AGONIST	1	0	Somatostatin receptor 5 agonist
BRD-K59715032	pasireotide	CHEMBL3349607	CHEMBL3349607	CHEMBL1804	P30874	SSTR2		SINGLE PROTEIN	Homo sapiens	AGONIST	1	0	Somatostatin receptor 2 agonist
BRD-K59715032	pasireotide	CHEMBL3349607	CHEMBL3349607	CHEMBL1917	P30872	SSTR1		SINGLE PROTEIN	Homo sapiens	AGONIST	1	0	Somatostatin receptor 1 agonist
BRD-K59715032	pasireotide	CHEMBL3349607	CHEMBL3349607	CHEMBL2028	P32745	SSTR3		SINGLE PROTEIN	Homo sapiens	AGONIST	1	0	Somatostatin receptor 3 agonist
BRD-K09471561	levofloxacin	CHEMBL33	CHEMBL33	CHEMBL2311225	P0A4L9	gyrB		PROTEIN COMPLEX	Streptococcus pneumoniae	INHIBITOR	1	0	DNA gyrase inhibitor
BRD-K09471561	levofloxacin	CHEMBL33	CHEMBL33	CHEMBL2311225	P72524	gyrA		PROTEIN COMPLEX	Streptococcus pneumoniae	INHIBITOR	1	0	DNA gyrase inhibitor
BRD-K09471561	levofloxacin	CHEMBL33	CHEMBL33	CHEMBL2363033	P72525	parC		PROTEIN COMPLEX	Streptococcus pneumoniae	INHIBITOR	1	0	Topoisomerase IV inhibitor
BRD-K09471561	levofloxacin	CHEMBL33	CHEMBL33	CHEMBL2363033	Q59961	parE		PROTEIN COMPLEX	Streptococcus pneumoniae	INHIBITOR	1	0	Topoisomerase IV inhibitor
BRD-K59715032	pasireotide	CHEMBL3349607	CHEMBL3349607	CHEMBL2028	P32745	SSTR3		SINGLE PROTEIN	Homo sapiens	AGONIST	1	0	Somatostatin receptor 3 agonist
BRD-K59715032	pasireotide	CHEMBL3349607	CHEMBL3349607	CHEMBL1792	P35346	SSTR5		SINGLE PROTEIN	Homo sapiens	AGONIST	1	0	Somatostatin receptor 5 agonist
BRD-K59715032	pasireotide	CHEMBL3349607	CHEMBL3349607	CHEMBL1804	P30874	SSTR2		SINGLE PROTEIN	Homo sapiens	AGONIST	1	0	Somatostatin receptor 2 agonist
BRD-K59715032	pasireotide	CHEMBL3349607	CHEMBL3349607	CHEMBL1917	P30872	SSTR1		SINGLE PROTEIN	Homo sapiens	AGONIST	1	0	Somatostatin receptor 1 agonist
BRD-K87782578	AVL-292	CHEMBL3301625	CHEMBL3301625	CHEMBL5251	Q06187	BTK	695	SINGLE PROTEIN	Homo sapiens	INHIBITOR	1	1	Tyrosine-protein kinase BTK inhibitor
BRD-K43410529	MLN-2480	CHEMBL3348923	CHEMBL3348923	CHEMBL3559685	P04049	RAF1		PROTEIN FAMILY	Homo sapiens	INHIBITOR	1	0	RAF serine/threonine protein kinase inhibitor
BRD-K43410529	MLN-2480	CHEMBL3348923	CHEMBL3348923	CHEMBL3559685	P15056	BRAF		PROTEIN FAMILY	Homo sapiens	INHIBITOR	1	0	RAF serine/threonine protein kinase inhibitor
BRD-K43410529	MLN-2480	CHEMBL3348923	CHEMBL3348923	CHEMBL3559685	P10398	ARAF		PROTEIN FAMILY	Homo sapiens	INHIBITOR	1	0	RAF serine/threonine protein kinase inhibitor
BRD-K28392481	AZD-4547	CHEMBL3348846	CHEMBL3348846	CHEMBL2095217	P22607	FGFR3		PROTEIN FAMILY	Homo sapiens	INHIBITOR	1	0	Fibroblast growth factor receptor inhibitor
BRD-K28392481	AZD-4547	CHEMBL3348846	CHEMBL3348846	CHEMBL2095217	P11362	FGFR1		PROTEIN FAMILY	Homo sapiens	INHIBITOR	1	0	Fibroblast growth factor receptor inhibitor
BRD-K28392481	AZD-4547	CHEMBL3348846	CHEMBL3348846	CHEMBL2095217	P22455	FGFR4	2264	PROTEIN FAMILY	Homo sapiens	INHIBITOR	1	1	Fibroblast growth factor receptor inhibitor
BRD-K28392481	AZD-4547	CHEMBL3348846	CHEMBL3348846	CHEMBL2095217	P21802	FGFR2	2263	PROTEIN FAMILY	Homo sapiens	INHIBITOR	1	1	Fibroblast growth factor receptor inhibitor
BRD-K16803204	filgotinib	CHEMBL3301607	CHEMBL3301607	CHEMBL2835	P23458	JAK1		SINGLE PROTEIN	Homo sapiens	INHIBITOR	1	0	Tyrosine-protein kinase JAK1 inhibitor
BRD-K62387885	basimglurant	CHEMBL3301626	CHEMBL3301626	CHEMBL3227	P41594	GRM5		SINGLE PROTEIN	Homo sapiens	MODULATOR	1	0	Metabotropic glutamate receptor 5 modulator
BRD-K79102359	idalopirdine	CHEMBL3286580	CHEMBL3286580	CHEMBL3371	P50406	HTR6		SINGLE PROTEIN	Homo sapiens	ANTAGONIST	1	0	Serotonin 6 (5-HT6) receptor antagonist
BRD-A97104540	fenoterol	CHEMBL32800	CHEMBL32800	CHEMBL210	P07550	ADRB2	154	SINGLE PROTEIN	Homo sapiens	AGONIST	1	1	Beta-2 adrenergic receptor agonist
BRD-K62196610	AVN-944	CHEMBL3349001	CHEMBL3349001	CHEMBL2111369	P20839	IMPDH1		PROTEIN FAMILY	Homo sapiens	INHIBITOR	1	0	Inosine-5'-monophosphate dehydrogenase (IMPDH) inhibitor
BRD-K62196610	AVN-944	CHEMBL3349001	CHEMBL3349001	CHEMBL2111369	P12268	IMPDH2		PROTEIN FAMILY	Homo sapiens	INHIBITOR	1	0	Inosine-5'-monophosphate dehydrogenase (IMPDH) inhibitor
BRD-K14175878	MK-0812	CHEMBL3305901	CHEMBL3305901	CHEMBL4015	P41597	CCR2		SINGLE PROTEIN	Homo sapiens	ANTAGONIST	1	0	C-C chemokine receptor type 2 antagonist
BRD-K16803204	filgotinib	CHEMBL3301607	CHEMBL3301607	CHEMBL2971	O60674	JAK2		SINGLE PROTEIN	Homo sapiens	INHIBITOR	1	0	Tyrosine-protein kinase JAK2 inhibitor
BRD-K16803204	filgotinib	CHEMBL3301607	CHEMBL3301607	CHEMBL3553	P29597	TYK2		SINGLE PROTEIN	Homo sapiens	INHIBITOR	1	0	Tyrosine-protein kinase TYK2 inhibitor
BRD-K16803204	filgotinib	CHEMBL3301607	CHEMBL3301607	CHEMBL2148	P52333	JAK3		SINGLE PROTEIN	Homo sapiens	INHIBITOR	1	0	Tyrosine-protein kinase JAK3 inhibitor
BRD-K16803204	filgotinib	CHEMBL3301607	CHEMBL3301607	CHEMBL2835	P23458	JAK1		SINGLE PROTEIN	Homo sapiens	INHIBITOR	1	0	Tyrosine-protein kinase JAK1 inhibitor
BRD-K16803204	filgotinib	CHEMBL3301607	CHEMBL3301607	CHEMBL2148	P52333	JAK3		SINGLE PROTEIN	Homo sapiens	INHIBITOR	1	0	Tyrosine-protein kinase JAK3 inhibitor
BRD-K16803204	filgotinib	CHEMBL3301607	CHEMBL3301607	CHEMBL3553	P29597	TYK2		SINGLE PROTEIN	Homo sapiens	INHIBITOR	1	0	Tyrosine-protein kinase TYK2 inhibitor
BRD-K16803204	filgotinib	CHEMBL3301607	CHEMBL3301607	CHEMBL2971	O60674	JAK2		SINGLE PROTEIN	Homo sapiens	INHIBITOR	1	0	Tyrosine-protein kinase JAK2 inhibitor
BRD-K42417338	butorphanol-(+)-tartrate	CHEMBL33986	CHEMBL33986	CHEMBL233	P35372	OPRM1		SINGLE PROTEIN	Homo sapiens	PARTIAL AGONIST	1	0	Mu opioid receptor partial agonist
BRD-K59456551	methotrexate	CHEMBL34259	CHEMBL34259	CHEMBL202	P00374	DHFR		SINGLE PROTEIN	Homo sapiens	INHIBITOR	1	0	Dihydrofolate reductase inhibitor
BRD-K61397605	romidepsin	CHEMBL343448	CHEMBL343448	CHEMBL2093865	Q13547	HDAC1		PROTEIN FAMILY	Homo sapiens	INHIBITOR	1	0	Histone deacetylase inhibitor
BRD-K61397605	romidepsin	CHEMBL343448	CHEMBL343448	CHEMBL2093865	O15379	HDAC3		PROTEIN FAMILY	Homo sapiens	INHIBITOR	1	0	Histone deacetylase inhibitor
BRD-K61397605	romidepsin	CHEMBL343448	CHEMBL343448	CHEMBL2093865	Q9UBN7	HDAC6	10013	PROTEIN FAMILY	Homo sapiens	INHIBITOR	1	1	Histone deacetylase inhibitor
BRD-K61397605	romidepsin	CHEMBL343448	CHEMBL343448	CHEMBL2093865	Q92769	HDAC2	3066	PROTEIN FAMILY	Homo sapiens	INHIBITOR	1	1	Histone deacetylase inhibitor
BRD-K61397605	romidepsin	CHEMBL343448	CHEMBL343448	CHEMBL2093865	Q9UQL6	HDAC5		PROTEIN FAMILY	Homo sapiens	INHIBITOR	1	0	Histone deacetylase inhibitor
BRD-K61397605	romidepsin	CHEMBL343448	CHEMBL343448	CHEMBL2093865	Q8WUI4	HDAC7		PROTEIN FAMILY	Homo sapiens	INHIBITOR	1	0	Histone deacetylase inhibitor
BRD-K61397605	romidepsin	CHEMBL343448	CHEMBL343448	CHEMBL2093865	Q9BY41	HDAC8		PROTEIN FAMILY	Homo sapiens	INHIBITOR	1	0	Histone deacetylase inhibitor
BRD-K61397605	romidepsin	CHEMBL343448	CHEMBL343448	CHEMBL2093865	Q96DB2	HDAC11		PROTEIN FAMILY	Homo sapiens	INHIBITOR	1	0	Histone deacetylase inhibitor
BRD-K61397605	romidepsin	CHEMBL343448	CHEMBL343448	CHEMBL2093865	P56524	HDAC4		PROTEIN FAMILY	Homo sapiens	INHIBITOR	1	0	Histone deacetylase inhibitor
BRD-K61397605	romidepsin	CHEMBL343448	CHEMBL343448	CHEMBL2093865	Q9UKV0	HDAC9		PROTEIN FAMILY	Homo sapiens	INHIBITOR	1	0	Histone deacetylase inhibitor
BRD-K61397605	romidepsin	CHEMBL343448	CHEMBL343448	CHEMBL2093865	Q969S8	HDAC10		PROTEIN FAMILY	Homo sapiens	INHIBITOR	1	0	Histone deacetylase inhibitor
BRD-K42417338	butorphanol-(+)-tartrate	CHEMBL33986	CHEMBL33986	CHEMBL237	P41145	OPRK1		SINGLE PROTEIN	Homo sapiens	PARTIAL AGONIST	1	0	Kappa opioid receptor partial agonist
BRD-K99621550	tubocurarine	CHEMBL339427	CHEMBL339427	CHEMBL2362997	P02708	CHRNA1		PROTEIN COMPLEX GROUP	Homo sapiens	ANTAGONIST	1	0	Muscle-type nicotinic acetylcholine receptor antagonist
BRD-K99621550	tubocurarine	CHEMBL339427	CHEMBL339427	CHEMBL2362997	P07510	CHRNG		PROTEIN COMPLEX GROUP	Homo sapiens	ANTAGONIST	1	0	Muscle-type nicotinic acetylcholine receptor antagonist
BRD-K99621550	tubocurarine	CHEMBL339427	CHEMBL339427	CHEMBL2362997	P11230	CHRNB1		PROTEIN COMPLEX GROUP	Homo sapiens	ANTAGONIST	1	0	Muscle-type nicotinic acetylcholine receptor antagonist
BRD-K99621550	tubocurarine	CHEMBL339427	CHEMBL339427	CHEMBL2362997	Q07001	CHRND		PROTEIN COMPLEX GROUP	Homo sapiens	ANTAGONIST	1	0	Muscle-type nicotinic acetylcholine receptor antagonist
BRD-K99621550	tubocurarine	CHEMBL339427	CHEMBL339427	CHEMBL2362997	Q04844	CHRNE		PROTEIN COMPLEX GROUP	Homo sapiens	ANTAGONIST	1	0	Muscle-type nicotinic acetylcholine receptor antagonist
BRD-K59456551	methotrexate	CHEMBL34259	CHEMBL34259	CHEMBL202	P00374	DHFR		SINGLE PROTEIN	Homo sapiens	INHIBITOR	1	0	Dihydrofolate reductase inhibitor
BRD-K42805893	osimertinib	CHEMBL3353410	CHEMBL3353410	CHEMBL203	P00533	EGFR	1956	SINGLE PROTEIN	Homo sapiens	INHIBITOR	1	1	Epidermal growth factor receptor erbB1 inhibitor
BRD-K49456274	pilaralisib	CHEMBL3360203	CHEMBL3360203	CHEMBL3559703	P27986	PIK3R1		PROTEIN COMPLEX GROUP	Homo sapiens	INHIBITOR	1	0	PI3-kinase class I inhibitor
BRD-K49456274	pilaralisib	CHEMBL3360203	CHEMBL3360203	CHEMBL3559703	P42338	PIK3CB		PROTEIN COMPLEX GROUP	Homo sapiens	INHIBITOR	1	0	PI3-kinase class I inhibitor
BRD-K49456274	pilaralisib	CHEMBL3360203	CHEMBL3360203	CHEMBL3559703	P48736	PIK3CG		PROTEIN COMPLEX GROUP	Homo sapiens	INHIBITOR	1	0	PI3-kinase class I inhibitor
BRD-K49456274	pilaralisib	CHEMBL3360203	CHEMBL3360203	CHEMBL3559703	P42336	PIK3CA	5290	PROTEIN COMPLEX GROUP	Homo sapiens	INHIBITOR	1	1	PI3-kinase class I inhibitor
BRD-K49456274	pilaralisib	CHEMBL3360203	CHEMBL3360203	CHEMBL3559703	O00459	PIK3R2		PROTEIN COMPLEX GROUP	Homo sapiens	INHIBITOR	1	0	PI3-kinase class I inhibitor
BRD-K49456274	pilaralisib	CHEMBL3360203	CHEMBL3360203	CHEMBL3559703	O00329	PIK3CD		PROTEIN COMPLEX GROUP	Homo sapiens	INHIBITOR	1	0	PI3-kinase class I inhibitor
BRD-K49456274	pilaralisib	CHEMBL3360203	CHEMBL3360203	CHEMBL3559703	Q8WYR1	PIK3R5		PROTEIN COMPLEX GROUP	Homo sapiens	INHIBITOR	1	0	PI3-kinase class I inhibitor
BRD-K49456274	pilaralisib	CHEMBL3360203	CHEMBL3360203	CHEMBL3559703	Q92569	PIK3R3	8503	PROTEIN COMPLEX GROUP	Homo sapiens	INHIBITOR	1	1	PI3-kinase class I inhibitor
BRD-K97963946	EMD-1214063	CHEMBL3402762	CHEMBL3402762	CHEMBL3717	P08581	MET		SINGLE PROTEIN	Homo sapiens	INHIBITOR	1	0	Hepatocyte growth factor receptor inhibitor
BRD-K42805893	osimertinib	CHEMBL3353410	CHEMBL3353410	CHEMBL203	P00533	EGFR	1956	SINGLE PROTEIN	Homo sapiens	INHIBITOR	1	1	Epidermal growth factor receptor erbB1 inhibitor
BRD-K97963946	EMD-1214063	CHEMBL3402762	CHEMBL3402762	CHEMBL3717	P08581	MET		SINGLE PROTEIN	Homo sapiens	INHIBITOR	1	0	Hepatocyte growth factor receptor inhibitor
BRD-K53814070	ripasudil	CHEMBL3426621	CHEMBL3426621	CHEMBL2111459	O75116	ROCK2		PROTEIN FAMILY	Homo sapiens	INHIBITOR	1	0	Rho-associated protein kinase inhibitor
BRD-K53814070	ripasudil	CHEMBL3426621	CHEMBL3426621	CHEMBL2111459	Q13464	ROCK1		PROTEIN FAMILY	Homo sapiens	INHIBITOR	1	0	Rho-associated protein kinase inhibitor
BRD-K53814070	ripasudil	CHEMBL3426621	CHEMBL3426621	CHEMBL2111459	O75116	ROCK2		PROTEIN FAMILY	Homo sapiens	INHIBITOR	1	0	Rho-associated protein kinase inhibitor
BRD-K53814070	ripasudil	CHEMBL3426621	CHEMBL3426621	CHEMBL2111459	Q13464	ROCK1		PROTEIN FAMILY	Homo sapiens	INHIBITOR	1	0	Rho-associated protein kinase inhibitor
BRD-A82035391	tolvaptan	CHEMBL344159	CHEMBL344159	CHEMBL1790	P30518	AVPR2		SINGLE PROTEIN	Homo sapiens	ANTAGONIST	1	0	Vasopressin V2 receptor antagonist
BRD-K78010432	furosemide	CHEMBL35	CHEMBL35	CHEMBL1874	Q13621	SLC12A1		SINGLE PROTEIN	Homo sapiens	INHIBITOR	1	0	Sodium-(potassium)-chloride cotransporter 2 inhibitor
BRD-K92213669	lomitapide	CHEMBL354541	CHEMBL354541	CHEMBL2364681	P55157	MTTP		PROTEIN COMPLEX	Homo sapiens	INHIBITOR	1	0	Microsomal triglyceride transfer protein inhibitor
BRD-K92213669	lomitapide	CHEMBL354541	CHEMBL354541	CHEMBL2364681	P07237	P4HB		PROTEIN COMPLEX	Homo sapiens	INHIBITOR	1	0	Microsomal triglyceride transfer protein inhibitor
BRD-K59317601	MLN-0128	CHEMBL3545097	CHEMBL3545097	CHEMBL2842	P42345	MTOR		SINGLE PROTEIN	Homo sapiens	INHIBITOR	1	0	Serine/threonine-protein kinase mTOR inhibitor
BRD-K06750613	GSK-1059615	CHEMBL3544966	CHEMBL3544966	CHEMBL3559703	P27986	PIK3R1		PROTEIN COMPLEX GROUP	Homo sapiens	INHIBITOR	1	0	PI3-kinase class I inhibitor
BRD-K06750613	GSK-1059615	CHEMBL3544966	CHEMBL3544966	CHEMBL3559703	P42338	PIK3CB		PROTEIN COMPLEX GROUP	Homo sapiens	INHIBITOR	1	0	PI3-kinase class I inhibitor
BRD-K06750613	GSK-1059615	CHEMBL3544966	CHEMBL3544966	CHEMBL3559703	P48736	PIK3CG		PROTEIN COMPLEX GROUP	Homo sapiens	INHIBITOR	1	0	PI3-kinase class I inhibitor
BRD-K06750613	GSK-1059615	CHEMBL3544966	CHEMBL3544966	CHEMBL3559703	P42336	PIK3CA	5290	PROTEIN COMPLEX GROUP	Homo sapiens	INHIBITOR	1	1	PI3-kinase class I inhibitor
BRD-K06750613	GSK-1059615	CHEMBL3544966	CHEMBL3544966	CHEMBL3559703	O00459	PIK3R2		PROTEIN COMPLEX GROUP	Homo sapiens	INHIBITOR	1	0	PI3-kinase class I inhibitor
BRD-K06750613	GSK-1059615	CHEMBL3544966	CHEMBL3544966	CHEMBL3559703	O00329	PIK3CD		PROTEIN COMPLEX GROUP	Homo sapiens	INHIBITOR	1	0	PI3-kinase class I inhibitor
BRD-K06750613	GSK-1059615	CHEMBL3544966	CHEMBL3544966	CHEMBL3559703	Q8WYR1	PIK3R5		PROTEIN COMPLEX GROUP	Homo sapiens	INHIBITOR	1	0	PI3-kinase class I inhibitor
BRD-K06750613	GSK-1059615	CHEMBL3544966	CHEMBL3544966	CHEMBL3559703	Q92569	PIK3R3	8503	PROTEIN COMPLEX GROUP	Homo sapiens	INHIBITOR	1	1	PI3-kinase class I inhibitor
BRD-K18961567	LY-2801653	CHEMBL3545307	CHEMBL3545307	CHEMBL3717	P08581	MET		SINGLE PROTEIN	Homo sapiens	INHIBITOR	1	0	Hepatocyte growth factor receptor inhibitor
BRD-A24560335	efatutazone	CHEMBL3545280	CHEMBL3545280	CHEMBL235	P37231	PPARG	5468	SINGLE PROTEIN	Homo sapiens	AGONIST	1	1	Peroxisome proliferator-activated receptor gamma agonist
BRD-K33610132	rociletinib	CHEMBL3545308	CHEMBL3545308	CHEMBL203	P00533	EGFR	1956	SINGLE PROTEIN	Homo sapiens	INHIBITOR	1	1	Epidermal growth factor receptor erbB1 inhibitor
BRD-K56291712	voxtalisib	CHEMBL3545366	CHEMBL3545366	CHEMBL2842	P42345	MTOR		SINGLE PROTEIN	Homo sapiens	INHIBITOR	1	0	Serine/threonine-protein kinase mTOR inhibitor
BRD-K56291712	voxtalisib	CHEMBL3545366	CHEMBL3545366	CHEMBL3559703	P27986	PIK3R1		PROTEIN COMPLEX GROUP	Homo sapiens	INHIBITOR	1	0	PI3-kinase class I inhibitor
BRD-K56291712	voxtalisib	CHEMBL3545366	CHEMBL3545366	CHEMBL3559703	P42338	PIK3CB		PROTEIN COMPLEX GROUP	Homo sapiens	INHIBITOR	1	0	PI3-kinase class I inhibitor
BRD-K56291712	voxtalisib	CHEMBL3545366	CHEMBL3545366	CHEMBL3559703	P48736	PIK3CG		PROTEIN COMPLEX GROUP	Homo sapiens	INHIBITOR	1	0	PI3-kinase class I inhibitor
BRD-K56291712	voxtalisib	CHEMBL3545366	CHEMBL3545366	CHEMBL3559703	P42336	PIK3CA	5290	PROTEIN COMPLEX GROUP	Homo sapiens	INHIBITOR	1	1	PI3-kinase class I inhibitor
BRD-K56291712	voxtalisib	CHEMBL3545366	CHEMBL3545366	CHEMBL3559703	O00459	PIK3R2		PROTEIN COMPLEX GROUP	Homo sapiens	INHIBITOR	1	0	PI3-kinase class I inhibitor
BRD-K56291712	voxtalisib	CHEMBL3545366	CHEMBL3545366	CHEMBL3559703	O00329	PIK3CD		PROTEIN COMPLEX GROUP	Homo sapiens	INHIBITOR	1	0	PI3-kinase class I inhibitor
BRD-K56291712	voxtalisib	CHEMBL3545366	CHEMBL3545366	CHEMBL3559703	Q8WYR1	PIK3R5		PROTEIN COMPLEX GROUP	Homo sapiens	INHIBITOR	1	0	PI3-kinase class I inhibitor
BRD-K56291712	voxtalisib	CHEMBL3545366	CHEMBL3545366	CHEMBL3559703	Q92569	PIK3R3	8503	PROTEIN COMPLEX GROUP	Homo sapiens	INHIBITOR	1	1	PI3-kinase class I inhibitor
BRD-K97101532	VX-661	CHEMBL3544914	CHEMBL3544914	CHEMBL4051	P13569	CFTR		SINGLE PROTEIN	Homo sapiens	POSITIVE MODULATOR	1	0	Cystic fibrosis transmembrane conductance regulator positive modulator
BRD-K68870568	flumatinib	CHEMBL3545413	CHEMBL3545413	CHEMBL1862	P00519	ABL1	25	SINGLE PROTEIN	Homo sapiens	INHIBITOR	1	1	Tyrosine-protein kinase ABL inhibitor
BRD-K21361524	selinexor	CHEMBL3545185	CHEMBL3545185	CHEMBL5661	O14980	XPO1		SINGLE PROTEIN	Homo sapiens	INHIBITOR	1	0	Exportin-1 inhibitor
BRD-K88429204	pyrimethamine	CHEMBL36	CHEMBL36	CHEMBL1939	P13922			SINGLE PROTEIN	Plasmodium falciparum K1	INHIBITOR	1	0	Dihydrofolate reductase inhibitor
BRD-K55013654	lorcaserin	CHEMBL360328	CHEMBL360328	CHEMBL225	P28335	HTR2C		SINGLE PROTEIN	Homo sapiens	AGONIST	1	0	Serotonin 2c (5-HT2c) receptor agonist
BRD-K43106192	gallamine	CHEMBL360055	CHEMBL360055	CHEMBL2362997	P02708	CHRNA1		PROTEIN COMPLEX GROUP	Homo sapiens	ANTAGONIST	1	0	Muscle-type nicotinic acetylcholine receptor antagonist
BRD-K43106192	gallamine	CHEMBL360055	CHEMBL360055	CHEMBL2362997	P07510	CHRNG		PROTEIN COMPLEX GROUP	Homo sapiens	ANTAGONIST	1	0	Muscle-type nicotinic acetylcholine receptor antagonist
BRD-K43106192	gallamine	CHEMBL360055	CHEMBL360055	CHEMBL2362997	P11230	CHRNB1		PROTEIN COMPLEX GROUP	Homo sapiens	ANTAGONIST	1	0	Muscle-type nicotinic acetylcholine receptor antagonist
BRD-K43106192	gallamine	CHEMBL360055	CHEMBL360055	CHEMBL2362997	Q07001	CHRND		PROTEIN COMPLEX GROUP	Homo sapiens	ANTAGONIST	1	0	Muscle-type nicotinic acetylcholine receptor antagonist
BRD-K43106192	gallamine	CHEMBL360055	CHEMBL360055	CHEMBL2362997	Q04844	CHRNE		PROTEIN COMPLEX GROUP	Homo sapiens	ANTAGONIST	1	0	Muscle-type nicotinic acetylcholine receptor antagonist
BRD-K53665955	MK-5108	CHEMBL3600873	CHEMBL3600873	CHEMBL4722	O14965	AURKA	6790	SINGLE PROTEIN	Homo sapiens	INHIBITOR	1	1	Serine/threonine-protein kinase Aurora-A inhibitor
BRD-K28965160	BVD-523	CHEMBL3590106	CHEMBL3590106	CHEMBL3385	P27361	MAPK3		SINGLE PROTEIN	Homo sapiens	INHIBITOR	1	0	MAP kinase ERK1 inhibitor
BRD-K28965160	BVD-523	CHEMBL3590106	CHEMBL3590106	CHEMBL4040	P28482	MAPK1		SINGLE PROTEIN	Homo sapiens	INHIBITOR	1	0	MAP kinase ERK2 inhibitor
BRD-K78055238	LY-2090314	CHEMBL362558	CHEMBL362558	CHEMBL262	P49841	GSK3B		SINGLE PROTEIN	Homo sapiens	INHIBITOR	1	0	Glycogen synthase kinase-3 beta inhibitor
BRD-K78055238	LY-2090314	CHEMBL362558	CHEMBL362558	CHEMBL2850	P49840	GSK3A		SINGLE PROTEIN	Homo sapiens	INHIBITOR	1	0	Glycogen synthase kinase-3 alpha inhibitor
BRD-K64755930	etazolate	CHEMBL356388	CHEMBL356388	CHEMBL1847	P28472	GABRB3		SINGLE PROTEIN	Homo sapiens	POSITIVE ALLOSTERIC MODULATOR	1	0	GABA receptor beta-3 subunit positive allosteric modulator
BRD-K08586861	ramatroban	CHEMBL361812	CHEMBL361812	CHEMBL5071	Q9Y5Y4	PTGDR2		SINGLE PROTEIN	Homo sapiens	ANTAGONIST	1	0	G protein-coupled receptor 44 antagonist
BRD-K08586861	ramatroban	CHEMBL361812	CHEMBL361812	CHEMBL2069	P21731	TBXA2R	6915	SINGLE PROTEIN	Homo sapiens	ANTAGONIST	1	1	Thromboxane A2 receptor antagonist
BRD-K31476763	AZD-9668	CHEMBL3617964	CHEMBL3617964	CHEMBL248	P08246	ELANE		SINGLE PROTEIN	Homo sapiens	INHIBITOR	1	0	Leukocyte elastase inhibitor
BRD-A83892713	rifampicin	CHEMBL374478	CHEMBL374478	CHEMBL2364672	P0A8V2	rpoB		PROTEIN COMPLEX	Bacteria	INHIBITOR	1	0	Bacterial DNA-directed RNA polymerase inhibitor
BRD-A83892713	rifampicin	CHEMBL374478	CHEMBL374478	CHEMBL2364672	P0A7Z4	rpoA		PROTEIN COMPLEX	Bacteria	INHIBITOR	1	0	Bacterial DNA-directed RNA polymerase inhibitor
BRD-A83892713	rifampicin	CHEMBL374478	CHEMBL374478	CHEMBL2364672	P0A8T7	rpoC		PROTEIN COMPLEX	Bacteria	INHIBITOR	1	0	Bacterial DNA-directed RNA polymerase inhibitor
BRD-A83892713	rifampicin	CHEMBL374478	CHEMBL374478	CHEMBL2364672	P0A800	rpoZ		PROTEIN COMPLEX	Bacteria	INHIBITOR	1	0	Bacterial DNA-directed RNA polymerase inhibitor
BRD-K01507359	rifampicin	CHEMBL374478	CHEMBL374478	CHEMBL2364672	P0A8V2	rpoB		PROTEIN COMPLEX	Bacteria	INHIBITOR	1	0	Bacterial DNA-directed RNA polymerase inhibitor
BRD-K01507359	rifampicin	CHEMBL374478	CHEMBL374478	CHEMBL2364672	P0A7Z4	rpoA		PROTEIN COMPLEX	Bacteria	INHIBITOR	1	0	Bacterial DNA-directed RNA polymerase inhibitor
BRD-K01507359	rifampicin	CHEMBL374478	CHEMBL374478	CHEMBL2364672	P0A8T7	rpoC		PROTEIN COMPLEX	Bacteria	INHIBITOR	1	0	Bacterial DNA-directed RNA polymerase inhibitor
BRD-K01507359	rifampicin	CHEMBL374478	CHEMBL374478	CHEMBL2364672	P0A800	rpoZ		PROTEIN COMPLEX	Bacteria	INHIBITOR	1	0	Bacterial DNA-directed RNA polymerase inhibitor
BRD-K85307935	novobiocin	CHEMBL36506	CHEMBL36506	CHEMBL2331040	Q5HK03	gyrB		PROTEIN COMPLEX	Staphylococcus epidermidis	INHIBITOR	1	0	DNA gyrase inhibitor
BRD-K85307935	novobiocin	CHEMBL36506	CHEMBL36506	CHEMBL2331040	Q5HK04	gyrA		PROTEIN COMPLEX	Staphylococcus epidermidis	INHIBITOR	1	0	DNA gyrase inhibitor
BRD-K52751261	TAK-715	CHEMBL363648	CHEMBL363648	CHEMBL260	Q16539	MAPK14		SINGLE PROTEIN	Homo sapiens	INHIBITOR	1	0	MAP kinase p38 alpha inhibitor
BRD-A24397426	nadifloxacin	CHEMBL363449	CHEMBL363449	CHEMBL2311224	P0AES6	gyrB		PROTEIN COMPLEX	Bacteria	INHIBITOR	1	0	Bacterial DNA gyrase inhibitor
BRD-A24397426	nadifloxacin	CHEMBL363449	CHEMBL363449	CHEMBL2311224	P0AES4	gyrA		PROTEIN COMPLEX	Bacteria	INHIBITOR	1	0	Bacterial DNA gyrase inhibitor
BRD-A24397426	nadifloxacin	CHEMBL363449	CHEMBL363449	CHEMBL2363076	P0AFI2	parC		PROTEIN COMPLEX	Bacteria	INHIBITOR	1	0	Topoisomerase IV inhibitor
BRD-A24397426	nadifloxacin	CHEMBL363449	CHEMBL363449	CHEMBL2363076	P20083	parE		PROTEIN COMPLEX	Bacteria	INHIBITOR	1	0	Topoisomerase IV inhibitor
BRD-K27204852	balicatib	CHEMBL371064	CHEMBL371064	CHEMBL268	P43235	CTSK		SINGLE PROTEIN	Homo sapiens	INHIBITOR	1	0	Cathepsin K inhibitor
BRD-K51318897	fenbendazole	CHEMBL37161	CHEMBL37161	CHEMBL5058521	P05304			SINGLE PROTEIN	Giardia intestinalis	BINDING AGENT	1	0	Tubulin beta chain binding agent
BRD-K51318897	fenbendazole	CHEMBL37161	CHEMBL37161	CHEMBL5058522	Q9GSR5	TUB2		SINGLE PROTEIN	Encephalitozoon intestinalis	BINDING AGENT	1	0	Tubulin beta chain binding agent
BRD-K71879491	tretinoin	CHEMBL38	CHEMBL38	CHEMBL2363069	P13631	RARG		PROTEIN FAMILY	Homo sapiens	AGONIST	1	0	Retinoic acid receptor agonist
BRD-K71879491	tretinoin	CHEMBL38	CHEMBL38	CHEMBL2363069	P10826	RARB		PROTEIN FAMILY	Homo sapiens	AGONIST	1	0	Retinoic acid receptor agonist
BRD-K71879491	tretinoin	CHEMBL38	CHEMBL38	CHEMBL2363069	P10276	RARA		PROTEIN FAMILY	Homo sapiens	AGONIST	1	0	Retinoic acid receptor agonist
BRD-K15976406	telbivudine	CHEMBL374731	CHEMBL374731	CHEMBL2362994	Q9IF40			SINGLE PROTEIN	Hepatitis B virus	INHIBITOR	1	0	DNA polymerase/reverse transcriptase inhibitor
BRD-K17203476	LY-2874455	CHEMBL3828009	CHEMBL3828009	CHEMBL2095217	P22607	FGFR3		PROTEIN FAMILY	Homo sapiens	INHIBITOR	1	0	Fibroblast growth factor receptor inhibitor
BRD-K17203476	LY-2874455	CHEMBL3828009	CHEMBL3828009	CHEMBL2095217	P11362	FGFR1		PROTEIN FAMILY	Homo sapiens	INHIBITOR	1	0	Fibroblast growth factor receptor inhibitor
BRD-K17203476	LY-2874455	CHEMBL3828009	CHEMBL3828009	CHEMBL2095217	P22455	FGFR4	2264	PROTEIN FAMILY	Homo sapiens	INHIBITOR	1	1	Fibroblast growth factor receptor inhibitor
BRD-K17203476	LY-2874455	CHEMBL3828009	CHEMBL3828009	CHEMBL2095217	P21802	FGFR2	2263	PROTEIN FAMILY	Homo sapiens	INHIBITOR	1	1	Fibroblast growth factor receptor inhibitor
BRD-K49519144	LY-2140023	CHEMBL375611	CHEMBL375611	CHEMBL5137	Q14416	GRM2		SINGLE PROTEIN	Homo sapiens	AGONIST	1	0	Metabotropic glutamate receptor 2 agonist
BRD-K49519144	LY-2140023	CHEMBL375611	CHEMBL375611	CHEMBL2888	Q14832	GRM3		SINGLE PROTEIN	Homo sapiens	AGONIST	1	0	Metabotropic glutamate receptor 3 agonist
BRD-K14870255	R-428	CHEMBL3809489	CHEMBL3809489	CHEMBL4895	P30530	AXL		SINGLE PROTEIN	Homo sapiens	INHIBITOR	1	0	Tyrosine-protein kinase receptor UFO inhibitor
BRD-K28428262	brivanib	CHEMBL377300	CHEMBL377300	CHEMBL2095217	P22607	FGFR3		PROTEIN FAMILY	Homo sapiens	INHIBITOR	1	0	Fibroblast growth factor receptor inhibitor
BRD-K28428262	brivanib	CHEMBL377300	CHEMBL377300	CHEMBL2095217	P11362	FGFR1		PROTEIN FAMILY	Homo sapiens	INHIBITOR	1	0	Fibroblast growth factor receptor inhibitor
BRD-K28428262	brivanib	CHEMBL377300	CHEMBL377300	CHEMBL2095217	P22455	FGFR4	2264	PROTEIN FAMILY	Homo sapiens	INHIBITOR	1	1	Fibroblast growth factor receptor inhibitor
BRD-K28428262	brivanib	CHEMBL377300	CHEMBL377300	CHEMBL2095217	P21802	FGFR2	2263	PROTEIN FAMILY	Homo sapiens	INHIBITOR	1	1	Fibroblast growth factor receptor inhibitor
BRD-K28428262	brivanib	CHEMBL377300	CHEMBL377300	CHEMBL2095227	P17948	FLT1		PROTEIN FAMILY	Homo sapiens	INHIBITOR	1	0	Vascular endothelial growth factor receptor inhibitor
BRD-K28428262	brivanib	CHEMBL377300	CHEMBL377300	CHEMBL2095227	P35916	FLT4		PROTEIN FAMILY	Homo sapiens	INHIBITOR	1	0	Vascular endothelial growth factor receptor inhibitor
BRD-K28428262	brivanib	CHEMBL377300	CHEMBL377300	CHEMBL2095227	P35968	KDR		PROTEIN FAMILY	Homo sapiens	INHIBITOR	1	0	Vascular endothelial growth factor receptor inhibitor
BRD-K76210423	resiquimod	CHEMBL383322	CHEMBL383322	CHEMBL5805	Q9NR97	TLR8		SINGLE PROTEIN	Homo sapiens	AGONIST	1	0	Toll-like receptor 8 agonist
BRD-K76210423	resiquimod	CHEMBL383322	CHEMBL383322	CHEMBL5936	Q9NYK1	TLR7		SINGLE PROTEIN	Homo sapiens	AGONIST	1	0	Toll-like receptor 7 agonist
BRD-K93568044	hydrocortisone	CHEMBL389621	CHEMBL389621	CHEMBL2034	P04150	NR3C1	2908	SINGLE PROTEIN	Homo sapiens	AGONIST	1	1	Glucocorticoid receptor agonist
BRD-K38775274	dexamethasone	CHEMBL384467	CHEMBL384467	CHEMBL2034	P04150	NR3C1	2908	SINGLE PROTEIN	Homo sapiens	AGONIST	1	1	Glucocorticoid receptor agonist
BRD-K72827473	CEP-37440	CHEMBL3951811	CHEMBL3951811	CHEMBL4247	Q9UM73	ALK		SINGLE PROTEIN	Homo sapiens	INHIBITOR	1	0	ALK tyrosine kinase receptor inhibitor
BRD-K72827473	CEP-37440	CHEMBL3951811	CHEMBL3951811	CHEMBL2695	Q05397	PTK2	5747	SINGLE PROTEIN	Homo sapiens	INHIBITOR	1	1	Focal adhesion kinase 1 inhibitor
BRD-K52233191	R-547	CHEMBL384304	CHEMBL384304	CHEMBL308	P06493	CDK1	983	SINGLE PROTEIN	Homo sapiens	INHIBITOR	1	1	Cyclin-dependent kinase 1 inhibitor
BRD-K52233191	R-547	CHEMBL384304	CHEMBL384304	CHEMBL301	P24941	CDK2	1017	SINGLE PROTEIN	Homo sapiens	INHIBITOR	1	1	Cyclin-dependent kinase 2 inhibitor
BRD-K52233191	R-547	CHEMBL384304	CHEMBL384304	CHEMBL331	P11802	CDK4	1019	SINGLE PROTEIN	Homo sapiens	INHIBITOR	1	1	Cyclin-dependent kinase 4 inhibitor
BRD-K92613113	safinamide	CHEMBL396778	CHEMBL396778	CHEMBL2039	P27338	MAOB		SINGLE PROTEIN	Homo sapiens	INHIBITOR	1	0	Monoamine oxidase B inhibitor
BRD-K92613113	safinamide	CHEMBL396778	CHEMBL396778	CHEMBL2039	P27338	MAOB		SINGLE PROTEIN	Homo sapiens	INHIBITOR	1	0	Monoamine oxidase B inhibitor
BRD-A82772293	mepazine	CHEMBL395110	CHEMBL395110	CHEMBL3632452	Q9UDY8	MALT1	10892	SINGLE PROTEIN	Homo sapiens	INHIBITOR	1	1	Mucosa-associated lymphoid tissue lymphoma translocation protein 1 inhibitor
BRD-K11717138	benzbromarone	CHEMBL388590	CHEMBL388590	CHEMBL6120	Q96S37	SLC22A12		SINGLE PROTEIN	Homo sapiens	INHIBITOR	1	0	Solute carrier family 22 member 12 inhibitor
BRD-A65051990	acenocoumarol	CHEMBL397420	CHEMBL397420	CHEMBL1930	Q9BQB6	VKORC1		SINGLE PROTEIN	Homo sapiens	INHIBITOR	1	0	Vitamin k epoxide reductase complex subunit 1 isoform 1 inhibitor
BRD-K14880289	GW-501516	CHEMBL38943	CHEMBL38943	CHEMBL3979	Q03181	PPARD	5467	SINGLE PROTEIN	Homo sapiens	AGONIST	1	1	Peroxisome proliferator-activated receptor delta agonist
BRD-K78567475	dolastatin-10	CHEMBL39541	CHEMBL39541	CHEMBL2095182	P68371	TUBB4B		PROTEIN COMPLEX GROUP	Homo sapiens	INHIBITOR	1	0	Tubulin inhibitor
BRD-K78567475	dolastatin-10	CHEMBL39541	CHEMBL39541	CHEMBL2095182	Q9H4B7	TUBB1		PROTEIN COMPLEX GROUP	Homo sapiens	INHIBITOR	1	0	Tubulin inhibitor
BRD-K78567475	dolastatin-10	CHEMBL39541	CHEMBL39541	CHEMBL2095182	P0DPH7	TUBA3C		PROTEIN COMPLEX GROUP	Homo sapiens	INHIBITOR	1	0	Tubulin inhibitor
BRD-K78567475	dolastatin-10	CHEMBL39541	CHEMBL39541	CHEMBL2095182	P68366	TUBA4A		PROTEIN COMPLEX GROUP	Homo sapiens	INHIBITOR	1	0	Tubulin inhibitor
BRD-K78567475	dolastatin-10	CHEMBL39541	CHEMBL39541	CHEMBL2095182	Q13509	TUBB3		PROTEIN COMPLEX GROUP	Homo sapiens	INHIBITOR	1	0	Tubulin inhibitor
BRD-K78567475	dolastatin-10	CHEMBL39541	CHEMBL39541	CHEMBL2095182	Q71U36	TUBA1A		PROTEIN COMPLEX GROUP	Homo sapiens	INHIBITOR	1	0	Tubulin inhibitor
BRD-K78567475	dolastatin-10	CHEMBL39541	CHEMBL39541	CHEMBL2095182	P04350	TUBB4A		PROTEIN COMPLEX GROUP	Homo sapiens	INHIBITOR	1	0	Tubulin inhibitor
BRD-K78567475	dolastatin-10	CHEMBL39541	CHEMBL39541	CHEMBL2095182	Q3ZCM7	TUBB8		PROTEIN COMPLEX GROUP	Homo sapiens	INHIBITOR	1	0	Tubulin inhibitor
BRD-K78567475	dolastatin-10	CHEMBL39541	CHEMBL39541	CHEMBL2095182	P07437	TUBB		PROTEIN COMPLEX GROUP	Homo sapiens	INHIBITOR	1	0	Tubulin inhibitor
BRD-K78567475	dolastatin-10	CHEMBL39541	CHEMBL39541	CHEMBL2095182	P68363	TUBA1B		PROTEIN COMPLEX GROUP	Homo sapiens	INHIBITOR	1	0	Tubulin inhibitor
BRD-K78567475	dolastatin-10	CHEMBL39541	CHEMBL39541	CHEMBL2095182	Q9BQE3	TUBA1C		PROTEIN COMPLEX GROUP	Homo sapiens	INHIBITOR	1	0	Tubulin inhibitor
BRD-K78567475	dolastatin-10	CHEMBL39541	CHEMBL39541	CHEMBL2095182	Q6PEY2	TUBA3E		PROTEIN COMPLEX GROUP	Homo sapiens	INHIBITOR	1	0	Tubulin inhibitor
BRD-K78567475	dolastatin-10	CHEMBL39541	CHEMBL39541	CHEMBL2095182	Q13885	TUBB2A		PROTEIN COMPLEX GROUP	Homo sapiens	INHIBITOR	1	0	Tubulin inhibitor
BRD-K78567475	dolastatin-10	CHEMBL39541	CHEMBL39541	CHEMBL2095182	Q9BVA1	TUBB2B		PROTEIN COMPLEX GROUP	Homo sapiens	INHIBITOR	1	0	Tubulin inhibitor
BRD-K78567475	dolastatin-10	CHEMBL39541	CHEMBL39541	CHEMBL2095182	Q9BUF5	TUBB6	84617	PROTEIN COMPLEX GROUP	Homo sapiens	INHIBITOR	1	1	Tubulin inhibitor
BRD-K83988098	alvespimycin	CHEMBL383824	CHEMBL383824	CHEMBL2095165	P07900	HSP90AA1		PROTEIN FAMILY	Homo sapiens	INHIBITOR	1	0	Heat shock protein HSP90 inhibitor
BRD-K83988098	alvespimycin	CHEMBL383824	CHEMBL383824	CHEMBL2095165	P08238	HSP90AB1		PROTEIN FAMILY	Homo sapiens	INHIBITOR	1	0	Heat shock protein HSP90 inhibitor
BRD-K76617868	fasudil	CHEMBL38380	CHEMBL38380	CHEMBL2111459	O75116	ROCK2		PROTEIN FAMILY	Homo sapiens	INHIBITOR	1	0	Rho-associated protein kinase inhibitor
BRD-K76617868	fasudil	CHEMBL38380	CHEMBL38380	CHEMBL2111459	Q13464	ROCK1		PROTEIN FAMILY	Homo sapiens	INHIBITOR	1	0	Rho-associated protein kinase inhibitor
BRD-K96123349	brequinar	CHEMBL38434	CHEMBL38434	CHEMBL1966	Q02127	DHODH		SINGLE PROTEIN	Homo sapiens	INHIBITOR	1	0	Dihydroorotate dehydrogenase inhibitor
BRD-A95869247	indapamide	CHEMBL406	CHEMBL406	CHEMBL1876	P55017	SLC12A3		SINGLE PROTEIN	Homo sapiens	INHIBITOR	1	0	Thiazide-sensitive sodium-chloride cotransporter inhibitor
BRD-A16444946	acarbose	CHEMBL404271	CHEMBL404271	CHEMBL2045	P04746	AMY2A		SINGLE PROTEIN	Homo sapiens	INHIBITOR	1	0	Pancreatic alpha-amylase inhibitor
BRD-A16444946	acarbose	CHEMBL404271	CHEMBL404271	CHEMBL2074	O43451	MGAM		SINGLE PROTEIN	Homo sapiens	INHIBITOR	1	0	Maltase-glucoamylase inhibitor
BRD-K14312455	tazobactam	CHEMBL404	CHEMBL404	CHEMBL2364670	P62593	bla		SINGLE PROTEIN	Bacteria	INHIBITOR	1	0	Bacterial beta-lactamase TEM inhibitor
BRD-K44133266	sulbactam	CHEMBL403	CHEMBL403	CHEMBL2364670	P62593	bla		SINGLE PROTEIN	Bacteria	INHIBITOR	1	0	Bacterial beta-lactamase TEM inhibitor
BRD-A24228527	ofloxacin	CHEMBL4	CHEMBL4	CHEMBL2311224	P0AES6	gyrB		PROTEIN COMPLEX	Bacteria	INHIBITOR	1	0	Bacterial DNA gyrase inhibitor
BRD-A24228527	ofloxacin	CHEMBL4	CHEMBL4	CHEMBL2311224	P0AES4	gyrA		PROTEIN COMPLEX	Bacteria	INHIBITOR	1	0	Bacterial DNA gyrase inhibitor
BRD-K41170226	deoxycholic-acid	CHEMBL406393	CHEMBL406393	CHEMBL3390826				SUBCELLULAR	Homo sapiens	DISRUPTING AGENT	1	0	Cell membrane disrupting agent
BRD-K70511574	HMN-214	CHEMBL3991927	CHEMBL3991927	CHEMBL3024	P53350	PLK1	5347	SINGLE PROTEIN	Homo sapiens	INHIBITOR	1	1	Serine/threonine-protein kinase PLK1 inhibitor
BRD-K04701033	VE-822	CHEMBL3989870	CHEMBL3989870	CHEMBL5024	Q13535	ATR		SINGLE PROTEIN	Homo sapiens	INHIBITOR	1	0	Serine-protein kinase ATR inhibitor
BRD-K07881437	danusertib	CHEMBL402548	CHEMBL402548	CHEMBL3430911	Q96GD4	AURKB	9212	PROTEIN FAMILY	Homo sapiens	INHIBITOR	1	1	Serine/threonine-protein kinase Aurora inhibitor
BRD-K07881437	danusertib	CHEMBL402548	CHEMBL402548	CHEMBL3430911	Q9UQB9	AURKC		PROTEIN FAMILY	Homo sapiens	INHIBITOR	1	0	Serine/threonine-protein kinase Aurora inhibitor
BRD-K07881437	danusertib	CHEMBL402548	CHEMBL402548	CHEMBL3430911	O14965	AURKA	6790	PROTEIN FAMILY	Homo sapiens	INHIBITOR	1	1	Serine/threonine-protein kinase Aurora inhibitor
BRD-K12735121	TG-100801	CHEMBL403989	CHEMBL403989	CHEMBL2363074	P06241	FYN	2534	PROTEIN FAMILY	Homo sapiens	INHIBITOR	1	1	SRC inhibitor
BRD-K12735121	TG-100801	CHEMBL403989	CHEMBL403989	CHEMBL2363074	P12931	SRC	6714	PROTEIN FAMILY	Homo sapiens	INHIBITOR	1	1	SRC inhibitor
BRD-K12735121	TG-100801	CHEMBL403989	CHEMBL403989	CHEMBL2363074	P06239	LCK		PROTEIN FAMILY	Homo sapiens	INHIBITOR	1	0	SRC inhibitor
BRD-K12735121	TG-100801	CHEMBL403989	CHEMBL403989	CHEMBL2363074	P07947	YES1		PROTEIN FAMILY	Homo sapiens	INHIBITOR	1	0	SRC inhibitor
BRD-K12735121	TG-100801	CHEMBL403989	CHEMBL403989	CHEMBL2363074	P51451	BLK		PROTEIN FAMILY	Homo sapiens	INHIBITOR	1	0	SRC inhibitor
BRD-K12735121	TG-100801	CHEMBL403989	CHEMBL403989	CHEMBL2363074	P08631	HCK		PROTEIN FAMILY	Homo sapiens	INHIBITOR	1	0	SRC inhibitor
BRD-K12735121	TG-100801	CHEMBL403989	CHEMBL403989	CHEMBL2363074	P07948	LYN	4067	PROTEIN FAMILY	Homo sapiens	INHIBITOR	1	1	SRC inhibitor
BRD-K12735121	TG-100801	CHEMBL403989	CHEMBL403989	CHEMBL2363074	P42685	FRK		PROTEIN FAMILY	Homo sapiens	INHIBITOR	1	0	SRC inhibitor
BRD-K12735121	TG-100801	CHEMBL403989	CHEMBL403989	CHEMBL2363074	P09769	FGR		PROTEIN FAMILY	Homo sapiens	INHIBITOR	1	0	SRC inhibitor
BRD-K12735121	TG-100801	CHEMBL403989	CHEMBL403989	CHEMBL2363074	Q9H3Y6	SRMS		PROTEIN FAMILY	Homo sapiens	INHIBITOR	1	0	SRC inhibitor
BRD-K12735121	TG-100801	CHEMBL403989	CHEMBL403989	CHEMBL5147	P54760	EPHB4		SINGLE PROTEIN	Homo sapiens	INHIBITOR	1	0	Ephrin type-B receptor 4 inhibitor
BRD-K12735121	TG-100801	CHEMBL403989	CHEMBL403989	CHEMBL3650	P11362	FGFR1		SINGLE PROTEIN	Homo sapiens	INHIBITOR	1	0	Fibroblast growth factor receptor 1 inhibitor
BRD-K12735121	TG-100801	CHEMBL403989	CHEMBL403989	CHEMBL4142	P21802	FGFR2	2263	SINGLE PROTEIN	Homo sapiens	INHIBITOR	1	1	Fibroblast growth factor receptor 2 inhibitor
BRD-K12735121	TG-100801	CHEMBL403989	CHEMBL403989	CHEMBL1913	P09619	PDGFRB		SINGLE PROTEIN	Homo sapiens	INHIBITOR	1	0	Platelet-derived growth factor receptor beta inhibitor
BRD-K12735121	TG-100801	CHEMBL403989	CHEMBL403989	CHEMBL1868	P17948	FLT1		SINGLE PROTEIN	Homo sapiens	INHIBITOR	1	0	Vascular endothelial growth factor receptor 1 inhibitor
BRD-K12735121	TG-100801	CHEMBL403989	CHEMBL403989	CHEMBL279	P35968	KDR		SINGLE PROTEIN	Homo sapiens	INHIBITOR	1	0	Vascular endothelial growth factor receptor 2 inhibitor
BRD-K21295289	senicapoc	CHEMBL405821	CHEMBL405821	CHEMBL4305	O15554	KCNN4		SINGLE PROTEIN	Homo sapiens	BLOCKER	1	0	Intermediate conductance calcium-activated potassium channel protein 4 blocker
BRD-A22305049	benfluorex	CHEMBL400599	CHEMBL400599	CHEMBL2782	P35610	SOAT1		SINGLE PROTEIN	Homo sapiens	INHIBITOR	1	0	Acyl coenzyme A:cholesterol acyltransferase 1 inhibitor
BRD-A34205397	suloctidil	CHEMBL404849	CHEMBL404849	CHEMBL2363032	O95180	CACNA1H		PROTEIN COMPLEX GROUP	Homo sapiens	BLOCKER	1	0	Voltage-gated calcium channel blocker
BRD-A34205397	suloctidil	CHEMBL404849	CHEMBL404849	CHEMBL2363032	P54289	CACNA2D1		PROTEIN COMPLEX GROUP	Homo sapiens	BLOCKER	1	0	Voltage-gated calcium channel blocker
BRD-A34205397	suloctidil	CHEMBL404849	CHEMBL404849	CHEMBL2363032	Q13936	CACNA1C		PROTEIN COMPLEX GROUP	Homo sapiens	BLOCKER	1	0	Voltage-gated calcium channel blocker
BRD-A34205397	suloctidil	CHEMBL404849	CHEMBL404849	CHEMBL2363032	Q8IZS8	CACNA2D3		PROTEIN COMPLEX GROUP	Homo sapiens	BLOCKER	1	0	Voltage-gated calcium channel blocker
BRD-A34205397	suloctidil	CHEMBL404849	CHEMBL404849	CHEMBL2363032	Q13698	CACNA1S		PROTEIN COMPLEX GROUP	Homo sapiens	BLOCKER	1	0	Voltage-gated calcium channel blocker
BRD-A34205397	suloctidil	CHEMBL404849	CHEMBL404849	CHEMBL2363032	Q9NY47	CACNA2D2		PROTEIN COMPLEX GROUP	Homo sapiens	BLOCKER	1	0	Voltage-gated calcium channel blocker
BRD-A34205397	suloctidil	CHEMBL404849	CHEMBL404849	CHEMBL2363032	Q01668	CACNA1D		PROTEIN COMPLEX GROUP	Homo sapiens	BLOCKER	1	0	Voltage-gated calcium channel blocker
BRD-A34205397	suloctidil	CHEMBL404849	CHEMBL404849	CHEMBL2363032	O00555	CACNA1A		PROTEIN COMPLEX GROUP	Homo sapiens	BLOCKER	1	0	Voltage-gated calcium channel blocker
BRD-A34205397	suloctidil	CHEMBL404849	CHEMBL404849	CHEMBL2363032	Q00975	CACNA1B		PROTEIN COMPLEX GROUP	Homo sapiens	BLOCKER	1	0	Voltage-gated calcium channel blocker
BRD-A34205397	suloctidil	CHEMBL404849	CHEMBL404849	CHEMBL2363032	O43497	CACNA1G		PROTEIN COMPLEX GROUP	Homo sapiens	BLOCKER	1	0	Voltage-gated calcium channel blocker
BRD-A34205397	suloctidil	CHEMBL404849	CHEMBL404849	CHEMBL2363032	Q7Z3S7	CACNA2D4		PROTEIN COMPLEX GROUP	Homo sapiens	BLOCKER	1	0	Voltage-gated calcium channel blocker
BRD-A34205397	suloctidil	CHEMBL404849	CHEMBL404849	CHEMBL2363032	Q9P0X4	CACNA1I		PROTEIN COMPLEX GROUP	Homo sapiens	BLOCKER	1	0	Voltage-gated calcium channel blocker
BRD-A34205397	suloctidil	CHEMBL404849	CHEMBL404849	CHEMBL2363032	O60840	CACNA1F		PROTEIN COMPLEX GROUP	Homo sapiens	BLOCKER	1	0	Voltage-gated calcium channel blocker
BRD-A34205397	suloctidil	CHEMBL404849	CHEMBL404849	CHEMBL2363032	Q15878	CACNA1E		PROTEIN COMPLEX GROUP	Homo sapiens	BLOCKER	1	0	Voltage-gated calcium channel blocker
BRD-A34205397	suloctidil	CHEMBL404849	CHEMBL404849	CHEMBL2363032	O00305	CACNB4		PROTEIN COMPLEX GROUP	Homo sapiens	BLOCKER	1	0	Voltage-gated calcium channel blocker
BRD-A34205397	suloctidil	CHEMBL404849	CHEMBL404849	CHEMBL2363032	Q08289	CACNB2		PROTEIN COMPLEX GROUP	Homo sapiens	BLOCKER	1	0	Voltage-gated calcium channel blocker
BRD-A34205397	suloctidil	CHEMBL404849	CHEMBL404849	CHEMBL2363032	Q02641	CACNB1		PROTEIN COMPLEX GROUP	Homo sapiens	BLOCKER	1	0	Voltage-gated calcium channel blocker
BRD-A34205397	suloctidil	CHEMBL404849	CHEMBL404849	CHEMBL2363032	P54284	CACNB3		PROTEIN COMPLEX GROUP	Homo sapiens	BLOCKER	1	0	Voltage-gated calcium channel blocker
BRD-A34205397	suloctidil	CHEMBL404849	CHEMBL404849	CHEMBL2363032	P62955	CACNG7		PROTEIN COMPLEX GROUP	Homo sapiens	BLOCKER	1	0	Voltage-gated calcium channel blocker
BRD-A34205397	suloctidil	CHEMBL404849	CHEMBL404849	CHEMBL2363032	Q9UF02	CACNG5		PROTEIN COMPLEX GROUP	Homo sapiens	BLOCKER	1	0	Voltage-gated calcium channel blocker
BRD-A34205397	suloctidil	CHEMBL404849	CHEMBL404849	CHEMBL2363032	Q9Y698	CACNG2		PROTEIN COMPLEX GROUP	Homo sapiens	BLOCKER	1	0	Voltage-gated calcium channel blocker
BRD-A34205397	suloctidil	CHEMBL404849	CHEMBL404849	CHEMBL2363032	Q9UBN1	CACNG4		PROTEIN COMPLEX GROUP	Homo sapiens	BLOCKER	1	0	Voltage-gated calcium channel blocker
BRD-A34205397	suloctidil	CHEMBL404849	CHEMBL404849	CHEMBL2363032	Q8WXS5	CACNG8		PROTEIN COMPLEX GROUP	Homo sapiens	BLOCKER	1	0	Voltage-gated calcium channel blocker
BRD-A34205397	suloctidil	CHEMBL404849	CHEMBL404849	CHEMBL2363032	O60359	CACNG3		PROTEIN COMPLEX GROUP	Homo sapiens	BLOCKER	1	0	Voltage-gated calcium channel blocker
BRD-A34205397	suloctidil	CHEMBL404849	CHEMBL404849	CHEMBL2363032	Q9BXT2	CACNG6		PROTEIN COMPLEX GROUP	Homo sapiens	BLOCKER	1	0	Voltage-gated calcium channel blocker
BRD-A34205397	suloctidil	CHEMBL404849	CHEMBL404849	CHEMBL2363032	Q06432	CACNG1		PROTEIN COMPLEX GROUP	Homo sapiens	BLOCKER	1	0	Voltage-gated calcium channel blocker
BRD-A56592690	PX-12	CHEMBL406050	CHEMBL406050	CHEMBL2010624	P10599	TXN		SINGLE PROTEIN	Homo sapiens	INHIBITOR	1	0	Thioredoxin inhibitor
BRD-K84937637	sirolimus	CHEMBL413	CHEMBL413	CHEMBL1902	P62942	FKBP1A		SINGLE PROTEIN	Homo sapiens	INHIBITOR	1	0	FK506-binding protein 1A inhibitor
BRD-A31159102	fluoxetine	CHEMBL41	CHEMBL41	CHEMBL228	P31645	SLC6A4		SINGLE PROTEIN	Homo sapiens	INHIBITOR	1	0	Serotonin transporter inhibitor
BRD-A13084692	troglitazone	CHEMBL408	CHEMBL408	CHEMBL235	P37231	PPARG	5468	SINGLE PROTEIN	Homo sapiens	AGONIST	1	1	Peroxisome proliferator-activated receptor gamma agonist
BRD-K45330754	diethylstilbestrol	CHEMBL411	CHEMBL411	CHEMBL206	P03372	ESR1		SINGLE PROTEIN	Homo sapiens	AGONIST	1	0	Estrogen receptor alpha agonist
BRD-A29485665	bicalutamide	CHEMBL409	CHEMBL409	CHEMBL1871	P10275	AR		SINGLE PROTEIN	Homo sapiens	ANTAGONIST	1	0	Androgen Receptor antagonist
BRD-K98769987	flumazenil	CHEMBL407	CHEMBL407	CHEMBL2093872	P14867	GABRA1		PROTEIN COMPLEX GROUP	Homo sapiens	ALLOSTERIC ANTAGONIST	1	0	GABA-A receptor; anion channel allosteric antagonist
BRD-K98769987	flumazenil	CHEMBL407	CHEMBL407	CHEMBL2093872	P47870	GABRB2		PROTEIN COMPLEX GROUP	Homo sapiens	ALLOSTERIC ANTAGONIST	1	0	GABA-A receptor; anion channel allosteric antagonist
BRD-K98769987	flumazenil	CHEMBL407	CHEMBL407	CHEMBL2093872	P18507	GABRG2		PROTEIN COMPLEX GROUP	Homo sapiens	ALLOSTERIC ANTAGONIST	1	0	GABA-A receptor; anion channel allosteric antagonist
BRD-K98769987	flumazenil	CHEMBL407	CHEMBL407	CHEMBL2093872	P28472	GABRB3		PROTEIN COMPLEX GROUP	Homo sapiens	ALLOSTERIC ANTAGONIST	1	0	GABA-A receptor; anion channel allosteric antagonist
BRD-K98769987	flumazenil	CHEMBL407	CHEMBL407	CHEMBL2093872	P48169	GABRA4		PROTEIN COMPLEX GROUP	Homo sapiens	ALLOSTERIC ANTAGONIST	1	0	GABA-A receptor; anion channel allosteric antagonist
BRD-K98769987	flumazenil	CHEMBL407	CHEMBL407	CHEMBL2093872	Q99928	GABRG3		PROTEIN COMPLEX GROUP	Homo sapiens	ALLOSTERIC ANTAGONIST	1	0	GABA-A receptor; anion channel allosteric antagonist
BRD-K98769987	flumazenil	CHEMBL407	CHEMBL407	CHEMBL2093872	Q9UN88	GABRQ		PROTEIN COMPLEX GROUP	Homo sapiens	ALLOSTERIC ANTAGONIST	1	0	GABA-A receptor; anion channel allosteric antagonist
BRD-K98769987	flumazenil	CHEMBL407	CHEMBL407	CHEMBL2093872	P34903	GABRA3		PROTEIN COMPLEX GROUP	Homo sapiens	ALLOSTERIC ANTAGONIST	1	0	GABA-A receptor; anion channel allosteric antagonist
BRD-K98769987	flumazenil	CHEMBL407	CHEMBL407	CHEMBL2093872	O00591	GABRP		PROTEIN COMPLEX GROUP	Homo sapiens	ALLOSTERIC ANTAGONIST	1	0	GABA-A receptor; anion channel allosteric antagonist
BRD-K98769987	flumazenil	CHEMBL407	CHEMBL407	CHEMBL2093872	O14764	GABRD		PROTEIN COMPLEX GROUP	Homo sapiens	ALLOSTERIC ANTAGONIST	1	0	GABA-A receptor; anion channel allosteric antagonist
BRD-K98769987	flumazenil	CHEMBL407	CHEMBL407	CHEMBL2093872	Q8N1C3	GABRG1		PROTEIN COMPLEX GROUP	Homo sapiens	ALLOSTERIC ANTAGONIST	1	0	GABA-A receptor; anion channel allosteric antagonist
BRD-K98769987	flumazenil	CHEMBL407	CHEMBL407	CHEMBL2093872	P18505	GABRB1		PROTEIN COMPLEX GROUP	Homo sapiens	ALLOSTERIC ANTAGONIST	1	0	GABA-A receptor; anion channel allosteric antagonist
BRD-K98769987	flumazenil	CHEMBL407	CHEMBL407	CHEMBL2093872	P78334	GABRE		PROTEIN COMPLEX GROUP	Homo sapiens	ALLOSTERIC ANTAGONIST	1	0	GABA-A receptor; anion channel allosteric antagonist
BRD-K98769987	flumazenil	CHEMBL407	CHEMBL407	CHEMBL2093872	P47869	GABRA2		PROTEIN COMPLEX GROUP	Homo sapiens	ALLOSTERIC ANTAGONIST	1	0	GABA-A receptor; anion channel allosteric antagonist
BRD-K98769987	flumazenil	CHEMBL407	CHEMBL407	CHEMBL2093872	P31644	GABRA5		PROTEIN COMPLEX GROUP	Homo sapiens	ALLOSTERIC ANTAGONIST	1	0	GABA-A receptor; anion channel allosteric antagonist
BRD-K98769987	flumazenil	CHEMBL407	CHEMBL407	CHEMBL2093872	Q16445	GABRA6		PROTEIN COMPLEX GROUP	Homo sapiens	ALLOSTERIC ANTAGONIST	1	0	GABA-A receptor; anion channel allosteric antagonist
BRD-K17743125	belinostat	CHEMBL408513	CHEMBL408513	CHEMBL2093865	Q13547	HDAC1		PROTEIN FAMILY	Homo sapiens	INHIBITOR	1	0	Histone deacetylase inhibitor
BRD-K17743125	belinostat	CHEMBL408513	CHEMBL408513	CHEMBL2093865	O15379	HDAC3		PROTEIN FAMILY	Homo sapiens	INHIBITOR	1	0	Histone deacetylase inhibitor
BRD-K17743125	belinostat	CHEMBL408513	CHEMBL408513	CHEMBL2093865	Q9UBN7	HDAC6	10013	PROTEIN FAMILY	Homo sapiens	INHIBITOR	1	1	Histone deacetylase inhibitor
BRD-K17743125	belinostat	CHEMBL408513	CHEMBL408513	CHEMBL2093865	Q92769	HDAC2	3066	PROTEIN FAMILY	Homo sapiens	INHIBITOR	1	1	Histone deacetylase inhibitor
BRD-K17743125	belinostat	CHEMBL408513	CHEMBL408513	CHEMBL2093865	Q9UQL6	HDAC5		PROTEIN FAMILY	Homo sapiens	INHIBITOR	1	0	Histone deacetylase inhibitor
BRD-K17743125	belinostat	CHEMBL408513	CHEMBL408513	CHEMBL2093865	Q8WUI4	HDAC7		PROTEIN FAMILY	Homo sapiens	INHIBITOR	1	0	Histone deacetylase inhibitor
BRD-K17743125	belinostat	CHEMBL408513	CHEMBL408513	CHEMBL2093865	Q9BY41	HDAC8		PROTEIN FAMILY	Homo sapiens	INHIBITOR	1	0	Histone deacetylase inhibitor
BRD-K17743125	belinostat	CHEMBL408513	CHEMBL408513	CHEMBL2093865	Q96DB2	HDAC11		PROTEIN FAMILY	Homo sapiens	INHIBITOR	1	0	Histone deacetylase inhibitor
BRD-K17743125	belinostat	CHEMBL408513	CHEMBL408513	CHEMBL2093865	P56524	HDAC4		PROTEIN FAMILY	Homo sapiens	INHIBITOR	1	0	Histone deacetylase inhibitor
BRD-K17743125	belinostat	CHEMBL408513	CHEMBL408513	CHEMBL2093865	Q9UKV0	HDAC9		PROTEIN FAMILY	Homo sapiens	INHIBITOR	1	0	Histone deacetylase inhibitor
BRD-K17743125	belinostat	CHEMBL408513	CHEMBL408513	CHEMBL2093865	Q969S8	HDAC10		PROTEIN FAMILY	Homo sapiens	INHIBITOR	1	0	Histone deacetylase inhibitor
BRD-K15600710	obatoclax	CHEMBL408194	CHEMBL408194	CHEMBL4860	P10415	BCL2	596	SINGLE PROTEIN	Homo sapiens	INHIBITOR	1	1	Apoptosis regulator Bcl-2 inhibitor
BRD-K15600710	obatoclax	CHEMBL408194	CHEMBL408194	CHEMBL4625	Q07817	BCL2L1		SINGLE PROTEIN	Homo sapiens	INHIBITOR	1	0	Apoptosis regulator Bcl-X inhibitor
BRD-K15600710	obatoclax	CHEMBL408194	CHEMBL408194	CHEMBL4677	Q92843	BCL2L2		SINGLE PROTEIN	Homo sapiens	INHIBITOR	1	0	Apoptosis regulator Bcl-W inhibitor
BRD-K15600710	obatoclax	CHEMBL408194	CHEMBL408194	CHEMBL4361	Q07820	MCL1		SINGLE PROTEIN	Homo sapiens	INHIBITOR	1	0	Induced myeloid leukemia cell differentiation protein Mcl-1 inhibitor
BRD-K15600710	obatoclax	CHEMBL408194	CHEMBL408194	CHEMBL6044	Q16548	BCL2A1		SINGLE PROTEIN	Homo sapiens	INHIBITOR	1	0	Bcl-2-related protein A1 inhibitor
BRD-K15600710	obatoclax	CHEMBL408194	CHEMBL408194	CHEMBL5988	Q9HD36	BCL2L10		SINGLE PROTEIN	Homo sapiens	INHIBITOR	1	0	Bcl-2-like protein 10 inhibitor
BRD-K25204779	pritelivir	CHEMBL4069597	CHEMBL4069597	CHEMBL4630721	P10236			PROTEIN COMPLEX	Human herpesvirus 1	INHIBITOR	1	0	Helicase/primase inhibitor
BRD-K25204779	pritelivir	CHEMBL4069597	CHEMBL4069597	CHEMBL4630721	P10189	HELI		PROTEIN COMPLEX	Human herpesvirus 1	INHIBITOR	1	0	Helicase/primase inhibitor
BRD-K25204779	pritelivir	CHEMBL4069597	CHEMBL4069597	CHEMBL4630721	P10192			PROTEIN COMPLEX	Human herpesvirus 1	INHIBITOR	1	0	Helicase/primase inhibitor
BRD-K25204779	pritelivir	CHEMBL4069597	CHEMBL4069597	CHEMBL4630722	P89471			PROTEIN COMPLEX	Human herpesvirus 2	INHIBITOR	1	0	Helicase/primase inhibitor
BRD-K25204779	pritelivir	CHEMBL4069597	CHEMBL4069597	CHEMBL4630722	P89431			PROTEIN COMPLEX	Human herpesvirus 2	INHIBITOR	1	0	Helicase/primase inhibitor
BRD-K25204779	pritelivir	CHEMBL4069597	CHEMBL4069597	CHEMBL4630722	P28277	HELI		PROTEIN COMPLEX	Human herpesvirus 2	INHIBITOR	1	0	Helicase/primase inhibitor
BRD-K89917372	retigabine	CHEMBL41355	CHEMBL41355	CHEMBL2363063	P51787	KCNQ1		PROTEIN FAMILY	Homo sapiens	OPENER	1	0	KCNQ (Kv7) potassium channel opener
BRD-K89917372	retigabine	CHEMBL41355	CHEMBL41355	CHEMBL2363063	O43526	KCNQ2		PROTEIN FAMILY	Homo sapiens	OPENER	1	0	KCNQ (Kv7) potassium channel opener
BRD-K89917372	retigabine	CHEMBL41355	CHEMBL41355	CHEMBL2363063	O43525	KCNQ3		PROTEIN FAMILY	Homo sapiens	OPENER	1	0	KCNQ (Kv7) potassium channel opener
BRD-K89917372	retigabine	CHEMBL41355	CHEMBL41355	CHEMBL2363063	Q9NR82	KCNQ5		PROTEIN FAMILY	Homo sapiens	OPENER	1	0	KCNQ (Kv7) potassium channel opener
BRD-K89917372	retigabine	CHEMBL41355	CHEMBL41355	CHEMBL2363063	P56696	KCNQ4		PROTEIN FAMILY	Homo sapiens	OPENER	1	0	KCNQ (Kv7) potassium channel opener
BRD-K10670311	sulfasalazine	CHEMBL421	CHEMBL421	CHEMBL215	P09917	ALOX5		SINGLE PROTEIN	Homo sapiens	INHIBITOR	1	0	Arachidonate 5-lipoxygenase inhibitor
BRD-A02759312	betaxolol	CHEMBL423	CHEMBL423	CHEMBL213	P08588	ADRB1		SINGLE PROTEIN	Homo sapiens	ANTAGONIST	1	0	Beta-1 adrenergic receptor antagonist
BRD-K52989797	clomipramine	CHEMBL415	CHEMBL415	CHEMBL228	P31645	SLC6A4		SINGLE PROTEIN	Homo sapiens	INHIBITOR	1	0	Serotonin transporter inhibitor
BRD-K37289225	clozapine	CHEMBL42	CHEMBL42	CHEMBL224	P28223	HTR2A		SINGLE PROTEIN	Homo sapiens	ANTAGONIST	1	0	Serotonin 2a (5-HT2a) receptor antagonist
BRD-K89732114	trifluoperazine	CHEMBL422	CHEMBL422	CHEMBL224	P28223	HTR2A		SINGLE PROTEIN	Homo sapiens	ANTAGONIST	1	0	Serotonin 2a (5-HT2a) receptor antagonist
BRD-K89732114	trifluoperazine	CHEMBL422	CHEMBL422	CHEMBL225	P28335	HTR2C		SINGLE PROTEIN	Homo sapiens	ANTAGONIST	1	0	Serotonin 2c (5-HT2c) receptor antagonist
BRD-A89585551	mefloquine	CHEMBL416956	CHEMBL416956	CHEMBL613897				SMALL MOLECULE	Plasmodium falciparum	INHIBITOR	1	0	Ferriprotoporphyrin IX inhibitor
BRD-K62736196	guanaben-acetate	CHEMBL420	CHEMBL420	CHEMBL2095158	P08913	ADRA2A		PROTEIN FAMILY	Homo sapiens	AGONIST	1	0	Adrenergic receptor alpha-2 agonist
BRD-K62736196	guanaben-acetate	CHEMBL420	CHEMBL420	CHEMBL2095158	P18825	ADRA2C		PROTEIN FAMILY	Homo sapiens	AGONIST	1	0	Adrenergic receptor alpha-2 agonist
BRD-K62736196	guanaben-acetate	CHEMBL420	CHEMBL420	CHEMBL2095158	P18089	ADRA2B		PROTEIN FAMILY	Homo sapiens	AGONIST	1	0	Adrenergic receptor alpha-2 agonist
BRD-K10670311	sulfasalazine	CHEMBL421	CHEMBL421	CHEMBL2094253	P35354	PTGS2	5743	PROTEIN FAMILY	Homo sapiens	INHIBITOR	1	1	Cyclooxygenase inhibitor
BRD-K10670311	sulfasalazine	CHEMBL421	CHEMBL421	CHEMBL2094253	P23219	PTGS1		PROTEIN FAMILY	Homo sapiens	INHIBITOR	1	0	Cyclooxygenase inhibitor
BRD-K30649484	mafenide	CHEMBL419	CHEMBL419	CHEMBL2364668	P0AC13	folP		SINGLE PROTEIN	Bacteria	INHIBITOR	1	0	Bacterial dihydropteroate synthase inhibitor
BRD-K04548931	epirubicin	CHEMBL417	CHEMBL417	CHEMBL2311221				NUCLEIC-ACID	Homo sapiens	INHIBITOR	1	0	DNA inhibitor
BRD-K63430059	methoxsalen	CHEMBL416	CHEMBL416	CHEMBL2311221				NUCLEIC-ACID	Homo sapiens	INHIBITOR	1	0	DNA inhibitor
BRD-K37289225	clozapine	CHEMBL42	CHEMBL42	CHEMBL217	P14416	DRD2		SINGLE PROTEIN	Homo sapiens	ANTAGONIST	1	0	Dopamine D2 receptor antagonist
BRD-K89732114	trifluoperazine	CHEMBL422	CHEMBL422	CHEMBL2331075	P14416	DRD2		PROTEIN FAMILY	Homo sapiens	ANTAGONIST	1	0	D2-like dopamine receptor antagonist
BRD-K89732114	trifluoperazine	CHEMBL422	CHEMBL422	CHEMBL2331075	P35462	DRD3		PROTEIN FAMILY	Homo sapiens	ANTAGONIST	1	0	D2-like dopamine receptor antagonist
BRD-K89732114	trifluoperazine	CHEMBL422	CHEMBL422	CHEMBL2331075	P21917	DRD4		PROTEIN FAMILY	Homo sapiens	ANTAGONIST	1	0	D2-like dopamine receptor antagonist
BRD-K96720755	relcovaptan	CHEMBL419667	CHEMBL419667	CHEMBL1889	P37288	AVPR1A		SINGLE PROTEIN	Homo sapiens	ANTAGONIST	1	0	Vasopressin V1a receptor antagonist
BRD-K96720755	relcovaptan	CHEMBL419667	CHEMBL419667	CHEMBL2049	P30559	OXTR		SINGLE PROTEIN	Homo sapiens	ANTAGONIST	1	0	Oxytocin receptor antagonist
BRD-K31928526	barasertib	CHEMBL415049	CHEMBL415049	CHEMBL2185	Q96GD4	AURKB	9212	SINGLE PROTEIN	Homo sapiens	INHIBITOR	1	1	Serine/threonine-protein kinase Aurora-B inhibitor
BRD-K54770957	etoricoxib	CHEMBL416146	CHEMBL416146	CHEMBL230	P35354	PTGS2	5743	SINGLE PROTEIN	Homo sapiens	INHIBITOR	1	1	Cyclooxygenase-2 inhibitor
BRD-K24219278	amineptine	CHEMBL418995	CHEMBL418995	CHEMBL2111341	P14416	DRD2		SELECTIVITY GROUP	Homo sapiens	ANTAGONIST	1	0	Dopamine D1 and D2 receptor antagonist
BRD-K24219278	amineptine	CHEMBL418995	CHEMBL418995	CHEMBL2111341	P21728	DRD1		SELECTIVITY GROUP	Homo sapiens	ANTAGONIST	1	0	Dopamine D1 and D2 receptor antagonist
BRD-A31095847	mozavaptan	CHEMBL420762	CHEMBL420762	CHEMBL1790	P30518	AVPR2		SINGLE PROTEIN	Homo sapiens	ANTAGONIST	1	0	Vasopressin V2 receptor antagonist
BRD-K61236135	tiratricol	CHEMBL41632	CHEMBL41632	CHEMBL2111462	P10827	THRA		PROTEIN COMPLEX	Homo sapiens	AGONIST	1	0	Thyroid hormone receptor agonist
BRD-K61236135	tiratricol	CHEMBL41632	CHEMBL41632	CHEMBL2111462	P10828	THRB		PROTEIN COMPLEX	Homo sapiens	AGONIST	1	0	Thyroid hormone receptor agonist
BRD-K00494077	trovafloxacin	CHEMBL428	CHEMBL428	CHEMBL2363076	P0AFI2	parC		PROTEIN COMPLEX	Bacteria	INHIBITOR	1	0	Topoisomerase IV inhibitor
BRD-K00494077	trovafloxacin	CHEMBL428	CHEMBL428	CHEMBL2363076	P20083	parE		PROTEIN COMPLEX	Bacteria	INHIBITOR	1	0	Topoisomerase IV inhibitor
BRD-K00494077	trovafloxacin	CHEMBL428	CHEMBL428	CHEMBL2311224	P0AES6	gyrB		PROTEIN COMPLEX	Bacteria	INHIBITOR	1	0	Bacterial DNA gyrase inhibitor
BRD-K00494077	trovafloxacin	CHEMBL428	CHEMBL428	CHEMBL2311224	P0AES4	gyrA		PROTEIN COMPLEX	Bacteria	INHIBITOR	1	0	Bacterial DNA gyrase inhibitor
BRD-A40787240	gemifloxacin	CHEMBL430	CHEMBL430	CHEMBL2311225	P0A4L9	gyrB		PROTEIN COMPLEX	Streptococcus pneumoniae	INHIBITOR	1	0	DNA gyrase inhibitor
BRD-A40787240	gemifloxacin	CHEMBL430	CHEMBL430	CHEMBL2311225	P72524	gyrA		PROTEIN COMPLEX	Streptococcus pneumoniae	INHIBITOR	1	0	DNA gyrase inhibitor
BRD-A07440155	labetalol	CHEMBL429	CHEMBL429	CHEMBL2331074	P35348	ADRA1A		PROTEIN FAMILY	Homo sapiens	ANTAGONIST	1	0	Adrenergic receptor antagonist
BRD-A07440155	labetalol	CHEMBL429	CHEMBL429	CHEMBL2331074	P08913	ADRA2A		PROTEIN FAMILY	Homo sapiens	ANTAGONIST	1	0	Adrenergic receptor antagonist
BRD-A07440155	labetalol	CHEMBL429	CHEMBL429	CHEMBL2331074	P08588	ADRB1		PROTEIN FAMILY	Homo sapiens	ANTAGONIST	1	0	Adrenergic receptor antagonist
BRD-A07440155	labetalol	CHEMBL429	CHEMBL429	CHEMBL2331074	P07550	ADRB2	154	PROTEIN FAMILY	Homo sapiens	ANTAGONIST	1	1	Adrenergic receptor antagonist
BRD-A07440155	labetalol	CHEMBL429	CHEMBL429	CHEMBL2331074	P18825	ADRA2C		PROTEIN FAMILY	Homo sapiens	ANTAGONIST	1	0	Adrenergic receptor antagonist
BRD-A07440155	labetalol	CHEMBL429	CHEMBL429	CHEMBL2331074	P25100	ADRA1D		PROTEIN FAMILY	Homo sapiens	ANTAGONIST	1	0	Adrenergic receptor antagonist
BRD-A07440155	labetalol	CHEMBL429	CHEMBL429	CHEMBL2331074	P35368	ADRA1B		PROTEIN FAMILY	Homo sapiens	ANTAGONIST	1	0	Adrenergic receptor antagonist
BRD-A07440155	labetalol	CHEMBL429	CHEMBL429	CHEMBL2331074	P18089	ADRA2B		PROTEIN FAMILY	Homo sapiens	ANTAGONIST	1	0	Adrenergic receptor antagonist
BRD-A07440155	labetalol	CHEMBL429	CHEMBL429	CHEMBL2331074	P13945	ADRB3		PROTEIN FAMILY	Homo sapiens	ANTAGONIST	1	0	Adrenergic receptor antagonist
BRD-A40787240	gemifloxacin	CHEMBL430	CHEMBL430	CHEMBL2363033	P72525	parC		PROTEIN COMPLEX	Streptococcus pneumoniae	INHIBITOR	1	0	Topoisomerase IV inhibitor
BRD-A40787240	gemifloxacin	CHEMBL430	CHEMBL430	CHEMBL2363033	Q59961	parE		PROTEIN COMPLEX	Streptococcus pneumoniae	INHIBITOR	1	0	Topoisomerase IV inhibitor
BRD-K68747584	PF-03814735	CHEMBL4289017	CHEMBL4289017	CHEMBL4722	O14965	AURKA	6790	SINGLE PROTEIN	Homo sapiens	INHIBITOR	1	1	Serine/threonine-protein kinase Aurora-A inhibitor
BRD-K68747584	PF-03814735	CHEMBL4289017	CHEMBL4289017	CHEMBL2185	Q96GD4	AURKB	9212	SINGLE PROTEIN	Homo sapiens	INHIBITOR	1	1	Serine/threonine-protein kinase Aurora-B inhibitor
BRD-K48894757	laropiprant	CHEMBL426559	CHEMBL426559	CHEMBL4427	Q13258	PTGDR		SINGLE PROTEIN	Homo sapiens	ANTAGONIST	1	0	Prostanoid DP receptor antagonist
BRD-K87909389	alvocidib	CHEMBL428690	CHEMBL428690	CHEMBL301	P24941	CDK2	1017	SINGLE PROTEIN	Homo sapiens	INHIBITOR	1	1	Cyclin-dependent kinase 2 inhibitor
BRD-K87909389	alvocidib	CHEMBL428690	CHEMBL428690	CHEMBL331	P11802	CDK4	1019	SINGLE PROTEIN	Homo sapiens	INHIBITOR	1	1	Cyclin-dependent kinase 4 inhibitor
BRD-K87909389	alvocidib	CHEMBL428690	CHEMBL428690	CHEMBL2508	Q00534	CDK6	1021	SINGLE PROTEIN	Homo sapiens	INHIBITOR	1	1	Cyclin-dependent kinase 6 inhibitor
BRD-K87909389	alvocidib	CHEMBL428690	CHEMBL428690	CHEMBL3116	P50750	CDK9		SINGLE PROTEIN	Homo sapiens	INHIBITOR	1	0	Cyclin-dependent kinase 9 inhibitor
BRD-K87909389	alvocidib	CHEMBL428690	CHEMBL428690	CHEMBL308	P06493	CDK1	983	SINGLE PROTEIN	Homo sapiens	INHIBITOR	1	1	Cyclin-dependent kinase 1 inhibitor
BRD-K87909389	alvocidib	CHEMBL428690	CHEMBL428690	CHEMBL3055	P50613	CDK7	1022	SINGLE PROTEIN	Homo sapiens	INHIBITOR	1	1	Cyclin-dependent kinase 7 inhibitor
BRD-K57252450	cilengitide	CHEMBL429876	CHEMBL429876	CHEMBL1907598	P05106	ITGB3		PROTEIN COMPLEX	Homo sapiens	ANTAGONIST	1	0	Integrin alpha-V/beta-3 antagonist
BRD-K57252450	cilengitide	CHEMBL429876	CHEMBL429876	CHEMBL1907598	P06756	ITGAV		PROTEIN COMPLEX	Homo sapiens	ANTAGONIST	1	0	Integrin alpha-V/beta-3 antagonist
BRD-K57252450	cilengitide	CHEMBL429876	CHEMBL429876	CHEMBL2096675	P06756	ITGAV		PROTEIN COMPLEX	Homo sapiens	ANTAGONIST	1	0	Integrin alpha-V/beta-5 antagonist
BRD-K57252450	cilengitide	CHEMBL429876	CHEMBL429876	CHEMBL2096675	P18084	ITGB5	3693	PROTEIN COMPLEX	Homo sapiens	ANTAGONIST	1	1	Integrin alpha-V/beta-5 antagonist
BRD-K68346641	amsacrine	CHEMBL43	CHEMBL43	CHEMBL2094255	P11388	TOP2A	7153	PROTEIN FAMILY	Homo sapiens	INHIBITOR	1	1	DNA topoisomerase II inhibitor
BRD-K68346641	amsacrine	CHEMBL43	CHEMBL43	CHEMBL2094255	Q02880	TOP2B		PROTEIN FAMILY	Homo sapiens	INHIBITOR	1	0	DNA topoisomerase II inhibitor
BRD-K41783120	STA-5326	CHEMBL4297643	CHEMBL4297643	CHEMBL1938222	Q9Y2I7	PIKFYVE		SINGLE PROTEIN	Homo sapiens	INHIBITOR	1	0	1-phosphatidylinositol 3-phosphate 5-kinase inhibitor
BRD-K22024824	RG-4733	CHEMBL4297422	CHEMBL4297422	CHEMBL2094135	Q96BI3	APH1A		PROTEIN COMPLEX	Homo sapiens	INHIBITOR	1	0	Gamma-secretase inhibitor
BRD-K22024824	RG-4733	CHEMBL4297422	CHEMBL4297422	CHEMBL2094135	Q9NZ42	PSENEN		PROTEIN COMPLEX	Homo sapiens	INHIBITOR	1	0	Gamma-secretase inhibitor
BRD-K22024824	RG-4733	CHEMBL4297422	CHEMBL4297422	CHEMBL2094135	Q8WW43	APH1B		PROTEIN COMPLEX	Homo sapiens	INHIBITOR	1	0	Gamma-secretase inhibitor
BRD-K22024824	RG-4733	CHEMBL4297422	CHEMBL4297422	CHEMBL2094135	P49768	PSEN1		PROTEIN COMPLEX	Homo sapiens	INHIBITOR	1	0	Gamma-secretase inhibitor
BRD-K22024824	RG-4733	CHEMBL4297422	CHEMBL4297422	CHEMBL2094135	Q92542	NCSTN		PROTEIN COMPLEX	Homo sapiens	INHIBITOR	1	0	Gamma-secretase inhibitor
BRD-K22024824	RG-4733	CHEMBL4297422	CHEMBL4297422	CHEMBL2094135	P49810	PSEN2		PROTEIN COMPLEX	Homo sapiens	INHIBITOR	1	0	Gamma-secretase inhibitor
BRD-K92303087	oglemilast	CHEMBL4297520	CHEMBL4297520	CHEMBL2093863	P27815	PDE4A		PROTEIN FAMILY	Homo sapiens	INHIBITOR	1	0	Phosphodiesterase 4 inhibitor
BRD-K92303087	oglemilast	CHEMBL4297520	CHEMBL4297520	CHEMBL2093863	Q08499	PDE4D		PROTEIN FAMILY	Homo sapiens	INHIBITOR	1	0	Phosphodiesterase 4 inhibitor
BRD-K92303087	oglemilast	CHEMBL4297520	CHEMBL4297520	CHEMBL2093863	Q07343	PDE4B		PROTEIN FAMILY	Homo sapiens	INHIBITOR	1	0	Phosphodiesterase 4 inhibitor
BRD-K92303087	oglemilast	CHEMBL4297520	CHEMBL4297520	CHEMBL2093863	Q08493	PDE4C		PROTEIN FAMILY	Homo sapiens	INHIBITOR	1	0	Phosphodiesterase 4 inhibitor
BRD-K00521308	ATN-161	CHEMBL4297456	CHEMBL4297456	CHEMBL2095226	P05556	ITGB1		PROTEIN COMPLEX	Homo sapiens	ANTAGONIST	1	0	Integrin alpha-5/beta-1 antagonist
BRD-K00521308	ATN-161	CHEMBL4297456	CHEMBL4297456	CHEMBL2095226	P08648	ITGA5		PROTEIN COMPLEX	Homo sapiens	ANTAGONIST	1	0	Integrin alpha-5/beta-1 antagonist
BRD-K00521308	ATN-161	CHEMBL4297456	CHEMBL4297456	CHEMBL1907598	P05106	ITGB3		PROTEIN COMPLEX	Homo sapiens	ANTAGONIST	1	0	Integrin alpha-V/beta-3 antagonist
BRD-K00521308	ATN-161	CHEMBL4297456	CHEMBL4297456	CHEMBL1907598	P06756	ITGAV		PROTEIN COMPLEX	Homo sapiens	ANTAGONIST	1	0	Integrin alpha-V/beta-3 antagonist
BRD-K84892605	IOWH-032	CHEMBL4297392	CHEMBL4297392	CHEMBL4051	P13569	CFTR		SINGLE PROTEIN	Homo sapiens	INHIBITOR	1	0	Cystic fibrosis transmembrane conductance regulator inhibitor
BRD-A61154809	gliclazide	CHEMBL427216	CHEMBL427216	CHEMBL2096972	Q14654	KCNJ11		PROTEIN COMPLEX	Homo sapiens	BLOCKER	1	0	Sulfonylurea receptor 1, Kir6.2 blocker
BRD-A61154809	gliclazide	CHEMBL427216	CHEMBL427216	CHEMBL2096972	Q09428	ABCC8		PROTEIN COMPLEX	Homo sapiens	BLOCKER	1	0	Sulfonylurea receptor 1, Kir6.2 blocker
BRD-A33447119	oxfendazole	CHEMBL42442	CHEMBL42442	CHEMBL2364705	F1L5G6			PROTEIN COMPLEX GROUP	Nematoda	INHIBITOR	1	0	Tubulin inhibitor
BRD-A33447119	oxfendazole	CHEMBL42442	CHEMBL42442	CHEMBL2364705	F1L7Y0			PROTEIN COMPLEX GROUP	Nematoda	INHIBITOR	1	0	Tubulin inhibitor
BRD-A33447119	oxfendazole	CHEMBL42442	CHEMBL42442	CHEMBL2364705	F1L005			PROTEIN COMPLEX GROUP	Nematoda	INHIBITOR	1	0	Tubulin inhibitor
BRD-A33447119	oxfendazole	CHEMBL42442	CHEMBL42442	CHEMBL2364705	F1LCS0			PROTEIN COMPLEX GROUP	Nematoda	INHIBITOR	1	0	Tubulin inhibitor
BRD-A33447119	oxfendazole	CHEMBL42442	CHEMBL42442	CHEMBL2364705	F1L4P8			PROTEIN COMPLEX GROUP	Nematoda	INHIBITOR	1	0	Tubulin inhibitor
BRD-A33447119	oxfendazole	CHEMBL42442	CHEMBL42442	CHEMBL2364705	F1L7U3			PROTEIN COMPLEX GROUP	Nematoda	INHIBITOR	1	0	Tubulin inhibitor
BRD-A33447119	oxfendazole	CHEMBL42442	CHEMBL42442	CHEMBL2364705	F1L8A5			PROTEIN COMPLEX GROUP	Nematoda	INHIBITOR	1	0	Tubulin inhibitor
BRD-A33447119	oxfendazole	CHEMBL42442	CHEMBL42442	CHEMBL2364704	C4PKY4			PROTEIN COMPLEX GROUP	Taeniidae	INHIBITOR	1	0	Tubulin inhibitor
BRD-A33447119	oxfendazole	CHEMBL42442	CHEMBL42442	CHEMBL2364704	C4PKZ2			PROTEIN COMPLEX GROUP	Taeniidae	INHIBITOR	1	0	Tubulin inhibitor
BRD-A33447119	oxfendazole	CHEMBL42442	CHEMBL42442	CHEMBL2364704	C4PKZ6			PROTEIN COMPLEX GROUP	Taeniidae	INHIBITOR	1	0	Tubulin inhibitor
BRD-K00494077	trovafloxacin	CHEMBL428	CHEMBL428	CHEMBL2363076	P0AFI2	parC		PROTEIN COMPLEX	Bacteria	INHIBITOR	1	0	Topoisomerase IV inhibitor
BRD-K00494077	trovafloxacin	CHEMBL428	CHEMBL428	CHEMBL2363076	P20083	parE		PROTEIN COMPLEX	Bacteria	INHIBITOR	1	0	Topoisomerase IV inhibitor
BRD-K00494077	trovafloxacin	CHEMBL428	CHEMBL428	CHEMBL2311224	P0AES6	gyrB		PROTEIN COMPLEX	Bacteria	INHIBITOR	1	0	Bacterial DNA gyrase inhibitor
BRD-K00494077	trovafloxacin	CHEMBL428	CHEMBL428	CHEMBL2311224	P0AES4	gyrA		PROTEIN COMPLEX	Bacteria	INHIBITOR	1	0	Bacterial DNA gyrase inhibitor
BRD-K13078532	hydrochlorothiazide	CHEMBL435	CHEMBL435	CHEMBL1876	P55017	SLC12A3		SINGLE PROTEIN	Homo sapiens	INHIBITOR	1	0	Thiazide-sensitive sodium-chloride cotransporter inhibitor
BRD-K58010567	vilazodone	CHEMBL439849	CHEMBL439849	CHEMBL228	P31645	SLC6A4		SINGLE PROTEIN	Homo sapiens	INHIBITOR	1	0	Serotonin transporter inhibitor
BRD-K58010567	vilazodone	CHEMBL439849	CHEMBL439849	CHEMBL214	P08908	HTR1A		SINGLE PROTEIN	Homo sapiens	PARTIAL AGONIST	1	0	Serotonin 1a (5-HT1a) receptor partial agonist
BRD-K14705039	sulfathiazole	CHEMBL437	CHEMBL437	CHEMBL2364668	P0AC13	folP		SINGLE PROTEIN	Bacteria	INHIBITOR	1	0	Bacterial dihydropteroate synthase inhibitor
BRD-K32273377	sulfadiazine	CHEMBL439	CHEMBL439	CHEMBL2364668	P0AC13	folP		SINGLE PROTEIN	Bacteria	INHIBITOR	1	0	Bacterial dihydropteroate synthase inhibitor
BRD-K32273377	sulfadiazine	CHEMBL439	CHEMBL439	CHEMBL2364668	P0AC13	folP		SINGLE PROTEIN	Bacteria	INHIBITOR	1	0	Bacterial dihydropteroate synthase inhibitor
BRD-K93524252	sulfamerazine	CHEMBL438	CHEMBL438	CHEMBL2364668	P0AC13	folP		SINGLE PROTEIN	Bacteria	INHIBITOR	1	0	Bacterial dihydropteroate synthase inhibitor
BRD-K32273377	sulfadiazine	CHEMBL439	CHEMBL439	CHEMBL2364668	P0AC13	folP		SINGLE PROTEIN	Bacteria	INHIBITOR	1	0	Bacterial dihydropteroate synthase inhibitor
BRD-A12994259	pomalidomide	CHEMBL43452	CHEMBL43452	CHEMBL3833061	Q96SW2	CRBN		PROTEIN COMPLEX	Homo sapiens	INHIBITOR	1	0	CRL4(CRBN) E3 ubiquitin ligase inhibitor
BRD-A12994259	pomalidomide	CHEMBL43452	CHEMBL43452	CHEMBL3833061	Q16531	DDB1		PROTEIN COMPLEX	Homo sapiens	INHIBITOR	1	0	CRL4(CRBN) E3 ubiquitin ligase inhibitor
BRD-A12994259	pomalidomide	CHEMBL43452	CHEMBL43452	CHEMBL3833061	Q13619	CUL4A		PROTEIN COMPLEX	Homo sapiens	INHIBITOR	1	0	CRL4(CRBN) E3 ubiquitin ligase inhibitor
BRD-A12994259	pomalidomide	CHEMBL43452	CHEMBL43452	CHEMBL3833061	P62877	RBX1		PROTEIN COMPLEX	Homo sapiens	INHIBITOR	1	0	CRL4(CRBN) E3 ubiquitin ligase inhibitor
BRD-K07220430	cinnarizine	CHEMBL43064	CHEMBL43064	CHEMBL2095229	Q13936	CACNA1C		PROTEIN FAMILY	Homo sapiens	BLOCKER	1	0	Voltage-gated L-type calcium channel blocker
BRD-K07220430	cinnarizine	CHEMBL43064	CHEMBL43064	CHEMBL2095229	Q13698	CACNA1S		PROTEIN FAMILY	Homo sapiens	BLOCKER	1	0	Voltage-gated L-type calcium channel blocker
BRD-K07220430	cinnarizine	CHEMBL43064	CHEMBL43064	CHEMBL2095229	Q01668	CACNA1D		PROTEIN FAMILY	Homo sapiens	BLOCKER	1	0	Voltage-gated L-type calcium channel blocker
BRD-K07220430	cinnarizine	CHEMBL43064	CHEMBL43064	CHEMBL2095229	O60840	CACNA1F		PROTEIN FAMILY	Homo sapiens	BLOCKER	1	0	Voltage-gated L-type calcium channel blocker
BRD-K07220430	cinnarizine	CHEMBL43064	CHEMBL43064	CHEMBL231	P35367	HRH1		SINGLE PROTEIN	Homo sapiens	ANTAGONIST	1	0	Histamine H1 receptor antagonist
BRD-K53508936	CTS-1027	CHEMBL440498	CHEMBL440498	CHEMBL283	P08254	MMP3		SINGLE PROTEIN	Homo sapiens	INHIBITOR	1	0	Matrix metalloproteinase 3 inhibitor
BRD-K53508936	CTS-1027	CHEMBL440498	CHEMBL440498	CHEMBL3869	P50281	MMP14		SINGLE PROTEIN	Homo sapiens	INHIBITOR	1	0	Matrix metalloproteinase 14 inhibitor
BRD-K53508936	CTS-1027	CHEMBL440498	CHEMBL440498	CHEMBL4588	P22894	MMP8		SINGLE PROTEIN	Homo sapiens	INHIBITOR	1	0	Matrix metalloproteinase 8 inhibitor
BRD-K53508936	CTS-1027	CHEMBL440498	CHEMBL440498	CHEMBL321	P14780	MMP9		SINGLE PROTEIN	Homo sapiens	INHIBITOR	1	0	Matrix metalloproteinase 9 inhibitor
BRD-K53508936	CTS-1027	CHEMBL440498	CHEMBL440498	CHEMBL4393	P39900	MMP12		SINGLE PROTEIN	Homo sapiens	INHIBITOR	1	0	Matrix metalloproteinase 12 inhibitor
BRD-K53508936	CTS-1027	CHEMBL440498	CHEMBL440498	CHEMBL280	P45452	MMP13		SINGLE PROTEIN	Homo sapiens	INHIBITOR	1	0	Matrix metalloproteinase 13 inhibitor
BRD-K53508936	CTS-1027	CHEMBL440498	CHEMBL440498	CHEMBL333	P08253	MMP2	4313	SINGLE PROTEIN	Homo sapiens	INHIBITOR	1	1	Matrix metalloproteinase-2 inhibitor
BRD-K91263825	nortriptyline	CHEMBL445	CHEMBL445	CHEMBL228	P31645	SLC6A4		SINGLE PROTEIN	Homo sapiens	INHIBITOR	1	0	Serotonin transporter inhibitor
BRD-K91263825	nortriptyline	CHEMBL445	CHEMBL445	CHEMBL222	P23975	SLC6A2		SINGLE PROTEIN	Homo sapiens	INHIBITOR	1	0	Norepinephrine transporter inhibitor
BRD-K37798499	etoposide	CHEMBL44657	CHEMBL44657	CHEMBL2094255	P11388	TOP2A	7153	PROTEIN FAMILY	Homo sapiens	INHIBITOR	1	1	DNA topoisomerase II inhibitor
BRD-K37798499	etoposide	CHEMBL44657	CHEMBL44657	CHEMBL2094255	Q02880	TOP2B		PROTEIN FAMILY	Homo sapiens	INHIBITOR	1	0	DNA topoisomerase II inhibitor
BRD-K31484631	rifabutin	CHEMBL444633	CHEMBL444633	CHEMBL2364672	P0A8V2	rpoB		PROTEIN COMPLEX	Bacteria	INHIBITOR	1	0	Bacterial DNA-directed RNA polymerase inhibitor
BRD-K31484631	rifabutin	CHEMBL444633	CHEMBL444633	CHEMBL2364672	P0A7Z4	rpoA		PROTEIN COMPLEX	Bacteria	INHIBITOR	1	0	Bacterial DNA-directed RNA polymerase inhibitor
BRD-K31484631	rifabutin	CHEMBL444633	CHEMBL444633	CHEMBL2364672	P0A8T7	rpoC		PROTEIN COMPLEX	Bacteria	INHIBITOR	1	0	Bacterial DNA-directed RNA polymerase inhibitor
BRD-K31484631	rifabutin	CHEMBL444633	CHEMBL444633	CHEMBL2364672	P0A800	rpoZ		PROTEIN COMPLEX	Bacteria	INHIBITOR	1	0	Bacterial DNA-directed RNA polymerase inhibitor
BRD-K86595100	chlordiazepoxide	CHEMBL451	CHEMBL451	CHEMBL2093872	P14867	GABRA1		PROTEIN COMPLEX GROUP	Homo sapiens	POSITIVE ALLOSTERIC MODULATOR	1	0	GABA-A receptor; anion channel positive allosteric modulator
BRD-K86595100	chlordiazepoxide	CHEMBL451	CHEMBL451	CHEMBL2093872	P47870	GABRB2		PROTEIN COMPLEX GROUP	Homo sapiens	POSITIVE ALLOSTERIC MODULATOR	1	0	GABA-A receptor; anion channel positive allosteric modulator
BRD-K86595100	chlordiazepoxide	CHEMBL451	CHEMBL451	CHEMBL2093872	P18507	GABRG2		PROTEIN COMPLEX GROUP	Homo sapiens	POSITIVE ALLOSTERIC MODULATOR	1	0	GABA-A receptor; anion channel positive allosteric modulator
BRD-K86595100	chlordiazepoxide	CHEMBL451	CHEMBL451	CHEMBL2093872	P28472	GABRB3		PROTEIN COMPLEX GROUP	Homo sapiens	POSITIVE ALLOSTERIC MODULATOR	1	0	GABA-A receptor; anion channel positive allosteric modulator
BRD-K86595100	chlordiazepoxide	CHEMBL451	CHEMBL451	CHEMBL2093872	P48169	GABRA4		PROTEIN COMPLEX GROUP	Homo sapiens	POSITIVE ALLOSTERIC MODULATOR	1	0	GABA-A receptor; anion channel positive allosteric modulator
BRD-K86595100	chlordiazepoxide	CHEMBL451	CHEMBL451	CHEMBL2093872	Q99928	GABRG3		PROTEIN COMPLEX GROUP	Homo sapiens	POSITIVE ALLOSTERIC MODULATOR	1	0	GABA-A receptor; anion channel positive allosteric modulator
BRD-K86595100	chlordiazepoxide	CHEMBL451	CHEMBL451	CHEMBL2093872	Q9UN88	GABRQ		PROTEIN COMPLEX GROUP	Homo sapiens	POSITIVE ALLOSTERIC MODULATOR	1	0	GABA-A receptor; anion channel positive allosteric modulator
BRD-K86595100	chlordiazepoxide	CHEMBL451	CHEMBL451	CHEMBL2093872	P34903	GABRA3		PROTEIN COMPLEX GROUP	Homo sapiens	POSITIVE ALLOSTERIC MODULATOR	1	0	GABA-A receptor; anion channel positive allosteric modulator
BRD-K86595100	chlordiazepoxide	CHEMBL451	CHEMBL451	CHEMBL2093872	O00591	GABRP		PROTEIN COMPLEX GROUP	Homo sapiens	POSITIVE ALLOSTERIC MODULATOR	1	0	GABA-A receptor; anion channel positive allosteric modulator
BRD-K86595100	chlordiazepoxide	CHEMBL451	CHEMBL451	CHEMBL2093872	O14764	GABRD		PROTEIN COMPLEX GROUP	Homo sapiens	POSITIVE ALLOSTERIC MODULATOR	1	0	GABA-A receptor; anion channel positive allosteric modulator
BRD-K86595100	chlordiazepoxide	CHEMBL451	CHEMBL451	CHEMBL2093872	Q8N1C3	GABRG1		PROTEIN COMPLEX GROUP	Homo sapiens	POSITIVE ALLOSTERIC MODULATOR	1	0	GABA-A receptor; anion channel positive allosteric modulator
BRD-K86595100	chlordiazepoxide	CHEMBL451	CHEMBL451	CHEMBL2093872	P18505	GABRB1		PROTEIN COMPLEX GROUP	Homo sapiens	POSITIVE ALLOSTERIC MODULATOR	1	0	GABA-A receptor; anion channel positive allosteric modulator
BRD-K86595100	chlordiazepoxide	CHEMBL451	CHEMBL451	CHEMBL2093872	P78334	GABRE		PROTEIN COMPLEX GROUP	Homo sapiens	POSITIVE ALLOSTERIC MODULATOR	1	0	GABA-A receptor; anion channel positive allosteric modulator
BRD-K86595100	chlordiazepoxide	CHEMBL451	CHEMBL451	CHEMBL2093872	P47869	GABRA2		PROTEIN COMPLEX GROUP	Homo sapiens	POSITIVE ALLOSTERIC MODULATOR	1	0	GABA-A receptor; anion channel positive allosteric modulator
BRD-K86595100	chlordiazepoxide	CHEMBL451	CHEMBL451	CHEMBL2093872	P31644	GABRA5		PROTEIN COMPLEX GROUP	Homo sapiens	POSITIVE ALLOSTERIC MODULATOR	1	0	GABA-A receptor; anion channel positive allosteric modulator
BRD-K86595100	chlordiazepoxide	CHEMBL451	CHEMBL451	CHEMBL2093872	Q16445	GABRA6		PROTEIN COMPLEX GROUP	Homo sapiens	POSITIVE ALLOSTERIC MODULATOR	1	0	GABA-A receptor; anion channel positive allosteric modulator
BRD-K86595100	chlordiazepoxide	CHEMBL451	CHEMBL451	CHEMBL2093872	P14867	GABRA1		PROTEIN COMPLEX GROUP	Homo sapiens	POSITIVE ALLOSTERIC MODULATOR	1	0	GABA-A receptor; anion channel positive allosteric modulator
BRD-K86595100	chlordiazepoxide	CHEMBL451	CHEMBL451	CHEMBL2093872	P47870	GABRB2		PROTEIN COMPLEX GROUP	Homo sapiens	POSITIVE ALLOSTERIC MODULATOR	1	0	GABA-A receptor; anion channel positive allosteric modulator
BRD-K86595100	chlordiazepoxide	CHEMBL451	CHEMBL451	CHEMBL2093872	P18507	GABRG2		PROTEIN COMPLEX GROUP	Homo sapiens	POSITIVE ALLOSTERIC MODULATOR	1	0	GABA-A receptor; anion channel positive allosteric modulator
BRD-K86595100	chlordiazepoxide	CHEMBL451	CHEMBL451	CHEMBL2093872	P28472	GABRB3		PROTEIN COMPLEX GROUP	Homo sapiens	POSITIVE ALLOSTERIC MODULATOR	1	0	GABA-A receptor; anion channel positive allosteric modulator
BRD-K86595100	chlordiazepoxide	CHEMBL451	CHEMBL451	CHEMBL2093872	P48169	GABRA4		PROTEIN COMPLEX GROUP	Homo sapiens	POSITIVE ALLOSTERIC MODULATOR	1	0	GABA-A receptor; anion channel positive allosteric modulator
BRD-K86595100	chlordiazepoxide	CHEMBL451	CHEMBL451	CHEMBL2093872	Q99928	GABRG3		PROTEIN COMPLEX GROUP	Homo sapiens	POSITIVE ALLOSTERIC MODULATOR	1	0	GABA-A receptor; anion channel positive allosteric modulator
BRD-K86595100	chlordiazepoxide	CHEMBL451	CHEMBL451	CHEMBL2093872	Q9UN88	GABRQ		PROTEIN COMPLEX GROUP	Homo sapiens	POSITIVE ALLOSTERIC MODULATOR	1	0	GABA-A receptor; anion channel positive allosteric modulator
BRD-K86595100	chlordiazepoxide	CHEMBL451	CHEMBL451	CHEMBL2093872	P34903	GABRA3		PROTEIN COMPLEX GROUP	Homo sapiens	POSITIVE ALLOSTERIC MODULATOR	1	0	GABA-A receptor; anion channel positive allosteric modulator
BRD-K86595100	chlordiazepoxide	CHEMBL451	CHEMBL451	CHEMBL2093872	O00591	GABRP		PROTEIN COMPLEX GROUP	Homo sapiens	POSITIVE ALLOSTERIC MODULATOR	1	0	GABA-A receptor; anion channel positive allosteric modulator
BRD-K86595100	chlordiazepoxide	CHEMBL451	CHEMBL451	CHEMBL2093872	O14764	GABRD		PROTEIN COMPLEX GROUP	Homo sapiens	POSITIVE ALLOSTERIC MODULATOR	1	0	GABA-A receptor; anion channel positive allosteric modulator
BRD-K86595100	chlordiazepoxide	CHEMBL451	CHEMBL451	CHEMBL2093872	Q8N1C3	GABRG1		PROTEIN COMPLEX GROUP	Homo sapiens	POSITIVE ALLOSTERIC MODULATOR	1	0	GABA-A receptor; anion channel positive allosteric modulator
BRD-K86595100	chlordiazepoxide	CHEMBL451	CHEMBL451	CHEMBL2093872	P18505	GABRB1		PROTEIN COMPLEX GROUP	Homo sapiens	POSITIVE ALLOSTERIC MODULATOR	1	0	GABA-A receptor; anion channel positive allosteric modulator
BRD-K86595100	chlordiazepoxide	CHEMBL451	CHEMBL451	CHEMBL2093872	P78334	GABRE		PROTEIN COMPLEX GROUP	Homo sapiens	POSITIVE ALLOSTERIC MODULATOR	1	0	GABA-A receptor; anion channel positive allosteric modulator
BRD-K86595100	chlordiazepoxide	CHEMBL451	CHEMBL451	CHEMBL2093872	P47869	GABRA2		PROTEIN COMPLEX GROUP	Homo sapiens	POSITIVE ALLOSTERIC MODULATOR	1	0	GABA-A receptor; anion channel positive allosteric modulator
BRD-K86595100	chlordiazepoxide	CHEMBL451	CHEMBL451	CHEMBL2093872	P31644	GABRA5		PROTEIN COMPLEX GROUP	Homo sapiens	POSITIVE ALLOSTERIC MODULATOR	1	0	GABA-A receptor; anion channel positive allosteric modulator
BRD-K86595100	chlordiazepoxide	CHEMBL451	CHEMBL451	CHEMBL2093872	Q16445	GABRA6		PROTEIN COMPLEX GROUP	Homo sapiens	POSITIVE ALLOSTERIC MODULATOR	1	0	GABA-A receptor; anion channel positive allosteric modulator
BRD-A44448661	pentobarbital	CHEMBL448	CHEMBL448	CHEMBL2093872	P14867	GABRA1		PROTEIN COMPLEX GROUP	Homo sapiens	POSITIVE ALLOSTERIC MODULATOR	1	0	GABA-A receptor; anion channel positive allosteric modulator
BRD-A44448661	pentobarbital	CHEMBL448	CHEMBL448	CHEMBL2093872	P47870	GABRB2		PROTEIN COMPLEX GROUP	Homo sapiens	POSITIVE ALLOSTERIC MODULATOR	1	0	GABA-A receptor; anion channel positive allosteric modulator
BRD-A44448661	pentobarbital	CHEMBL448	CHEMBL448	CHEMBL2093872	P18507	GABRG2		PROTEIN COMPLEX GROUP	Homo sapiens	POSITIVE ALLOSTERIC MODULATOR	1	0	GABA-A receptor; anion channel positive allosteric modulator
BRD-A44448661	pentobarbital	CHEMBL448	CHEMBL448	CHEMBL2093872	P28472	GABRB3		PROTEIN COMPLEX GROUP	Homo sapiens	POSITIVE ALLOSTERIC MODULATOR	1	0	GABA-A receptor; anion channel positive allosteric modulator
BRD-A44448661	pentobarbital	CHEMBL448	CHEMBL448	CHEMBL2093872	P48169	GABRA4		PROTEIN COMPLEX GROUP	Homo sapiens	POSITIVE ALLOSTERIC MODULATOR	1	0	GABA-A receptor; anion channel positive allosteric modulator
BRD-A44448661	pentobarbital	CHEMBL448	CHEMBL448	CHEMBL2093872	Q99928	GABRG3		PROTEIN COMPLEX GROUP	Homo sapiens	POSITIVE ALLOSTERIC MODULATOR	1	0	GABA-A receptor; anion channel positive allosteric modulator
BRD-A44448661	pentobarbital	CHEMBL448	CHEMBL448	CHEMBL2093872	Q9UN88	GABRQ		PROTEIN COMPLEX GROUP	Homo sapiens	POSITIVE ALLOSTERIC MODULATOR	1	0	GABA-A receptor; anion channel positive allosteric modulator
BRD-A44448661	pentobarbital	CHEMBL448	CHEMBL448	CHEMBL2093872	P34903	GABRA3		PROTEIN COMPLEX GROUP	Homo sapiens	POSITIVE ALLOSTERIC MODULATOR	1	0	GABA-A receptor; anion channel positive allosteric modulator
BRD-A44448661	pentobarbital	CHEMBL448	CHEMBL448	CHEMBL2093872	O00591	GABRP		PROTEIN COMPLEX GROUP	Homo sapiens	POSITIVE ALLOSTERIC MODULATOR	1	0	GABA-A receptor; anion channel positive allosteric modulator
BRD-A44448661	pentobarbital	CHEMBL448	CHEMBL448	CHEMBL2093872	O14764	GABRD		PROTEIN COMPLEX GROUP	Homo sapiens	POSITIVE ALLOSTERIC MODULATOR	1	0	GABA-A receptor; anion channel positive allosteric modulator
BRD-A44448661	pentobarbital	CHEMBL448	CHEMBL448	CHEMBL2093872	Q8N1C3	GABRG1		PROTEIN COMPLEX GROUP	Homo sapiens	POSITIVE ALLOSTERIC MODULATOR	1	0	GABA-A receptor; anion channel positive allosteric modulator
BRD-A44448661	pentobarbital	CHEMBL448	CHEMBL448	CHEMBL2093872	P18505	GABRB1		PROTEIN COMPLEX GROUP	Homo sapiens	POSITIVE ALLOSTERIC MODULATOR	1	0	GABA-A receptor; anion channel positive allosteric modulator
BRD-A44448661	pentobarbital	CHEMBL448	CHEMBL448	CHEMBL2093872	P78334	GABRE		PROTEIN COMPLEX GROUP	Homo sapiens	POSITIVE ALLOSTERIC MODULATOR	1	0	GABA-A receptor; anion channel positive allosteric modulator
BRD-A44448661	pentobarbital	CHEMBL448	CHEMBL448	CHEMBL2093872	P47869	GABRA2		PROTEIN COMPLEX GROUP	Homo sapiens	POSITIVE ALLOSTERIC MODULATOR	1	0	GABA-A receptor; anion channel positive allosteric modulator
BRD-A44448661	pentobarbital	CHEMBL448	CHEMBL448	CHEMBL2093872	P31644	GABRA5		PROTEIN COMPLEX GROUP	Homo sapiens	POSITIVE ALLOSTERIC MODULATOR	1	0	GABA-A receptor; anion channel positive allosteric modulator
BRD-A44448661	pentobarbital	CHEMBL448	CHEMBL448	CHEMBL2093872	Q16445	GABRA6		PROTEIN COMPLEX GROUP	Homo sapiens	POSITIVE ALLOSTERIC MODULATOR	1	0	GABA-A receptor; anion channel positive allosteric modulator
BRD-A44448661	pentobarbital	CHEMBL448	CHEMBL448	CHEMBL2093872	P14867	GABRA1		PROTEIN COMPLEX GROUP	Homo sapiens	POSITIVE ALLOSTERIC MODULATOR	1	0	GABA-A receptor; anion channel positive allosteric modulator
BRD-A44448661	pentobarbital	CHEMBL448	CHEMBL448	CHEMBL2093872	P47870	GABRB2		PROTEIN COMPLEX GROUP	Homo sapiens	POSITIVE ALLOSTERIC MODULATOR	1	0	GABA-A receptor; anion channel positive allosteric modulator
BRD-A44448661	pentobarbital	CHEMBL448	CHEMBL448	CHEMBL2093872	P18507	GABRG2		PROTEIN COMPLEX GROUP	Homo sapiens	POSITIVE ALLOSTERIC MODULATOR	1	0	GABA-A receptor; anion channel positive allosteric modulator
BRD-A44448661	pentobarbital	CHEMBL448	CHEMBL448	CHEMBL2093872	P28472	GABRB3		PROTEIN COMPLEX GROUP	Homo sapiens	POSITIVE ALLOSTERIC MODULATOR	1	0	GABA-A receptor; anion channel positive allosteric modulator
BRD-A44448661	pentobarbital	CHEMBL448	CHEMBL448	CHEMBL2093872	P48169	GABRA4		PROTEIN COMPLEX GROUP	Homo sapiens	POSITIVE ALLOSTERIC MODULATOR	1	0	GABA-A receptor; anion channel positive allosteric modulator
BRD-A44448661	pentobarbital	CHEMBL448	CHEMBL448	CHEMBL2093872	Q99928	GABRG3		PROTEIN COMPLEX GROUP	Homo sapiens	POSITIVE ALLOSTERIC MODULATOR	1	0	GABA-A receptor; anion channel positive allosteric modulator
BRD-A44448661	pentobarbital	CHEMBL448	CHEMBL448	CHEMBL2093872	Q9UN88	GABRQ		PROTEIN COMPLEX GROUP	Homo sapiens	POSITIVE ALLOSTERIC MODULATOR	1	0	GABA-A receptor; anion channel positive allosteric modulator
BRD-A44448661	pentobarbital	CHEMBL448	CHEMBL448	CHEMBL2093872	P34903	GABRA3		PROTEIN COMPLEX GROUP	Homo sapiens	POSITIVE ALLOSTERIC MODULATOR	1	0	GABA-A receptor; anion channel positive allosteric modulator
BRD-A44448661	pentobarbital	CHEMBL448	CHEMBL448	CHEMBL2093872	O00591	GABRP		PROTEIN COMPLEX GROUP	Homo sapiens	POSITIVE ALLOSTERIC MODULATOR	1	0	GABA-A receptor; anion channel positive allosteric modulator
BRD-A44448661	pentobarbital	CHEMBL448	CHEMBL448	CHEMBL2093872	O14764	GABRD		PROTEIN COMPLEX GROUP	Homo sapiens	POSITIVE ALLOSTERIC MODULATOR	1	0	GABA-A receptor; anion channel positive allosteric modulator
BRD-A44448661	pentobarbital	CHEMBL448	CHEMBL448	CHEMBL2093872	Q8N1C3	GABRG1		PROTEIN COMPLEX GROUP	Homo sapiens	POSITIVE ALLOSTERIC MODULATOR	1	0	GABA-A receptor; anion channel positive allosteric modulator
BRD-A44448661	pentobarbital	CHEMBL448	CHEMBL448	CHEMBL2093872	P18505	GABRB1		PROTEIN COMPLEX GROUP	Homo sapiens	POSITIVE ALLOSTERIC MODULATOR	1	0	GABA-A receptor; anion channel positive allosteric modulator
BRD-A44448661	pentobarbital	CHEMBL448	CHEMBL448	CHEMBL2093872	P78334	GABRE		PROTEIN COMPLEX GROUP	Homo sapiens	POSITIVE ALLOSTERIC MODULATOR	1	0	GABA-A receptor; anion channel positive allosteric modulator
BRD-A44448661	pentobarbital	CHEMBL448	CHEMBL448	CHEMBL2093872	P47869	GABRA2		PROTEIN COMPLEX GROUP	Homo sapiens	POSITIVE ALLOSTERIC MODULATOR	1	0	GABA-A receptor; anion channel positive allosteric modulator
BRD-A44448661	pentobarbital	CHEMBL448	CHEMBL448	CHEMBL2093872	P31644	GABRA5		PROTEIN COMPLEX GROUP	Homo sapiens	POSITIVE ALLOSTERIC MODULATOR	1	0	GABA-A receptor; anion channel positive allosteric modulator
BRD-A44448661	pentobarbital	CHEMBL448	CHEMBL448	CHEMBL2093872	Q16445	GABRA6		PROTEIN COMPLEX GROUP	Homo sapiens	POSITIVE ALLOSTERIC MODULATOR	1	0	GABA-A receptor; anion channel positive allosteric modulator
BRD-K11640013	sulfadimidine	CHEMBL446	CHEMBL446	CHEMBL2364668	P0AC13	folP		SINGLE PROTEIN	Bacteria	INHIBITOR	1	0	Bacterial dihydropteroate synthase inhibitor
BRD-K28494619	sulfamethoxazole	CHEMBL443	CHEMBL443	CHEMBL2364668	P0AC13	folP		SINGLE PROTEIN	Bacteria	INHIBITOR	1	0	Bacterial dihydropteroate synthase inhibitor
BRD-K13390322	AT-7519	CHEMBL445813	CHEMBL445813	CHEMBL3559691	P06493	CDK1	983	PROTEIN FAMILY	Homo sapiens	INHIBITOR	1	1	Cyclin-dependent kinase inhibitor
BRD-K13390322	AT-7519	CHEMBL445813	CHEMBL445813	CHEMBL3559691	P11802	CDK4	1019	PROTEIN FAMILY	Homo sapiens	INHIBITOR	1	1	Cyclin-dependent kinase inhibitor
BRD-K13390322	AT-7519	CHEMBL445813	CHEMBL445813	CHEMBL3559691	P24941	CDK2	1017	PROTEIN FAMILY	Homo sapiens	INHIBITOR	1	1	Cyclin-dependent kinase inhibitor
BRD-K13390322	AT-7519	CHEMBL445813	CHEMBL445813	CHEMBL3559691	Q00535	CDK5		PROTEIN FAMILY	Homo sapiens	INHIBITOR	1	0	Cyclin-dependent kinase inhibitor
BRD-K13390322	AT-7519	CHEMBL445813	CHEMBL445813	CHEMBL3559691	Q00534	CDK6	1021	PROTEIN FAMILY	Homo sapiens	INHIBITOR	1	1	Cyclin-dependent kinase inhibitor
BRD-K13390322	AT-7519	CHEMBL445813	CHEMBL445813	CHEMBL3559691	P50613	CDK7	1022	PROTEIN FAMILY	Homo sapiens	INHIBITOR	1	1	Cyclin-dependent kinase inhibitor
BRD-K13390322	AT-7519	CHEMBL445813	CHEMBL445813	CHEMBL3559691	Q00526	CDK3		PROTEIN FAMILY	Homo sapiens	INHIBITOR	1	0	Cyclin-dependent kinase inhibitor
BRD-K13390322	AT-7519	CHEMBL445813	CHEMBL445813	CHEMBL3559691	Q00536	CDK16		PROTEIN FAMILY	Homo sapiens	INHIBITOR	1	0	Cyclin-dependent kinase inhibitor
BRD-K13390322	AT-7519	CHEMBL445813	CHEMBL445813	CHEMBL3559691	Q07002	CDK18		PROTEIN FAMILY	Homo sapiens	INHIBITOR	1	0	Cyclin-dependent kinase inhibitor
BRD-K13390322	AT-7519	CHEMBL445813	CHEMBL445813	CHEMBL3559691	P49336	CDK8		PROTEIN FAMILY	Homo sapiens	INHIBITOR	1	0	Cyclin-dependent kinase inhibitor
BRD-K13390322	AT-7519	CHEMBL445813	CHEMBL445813	CHEMBL3559691	Q00537	CDK17		PROTEIN FAMILY	Homo sapiens	INHIBITOR	1	0	Cyclin-dependent kinase inhibitor
BRD-K13390322	AT-7519	CHEMBL445813	CHEMBL445813	CHEMBL3559691	P21127	CDK11B		PROTEIN FAMILY	Homo sapiens	INHIBITOR	1	0	Cyclin-dependent kinase inhibitor
BRD-K13390322	AT-7519	CHEMBL445813	CHEMBL445813	CHEMBL3559691	Q96Q40	CDK15		PROTEIN FAMILY	Homo sapiens	INHIBITOR	1	0	Cyclin-dependent kinase inhibitor
BRD-K13390322	AT-7519	CHEMBL445813	CHEMBL445813	CHEMBL3559691	Q9BWU1	CDK19	23097	PROTEIN FAMILY	Homo sapiens	INHIBITOR	1	1	Cyclin-dependent kinase inhibitor
BRD-K13390322	AT-7519	CHEMBL445813	CHEMBL445813	CHEMBL3559691	O94921	CDK14		PROTEIN FAMILY	Homo sapiens	INHIBITOR	1	0	Cyclin-dependent kinase inhibitor
BRD-K13390322	AT-7519	CHEMBL445813	CHEMBL445813	CHEMBL3559691	P50750	CDK9		PROTEIN FAMILY	Homo sapiens	INHIBITOR	1	0	Cyclin-dependent kinase inhibitor
BRD-K13390322	AT-7519	CHEMBL445813	CHEMBL445813	CHEMBL3559691	Q15131	CDK10		PROTEIN FAMILY	Homo sapiens	INHIBITOR	1	0	Cyclin-dependent kinase inhibitor
BRD-K13390322	AT-7519	CHEMBL445813	CHEMBL445813	CHEMBL3559691	Q14004	CDK13		PROTEIN FAMILY	Homo sapiens	INHIBITOR	1	0	Cyclin-dependent kinase inhibitor
BRD-K13390322	AT-7519	CHEMBL445813	CHEMBL445813	CHEMBL3559691	Q8IZL9	CDK20		PROTEIN FAMILY	Homo sapiens	INHIBITOR	1	0	Cyclin-dependent kinase inhibitor
BRD-K13390322	AT-7519	CHEMBL445813	CHEMBL445813	CHEMBL3559691	Q9NYV4	CDK12		PROTEIN FAMILY	Homo sapiens	INHIBITOR	1	0	Cyclin-dependent kinase inhibitor
BRD-K82746043	navitoclax	CHEMBL443684	CHEMBL443684	CHEMBL4860	P10415	BCL2	596	SINGLE PROTEIN	Homo sapiens	INHIBITOR	1	1	Apoptosis regulator Bcl-2 inhibitor
BRD-K82746043	navitoclax	CHEMBL443684	CHEMBL443684	CHEMBL4625	Q07817	BCL2L1		SINGLE PROTEIN	Homo sapiens	INHIBITOR	1	0	Apoptosis regulator Bcl-X inhibitor
BRD-K82746043	navitoclax	CHEMBL443684	CHEMBL443684	CHEMBL4677	Q92843	BCL2L2		SINGLE PROTEIN	Homo sapiens	INHIBITOR	1	0	Apoptosis regulator Bcl-W inhibitor
BRD-K97530723	melatonin	CHEMBL45	CHEMBL45	CHEMBL2094268	P48039	MTNR1A		PROTEIN FAMILY	Homo sapiens	AGONIST	1	0	Melatonin receptor agonist
BRD-K97530723	melatonin	CHEMBL45	CHEMBL45	CHEMBL2094268	P49286	MTNR1B		PROTEIN FAMILY	Homo sapiens	AGONIST	1	0	Melatonin receptor agonist
BRD-K70557564	zosuquidar	CHEMBL444172	CHEMBL444172	CHEMBL4302	P08183	ABCB1		SINGLE PROTEIN	Homo sapiens	INHIBITOR	1	0	P-glycoprotein 1 inhibitor
BRD-K63630713	etacrynic-acid	CHEMBL456	CHEMBL456	CHEMBL1874	Q13621	SLC12A1		SINGLE PROTEIN	Homo sapiens	INHIBITOR	1	0	Sodium-(potassium)-chloride cotransporter 2 inhibitor
BRD-K63630713	etacrynic-acid	CHEMBL456	CHEMBL456	CHEMBL1874	Q13621	SLC12A1		SINGLE PROTEIN	Homo sapiens	INHIBITOR	1	0	Sodium-(potassium)-chloride cotransporter 2 inhibitor
BRD-K11129031	gemfibrozil	CHEMBL457	CHEMBL457	CHEMBL239	Q07869	PPARA		SINGLE PROTEIN	Homo sapiens	AGONIST	1	0	Peroxisome proliferator-activated receptor alpha agonist
BRD-K15179879	carfilzomib	CHEMBL451887	CHEMBL451887	CHEMBL2364701	Q99460	PSMD1		PROTEIN COMPLEX	Homo sapiens	INHIBITOR	1	0	26S proteasome inhibitor
BRD-K15179879	carfilzomib	CHEMBL451887	CHEMBL451887	CHEMBL2364701	P49721	PSMB2		PROTEIN COMPLEX	Homo sapiens	INHIBITOR	1	0	26S proteasome inhibitor
BRD-K15179879	carfilzomib	CHEMBL451887	CHEMBL451887	CHEMBL2364701	P20618	PSMB1		PROTEIN COMPLEX	Homo sapiens	INHIBITOR	1	0	26S proteasome inhibitor
BRD-K15179879	carfilzomib	CHEMBL451887	CHEMBL451887	CHEMBL2364701	P28074	PSMB5		PROTEIN COMPLEX	Homo sapiens	INHIBITOR	1	0	26S proteasome inhibitor
BRD-K15179879	carfilzomib	CHEMBL451887	CHEMBL451887	CHEMBL2364701	P28062	PSMB8	5696	PROTEIN COMPLEX	Homo sapiens	INHIBITOR	1	1	26S proteasome inhibitor
BRD-K15179879	carfilzomib	CHEMBL451887	CHEMBL451887	CHEMBL2364701	P28065	PSMB9		PROTEIN COMPLEX	Homo sapiens	INHIBITOR	1	0	26S proteasome inhibitor
BRD-K15179879	carfilzomib	CHEMBL451887	CHEMBL451887	CHEMBL2364701	P28072	PSMB6		PROTEIN COMPLEX	Homo sapiens	INHIBITOR	1	0	26S proteasome inhibitor
BRD-K15179879	carfilzomib	CHEMBL451887	CHEMBL451887	CHEMBL2364701	O00487	PSMD14		PROTEIN COMPLEX	Homo sapiens	INHIBITOR	1	0	26S proteasome inhibitor
BRD-K15179879	carfilzomib	CHEMBL451887	CHEMBL451887	CHEMBL2364701	P25786	PSMA1		PROTEIN COMPLEX	Homo sapiens	INHIBITOR	1	0	26S proteasome inhibitor
BRD-K15179879	carfilzomib	CHEMBL451887	CHEMBL451887	CHEMBL2364701	P25787	PSMA2		PROTEIN COMPLEX	Homo sapiens	INHIBITOR	1	0	26S proteasome inhibitor
BRD-K15179879	carfilzomib	CHEMBL451887	CHEMBL451887	CHEMBL2364701	P25788	PSMA3		PROTEIN COMPLEX	Homo sapiens	INHIBITOR	1	0	26S proteasome inhibitor
BRD-K15179879	carfilzomib	CHEMBL451887	CHEMBL451887	CHEMBL2364701	P25789	PSMA4		PROTEIN COMPLEX	Homo sapiens	INHIBITOR	1	0	26S proteasome inhibitor
BRD-K15179879	carfilzomib	CHEMBL451887	CHEMBL451887	CHEMBL2364701	P28066	PSMA5		PROTEIN COMPLEX	Homo sapiens	INHIBITOR	1	0	26S proteasome inhibitor
BRD-K15179879	carfilzomib	CHEMBL451887	CHEMBL451887	CHEMBL2364701	P60900	PSMA6		PROTEIN COMPLEX	Homo sapiens	INHIBITOR	1	0	26S proteasome inhibitor
BRD-K15179879	carfilzomib	CHEMBL451887	CHEMBL451887	CHEMBL2364701	O14818	PSMA7		PROTEIN COMPLEX	Homo sapiens	INHIBITOR	1	0	26S proteasome inhibitor
BRD-K15179879	carfilzomib	CHEMBL451887	CHEMBL451887	CHEMBL2364701	Q8TAA3	PSMA8		PROTEIN COMPLEX	Homo sapiens	INHIBITOR	1	0	26S proteasome inhibitor
BRD-K15179879	carfilzomib	CHEMBL451887	CHEMBL451887	CHEMBL2364701	P40306	PSMB10	5699	PROTEIN COMPLEX	Homo sapiens	INHIBITOR	1	1	26S proteasome inhibitor
BRD-K15179879	carfilzomib	CHEMBL451887	CHEMBL451887	CHEMBL2364701	A5LHX3	PSMB11		PROTEIN COMPLEX	Homo sapiens	INHIBITOR	1	0	26S proteasome inhibitor
BRD-K15179879	carfilzomib	CHEMBL451887	CHEMBL451887	CHEMBL2364701	P49720	PSMB3		PROTEIN COMPLEX	Homo sapiens	INHIBITOR	1	0	26S proteasome inhibitor
BRD-K15179879	carfilzomib	CHEMBL451887	CHEMBL451887	CHEMBL2364701	P28070	PSMB4		PROTEIN COMPLEX	Homo sapiens	INHIBITOR	1	0	26S proteasome inhibitor
BRD-K15179879	carfilzomib	CHEMBL451887	CHEMBL451887	CHEMBL2364701	Q99436	PSMB7		PROTEIN COMPLEX	Homo sapiens	INHIBITOR	1	0	26S proteasome inhibitor
BRD-K15179879	carfilzomib	CHEMBL451887	CHEMBL451887	CHEMBL2364701	Q16186	ADRM1		PROTEIN COMPLEX	Homo sapiens	INHIBITOR	1	0	26S proteasome inhibitor
BRD-K15179879	carfilzomib	CHEMBL451887	CHEMBL451887	CHEMBL2364701	P35998	PSMC2		PROTEIN COMPLEX	Homo sapiens	INHIBITOR	1	0	26S proteasome inhibitor
BRD-K15179879	carfilzomib	CHEMBL451887	CHEMBL451887	CHEMBL2364701	P62191	PSMC1		PROTEIN COMPLEX	Homo sapiens	INHIBITOR	1	0	26S proteasome inhibitor
BRD-K15179879	carfilzomib	CHEMBL451887	CHEMBL451887	CHEMBL2364701	P43686	PSMC4		PROTEIN COMPLEX	Homo sapiens	INHIBITOR	1	0	26S proteasome inhibitor
BRD-K15179879	carfilzomib	CHEMBL451887	CHEMBL451887	CHEMBL2364701	P62333	PSMC6		PROTEIN COMPLEX	Homo sapiens	INHIBITOR	1	0	26S proteasome inhibitor
BRD-K15179879	carfilzomib	CHEMBL451887	CHEMBL451887	CHEMBL2364701	P17980	PSMC3		PROTEIN COMPLEX	Homo sapiens	INHIBITOR	1	0	26S proteasome inhibitor
BRD-K15179879	carfilzomib	CHEMBL451887	CHEMBL451887	CHEMBL2364701	P62195	PSMC5		PROTEIN COMPLEX	Homo sapiens	INHIBITOR	1	0	26S proteasome inhibitor
BRD-K15179879	carfilzomib	CHEMBL451887	CHEMBL451887	CHEMBL2364701	Q13200	PSMD2	5708	PROTEIN COMPLEX	Homo sapiens	INHIBITOR	1	1	26S proteasome inhibitor
BRD-K15179879	carfilzomib	CHEMBL451887	CHEMBL451887	CHEMBL2364701	O43242	PSMD3		PROTEIN COMPLEX	Homo sapiens	INHIBITOR	1	0	26S proteasome inhibitor
BRD-K15179879	carfilzomib	CHEMBL451887	CHEMBL451887	CHEMBL2364701	O00232	PSMD12		PROTEIN COMPLEX	Homo sapiens	INHIBITOR	1	0	26S proteasome inhibitor
BRD-K15179879	carfilzomib	CHEMBL451887	CHEMBL451887	CHEMBL2364701	O00231	PSMD11		PROTEIN COMPLEX	Homo sapiens	INHIBITOR	1	0	26S proteasome inhibitor
BRD-K15179879	carfilzomib	CHEMBL451887	CHEMBL451887	CHEMBL2364701	Q15008	PSMD6		PROTEIN COMPLEX	Homo sapiens	INHIBITOR	1	0	26S proteasome inhibitor
BRD-K15179879	carfilzomib	CHEMBL451887	CHEMBL451887	CHEMBL2364701	P51665	PSMD7		PROTEIN COMPLEX	Homo sapiens	INHIBITOR	1	0	26S proteasome inhibitor
BRD-K15179879	carfilzomib	CHEMBL451887	CHEMBL451887	CHEMBL2364701	Q9UNM6	PSMD13		PROTEIN COMPLEX	Homo sapiens	INHIBITOR	1	0	26S proteasome inhibitor
BRD-K15179879	carfilzomib	CHEMBL451887	CHEMBL451887	CHEMBL2364701	P55036	PSMD4	5710	PROTEIN COMPLEX	Homo sapiens	INHIBITOR	1	1	26S proteasome inhibitor
BRD-K15179879	carfilzomib	CHEMBL451887	CHEMBL451887	CHEMBL2364701	P48556	PSMD8		PROTEIN COMPLEX	Homo sapiens	INHIBITOR	1	0	26S proteasome inhibitor
BRD-K15179879	carfilzomib	CHEMBL451887	CHEMBL451887	CHEMBL2364701	P60896	SEM1		PROTEIN COMPLEX	Homo sapiens	INHIBITOR	1	0	26S proteasome inhibitor
BRD-K71350836	butalbital	CHEMBL454	CHEMBL454	CHEMBL2093872	P14867	GABRA1		PROTEIN COMPLEX GROUP	Homo sapiens	POSITIVE ALLOSTERIC MODULATOR	1	0	GABA-A receptor; anion channel positive allosteric modulator
BRD-K71350836	butalbital	CHEMBL454	CHEMBL454	CHEMBL2093872	P47870	GABRB2		PROTEIN COMPLEX GROUP	Homo sapiens	POSITIVE ALLOSTERIC MODULATOR	1	0	GABA-A receptor; anion channel positive allosteric modulator
BRD-K71350836	butalbital	CHEMBL454	CHEMBL454	CHEMBL2093872	P18507	GABRG2		PROTEIN COMPLEX GROUP	Homo sapiens	POSITIVE ALLOSTERIC MODULATOR	1	0	GABA-A receptor; anion channel positive allosteric modulator
BRD-K71350836	butalbital	CHEMBL454	CHEMBL454	CHEMBL2093872	P28472	GABRB3		PROTEIN COMPLEX GROUP	Homo sapiens	POSITIVE ALLOSTERIC MODULATOR	1	0	GABA-A receptor; anion channel positive allosteric modulator
BRD-K71350836	butalbital	CHEMBL454	CHEMBL454	CHEMBL2093872	P48169	GABRA4		PROTEIN COMPLEX GROUP	Homo sapiens	POSITIVE ALLOSTERIC MODULATOR	1	0	GABA-A receptor; anion channel positive allosteric modulator
BRD-K71350836	butalbital	CHEMBL454	CHEMBL454	CHEMBL2093872	Q99928	GABRG3		PROTEIN COMPLEX GROUP	Homo sapiens	POSITIVE ALLOSTERIC MODULATOR	1	0	GABA-A receptor; anion channel positive allosteric modulator
BRD-K71350836	butalbital	CHEMBL454	CHEMBL454	CHEMBL2093872	Q9UN88	GABRQ		PROTEIN COMPLEX GROUP	Homo sapiens	POSITIVE ALLOSTERIC MODULATOR	1	0	GABA-A receptor; anion channel positive allosteric modulator
BRD-K71350836	butalbital	CHEMBL454	CHEMBL454	CHEMBL2093872	P34903	GABRA3		PROTEIN COMPLEX GROUP	Homo sapiens	POSITIVE ALLOSTERIC MODULATOR	1	0	GABA-A receptor; anion channel positive allosteric modulator
BRD-K71350836	butalbital	CHEMBL454	CHEMBL454	CHEMBL2093872	O00591	GABRP		PROTEIN COMPLEX GROUP	Homo sapiens	POSITIVE ALLOSTERIC MODULATOR	1	0	GABA-A receptor; anion channel positive allosteric modulator
BRD-K71350836	butalbital	CHEMBL454	CHEMBL454	CHEMBL2093872	O14764	GABRD		PROTEIN COMPLEX GROUP	Homo sapiens	POSITIVE ALLOSTERIC MODULATOR	1	0	GABA-A receptor; anion channel positive allosteric modulator
BRD-K71350836	butalbital	CHEMBL454	CHEMBL454	CHEMBL2093872	Q8N1C3	GABRG1		PROTEIN COMPLEX GROUP	Homo sapiens	POSITIVE ALLOSTERIC MODULATOR	1	0	GABA-A receptor; anion channel positive allosteric modulator
BRD-K71350836	butalbital	CHEMBL454	CHEMBL454	CHEMBL2093872	P18505	GABRB1		PROTEIN COMPLEX GROUP	Homo sapiens	POSITIVE ALLOSTERIC MODULATOR	1	0	GABA-A receptor; anion channel positive allosteric modulator
BRD-K71350836	butalbital	CHEMBL454	CHEMBL454	CHEMBL2093872	P78334	GABRE		PROTEIN COMPLEX GROUP	Homo sapiens	POSITIVE ALLOSTERIC MODULATOR	1	0	GABA-A receptor; anion channel positive allosteric modulator
BRD-K71350836	butalbital	CHEMBL454	CHEMBL454	CHEMBL2093872	P47869	GABRA2		PROTEIN COMPLEX GROUP	Homo sapiens	POSITIVE ALLOSTERIC MODULATOR	1	0	GABA-A receptor; anion channel positive allosteric modulator
BRD-K71350836	butalbital	CHEMBL454	CHEMBL454	CHEMBL2093872	P31644	GABRA5		PROTEIN COMPLEX GROUP	Homo sapiens	POSITIVE ALLOSTERIC MODULATOR	1	0	GABA-A receptor; anion channel positive allosteric modulator
BRD-K71350836	butalbital	CHEMBL454	CHEMBL454	CHEMBL2093872	Q16445	GABRA6		PROTEIN COMPLEX GROUP	Homo sapiens	POSITIVE ALLOSTERIC MODULATOR	1	0	GABA-A receptor; anion channel positive allosteric modulator
BRD-K38183498	clonazepam	CHEMBL452	CHEMBL452	CHEMBL2093872	P14867	GABRA1		PROTEIN COMPLEX GROUP	Homo sapiens	POSITIVE ALLOSTERIC MODULATOR	1	0	GABA-A receptor; anion channel positive allosteric modulator
BRD-K38183498	clonazepam	CHEMBL452	CHEMBL452	CHEMBL2093872	P47870	GABRB2		PROTEIN COMPLEX GROUP	Homo sapiens	POSITIVE ALLOSTERIC MODULATOR	1	0	GABA-A receptor; anion channel positive allosteric modulator
BRD-K38183498	clonazepam	CHEMBL452	CHEMBL452	CHEMBL2093872	P18507	GABRG2		PROTEIN COMPLEX GROUP	Homo sapiens	POSITIVE ALLOSTERIC MODULATOR	1	0	GABA-A receptor; anion channel positive allosteric modulator
BRD-K38183498	clonazepam	CHEMBL452	CHEMBL452	CHEMBL2093872	P28472	GABRB3		PROTEIN COMPLEX GROUP	Homo sapiens	POSITIVE ALLOSTERIC MODULATOR	1	0	GABA-A receptor; anion channel positive allosteric modulator
BRD-K38183498	clonazepam	CHEMBL452	CHEMBL452	CHEMBL2093872	P48169	GABRA4		PROTEIN COMPLEX GROUP	Homo sapiens	POSITIVE ALLOSTERIC MODULATOR	1	0	GABA-A receptor; anion channel positive allosteric modulator
BRD-K38183498	clonazepam	CHEMBL452	CHEMBL452	CHEMBL2093872	Q99928	GABRG3		PROTEIN COMPLEX GROUP	Homo sapiens	POSITIVE ALLOSTERIC MODULATOR	1	0	GABA-A receptor; anion channel positive allosteric modulator
BRD-K38183498	clonazepam	CHEMBL452	CHEMBL452	CHEMBL2093872	Q9UN88	GABRQ		PROTEIN COMPLEX GROUP	Homo sapiens	POSITIVE ALLOSTERIC MODULATOR	1	0	GABA-A receptor; anion channel positive allosteric modulator
BRD-K38183498	clonazepam	CHEMBL452	CHEMBL452	CHEMBL2093872	P34903	GABRA3		PROTEIN COMPLEX GROUP	Homo sapiens	POSITIVE ALLOSTERIC MODULATOR	1	0	GABA-A receptor; anion channel positive allosteric modulator
BRD-K38183498	clonazepam	CHEMBL452	CHEMBL452	CHEMBL2093872	O00591	GABRP		PROTEIN COMPLEX GROUP	Homo sapiens	POSITIVE ALLOSTERIC MODULATOR	1	0	GABA-A receptor; anion channel positive allosteric modulator
BRD-K38183498	clonazepam	CHEMBL452	CHEMBL452	CHEMBL2093872	O14764	GABRD		PROTEIN COMPLEX GROUP	Homo sapiens	POSITIVE ALLOSTERIC MODULATOR	1	0	GABA-A receptor; anion channel positive allosteric modulator
BRD-K38183498	clonazepam	CHEMBL452	CHEMBL452	CHEMBL2093872	Q8N1C3	GABRG1		PROTEIN COMPLEX GROUP	Homo sapiens	POSITIVE ALLOSTERIC MODULATOR	1	0	GABA-A receptor; anion channel positive allosteric modulator
BRD-K38183498	clonazepam	CHEMBL452	CHEMBL452	CHEMBL2093872	P18505	GABRB1		PROTEIN COMPLEX GROUP	Homo sapiens	POSITIVE ALLOSTERIC MODULATOR	1	0	GABA-A receptor; anion channel positive allosteric modulator
BRD-K38183498	clonazepam	CHEMBL452	CHEMBL452	CHEMBL2093872	P78334	GABRE		PROTEIN COMPLEX GROUP	Homo sapiens	POSITIVE ALLOSTERIC MODULATOR	1	0	GABA-A receptor; anion channel positive allosteric modulator
BRD-K38183498	clonazepam	CHEMBL452	CHEMBL452	CHEMBL2093872	P47869	GABRA2		PROTEIN COMPLEX GROUP	Homo sapiens	POSITIVE ALLOSTERIC MODULATOR	1	0	GABA-A receptor; anion channel positive allosteric modulator
BRD-K38183498	clonazepam	CHEMBL452	CHEMBL452	CHEMBL2093872	P31644	GABRA5		PROTEIN COMPLEX GROUP	Homo sapiens	POSITIVE ALLOSTERIC MODULATOR	1	0	GABA-A receptor; anion channel positive allosteric modulator
BRD-K38183498	clonazepam	CHEMBL452	CHEMBL452	CHEMBL2093872	Q16445	GABRA6		PROTEIN COMPLEX GROUP	Homo sapiens	POSITIVE ALLOSTERIC MODULATOR	1	0	GABA-A receptor; anion channel positive allosteric modulator
BRD-K21520694	sulfacetamide	CHEMBL455	CHEMBL455	CHEMBL2364668	P0AC13	folP		SINGLE PROTEIN	Bacteria	INHIBITOR	1	0	Bacterial dihydropteroate synthase inhibitor
BRD-K50859149	sulfafurazole	CHEMBL453	CHEMBL453	CHEMBL2364668	P0AC13	folP		SINGLE PROTEIN	Bacteria	INHIBITOR	1	0	Bacterial dihydropteroate synthase inhibitor
BRD-K50859149	sulfafurazole	CHEMBL453	CHEMBL453	CHEMBL2364668	P0AC13	folP		SINGLE PROTEIN	Bacteria	INHIBITOR	1	0	Bacterial dihydropteroate synthase inhibitor
BRD-K21520694	sulfacetamide	CHEMBL455	CHEMBL455	CHEMBL2364668	P0AC13	folP		SINGLE PROTEIN	Bacteria	INHIBITOR	1	0	Bacterial dihydropteroate synthase inhibitor
BRD-K54520417	LXR-623	CHEMBL456237	CHEMBL456237	CHEMBL4093	P55055	NR1H2	7376	SINGLE PROTEIN	Homo sapiens	AGONIST	1	1	LXR-beta agonist
BRD-K54520417	LXR-623	CHEMBL456237	CHEMBL456237	CHEMBL2808	Q13133	NR1H3		SINGLE PROTEIN	Homo sapiens	AGONIST	1	0	LXR-alpha agonist
BRD-K54640016	WAY-362450	CHEMBL454138	CHEMBL454138	CHEMBL2047	Q96RI1	NR1H4		SINGLE PROTEIN	Homo sapiens	AGONIST	1	0	Bile acid receptor FXR agonist
BRD-K84810405	almorexant	CHEMBL455136	CHEMBL455136	CHEMBL3307226	O43614	HCRTR2		PROTEIN FAMILY	Homo sapiens	ANTAGONIST	1	0	Orexin receptor antagonist
BRD-K84810405	almorexant	CHEMBL455136	CHEMBL455136	CHEMBL3307226	O43613	HCRTR1		PROTEIN FAMILY	Homo sapiens	ANTAGONIST	1	0	Orexin receptor antagonist
BRD-K84683831	radezolid	CHEMBL455461	CHEMBL455461	CHEMBL2363135	P0A7V0	rpsB		PROTEIN NUCLEIC-ACID COMPLEX	Bacteria	INHIBITOR	1	0	Bacterial 70S ribosome inhibitor
BRD-K84683831	radezolid	CHEMBL455461	CHEMBL455461	CHEMBL2363135	P60723	rplD		PROTEIN NUCLEIC-ACID COMPLEX	Bacteria	INHIBITOR	1	0	Bacterial 70S ribosome inhibitor
BRD-K84683831	radezolid	CHEMBL455461	CHEMBL455461	CHEMBL2363135	P0AG67	rpsA		PROTEIN NUCLEIC-ACID COMPLEX	Bacteria	INHIBITOR	1	0	Bacterial 70S ribosome inhibitor
BRD-K84683831	radezolid	CHEMBL455461	CHEMBL455461	CHEMBL2363135	P0A7R5	rpsJ		PROTEIN NUCLEIC-ACID COMPLEX	Bacteria	INHIBITOR	1	0	Bacterial 70S ribosome inhibitor
BRD-K84683831	radezolid	CHEMBL455461	CHEMBL455461	CHEMBL2363135	P0A7R9	rpsK		PROTEIN NUCLEIC-ACID COMPLEX	Bacteria	INHIBITOR	1	0	Bacterial 70S ribosome inhibitor
BRD-K84683831	radezolid	CHEMBL455461	CHEMBL455461	CHEMBL2363135	P0A7S3	rpsL		PROTEIN NUCLEIC-ACID COMPLEX	Bacteria	INHIBITOR	1	0	Bacterial 70S ribosome inhibitor
BRD-K84683831	radezolid	CHEMBL455461	CHEMBL455461	CHEMBL2363135	P0A7S9	rpsM		PROTEIN NUCLEIC-ACID COMPLEX	Bacteria	INHIBITOR	1	0	Bacterial 70S ribosome inhibitor
BRD-K84683831	radezolid	CHEMBL455461	CHEMBL455461	CHEMBL2363135	P0AG59	rpsN		PROTEIN NUCLEIC-ACID COMPLEX	Bacteria	INHIBITOR	1	0	Bacterial 70S ribosome inhibitor
BRD-K84683831	radezolid	CHEMBL455461	CHEMBL455461	CHEMBL2363135	P0ADZ4	rpsO		PROTEIN NUCLEIC-ACID COMPLEX	Bacteria	INHIBITOR	1	0	Bacterial 70S ribosome inhibitor
BRD-K84683831	radezolid	CHEMBL455461	CHEMBL455461	CHEMBL2363135	P0A7T3	rpsP		PROTEIN NUCLEIC-ACID COMPLEX	Bacteria	INHIBITOR	1	0	Bacterial 70S ribosome inhibitor
BRD-K84683831	radezolid	CHEMBL455461	CHEMBL455461	CHEMBL2363135	P0AG63	rpsQ		PROTEIN NUCLEIC-ACID COMPLEX	Bacteria	INHIBITOR	1	0	Bacterial 70S ribosome inhibitor
BRD-K84683831	radezolid	CHEMBL455461	CHEMBL455461	CHEMBL2363135	P0A7T7	rpsR		PROTEIN NUCLEIC-ACID COMPLEX	Bacteria	INHIBITOR	1	0	Bacterial 70S ribosome inhibitor
BRD-K84683831	radezolid	CHEMBL455461	CHEMBL455461	CHEMBL2363135	P0A7U3	rpsS		PROTEIN NUCLEIC-ACID COMPLEX	Bacteria	INHIBITOR	1	0	Bacterial 70S ribosome inhibitor
BRD-K84683831	radezolid	CHEMBL455461	CHEMBL455461	CHEMBL2363135	P0A7U7	rpsT		PROTEIN NUCLEIC-ACID COMPLEX	Bacteria	INHIBITOR	1	0	Bacterial 70S ribosome inhibitor
BRD-K84683831	radezolid	CHEMBL455461	CHEMBL455461	CHEMBL2363135	P68679	rpsU		PROTEIN NUCLEIC-ACID COMPLEX	Bacteria	INHIBITOR	1	0	Bacterial 70S ribosome inhibitor
BRD-K84683831	radezolid	CHEMBL455461	CHEMBL455461	CHEMBL2363135	P0A7V3	rpsC		PROTEIN NUCLEIC-ACID COMPLEX	Bacteria	INHIBITOR	1	0	Bacterial 70S ribosome inhibitor
BRD-K84683831	radezolid	CHEMBL455461	CHEMBL455461	CHEMBL2363135	P0A7V8	rpsD		PROTEIN NUCLEIC-ACID COMPLEX	Bacteria	INHIBITOR	1	0	Bacterial 70S ribosome inhibitor
BRD-K84683831	radezolid	CHEMBL455461	CHEMBL455461	CHEMBL2363135	P0A7W1	rpsE		PROTEIN NUCLEIC-ACID COMPLEX	Bacteria	INHIBITOR	1	0	Bacterial 70S ribosome inhibitor
BRD-K84683831	radezolid	CHEMBL455461	CHEMBL455461	CHEMBL2363135	P02358	rpsF		PROTEIN NUCLEIC-ACID COMPLEX	Bacteria	INHIBITOR	1	0	Bacterial 70S ribosome inhibitor
BRD-K84683831	radezolid	CHEMBL455461	CHEMBL455461	CHEMBL2363135	P02359	rpsG		PROTEIN NUCLEIC-ACID COMPLEX	Bacteria	INHIBITOR	1	0	Bacterial 70S ribosome inhibitor
BRD-K84683831	radezolid	CHEMBL455461	CHEMBL455461	CHEMBL2363135	P0A7W7	rpsH		PROTEIN NUCLEIC-ACID COMPLEX	Bacteria	INHIBITOR	1	0	Bacterial 70S ribosome inhibitor
BRD-K84683831	radezolid	CHEMBL455461	CHEMBL455461	CHEMBL2363135	P0A7X3	rpsI		PROTEIN NUCLEIC-ACID COMPLEX	Bacteria	INHIBITOR	1	0	Bacterial 70S ribosome inhibitor
BRD-K84683831	radezolid	CHEMBL455461	CHEMBL455461	CHEMBL2363135	P0A7J3	rplJ		PROTEIN NUCLEIC-ACID COMPLEX	Bacteria	INHIBITOR	1	0	Bacterial 70S ribosome inhibitor
BRD-K84683831	radezolid	CHEMBL455461	CHEMBL455461	CHEMBL2363135	P0A7J7	rplK		PROTEIN NUCLEIC-ACID COMPLEX	Bacteria	INHIBITOR	1	0	Bacterial 70S ribosome inhibitor
BRD-K84683831	radezolid	CHEMBL455461	CHEMBL455461	CHEMBL2363135	P0AA10	rplM		PROTEIN NUCLEIC-ACID COMPLEX	Bacteria	INHIBITOR	1	0	Bacterial 70S ribosome inhibitor
BRD-K84683831	radezolid	CHEMBL455461	CHEMBL455461	CHEMBL2363135	P0ADY3	rplN		PROTEIN NUCLEIC-ACID COMPLEX	Bacteria	INHIBITOR	1	0	Bacterial 70S ribosome inhibitor
BRD-K84683831	radezolid	CHEMBL455461	CHEMBL455461	CHEMBL2363135	P02413	rplO		PROTEIN NUCLEIC-ACID COMPLEX	Bacteria	INHIBITOR	1	0	Bacterial 70S ribosome inhibitor
BRD-K84683831	radezolid	CHEMBL455461	CHEMBL455461	CHEMBL2363135	P0ADY7	rplP		PROTEIN NUCLEIC-ACID COMPLEX	Bacteria	INHIBITOR	1	0	Bacterial 70S ribosome inhibitor
BRD-K84683831	radezolid	CHEMBL455461	CHEMBL455461	CHEMBL2363135	P0AG44	rplQ		PROTEIN NUCLEIC-ACID COMPLEX	Bacteria	INHIBITOR	1	0	Bacterial 70S ribosome inhibitor
BRD-K84683831	radezolid	CHEMBL455461	CHEMBL455461	CHEMBL2363135	P0C018	rplR		PROTEIN NUCLEIC-ACID COMPLEX	Bacteria	INHIBITOR	1	0	Bacterial 70S ribosome inhibitor
BRD-K84683831	radezolid	CHEMBL455461	CHEMBL455461	CHEMBL2363135	P0A7K6	rplS		PROTEIN NUCLEIC-ACID COMPLEX	Bacteria	INHIBITOR	1	0	Bacterial 70S ribosome inhibitor
BRD-K84683831	radezolid	CHEMBL455461	CHEMBL455461	CHEMBL2363135	P0A7L0	rplA		PROTEIN NUCLEIC-ACID COMPLEX	Bacteria	INHIBITOR	1	0	Bacterial 70S ribosome inhibitor
BRD-K84683831	radezolid	CHEMBL455461	CHEMBL455461	CHEMBL2363135	P0A7L3	rplT		PROTEIN NUCLEIC-ACID COMPLEX	Bacteria	INHIBITOR	1	0	Bacterial 70S ribosome inhibitor
BRD-K84683831	radezolid	CHEMBL455461	CHEMBL455461	CHEMBL2363135	P0AG48	rplU		PROTEIN NUCLEIC-ACID COMPLEX	Bacteria	INHIBITOR	1	0	Bacterial 70S ribosome inhibitor
BRD-K84683831	radezolid	CHEMBL455461	CHEMBL455461	CHEMBL2363135	P61175	rplV		PROTEIN NUCLEIC-ACID COMPLEX	Bacteria	INHIBITOR	1	0	Bacterial 70S ribosome inhibitor
BRD-K84683831	radezolid	CHEMBL455461	CHEMBL455461	CHEMBL2363135	P0ADZ0	rplW		PROTEIN NUCLEIC-ACID COMPLEX	Bacteria	INHIBITOR	1	0	Bacterial 70S ribosome inhibitor
BRD-K84683831	radezolid	CHEMBL455461	CHEMBL455461	CHEMBL2363135	P60624	rplX		PROTEIN NUCLEIC-ACID COMPLEX	Bacteria	INHIBITOR	1	0	Bacterial 70S ribosome inhibitor
BRD-K84683831	radezolid	CHEMBL455461	CHEMBL455461	CHEMBL2363135	P68919	rplY		PROTEIN NUCLEIC-ACID COMPLEX	Bacteria	INHIBITOR	1	0	Bacterial 70S ribosome inhibitor
BRD-K84683831	radezolid	CHEMBL455461	CHEMBL455461	CHEMBL2363135	P0A7L8	rpmA		PROTEIN NUCLEIC-ACID COMPLEX	Bacteria	INHIBITOR	1	0	Bacterial 70S ribosome inhibitor
BRD-K84683831	radezolid	CHEMBL455461	CHEMBL455461	CHEMBL2363135	P0A7M2	rpmB		PROTEIN NUCLEIC-ACID COMPLEX	Bacteria	INHIBITOR	1	0	Bacterial 70S ribosome inhibitor
BRD-K84683831	radezolid	CHEMBL455461	CHEMBL455461	CHEMBL2363135	P0A7M6	rpmC		PROTEIN NUCLEIC-ACID COMPLEX	Bacteria	INHIBITOR	1	0	Bacterial 70S ribosome inhibitor
BRD-K84683831	radezolid	CHEMBL455461	CHEMBL455461	CHEMBL2363135	P60422	rplB		PROTEIN NUCLEIC-ACID COMPLEX	Bacteria	INHIBITOR	1	0	Bacterial 70S ribosome inhibitor
BRD-K84683831	radezolid	CHEMBL455461	CHEMBL455461	CHEMBL2363135	P0AG51	rpmD		PROTEIN NUCLEIC-ACID COMPLEX	Bacteria	INHIBITOR	1	0	Bacterial 70S ribosome inhibitor
BRD-K84683831	radezolid	CHEMBL455461	CHEMBL455461	CHEMBL2363135	P0A7N1	ykgM		PROTEIN NUCLEIC-ACID COMPLEX	Bacteria	INHIBITOR	1	0	Bacterial 70S ribosome inhibitor
BRD-K84683831	radezolid	CHEMBL455461	CHEMBL455461	CHEMBL2363135	P0A7M9	rpmE		PROTEIN NUCLEIC-ACID COMPLEX	Bacteria	INHIBITOR	1	0	Bacterial 70S ribosome inhibitor
BRD-K84683831	radezolid	CHEMBL455461	CHEMBL455461	CHEMBL2363135	P0A7N4	rpmF		PROTEIN NUCLEIC-ACID COMPLEX	Bacteria	INHIBITOR	1	0	Bacterial 70S ribosome inhibitor
BRD-K84683831	radezolid	CHEMBL455461	CHEMBL455461	CHEMBL2363135	P0A7N9	rpmG		PROTEIN NUCLEIC-ACID COMPLEX	Bacteria	INHIBITOR	1	0	Bacterial 70S ribosome inhibitor
BRD-K84683831	radezolid	CHEMBL455461	CHEMBL455461	CHEMBL2363135	P0A7P5	rpmH		PROTEIN NUCLEIC-ACID COMPLEX	Bacteria	INHIBITOR	1	0	Bacterial 70S ribosome inhibitor
BRD-K84683831	radezolid	CHEMBL455461	CHEMBL455461	CHEMBL2363135	P0A7Q1	rpmI		PROTEIN NUCLEIC-ACID COMPLEX	Bacteria	INHIBITOR	1	0	Bacterial 70S ribosome inhibitor
BRD-K84683831	radezolid	CHEMBL455461	CHEMBL455461	CHEMBL2363135	Q2EEQ2	rpmJ2		PROTEIN NUCLEIC-ACID COMPLEX	Bacteria	INHIBITOR	1	0	Bacterial 70S ribosome inhibitor
BRD-K84683831	radezolid	CHEMBL455461	CHEMBL455461	CHEMBL2363135	P0A7Q6	rpmJ1		PROTEIN NUCLEIC-ACID COMPLEX	Bacteria	INHIBITOR	1	0	Bacterial 70S ribosome inhibitor
BRD-K84683831	radezolid	CHEMBL455461	CHEMBL455461	CHEMBL2363135	P60438	rplC		PROTEIN NUCLEIC-ACID COMPLEX	Bacteria	INHIBITOR	1	0	Bacterial 70S ribosome inhibitor
BRD-K84683831	radezolid	CHEMBL455461	CHEMBL455461	CHEMBL2363135	P62399	rplE		PROTEIN NUCLEIC-ACID COMPLEX	Bacteria	INHIBITOR	1	0	Bacterial 70S ribosome inhibitor
BRD-K84683831	radezolid	CHEMBL455461	CHEMBL455461	CHEMBL2363135	P0AG55	rplF		PROTEIN NUCLEIC-ACID COMPLEX	Bacteria	INHIBITOR	1	0	Bacterial 70S ribosome inhibitor
BRD-K84683831	radezolid	CHEMBL455461	CHEMBL455461	CHEMBL2363135	P0A7K2	rplL		PROTEIN NUCLEIC-ACID COMPLEX	Bacteria	INHIBITOR	1	0	Bacterial 70S ribosome inhibitor
BRD-A65280694	molindone	CHEMBL460	CHEMBL460	CHEMBL217	P14416	DRD2		SINGLE PROTEIN	Homo sapiens	ANTAGONIST	1	0	Dopamine D2 receptor antagonist
BRD-A19736161	ondansetron	CHEMBL46	CHEMBL46	CHEMBL1899	P46098	HTR3A		SINGLE PROTEIN	Homo sapiens	ANTAGONIST	1	0	Serotonin 3a (5-HT3a) receptor antagonist
BRD-A19736161	ondansetron	CHEMBL46	CHEMBL46	CHEMBL1899	P46098	HTR3A		SINGLE PROTEIN	Homo sapiens	ANTAGONIST	1	0	Serotonin 3a (5-HT3a) receptor antagonist
BRD-A65280694	molindone	CHEMBL460	CHEMBL460	CHEMBL224	P28223	HTR2A		SINGLE PROTEIN	Homo sapiens	ANTAGONIST	1	0	Serotonin 2a (5-HT2a) receptor antagonist
BRD-K48578705	methyldopa	CHEMBL459	CHEMBL459	CHEMBL2095158	P08913	ADRA2A		PROTEIN FAMILY	Homo sapiens	AGONIST	1	0	Adrenergic receptor alpha-2 agonist
BRD-K48578705	methyldopa	CHEMBL459	CHEMBL459	CHEMBL2095158	P18825	ADRA2C		PROTEIN FAMILY	Homo sapiens	AGONIST	1	0	Adrenergic receptor alpha-2 agonist
BRD-K48578705	methyldopa	CHEMBL459	CHEMBL459	CHEMBL2095158	P18089	ADRA2B		PROTEIN FAMILY	Homo sapiens	AGONIST	1	0	Adrenergic receptor alpha-2 agonist
BRD-K09549677	mibefradil	CHEMBL45816	CHEMBL45816	CHEMBL2362995	O95180	CACNA1H		PROTEIN FAMILY	Homo sapiens	BLOCKER	1	0	Voltage-gated T-type calcium channel blocker
BRD-K09549677	mibefradil	CHEMBL45816	CHEMBL45816	CHEMBL2362995	O43497	CACNA1G		PROTEIN FAMILY	Homo sapiens	BLOCKER	1	0	Voltage-gated T-type calcium channel blocker
BRD-K09549677	mibefradil	CHEMBL45816	CHEMBL45816	CHEMBL2362995	Q9P0X4	CACNA1I		PROTEIN FAMILY	Homo sapiens	BLOCKER	1	0	Voltage-gated T-type calcium channel blocker
BRD-K40738845	BMS-777607	CHEMBL460702	CHEMBL460702	CHEMBL3717	P08581	MET		SINGLE PROTEIN	Homo sapiens	INHIBITOR	1	0	Hepatocyte growth factor receptor inhibitor
BRD-K76812510	metamizole	CHEMBL461522	CHEMBL461522	CHEMBL2094253	P35354	PTGS2	5743	PROTEIN FAMILY	Homo sapiens	INHIBITOR	1	1	Cyclooxygenase inhibitor
BRD-K76812510	metamizole	CHEMBL461522	CHEMBL461522	CHEMBL2094253	P23219	PTGS1		PROTEIN FAMILY	Homo sapiens	INHIBITOR	1	0	Cyclooxygenase inhibitor
BRD-K80082640	otamixaban	CHEMBL46618	CHEMBL46618	CHEMBL244	P00742	F10		SINGLE PROTEIN	Homo sapiens	INHIBITOR	1	0	Coagulation factor X inhibitor
BRD-K77947974	fluspirilene	CHEMBL46516	CHEMBL46516	CHEMBL217	P14416	DRD2		SINGLE PROTEIN	Homo sapiens	INHIBITOR	1	0	Dopamine D2 receptor inhibitor
BRD-K43586850	lacidipine	CHEMBL460291	CHEMBL460291	CHEMBL2095229	Q13936	CACNA1C		PROTEIN FAMILY	Homo sapiens	BLOCKER	1	0	Voltage-gated L-type calcium channel blocker
BRD-K43586850	lacidipine	CHEMBL460291	CHEMBL460291	CHEMBL2095229	Q13698	CACNA1S		PROTEIN FAMILY	Homo sapiens	BLOCKER	1	0	Voltage-gated L-type calcium channel blocker
BRD-K43586850	lacidipine	CHEMBL460291	CHEMBL460291	CHEMBL2095229	Q01668	CACNA1D		PROTEIN FAMILY	Homo sapiens	BLOCKER	1	0	Voltage-gated L-type calcium channel blocker
BRD-K43586850	lacidipine	CHEMBL460291	CHEMBL460291	CHEMBL2095229	O60840	CACNA1F		PROTEIN FAMILY	Homo sapiens	BLOCKER	1	0	Voltage-gated L-type calcium channel blocker
BRD-A33168282	sotalol	CHEMBL471	CHEMBL471	CHEMBL213	P08588	ADRB1		SINGLE PROTEIN	Homo sapiens	ANTAGONIST	1	0	Beta-1 adrenergic receptor antagonist
BRD-K86887724	dofetilide	CHEMBL473	CHEMBL473	CHEMBL240	Q12809	KCNH2		SINGLE PROTEIN	Homo sapiens	BLOCKER	1	0	HERG blocker
BRD-A33168282	sotalol	CHEMBL471	CHEMBL471	CHEMBL240	Q12809	KCNH2		SINGLE PROTEIN	Homo sapiens	BLOCKER	1	0	HERG blocker
BRD-K44827188	vismodegib	CHEMBL473417	CHEMBL473417	CHEMBL5971	Q99835	SMO		SINGLE PROTEIN	Homo sapiens	INHIBITOR	1	0	Smoothened homolog inhibitor
BRD-A40639672	ketorolac	CHEMBL469	CHEMBL469	CHEMBL2094253	P35354	PTGS2	5743	PROTEIN FAMILY	Homo sapiens	INHIBITOR	1	1	Cyclooxygenase inhibitor
BRD-A40639672	ketorolac	CHEMBL469	CHEMBL469	CHEMBL2094253	P23219	PTGS1		PROTEIN FAMILY	Homo sapiens	INHIBITOR	1	0	Cyclooxygenase inhibitor
BRD-K36927236	glibenclamide	CHEMBL472	CHEMBL472	CHEMBL2096972	Q14654	KCNJ11		PROTEIN COMPLEX	Homo sapiens	BLOCKER	1	0	Sulfonylurea receptor 1, Kir6.2 blocker
BRD-K36927236	glibenclamide	CHEMBL472	CHEMBL472	CHEMBL2096972	Q09428	ABCC8		PROTEIN COMPLEX	Homo sapiens	BLOCKER	1	0	Sulfonylurea receptor 1, Kir6.2 blocker
BRD-K51747290	hydroxyurea	CHEMBL467	CHEMBL467	CHEMBL2095215	P23921	RRM1		PROTEIN COMPLEX GROUP	Homo sapiens	INHIBITOR	1	0	Ribonucleoside-diphosphate reductase RR1 inhibitor
BRD-K51747290	hydroxyurea	CHEMBL467	CHEMBL467	CHEMBL2095215	Q7LG56	RRM2B		PROTEIN COMPLEX GROUP	Homo sapiens	INHIBITOR	1	0	Ribonucleoside-diphosphate reductase RR1 inhibitor
BRD-K51747290	hydroxyurea	CHEMBL467	CHEMBL467	CHEMBL2095215	P31350	RRM2		PROTEIN COMPLEX GROUP	Homo sapiens	INHIBITOR	1	0	Ribonucleoside-diphosphate reductase RR1 inhibitor
BRD-A33168282	sotalol	CHEMBL471	CHEMBL471	CHEMBL210	P07550	ADRB2	154	SINGLE PROTEIN	Homo sapiens	ANTAGONIST	1	1	Beta-2 adrenergic receptor antagonist
BRD-K35520305	dacarbazine	CHEMBL476	CHEMBL476	CHEMBL2311221				NUCLEIC-ACID	Homo sapiens	INHIBITOR	1	0	DNA inhibitor
BRD-K90195324	bazedoxifene	CHEMBL46740	CHEMBL46740	CHEMBL2093866	Q92731	ESR2		PROTEIN FAMILY	Homo sapiens	MODULATOR	1	0	Estrogen receptor modulator
BRD-K90195324	bazedoxifene	CHEMBL46740	CHEMBL46740	CHEMBL2093866	P03372	ESR1		PROTEIN FAMILY	Homo sapiens	MODULATOR	1	0	Estrogen receptor modulator
BRD-K20285085	fostamatinib	CHEMBL475251	CHEMBL475251	CHEMBL2599	P43405	SYK	6850	SINGLE PROTEIN	Homo sapiens	INHIBITOR	1	1	Tyrosine-protein kinase SYK inhibitor
BRD-A93255169	thalidomide	CHEMBL468	CHEMBL468	CHEMBL3833061	Q96SW2	CRBN		PROTEIN COMPLEX	Homo sapiens	INHIBITOR	1	0	CRL4(CRBN) E3 ubiquitin ligase inhibitor
BRD-A93255169	thalidomide	CHEMBL468	CHEMBL468	CHEMBL3833061	Q16531	DDB1		PROTEIN COMPLEX	Homo sapiens	INHIBITOR	1	0	CRL4(CRBN) E3 ubiquitin ligase inhibitor
BRD-A93255169	thalidomide	CHEMBL468	CHEMBL468	CHEMBL3833061	Q13619	CUL4A		PROTEIN COMPLEX	Homo sapiens	INHIBITOR	1	0	CRL4(CRBN) E3 ubiquitin ligase inhibitor
BRD-A93255169	thalidomide	CHEMBL468	CHEMBL468	CHEMBL3833061	P62877	RBX1		PROTEIN COMPLEX	Homo sapiens	INHIBITOR	1	0	CRL4(CRBN) E3 ubiquitin ligase inhibitor
BRD-A02006392	nitrendipine	CHEMBL475534	CHEMBL475534	CHEMBL2095229	Q13936	CACNA1C		PROTEIN FAMILY	Homo sapiens	BLOCKER	1	0	Voltage-gated L-type calcium channel blocker
BRD-A02006392	nitrendipine	CHEMBL475534	CHEMBL475534	CHEMBL2095229	Q13698	CACNA1S		PROTEIN FAMILY	Homo sapiens	BLOCKER	1	0	Voltage-gated L-type calcium channel blocker
BRD-A02006392	nitrendipine	CHEMBL475534	CHEMBL475534	CHEMBL2095229	Q01668	CACNA1D		PROTEIN FAMILY	Homo sapiens	BLOCKER	1	0	Voltage-gated L-type calcium channel blocker
BRD-A02006392	nitrendipine	CHEMBL475534	CHEMBL475534	CHEMBL2095229	O60840	CACNA1F		PROTEIN FAMILY	Homo sapiens	BLOCKER	1	0	Voltage-gated L-type calcium channel blocker
BRD-K51967704	BIIB-021	CHEMBL467399	CHEMBL467399	CHEMBL2095165	P07900	HSP90AA1		PROTEIN FAMILY	Homo sapiens	INHIBITOR	1	0	Heat shock protein HSP90 inhibitor
BRD-K51967704	BIIB-021	CHEMBL467399	CHEMBL467399	CHEMBL2095165	P08238	HSP90AB1		PROTEIN FAMILY	Homo sapiens	INHIBITOR	1	0	Heat shock protein HSP90 inhibitor
BRD-K52959329	mitiglinide	CHEMBL471498	CHEMBL471498	CHEMBL2096972	Q14654	KCNJ11		PROTEIN COMPLEX	Homo sapiens	BLOCKER	1	0	Sulfonylurea receptor 1, Kir6.2 blocker
BRD-K52959329	mitiglinide	CHEMBL471498	CHEMBL471498	CHEMBL2096972	Q09428	ABCC8		PROTEIN COMPLEX	Homo sapiens	BLOCKER	1	0	Sulfonylurea receptor 1, Kir6.2 blocker
BRD-K08547377	irinotecan	CHEMBL481	CHEMBL481	CHEMBL1781	P11387	TOP1		SINGLE PROTEIN	Homo sapiens	INHIBITOR	1	0	DNA topoisomerase I inhibitor
BRD-K74514084	pazopanib	CHEMBL477772	CHEMBL477772	CHEMBL1844	P07333	CSF1R		SINGLE PROTEIN	Homo sapiens	INHIBITOR	1	0	Macrophage colony stimulating factor receptor inhibitor
BRD-K74514084	pazopanib	CHEMBL477772	CHEMBL477772	CHEMBL1936	P10721	KIT	3815	SINGLE PROTEIN	Homo sapiens	INHIBITOR	1	1	Stem cell growth factor receptor inhibitor
BRD-A84481105	thioridazine	CHEMBL479	CHEMBL479	CHEMBL224	P28223	HTR2A		SINGLE PROTEIN	Homo sapiens	ANTAGONIST	1	0	Serotonin 2a (5-HT2a) receptor antagonist
BRD-A84481105	thioridazine	CHEMBL479	CHEMBL479	CHEMBL224	P28223	HTR2A		SINGLE PROTEIN	Homo sapiens	ANTAGONIST	1	0	Serotonin 2a (5-HT2a) receptor antagonist
BRD-A84481105	thioridazine	CHEMBL479	CHEMBL479	CHEMBL225	P28335	HTR2C		SINGLE PROTEIN	Homo sapiens	ANTAGONIST	1	0	Serotonin 2c (5-HT2c) receptor antagonist
BRD-A84481105	thioridazine	CHEMBL479	CHEMBL479	CHEMBL225	P28335	HTR2C		SINGLE PROTEIN	Homo sapiens	ANTAGONIST	1	0	Serotonin 2c (5-HT2c) receptor antagonist
BRD-K74514084	pazopanib	CHEMBL477772	CHEMBL477772	CHEMBL258	P06239	LCK		SINGLE PROTEIN	Homo sapiens	INHIBITOR	1	0	Tyrosine-protein kinase LCK inhibitor
BRD-K74514084	pazopanib	CHEMBL477772	CHEMBL477772	CHEMBL2742	P22607	FGFR3		SINGLE PROTEIN	Homo sapiens	INHIBITOR	1	0	Fibroblast growth factor receptor 3 inhibitor
BRD-K74514084	pazopanib	CHEMBL477772	CHEMBL477772	CHEMBL3650	P11362	FGFR1		SINGLE PROTEIN	Homo sapiens	INHIBITOR	1	0	Fibroblast growth factor receptor 1 inhibitor
BRD-A49172652	lansoprazole	CHEMBL480	CHEMBL480	CHEMBL2095173	P20648	ATP4A		PROTEIN COMPLEX	Homo sapiens	INHIBITOR	1	0	Potassium-transporting ATPase inhibitor
BRD-A49172652	lansoprazole	CHEMBL480	CHEMBL480	CHEMBL2095173	P51164	ATP4B		PROTEIN COMPLEX	Homo sapiens	INHIBITOR	1	0	Potassium-transporting ATPase inhibitor
BRD-K74514084	pazopanib	CHEMBL477772	CHEMBL477772	CHEMBL2095189	P09619	PDGFRB		PROTEIN COMPLEX	Homo sapiens	INHIBITOR	1	0	Platelet-derived growth factor receptor inhibitor
BRD-K74514084	pazopanib	CHEMBL477772	CHEMBL477772	CHEMBL2095189	P16234	PDGFRA		PROTEIN COMPLEX	Homo sapiens	INHIBITOR	1	0	Platelet-derived growth factor receptor inhibitor
BRD-K01577834	adenosine	CHEMBL477	CHEMBL477	CHEMBL2111329	P30542	ADORA1		PROTEIN FAMILY	Homo sapiens	AGONIST	1	0	Adenosine receptor agonist
BRD-K01577834	adenosine	CHEMBL477	CHEMBL477	CHEMBL2111329	P29275	ADORA2B		PROTEIN FAMILY	Homo sapiens	AGONIST	1	0	Adenosine receptor agonist
BRD-K01577834	adenosine	CHEMBL477	CHEMBL477	CHEMBL2111329	P0DMS8	ADORA3		PROTEIN FAMILY	Homo sapiens	AGONIST	1	0	Adenosine receptor agonist
BRD-K01577834	adenosine	CHEMBL477	CHEMBL477	CHEMBL2111329	P29274	ADORA2A		PROTEIN FAMILY	Homo sapiens	AGONIST	1	0	Adenosine receptor agonist
BRD-K74514084	pazopanib	CHEMBL477772	CHEMBL477772	CHEMBL2095227	P17948	FLT1		PROTEIN FAMILY	Homo sapiens	INHIBITOR	1	0	Vascular endothelial growth factor receptor inhibitor
BRD-K74514084	pazopanib	CHEMBL477772	CHEMBL477772	CHEMBL2095227	P35916	FLT4		PROTEIN FAMILY	Homo sapiens	INHIBITOR	1	0	Vascular endothelial growth factor receptor inhibitor
BRD-K74514084	pazopanib	CHEMBL477772	CHEMBL477772	CHEMBL2095227	P35968	KDR		PROTEIN FAMILY	Homo sapiens	INHIBITOR	1	0	Vascular endothelial growth factor receptor inhibitor
BRD-K74514084	pazopanib	CHEMBL477772	CHEMBL477772	CHEMBL2959	Q08881	ITK		SINGLE PROTEIN	Homo sapiens	INHIBITOR	1	0	Tyrosine-protein kinase ITK/TSK inhibitor
BRD-K17068645	bendamustine	CHEMBL487253	CHEMBL487253	CHEMBL2311221				NUCLEIC-ACID	Homo sapiens	INHIBITOR	1	0	DNA inhibitor
BRD-A84481105	thioridazine	CHEMBL479	CHEMBL479	CHEMBL2331075	P14416	DRD2		PROTEIN FAMILY	Homo sapiens	ANTAGONIST	1	0	D2-like dopamine receptor antagonist
BRD-A84481105	thioridazine	CHEMBL479	CHEMBL479	CHEMBL2331075	P35462	DRD3		PROTEIN FAMILY	Homo sapiens	ANTAGONIST	1	0	D2-like dopamine receptor antagonist
BRD-A84481105	thioridazine	CHEMBL479	CHEMBL479	CHEMBL2331075	P21917	DRD4		PROTEIN FAMILY	Homo sapiens	ANTAGONIST	1	0	D2-like dopamine receptor antagonist
BRD-A84481105	thioridazine	CHEMBL479	CHEMBL479	CHEMBL2331075	P14416	DRD2		PROTEIN FAMILY	Homo sapiens	ANTAGONIST	1	0	D2-like dopamine receptor antagonist
BRD-A84481105	thioridazine	CHEMBL479	CHEMBL479	CHEMBL2331075	P35462	DRD3		PROTEIN FAMILY	Homo sapiens	ANTAGONIST	1	0	D2-like dopamine receptor antagonist
BRD-A84481105	thioridazine	CHEMBL479	CHEMBL479	CHEMBL2331075	P21917	DRD4		PROTEIN FAMILY	Homo sapiens	ANTAGONIST	1	0	D2-like dopamine receptor antagonist
BRD-K02130563	panobinostat	CHEMBL483254	CHEMBL483254	CHEMBL2093865	Q13547	HDAC1		PROTEIN FAMILY	Homo sapiens	INHIBITOR	1	0	Histone deacetylase inhibitor
BRD-K02130563	panobinostat	CHEMBL483254	CHEMBL483254	CHEMBL2093865	O15379	HDAC3		PROTEIN FAMILY	Homo sapiens	INHIBITOR	1	0	Histone deacetylase inhibitor
BRD-K02130563	panobinostat	CHEMBL483254	CHEMBL483254	CHEMBL2093865	Q9UBN7	HDAC6	10013	PROTEIN FAMILY	Homo sapiens	INHIBITOR	1	1	Histone deacetylase inhibitor
BRD-K02130563	panobinostat	CHEMBL483254	CHEMBL483254	CHEMBL2093865	Q92769	HDAC2	3066	PROTEIN FAMILY	Homo sapiens	INHIBITOR	1	1	Histone deacetylase inhibitor
BRD-K02130563	panobinostat	CHEMBL483254	CHEMBL483254	CHEMBL2093865	Q9UQL6	HDAC5		PROTEIN FAMILY	Homo sapiens	INHIBITOR	1	0	Histone deacetylase inhibitor
BRD-K02130563	panobinostat	CHEMBL483254	CHEMBL483254	CHEMBL2093865	Q8WUI4	HDAC7		PROTEIN FAMILY	Homo sapiens	INHIBITOR	1	0	Histone deacetylase inhibitor
BRD-K02130563	panobinostat	CHEMBL483254	CHEMBL483254	CHEMBL2093865	Q9BY41	HDAC8		PROTEIN FAMILY	Homo sapiens	INHIBITOR	1	0	Histone deacetylase inhibitor
BRD-K02130563	panobinostat	CHEMBL483254	CHEMBL483254	CHEMBL2093865	Q96DB2	HDAC11		PROTEIN FAMILY	Homo sapiens	INHIBITOR	1	0	Histone deacetylase inhibitor
BRD-K02130563	panobinostat	CHEMBL483254	CHEMBL483254	CHEMBL2093865	P56524	HDAC4		PROTEIN FAMILY	Homo sapiens	INHIBITOR	1	0	Histone deacetylase inhibitor
BRD-K02130563	panobinostat	CHEMBL483254	CHEMBL483254	CHEMBL2093865	Q9UKV0	HDAC9		PROTEIN FAMILY	Homo sapiens	INHIBITOR	1	0	Histone deacetylase inhibitor
BRD-K02130563	panobinostat	CHEMBL483254	CHEMBL483254	CHEMBL2093865	Q969S8	HDAC10		PROTEIN FAMILY	Homo sapiens	INHIBITOR	1	0	Histone deacetylase inhibitor
BRD-K76908866	CP-724714	CHEMBL483321	CHEMBL483321	CHEMBL1824	P04626	ERBB2	2064	SINGLE PROTEIN	Homo sapiens	INHIBITOR	1	1	Receptor protein-tyrosine kinase erbB-2 inhibitor
BRD-K71512533	SNS-314	CHEMBL482767	CHEMBL482767	CHEMBL3430911	Q96GD4	AURKB	9212	PROTEIN FAMILY	Homo sapiens	INHIBITOR	1	1	Serine/threonine-protein kinase Aurora inhibitor
BRD-K71512533	SNS-314	CHEMBL482767	CHEMBL482767	CHEMBL3430911	Q9UQB9	AURKC		PROTEIN FAMILY	Homo sapiens	INHIBITOR	1	0	Serine/threonine-protein kinase Aurora inhibitor
BRD-K71512533	SNS-314	CHEMBL482767	CHEMBL482767	CHEMBL3430911	O14965	AURKA	6790	PROTEIN FAMILY	Homo sapiens	INHIBITOR	1	1	Serine/threonine-protein kinase Aurora inhibitor
BRD-K68488863	ENMD-2076	CHEMBL482968	CHEMBL482968	CHEMBL4722	O14965	AURKA	6790	SINGLE PROTEIN	Homo sapiens	INHIBITOR	1	1	Serine/threonine-protein kinase Aurora-A inhibitor
BRD-K68488863	ENMD-2076	CHEMBL482968	CHEMBL482968	CHEMBL2185	Q96GD4	AURKB	9212	SINGLE PROTEIN	Homo sapiens	INHIBITOR	1	1	Serine/threonine-protein kinase Aurora-B inhibitor
BRD-K68488863	ENMD-2076	CHEMBL482968	CHEMBL482968	CHEMBL279	P35968	KDR		SINGLE PROTEIN	Homo sapiens	INHIBITOR	1	0	Vascular endothelial growth factor receptor 2 inhibitor
BRD-K68488863	ENMD-2076	CHEMBL482968	CHEMBL482968	CHEMBL2742	P22607	FGFR3		SINGLE PROTEIN	Homo sapiens	INHIBITOR	1	0	Fibroblast growth factor receptor 3 inhibitor
BRD-K68488863	ENMD-2076	CHEMBL482968	CHEMBL482968	CHEMBL1974	P36888	FLT3		SINGLE PROTEIN	Homo sapiens	INHIBITOR	1	0	Tyrosine-protein kinase receptor FLT3 inhibitor
BRD-K68488863	ENMD-2076	CHEMBL482968	CHEMBL482968	CHEMBL1936	P10721	KIT	3815	SINGLE PROTEIN	Homo sapiens	INHIBITOR	1	1	Stem cell growth factor receptor inhibitor
BRD-K68488863	ENMD-2076	CHEMBL482968	CHEMBL482968	CHEMBL1844	P07333	CSF1R		SINGLE PROTEIN	Homo sapiens	INHIBITOR	1	0	Macrophage colony stimulating factor receptor inhibitor
BRD-K75295174	alisertib	CHEMBL483158	CHEMBL483158	CHEMBL4722	O14965	AURKA	6790	SINGLE PROTEIN	Homo sapiens	INHIBITOR	1	1	Serine/threonine-protein kinase Aurora-A inhibitor
BRD-K22822991	odanacatib	CHEMBL481611	CHEMBL481611	CHEMBL268	P43235	CTSK		SINGLE PROTEIN	Homo sapiens	INHIBITOR	1	0	Cathepsin K inhibitor
BRD-K15891719	tenofovir	CHEMBL483	CHEMBL483	CHEMBL247	Q72547	pol		SINGLE PROTEIN	Human immunodeficiency virus 1	INHIBITOR	1	0	Human immunodeficiency virus type 1 reverse transcriptase inhibitor
BRD-K15891719	tenofovir	CHEMBL483	CHEMBL483	CHEMBL2362994	Q9IF40			SINGLE PROTEIN	Hepatitis B virus	INHIBITOR	1	0	DNA polymerase/reverse transcriptase inhibitor
BRD-K49555808	BMS-707035	CHEMBL486226	CHEMBL486226	CHEMBL4296304	T1QYY3	int		SINGLE PROTEIN	Human immunodeficiency virus 1	INHIBITOR	1	0	Integrase inhibitor
BRD-K52459643	alprostadil	CHEMBL495	CHEMBL495	CHEMBL1811	P34995	PTGER1		SINGLE PROTEIN	Homo sapiens	AGONIST	1	0	Prostanoid EP1 receptor agonist
BRD-K08806317	timolol	CHEMBL499	CHEMBL499	CHEMBL213	P08588	ADRB1		SINGLE PROTEIN	Homo sapiens	ANTAGONIST	1	0	Beta-1 adrenergic receptor antagonist
BRD-K08806317	timolol	CHEMBL499	CHEMBL499	CHEMBL213	P08588	ADRB1		SINGLE PROTEIN	Homo sapiens	ANTAGONIST	1	0	Beta-1 adrenergic receptor antagonist
BRD-K52459643	alprostadil	CHEMBL495	CHEMBL495	CHEMBL1881	P43116	PTGER2		SINGLE PROTEIN	Homo sapiens	AGONIST	1	0	Prostanoid EP2 receptor agonist
BRD-K37991163	paroxetine	CHEMBL490	CHEMBL490	CHEMBL228	P31645	SLC6A4		SINGLE PROTEIN	Homo sapiens	INHIBITOR	1	0	Serotonin transporter inhibitor
BRD-K37991163	paroxetine	CHEMBL490	CHEMBL490	CHEMBL228	P31645	SLC6A4		SINGLE PROTEIN	Homo sapiens	INHIBITOR	1	0	Serotonin transporter inhibitor
BRD-K93461745	buspirone	CHEMBL49	CHEMBL49	CHEMBL214	P08908	HTR1A		SINGLE PROTEIN	Homo sapiens	PARTIAL AGONIST	1	0	Serotonin 1a (5-HT1a) receptor partial agonist
BRD-A25234499	aminoglutethimide	CHEMBL488	CHEMBL488	CHEMBL1978	P11511	CYP19A1		SINGLE PROTEIN	Homo sapiens	INHIBITOR	1	0	Cytochrome P450 19A1 inhibitor
BRD-A45664787	iloprost	CHEMBL494	CHEMBL494	CHEMBL1995	P43119	PTGIR		SINGLE PROTEIN	Homo sapiens	AGONIST	1	0	Prostanoid IP receptor agonist
BRD-A25234499	aminoglutethimide	CHEMBL488	CHEMBL488	CHEMBL2033	P05108	CYP11A1		SINGLE PROTEIN	Homo sapiens	INHIBITOR	1	0	Cytochrome P450 11A1 inhibitor
BRD-K51095933	estropipate	CHEMBL494753	CHEMBL494753	CHEMBL206	P03372	ESR1		SINGLE PROTEIN	Homo sapiens	AGONIST	1	0	Estrogen receptor alpha agonist
BRD-K97746869	chlorpropamide	CHEMBL498	CHEMBL498	CHEMBL2096972	Q14654	KCNJ11		PROTEIN COMPLEX	Homo sapiens	BLOCKER	1	0	Sulfonylurea receptor 1, Kir6.2 blocker
BRD-K97746869	chlorpropamide	CHEMBL498	CHEMBL498	CHEMBL2096972	Q09428	ABCC8		PROTEIN COMPLEX	Homo sapiens	BLOCKER	1	0	Sulfonylurea receptor 1, Kir6.2 blocker
BRD-K08806317	timolol	CHEMBL499	CHEMBL499	CHEMBL210	P07550	ADRB2	154	SINGLE PROTEIN	Homo sapiens	ANTAGONIST	1	1	Beta-2 adrenergic receptor antagonist
BRD-K08806317	timolol	CHEMBL499	CHEMBL499	CHEMBL210	P07550	ADRB2	154	SINGLE PROTEIN	Homo sapiens	ANTAGONIST	1	1	Beta-2 adrenergic receptor antagonist
BRD-K99792991	hexachlorophene	CHEMBL496	CHEMBL496	CHEMBL2364678	P0AEK4	fabI		SINGLE PROTEIN	Bacteria	INHIBITOR	1	0	Bacterial enoyl-[acyl-carrier-protein] reductase inhibitor
BRD-K09255212	clioquinol	CHEMBL497	CHEMBL497	CHEMBL2363056				METAL		CHELATING AGENT	1	0	Zinc chelating agent
BRD-K09255212	clioquinol	CHEMBL497	CHEMBL497	CHEMBL2363057				METAL		CHELATING AGENT	1	0	Copper chelating agent
BRD-K09255212	clioquinol	CHEMBL497	CHEMBL497	CHEMBL2363058				METAL		CHELATING AGENT	1	0	Iron chelating agent
BRD-K32285926	AMG-208	CHEMBL496102	CHEMBL496102	CHEMBL3717	P08581	MET		SINGLE PROTEIN	Homo sapiens	INHIBITOR	1	0	Hepatocyte growth factor receptor inhibitor
BRD-K72414522	AZD-5438	CHEMBL488436	CHEMBL488436	CHEMBL3559691	P06493	CDK1	983	PROTEIN FAMILY	Homo sapiens	INHIBITOR	1	1	Cyclin-dependent kinase inhibitor
BRD-K72414522	AZD-5438	CHEMBL488436	CHEMBL488436	CHEMBL3559691	P11802	CDK4	1019	PROTEIN FAMILY	Homo sapiens	INHIBITOR	1	1	Cyclin-dependent kinase inhibitor
BRD-K72414522	AZD-5438	CHEMBL488436	CHEMBL488436	CHEMBL3559691	P24941	CDK2	1017	PROTEIN FAMILY	Homo sapiens	INHIBITOR	1	1	Cyclin-dependent kinase inhibitor
BRD-K72414522	AZD-5438	CHEMBL488436	CHEMBL488436	CHEMBL3559691	Q00535	CDK5		PROTEIN FAMILY	Homo sapiens	INHIBITOR	1	0	Cyclin-dependent kinase inhibitor
BRD-K72414522	AZD-5438	CHEMBL488436	CHEMBL488436	CHEMBL3559691	Q00534	CDK6	1021	PROTEIN FAMILY	Homo sapiens	INHIBITOR	1	1	Cyclin-dependent kinase inhibitor
BRD-K72414522	AZD-5438	CHEMBL488436	CHEMBL488436	CHEMBL3559691	P50613	CDK7	1022	PROTEIN FAMILY	Homo sapiens	INHIBITOR	1	1	Cyclin-dependent kinase inhibitor
BRD-K72414522	AZD-5438	CHEMBL488436	CHEMBL488436	CHEMBL3559691	Q00526	CDK3		PROTEIN FAMILY	Homo sapiens	INHIBITOR	1	0	Cyclin-dependent kinase inhibitor
BRD-K72414522	AZD-5438	CHEMBL488436	CHEMBL488436	CHEMBL3559691	Q00536	CDK16		PROTEIN FAMILY	Homo sapiens	INHIBITOR	1	0	Cyclin-dependent kinase inhibitor
BRD-K72414522	AZD-5438	CHEMBL488436	CHEMBL488436	CHEMBL3559691	Q07002	CDK18		PROTEIN FAMILY	Homo sapiens	INHIBITOR	1	0	Cyclin-dependent kinase inhibitor
BRD-K72414522	AZD-5438	CHEMBL488436	CHEMBL488436	CHEMBL3559691	P49336	CDK8		PROTEIN FAMILY	Homo sapiens	INHIBITOR	1	0	Cyclin-dependent kinase inhibitor
BRD-K72414522	AZD-5438	CHEMBL488436	CHEMBL488436	CHEMBL3559691	Q00537	CDK17		PROTEIN FAMILY	Homo sapiens	INHIBITOR	1	0	Cyclin-dependent kinase inhibitor
BRD-K72414522	AZD-5438	CHEMBL488436	CHEMBL488436	CHEMBL3559691	P21127	CDK11B		PROTEIN FAMILY	Homo sapiens	INHIBITOR	1	0	Cyclin-dependent kinase inhibitor
BRD-K72414522	AZD-5438	CHEMBL488436	CHEMBL488436	CHEMBL3559691	Q96Q40	CDK15		PROTEIN FAMILY	Homo sapiens	INHIBITOR	1	0	Cyclin-dependent kinase inhibitor
BRD-K72414522	AZD-5438	CHEMBL488436	CHEMBL488436	CHEMBL3559691	Q9BWU1	CDK19	23097	PROTEIN FAMILY	Homo sapiens	INHIBITOR	1	1	Cyclin-dependent kinase inhibitor
BRD-K72414522	AZD-5438	CHEMBL488436	CHEMBL488436	CHEMBL3559691	O94921	CDK14		PROTEIN FAMILY	Homo sapiens	INHIBITOR	1	0	Cyclin-dependent kinase inhibitor
BRD-K72414522	AZD-5438	CHEMBL488436	CHEMBL488436	CHEMBL3559691	P50750	CDK9		PROTEIN FAMILY	Homo sapiens	INHIBITOR	1	0	Cyclin-dependent kinase inhibitor
BRD-K72414522	AZD-5438	CHEMBL488436	CHEMBL488436	CHEMBL3559691	Q15131	CDK10		PROTEIN FAMILY	Homo sapiens	INHIBITOR	1	0	Cyclin-dependent kinase inhibitor
BRD-K72414522	AZD-5438	CHEMBL488436	CHEMBL488436	CHEMBL3559691	Q14004	CDK13		PROTEIN FAMILY	Homo sapiens	INHIBITOR	1	0	Cyclin-dependent kinase inhibitor
BRD-K72414522	AZD-5438	CHEMBL488436	CHEMBL488436	CHEMBL3559691	Q8IZL9	CDK20		PROTEIN FAMILY	Homo sapiens	INHIBITOR	1	0	Cyclin-dependent kinase inhibitor
BRD-K72414522	AZD-5438	CHEMBL488436	CHEMBL488436	CHEMBL3559691	Q9NYV4	CDK12		PROTEIN FAMILY	Homo sapiens	INHIBITOR	1	0	Cyclin-dependent kinase inhibitor
BRD-K04210847	tamoxifen	CHEMBL489	CHEMBL489	CHEMBL2093866	Q92731	ESR2		PROTEIN FAMILY	Homo sapiens	MODULATOR	1	0	Estrogen receptor modulator
BRD-K04210847	tamoxifen	CHEMBL489	CHEMBL489	CHEMBL2093866	P03372	ESR1		PROTEIN FAMILY	Homo sapiens	MODULATOR	1	0	Estrogen receptor modulator
BRD-K04210847	tamoxifen	CHEMBL489	CHEMBL489	CHEMBL4245	P62508	ESRRG		SINGLE PROTEIN	Homo sapiens	ANTAGONIST	1	0	Estrogen-related receptor gamma antagonist
BRD-K24576554	AT-9283	CHEMBL495727	CHEMBL495727	CHEMBL1862	P00519	ABL1	25	SINGLE PROTEIN	Homo sapiens	INHIBITOR	1	1	Tyrosine-protein kinase ABL inhibitor
BRD-K24576554	AT-9283	CHEMBL495727	CHEMBL495727	CHEMBL4722	O14965	AURKA	6790	SINGLE PROTEIN	Homo sapiens	INHIBITOR	1	1	Serine/threonine-protein kinase Aurora-A inhibitor
BRD-K24576554	AT-9283	CHEMBL495727	CHEMBL495727	CHEMBL2185	Q96GD4	AURKB	9212	SINGLE PROTEIN	Homo sapiens	INHIBITOR	1	1	Serine/threonine-protein kinase Aurora-B inhibitor
BRD-K24576554	AT-9283	CHEMBL495727	CHEMBL495727	CHEMBL1974	P36888	FLT3		SINGLE PROTEIN	Homo sapiens	INHIBITOR	1	0	Tyrosine-protein kinase receptor FLT3 inhibitor
BRD-K24576554	AT-9283	CHEMBL495727	CHEMBL495727	CHEMBL2971	O60674	JAK2		SINGLE PROTEIN	Homo sapiens	INHIBITOR	1	0	Tyrosine-protein kinase JAK2 inhibitor
BRD-K24576554	AT-9283	CHEMBL495727	CHEMBL495727	CHEMBL2148	P52333	JAK3		SINGLE PROTEIN	Homo sapiens	INHIBITOR	1	0	Tyrosine-protein kinase JAK3 inhibitor
BRD-K23248433	camicinal	CHEMBL489095	CHEMBL489095	CHEMBL2203	O43193	MLNR		SINGLE PROTEIN	Homo sapiens	AGONIST	1	0	Motilin receptor agonist
BRD-K86930074	cediranib	CHEMBL491473	CHEMBL491473	CHEMBL1936	P10721	KIT	3815	SINGLE PROTEIN	Homo sapiens	INHIBITOR	1	1	Stem cell growth factor receptor inhibitor
BRD-K86930074	cediranib	CHEMBL491473	CHEMBL491473	CHEMBL2095189	P09619	PDGFRB		PROTEIN COMPLEX	Homo sapiens	INHIBITOR	1	0	Platelet-derived growth factor receptor inhibitor
BRD-K86930074	cediranib	CHEMBL491473	CHEMBL491473	CHEMBL2095189	P16234	PDGFRA		PROTEIN COMPLEX	Homo sapiens	INHIBITOR	1	0	Platelet-derived growth factor receptor inhibitor
BRD-K86930074	cediranib	CHEMBL491473	CHEMBL491473	CHEMBL2095227	P17948	FLT1		PROTEIN FAMILY	Homo sapiens	INHIBITOR	1	0	Vascular endothelial growth factor receptor inhibitor
BRD-K86930074	cediranib	CHEMBL491473	CHEMBL491473	CHEMBL2095227	P35916	FLT4		PROTEIN FAMILY	Homo sapiens	INHIBITOR	1	0	Vascular endothelial growth factor receptor inhibitor
BRD-K86930074	cediranib	CHEMBL491473	CHEMBL491473	CHEMBL2095227	P35968	KDR		PROTEIN FAMILY	Homo sapiens	INHIBITOR	1	0	Vascular endothelial growth factor receptor inhibitor
BRD-K74057757	indibulin	CHEMBL49642	CHEMBL49642	CHEMBL2095182	P68371	TUBB4B		PROTEIN COMPLEX GROUP	Homo sapiens	INHIBITOR	1	0	Tubulin inhibitor
BRD-K74057757	indibulin	CHEMBL49642	CHEMBL49642	CHEMBL2095182	Q9H4B7	TUBB1		PROTEIN COMPLEX GROUP	Homo sapiens	INHIBITOR	1	0	Tubulin inhibitor
BRD-K74057757	indibulin	CHEMBL49642	CHEMBL49642	CHEMBL2095182	P0DPH7	TUBA3C		PROTEIN COMPLEX GROUP	Homo sapiens	INHIBITOR	1	0	Tubulin inhibitor
BRD-K74057757	indibulin	CHEMBL49642	CHEMBL49642	CHEMBL2095182	P68366	TUBA4A		PROTEIN COMPLEX GROUP	Homo sapiens	INHIBITOR	1	0	Tubulin inhibitor
BRD-K74057757	indibulin	CHEMBL49642	CHEMBL49642	CHEMBL2095182	Q13509	TUBB3		PROTEIN COMPLEX GROUP	Homo sapiens	INHIBITOR	1	0	Tubulin inhibitor
BRD-K74057757	indibulin	CHEMBL49642	CHEMBL49642	CHEMBL2095182	Q71U36	TUBA1A		PROTEIN COMPLEX GROUP	Homo sapiens	INHIBITOR	1	0	Tubulin inhibitor
BRD-K74057757	indibulin	CHEMBL49642	CHEMBL49642	CHEMBL2095182	P04350	TUBB4A		PROTEIN COMPLEX GROUP	Homo sapiens	INHIBITOR	1	0	Tubulin inhibitor
BRD-K74057757	indibulin	CHEMBL49642	CHEMBL49642	CHEMBL2095182	Q3ZCM7	TUBB8		PROTEIN COMPLEX GROUP	Homo sapiens	INHIBITOR	1	0	Tubulin inhibitor
BRD-K74057757	indibulin	CHEMBL49642	CHEMBL49642	CHEMBL2095182	P07437	TUBB		PROTEIN COMPLEX GROUP	Homo sapiens	INHIBITOR	1	0	Tubulin inhibitor
BRD-K74057757	indibulin	CHEMBL49642	CHEMBL49642	CHEMBL2095182	P68363	TUBA1B		PROTEIN COMPLEX GROUP	Homo sapiens	INHIBITOR	1	0	Tubulin inhibitor
BRD-K74057757	indibulin	CHEMBL49642	CHEMBL49642	CHEMBL2095182	Q9BQE3	TUBA1C		PROTEIN COMPLEX GROUP	Homo sapiens	INHIBITOR	1	0	Tubulin inhibitor
BRD-K74057757	indibulin	CHEMBL49642	CHEMBL49642	CHEMBL2095182	Q6PEY2	TUBA3E		PROTEIN COMPLEX GROUP	Homo sapiens	INHIBITOR	1	0	Tubulin inhibitor
BRD-K74057757	indibulin	CHEMBL49642	CHEMBL49642	CHEMBL2095182	Q13885	TUBB2A		PROTEIN COMPLEX GROUP	Homo sapiens	INHIBITOR	1	0	Tubulin inhibitor
BRD-K74057757	indibulin	CHEMBL49642	CHEMBL49642	CHEMBL2095182	Q9BVA1	TUBB2B		PROTEIN COMPLEX GROUP	Homo sapiens	INHIBITOR	1	0	Tubulin inhibitor
BRD-K74057757	indibulin	CHEMBL49642	CHEMBL49642	CHEMBL2095182	Q9BUF5	TUBB6	84617	PROTEIN COMPLEX GROUP	Homo sapiens	INHIBITOR	1	1	Tubulin inhibitor
BRD-A75726477	clenbuterol	CHEMBL49080	CHEMBL49080	CHEMBL210	P07550	ADRB2	154	SINGLE PROTEIN	Homo sapiens	AGONIST	1	1	Beta-2 adrenergic receptor agonist
BRD-A70083328	secnidazole	CHEMBL498847	CHEMBL498847	CHEMBL2364041				NUCLEIC-ACID	Bacteria	INHIBITOR	1	0	DNA inhibitor
BRD-K37991163	paroxetine	CHEMBL490	CHEMBL490	CHEMBL228	P31645	SLC6A4		SINGLE PROTEIN	Homo sapiens	INHIBITOR	1	0	Serotonin transporter inhibitor
BRD-A45664787	iloprost	CHEMBL494	CHEMBL494	CHEMBL1995	P43119	PTGIR		SINGLE PROTEIN	Homo sapiens	AGONIST	1	0	Prostanoid IP receptor agonist
BRD-A04553218	chlorphenamine	CHEMBL505	CHEMBL505	CHEMBL231	P35367	HRH1		SINGLE PROTEIN	Homo sapiens	ANTAGONIST	1	0	Histamine H1 receptor antagonist
BRD-K97564742	mepyramine	CHEMBL511	CHEMBL511	CHEMBL231	P35367	HRH1		SINGLE PROTEIN	Homo sapiens	ANTAGONIST	1	0	Histamine H1 receptor antagonist
BRD-A04553218	chlorphenamine	CHEMBL505	CHEMBL505	CHEMBL231	P35367	HRH1		SINGLE PROTEIN	Homo sapiens	ANTAGONIST	1	0	Histamine H1 receptor antagonist
BRD-K50398167	meclofenamic-acid	CHEMBL509	CHEMBL509	CHEMBL215	P09917	ALOX5		SINGLE PROTEIN	Homo sapiens	INHIBITOR	1	0	Arachidonate 5-lipoxygenase inhibitor
BRD-A97701745	pindolol	CHEMBL500	CHEMBL500	CHEMBL213	P08588	ADRB1		SINGLE PROTEIN	Homo sapiens	PARTIAL AGONIST	1	0	Beta-1 adrenergic receptor partial agonist
BRD-A49160188	donepezil	CHEMBL502	CHEMBL502	CHEMBL220	P22303	ACHE		SINGLE PROTEIN	Homo sapiens	INHIBITOR	1	0	Acetylcholinesterase inhibitor
BRD-K09416995	lovastatin	CHEMBL503	CHEMBL503	CHEMBL402	P04035	HMGCR	3156	SINGLE PROTEIN	Homo sapiens	INHIBITOR	1	1	HMG-CoA reductase inhibitor
BRD-K50398167	meclofenamic-acid	CHEMBL509	CHEMBL509	CHEMBL2094253	P35354	PTGS2	5743	PROTEIN FAMILY	Homo sapiens	INHIBITOR	1	1	Cyclooxygenase inhibitor
BRD-K50398167	meclofenamic-acid	CHEMBL509	CHEMBL509	CHEMBL2094253	P23219	PTGS1		PROTEIN FAMILY	Homo sapiens	INHIBITOR	1	0	Cyclooxygenase inhibitor
BRD-A97701745	pindolol	CHEMBL500	CHEMBL500	CHEMBL210	P07550	ADRB2	154	SINGLE PROTEIN	Homo sapiens	PARTIAL AGONIST	1	1	Beta-2 adrenergic receptor partial agonist
BRD-K02292852	cefoperazone	CHEMBL507674	CHEMBL507674	CHEMBL2354204	P24228	dacB		PROTEIN FAMILY	Bacteria	INHIBITOR	1	0	Bacterial penicillin-binding protein inhibitor
BRD-K02292852	cefoperazone	CHEMBL507674	CHEMBL507674	CHEMBL2354204	P0AD68	ftsI		PROTEIN FAMILY	Bacteria	INHIBITOR	1	0	Bacterial penicillin-binding protein inhibitor
BRD-K02292852	cefoperazone	CHEMBL507674	CHEMBL507674	CHEMBL2354204	P02918	mrcA		PROTEIN FAMILY	Bacteria	INHIBITOR	1	0	Bacterial penicillin-binding protein inhibitor
BRD-K02292852	cefoperazone	CHEMBL507674	CHEMBL507674	CHEMBL2354204	P02919	mrcB		PROTEIN FAMILY	Bacteria	INHIBITOR	1	0	Bacterial penicillin-binding protein inhibitor
BRD-K02292852	cefoperazone	CHEMBL507674	CHEMBL507674	CHEMBL2354204	P0AEB2	dacA		PROTEIN FAMILY	Bacteria	INHIBITOR	1	0	Bacterial penicillin-binding protein inhibitor
BRD-K02292852	cefoperazone	CHEMBL507674	CHEMBL507674	CHEMBL2354204	P0AD65	mrdA		PROTEIN FAMILY	Bacteria	INHIBITOR	1	0	Bacterial penicillin-binding protein inhibitor
BRD-K02292852	cefoperazone	CHEMBL507674	CHEMBL507674	CHEMBL2354204	P08506	dacC		PROTEIN FAMILY	Bacteria	INHIBITOR	1	0	Bacterial penicillin-binding protein inhibitor
BRD-K47886988	nalidixic-acid	CHEMBL5	CHEMBL5	CHEMBL2311224	P0AES6	gyrB		PROTEIN COMPLEX	Bacteria	INHIBITOR	1	0	Bacterial DNA gyrase inhibitor
BRD-K47886988	nalidixic-acid	CHEMBL5	CHEMBL5	CHEMBL2311224	P0AES4	gyrA		PROTEIN COMPLEX	Bacteria	INHIBITOR	1	0	Bacterial DNA gyrase inhibitor
BRD-K49075727	nintedanib	CHEMBL502835	CHEMBL502835	CHEMBL2095189	P09619	PDGFRB		PROTEIN COMPLEX	Homo sapiens	INHIBITOR	1	0	Platelet-derived growth factor receptor inhibitor
BRD-K49075727	nintedanib	CHEMBL502835	CHEMBL502835	CHEMBL2095189	P16234	PDGFRA		PROTEIN COMPLEX	Homo sapiens	INHIBITOR	1	0	Platelet-derived growth factor receptor inhibitor
BRD-K49075727	nintedanib	CHEMBL502835	CHEMBL502835	CHEMBL2095227	P17948	FLT1		PROTEIN FAMILY	Homo sapiens	INHIBITOR	1	0	Vascular endothelial growth factor receptor inhibitor
BRD-K49075727	nintedanib	CHEMBL502835	CHEMBL502835	CHEMBL2095227	P35916	FLT4		PROTEIN FAMILY	Homo sapiens	INHIBITOR	1	0	Vascular endothelial growth factor receptor inhibitor
BRD-K49075727	nintedanib	CHEMBL502835	CHEMBL502835	CHEMBL2095227	P35968	KDR		PROTEIN FAMILY	Homo sapiens	INHIBITOR	1	0	Vascular endothelial growth factor receptor inhibitor
BRD-K49075727	nintedanib	CHEMBL502835	CHEMBL502835	CHEMBL2095217	P22607	FGFR3		PROTEIN FAMILY	Homo sapiens	INHIBITOR	1	0	Fibroblast growth factor receptor inhibitor
BRD-K49075727	nintedanib	CHEMBL502835	CHEMBL502835	CHEMBL2095217	P11362	FGFR1		PROTEIN FAMILY	Homo sapiens	INHIBITOR	1	0	Fibroblast growth factor receptor inhibitor
BRD-K49075727	nintedanib	CHEMBL502835	CHEMBL502835	CHEMBL2095217	P22455	FGFR4	2264	PROTEIN FAMILY	Homo sapiens	INHIBITOR	1	1	Fibroblast growth factor receptor inhibitor
BRD-K49075727	nintedanib	CHEMBL502835	CHEMBL502835	CHEMBL2095217	P21802	FGFR2	2263	PROTEIN FAMILY	Homo sapiens	INHIBITOR	1	1	Fibroblast growth factor receptor inhibitor
BRD-K49865102	PD-0325901	CHEMBL507361	CHEMBL507361	CHEMBL3587	Q02750	MAP2K1		SINGLE PROTEIN	Homo sapiens	INHIBITOR	1	0	Dual specificity mitogen-activated protein kinase kinase 1 inhibitor
BRD-K49865102	PD-0325901	CHEMBL507361	CHEMBL507361	CHEMBL2964	P36507	MAP2K2		SINGLE PROTEIN	Homo sapiens	INHIBITOR	1	0	Dual specificity mitogen-activated protein kinase kinase 2 inhibitor
BRD-K25075681	SR-48692	CHEMBL506981	CHEMBL506981	CHEMBL4123	P30989	NTSR1		SINGLE PROTEIN	Homo sapiens	ANTAGONIST	1	0	Neurotensin receptor 1 antagonist
BRD-K45275534	betrixaban	CHEMBL512351	CHEMBL512351	CHEMBL244	P00742	F10		SINGLE PROTEIN	Homo sapiens	INHIBITOR	1	0	Coagulation factor X inhibitor
BRD-K87142802	veliparib	CHEMBL506871	CHEMBL506871	CHEMBL3390820	P09874	PARP1	142	PROTEIN FAMILY	Homo sapiens	INHIBITOR	1	1	PARP 1, 2 and 3 inhibitor
BRD-K87142802	veliparib	CHEMBL506871	CHEMBL506871	CHEMBL3390820	Q9Y6F1	PARP3		PROTEIN FAMILY	Homo sapiens	INHIBITOR	1	0	PARP 1, 2 and 3 inhibitor
BRD-K87142802	veliparib	CHEMBL506871	CHEMBL506871	CHEMBL3390820	Q9UGN5	PARP2	10038	PROTEIN FAMILY	Homo sapiens	INHIBITOR	1	1	PARP 1, 2 and 3 inhibitor
BRD-K12765235	carbenoxolone	CHEMBL499915	CHEMBL499915	CHEMBL3542430	P80365	HSD11B2		PROTEIN FAMILY	Homo sapiens	INHIBITOR	1	0	11-beta-hydroxysteroid dehydrogenase inhibitor
BRD-K12765235	carbenoxolone	CHEMBL499915	CHEMBL499915	CHEMBL3542430	P28845	HSD11B1		PROTEIN FAMILY	Homo sapiens	INHIBITOR	1	0	11-beta-hydroxysteroid dehydrogenase inhibitor
BRD-K87156652	carbimazole	CHEMBL508102	CHEMBL508102	CHEMBL1839	P07202	TPO		SINGLE PROTEIN	Homo sapiens	INHIBITOR	1	0	Thyroid peroxidase inhibitor
BRD-K92968657	tirapazamine	CHEMBL50882	CHEMBL50882	CHEMBL2311221				NUCLEIC-ACID	Homo sapiens	DISRUPTING AGENT	1	0	DNA disrupting agent
BRD-K28143534	cyproheptadine	CHEMBL516	CHEMBL516	CHEMBL231	P35367	HRH1		SINGLE PROTEIN	Homo sapiens	ANTAGONIST	1	0	Histamine H1 receptor antagonist
BRD-A97454584	nadolol	CHEMBL521606	CHEMBL521606	CHEMBL213	P08588	ADRB1		SINGLE PROTEIN	Homo sapiens	ANTAGONIST	1	0	Beta-1 adrenergic receptor antagonist
BRD-A17655518	ibuprofen	CHEMBL521	CHEMBL521	CHEMBL2094253	P35354	PTGS2	5743	PROTEIN FAMILY	Homo sapiens	INHIBITOR	1	1	Cyclooxygenase inhibitor
BRD-A17655518	ibuprofen	CHEMBL521	CHEMBL521	CHEMBL2094253	P23219	PTGS1		PROTEIN FAMILY	Homo sapiens	INHIBITOR	1	0	Cyclooxygenase inhibitor
BRD-A17655518	ibuprofen	CHEMBL521	CHEMBL521	CHEMBL2094253	P35354	PTGS2	5743	PROTEIN FAMILY	Homo sapiens	INHIBITOR	1	1	Cyclooxygenase inhibitor
BRD-A17655518	ibuprofen	CHEMBL521	CHEMBL521	CHEMBL2094253	P23219	PTGS1		PROTEIN FAMILY	Homo sapiens	INHIBITOR	1	0	Cyclooxygenase inhibitor
BRD-A17655518	ibuprofen	CHEMBL521	CHEMBL521	CHEMBL2094253	P35354	PTGS2	5743	PROTEIN FAMILY	Homo sapiens	INHIBITOR	1	1	Cyclooxygenase inhibitor
BRD-A17655518	ibuprofen	CHEMBL521	CHEMBL521	CHEMBL2094253	P23219	PTGS1		PROTEIN FAMILY	Homo sapiens	INHIBITOR	1	0	Cyclooxygenase inhibitor
BRD-A97454584	nadolol	CHEMBL521606	CHEMBL521606	CHEMBL210	P07550	ADRB2	154	SINGLE PROTEIN	Homo sapiens	ANTAGONIST	1	1	Beta-2 adrenergic receptor antagonist
BRD-K29458283	chlorambucil	CHEMBL515	CHEMBL515	CHEMBL2311221				NUCLEIC-ACID	Homo sapiens	INHIBITOR	1	0	DNA inhibitor
BRD-A29734509	disopyramide	CHEMBL517	CHEMBL517	CHEMBL2331043	P35498	SCN1A		PROTEIN FAMILY	Homo sapiens	BLOCKER	1	0	Sodium channel alpha subunit blocker
BRD-A29734509	disopyramide	CHEMBL517	CHEMBL517	CHEMBL2331043	Q14524	SCN5A		PROTEIN FAMILY	Homo sapiens	BLOCKER	1	0	Sodium channel alpha subunit blocker
BRD-A29734509	disopyramide	CHEMBL517	CHEMBL517	CHEMBL2331043	P35499	SCN4A		PROTEIN FAMILY	Homo sapiens	BLOCKER	1	0	Sodium channel alpha subunit blocker
BRD-A29734509	disopyramide	CHEMBL517	CHEMBL517	CHEMBL2331043	Q01118	SCN7A		PROTEIN FAMILY	Homo sapiens	BLOCKER	1	0	Sodium channel alpha subunit blocker
BRD-A29734509	disopyramide	CHEMBL517	CHEMBL517	CHEMBL2331043	Q99250	SCN2A		PROTEIN FAMILY	Homo sapiens	BLOCKER	1	0	Sodium channel alpha subunit blocker
BRD-A29734509	disopyramide	CHEMBL517	CHEMBL517	CHEMBL2331043	Q15858	SCN9A		PROTEIN FAMILY	Homo sapiens	BLOCKER	1	0	Sodium channel alpha subunit blocker
BRD-A29734509	disopyramide	CHEMBL517	CHEMBL517	CHEMBL2331043	Q9NY46	SCN3A		PROTEIN FAMILY	Homo sapiens	BLOCKER	1	0	Sodium channel alpha subunit blocker
BRD-A29734509	disopyramide	CHEMBL517	CHEMBL517	CHEMBL2331043	Q9UI33	SCN11A		PROTEIN FAMILY	Homo sapiens	BLOCKER	1	0	Sodium channel alpha subunit blocker
BRD-A29734509	disopyramide	CHEMBL517	CHEMBL517	CHEMBL2331043	Q9UQD0	SCN8A		PROTEIN FAMILY	Homo sapiens	BLOCKER	1	0	Sodium channel alpha subunit blocker
BRD-A29734509	disopyramide	CHEMBL517	CHEMBL517	CHEMBL2331043	Q9Y5Y9	SCN10A		PROTEIN FAMILY	Homo sapiens	BLOCKER	1	0	Sodium channel alpha subunit blocker
BRD-K93208532	apremilast	CHEMBL514800	CHEMBL514800	CHEMBL2093863	P27815	PDE4A		PROTEIN FAMILY	Homo sapiens	INHIBITOR	1	0	Phosphodiesterase 4 inhibitor
BRD-K93208532	apremilast	CHEMBL514800	CHEMBL514800	CHEMBL2093863	Q08499	PDE4D		PROTEIN FAMILY	Homo sapiens	INHIBITOR	1	0	Phosphodiesterase 4 inhibitor
BRD-K93208532	apremilast	CHEMBL514800	CHEMBL514800	CHEMBL2093863	Q07343	PDE4B		PROTEIN FAMILY	Homo sapiens	INHIBITOR	1	0	Phosphodiesterase 4 inhibitor
BRD-K93208532	apremilast	CHEMBL514800	CHEMBL514800	CHEMBL2093863	Q08493	PDE4C		PROTEIN FAMILY	Homo sapiens	INHIBITOR	1	0	Phosphodiesterase 4 inhibitor
BRD-K02113016	olaparib	CHEMBL521686	CHEMBL521686	CHEMBL3390820	P09874	PARP1	142	PROTEIN FAMILY	Homo sapiens	INHIBITOR	1	1	PARP 1, 2 and 3 inhibitor
BRD-K02113016	olaparib	CHEMBL521686	CHEMBL521686	CHEMBL3390820	Q9Y6F1	PARP3		PROTEIN FAMILY	Homo sapiens	INHIBITOR	1	0	PARP 1, 2 and 3 inhibitor
BRD-K02113016	olaparib	CHEMBL521686	CHEMBL521686	CHEMBL3390820	Q9UGN5	PARP2	10038	PROTEIN FAMILY	Homo sapiens	INHIBITOR	1	1	PARP 1, 2 and 3 inhibitor
BRD-K64890080	BI-2536	CHEMBL513909	CHEMBL513909	CHEMBL3024	P53350	PLK1	5347	SINGLE PROTEIN	Homo sapiens	INHIBITOR	1	1	Serine/threonine-protein kinase PLK1 inhibitor
BRD-U70626184	BI-2536	CHEMBL513909	CHEMBL513909	CHEMBL3024	P53350	PLK1	5347	SINGLE PROTEIN	Homo sapiens	INHIBITOR	1	1	Serine/threonine-protein kinase PLK1 inhibitor
BRD-K52911425	GDC-0941	CHEMBL521851	CHEMBL521851	CHEMBL3559703	P27986	PIK3R1		PROTEIN COMPLEX GROUP	Homo sapiens	INHIBITOR	1	0	PI3-kinase class I inhibitor
BRD-K52911425	GDC-0941	CHEMBL521851	CHEMBL521851	CHEMBL3559703	P42338	PIK3CB		PROTEIN COMPLEX GROUP	Homo sapiens	INHIBITOR	1	0	PI3-kinase class I inhibitor
BRD-K52911425	GDC-0941	CHEMBL521851	CHEMBL521851	CHEMBL3559703	P48736	PIK3CG		PROTEIN COMPLEX GROUP	Homo sapiens	INHIBITOR	1	0	PI3-kinase class I inhibitor
BRD-K52911425	GDC-0941	CHEMBL521851	CHEMBL521851	CHEMBL3559703	P42336	PIK3CA	5290	PROTEIN COMPLEX GROUP	Homo sapiens	INHIBITOR	1	1	PI3-kinase class I inhibitor
BRD-K52911425	GDC-0941	CHEMBL521851	CHEMBL521851	CHEMBL3559703	O00459	PIK3R2		PROTEIN COMPLEX GROUP	Homo sapiens	INHIBITOR	1	0	PI3-kinase class I inhibitor
BRD-K52911425	GDC-0941	CHEMBL521851	CHEMBL521851	CHEMBL3559703	O00329	PIK3CD		PROTEIN COMPLEX GROUP	Homo sapiens	INHIBITOR	1	0	PI3-kinase class I inhibitor
BRD-K52911425	GDC-0941	CHEMBL521851	CHEMBL521851	CHEMBL3559703	Q8WYR1	PIK3R5		PROTEIN COMPLEX GROUP	Homo sapiens	INHIBITOR	1	0	PI3-kinase class I inhibitor
BRD-K52911425	GDC-0941	CHEMBL521851	CHEMBL521851	CHEMBL3559703	Q92569	PIK3R3	8503	PROTEIN COMPLEX GROUP	Homo sapiens	INHIBITOR	1	1	PI3-kinase class I inhibitor
BRD-K17555800	talmapimod	CHEMBL514201	CHEMBL514201	CHEMBL260	Q16539	MAPK14		SINGLE PROTEIN	Homo sapiens	INHIBITOR	1	0	MAP kinase p38 alpha inhibitor
BRD-K65592642	semagacestat	CHEMBL520733	CHEMBL520733	CHEMBL2094135	Q96BI3	APH1A		PROTEIN COMPLEX	Homo sapiens	INHIBITOR	1	0	Gamma-secretase inhibitor
BRD-K65592642	semagacestat	CHEMBL520733	CHEMBL520733	CHEMBL2094135	Q9NZ42	PSENEN		PROTEIN COMPLEX	Homo sapiens	INHIBITOR	1	0	Gamma-secretase inhibitor
BRD-K65592642	semagacestat	CHEMBL520733	CHEMBL520733	CHEMBL2094135	Q8WW43	APH1B		PROTEIN COMPLEX	Homo sapiens	INHIBITOR	1	0	Gamma-secretase inhibitor
BRD-K65592642	semagacestat	CHEMBL520733	CHEMBL520733	CHEMBL2094135	P49768	PSEN1		PROTEIN COMPLEX	Homo sapiens	INHIBITOR	1	0	Gamma-secretase inhibitor
BRD-K65592642	semagacestat	CHEMBL520733	CHEMBL520733	CHEMBL2094135	Q92542	NCSTN		PROTEIN COMPLEX	Homo sapiens	INHIBITOR	1	0	Gamma-secretase inhibitor
BRD-K65592642	semagacestat	CHEMBL520733	CHEMBL520733	CHEMBL2094135	P49810	PSEN2		PROTEIN COMPLEX	Homo sapiens	INHIBITOR	1	0	Gamma-secretase inhibitor
BRD-K59524082	maribavir	CHEMBL515408	CHEMBL515408	CHEMBL3833483	P0C731			SINGLE PROTEIN	Epstein-Barr virus (strain GD1) (HHV-4) (Human herpesvirus 4)	INHIBITOR	1	0	Serine/threonine-protein kinase BGLF4 inhibitor
BRD-K59524082	maribavir	CHEMBL515408	CHEMBL515408	CHEMBL1287608	P16788	UL97		SINGLE PROTEIN	Human herpesvirus 5	INHIBITOR	1	0	Phosphotransferase pUL97 inhibitor
BRD-A17462676	bambuterol	CHEMBL521589	CHEMBL521589	CHEMBL210	P07550	ADRB2	154	SINGLE PROTEIN	Homo sapiens	AGONIST	1	1	Beta-2 adrenergic receptor agonist
BRD-K45875383	XBD-173	CHEMBL513922	CHEMBL513922	CHEMBL5742	P30536	TSPO		SINGLE PROTEIN	Homo sapiens	AGONIST	1	0	Translocator protein agonist
BRD-K42948882	AMD-11070	CHEMBL518924	CHEMBL518924	CHEMBL2107	P61073	CXCR4	7852	SINGLE PROTEIN	Homo sapiens	ANTAGONIST	1	1	C-X-C chemokine receptor type 4 antagonist
BRD-K16757695	PRX-08066	CHEMBL513994	CHEMBL513994	CHEMBL1833	P41595	HTR2B		SINGLE PROTEIN	Homo sapiens	ANTAGONIST	1	0	Serotonin 2b (5-HT2b) receptor antagonist
BRD-A62421304	mepenzolate	CHEMBL524004	CHEMBL524004	CHEMBL245	P20309	CHRM3		SINGLE PROTEIN	Homo sapiens	ANTAGONIST	1	0	Muscarinic acetylcholine receptor M3 antagonist
BRD-K92093830	doxorubicin	CHEMBL53463	CHEMBL53463	CHEMBL1806	P11388	TOP2A	7153	SINGLE PROTEIN	Homo sapiens	INHIBITOR	1	1	DNA topoisomerase II alpha inhibitor
BRD-K28936863	ketotifen	CHEMBL534	CHEMBL534	CHEMBL231	P35367	HRH1		SINGLE PROTEIN	Homo sapiens	ANTAGONIST	1	0	Histamine H1 receptor antagonist
BRD-K42828737	sunitinib	CHEMBL535	CHEMBL535	CHEMBL1844	P07333	CSF1R		SINGLE PROTEIN	Homo sapiens	INHIBITOR	1	0	Macrophage colony stimulating factor receptor inhibitor
BRD-M64432851	sunitinib	CHEMBL535	CHEMBL535	CHEMBL1844	P07333	CSF1R		SINGLE PROTEIN	Homo sapiens	INHIBITOR	1	0	Macrophage colony stimulating factor receptor inhibitor
BRD-A62421304	mepenzolate	CHEMBL524004	CHEMBL524004	CHEMBL216	P11229	CHRM1		SINGLE PROTEIN	Homo sapiens	ANTAGONIST	1	0	Muscarinic acetylcholine receptor M1 antagonist
BRD-K33211335	dextromethorphan	CHEMBL52440	CHEMBL52440	CHEMBL287	Q99720	SIGMAR1		SINGLE PROTEIN	Homo sapiens	AGONIST	1	0	Sigma opioid receptor agonist
BRD-K33211335	dextromethorphan	CHEMBL52440	CHEMBL52440	CHEMBL287	Q99720	SIGMAR1		SINGLE PROTEIN	Homo sapiens	AGONIST	1	0	Sigma opioid receptor agonist
BRD-K42828737	sunitinib	CHEMBL535	CHEMBL535	CHEMBL1936	P10721	KIT	3815	SINGLE PROTEIN	Homo sapiens	INHIBITOR	1	1	Stem cell growth factor receptor inhibitor
BRD-M64432851	sunitinib	CHEMBL535	CHEMBL535	CHEMBL1936	P10721	KIT	3815	SINGLE PROTEIN	Homo sapiens	INHIBITOR	1	1	Stem cell growth factor receptor inhibitor
BRD-A74391928	ibutilide	CHEMBL533	CHEMBL533	CHEMBL240	Q12809	KCNH2		SINGLE PROTEIN	Homo sapiens	BLOCKER	1	0	HERG blocker
BRD-K33211335	dextromethorphan	CHEMBL52440	CHEMBL52440	CHEMBL1972	Q12879	GRIN2A		SINGLE PROTEIN	Homo sapiens	ANTAGONIST	1	0	Glutamate [NMDA] receptor subunit epsilon 1 antagonist
BRD-K33211335	dextromethorphan	CHEMBL52440	CHEMBL52440	CHEMBL1972	Q12879	GRIN2A		SINGLE PROTEIN	Homo sapiens	ANTAGONIST	1	0	Glutamate [NMDA] receptor subunit epsilon 1 antagonist
BRD-K42828737	sunitinib	CHEMBL535	CHEMBL535	CHEMBL1974	P36888	FLT3		SINGLE PROTEIN	Homo sapiens	INHIBITOR	1	0	Tyrosine-protein kinase receptor FLT3 inhibitor
BRD-M64432851	sunitinib	CHEMBL535	CHEMBL535	CHEMBL1974	P36888	FLT3		SINGLE PROTEIN	Homo sapiens	INHIBITOR	1	0	Tyrosine-protein kinase receptor FLT3 inhibitor
BRD-K42828737	sunitinib	CHEMBL535	CHEMBL535	CHEMBL2095189	P09619	PDGFRB		PROTEIN COMPLEX	Homo sapiens	INHIBITOR	1	0	Platelet-derived growth factor receptor inhibitor
BRD-K42828737	sunitinib	CHEMBL535	CHEMBL535	CHEMBL2095189	P16234	PDGFRA		PROTEIN COMPLEX	Homo sapiens	INHIBITOR	1	0	Platelet-derived growth factor receptor inhibitor
BRD-M64432851	sunitinib	CHEMBL535	CHEMBL535	CHEMBL2095189	P09619	PDGFRB		PROTEIN COMPLEX	Homo sapiens	INHIBITOR	1	0	Platelet-derived growth factor receptor inhibitor
BRD-M64432851	sunitinib	CHEMBL535	CHEMBL535	CHEMBL2095189	P16234	PDGFRA		PROTEIN COMPLEX	Homo sapiens	INHIBITOR	1	0	Platelet-derived growth factor receptor inhibitor
BRD-K60770992	pergolide	CHEMBL531	CHEMBL531	CHEMBL2096905	P14416	DRD2		PROTEIN FAMILY	Homo sapiens	AGONIST	1	0	Dopamine receptor agonist
BRD-K60770992	pergolide	CHEMBL531	CHEMBL531	CHEMBL2096905	P35462	DRD3		PROTEIN FAMILY	Homo sapiens	AGONIST	1	0	Dopamine receptor agonist
BRD-K60770992	pergolide	CHEMBL531	CHEMBL531	CHEMBL2096905	P21918	DRD5		PROTEIN FAMILY	Homo sapiens	AGONIST	1	0	Dopamine receptor agonist
BRD-K60770992	pergolide	CHEMBL531	CHEMBL531	CHEMBL2096905	P21917	DRD4		PROTEIN FAMILY	Homo sapiens	AGONIST	1	0	Dopamine receptor agonist
BRD-K60770992	pergolide	CHEMBL531	CHEMBL531	CHEMBL2096905	P21728	DRD1		PROTEIN FAMILY	Homo sapiens	AGONIST	1	0	Dopamine receptor agonist
BRD-A39189014	methoxamine	CHEMBL524	CHEMBL524	CHEMBL2094251	P35348	ADRA1A		PROTEIN FAMILY	Homo sapiens	AGONIST	1	0	Adrenergic receptor alpha-1 agonist
BRD-A39189014	methoxamine	CHEMBL524	CHEMBL524	CHEMBL2094251	P25100	ADRA1D		PROTEIN FAMILY	Homo sapiens	AGONIST	1	0	Adrenergic receptor alpha-1 agonist
BRD-A39189014	methoxamine	CHEMBL524	CHEMBL524	CHEMBL2094251	P35368	ADRA1B		PROTEIN FAMILY	Homo sapiens	AGONIST	1	0	Adrenergic receptor alpha-1 agonist
BRD-K42828737	sunitinib	CHEMBL535	CHEMBL535	CHEMBL2095227	P17948	FLT1		PROTEIN FAMILY	Homo sapiens	INHIBITOR	1	0	Vascular endothelial growth factor receptor inhibitor
BRD-K42828737	sunitinib	CHEMBL535	CHEMBL535	CHEMBL2095227	P35916	FLT4		PROTEIN FAMILY	Homo sapiens	INHIBITOR	1	0	Vascular endothelial growth factor receptor inhibitor
BRD-K42828737	sunitinib	CHEMBL535	CHEMBL535	CHEMBL2095227	P35968	KDR		PROTEIN FAMILY	Homo sapiens	INHIBITOR	1	0	Vascular endothelial growth factor receptor inhibitor
BRD-M64432851	sunitinib	CHEMBL535	CHEMBL535	CHEMBL2095227	P17948	FLT1		PROTEIN FAMILY	Homo sapiens	INHIBITOR	1	0	Vascular endothelial growth factor receptor inhibitor
BRD-M64432851	sunitinib	CHEMBL535	CHEMBL535	CHEMBL2095227	P35916	FLT4		PROTEIN FAMILY	Homo sapiens	INHIBITOR	1	0	Vascular endothelial growth factor receptor inhibitor
BRD-M64432851	sunitinib	CHEMBL535	CHEMBL535	CHEMBL2095227	P35968	KDR		PROTEIN FAMILY	Homo sapiens	INHIBITOR	1	0	Vascular endothelial growth factor receptor inhibitor
BRD-K42828737	sunitinib	CHEMBL535	CHEMBL535	CHEMBL2041	P07949	RET		SINGLE PROTEIN	Homo sapiens	INHIBITOR	1	0	Tyrosine-protein kinase receptor RET inhibitor
BRD-M64432851	sunitinib	CHEMBL535	CHEMBL535	CHEMBL2041	P07949	RET		SINGLE PROTEIN	Homo sapiens	INHIBITOR	1	0	Tyrosine-protein kinase receptor RET inhibitor
BRD-K82255054	propofol	CHEMBL526	CHEMBL526	CHEMBL2093872	P14867	GABRA1		PROTEIN COMPLEX GROUP	Homo sapiens	POSITIVE ALLOSTERIC MODULATOR	1	0	GABA-A receptor; anion channel positive allosteric modulator
BRD-K82255054	propofol	CHEMBL526	CHEMBL526	CHEMBL2093872	P47870	GABRB2		PROTEIN COMPLEX GROUP	Homo sapiens	POSITIVE ALLOSTERIC MODULATOR	1	0	GABA-A receptor; anion channel positive allosteric modulator
BRD-K82255054	propofol	CHEMBL526	CHEMBL526	CHEMBL2093872	P18507	GABRG2		PROTEIN COMPLEX GROUP	Homo sapiens	POSITIVE ALLOSTERIC MODULATOR	1	0	GABA-A receptor; anion channel positive allosteric modulator
BRD-K82255054	propofol	CHEMBL526	CHEMBL526	CHEMBL2093872	P28472	GABRB3		PROTEIN COMPLEX GROUP	Homo sapiens	POSITIVE ALLOSTERIC MODULATOR	1	0	GABA-A receptor; anion channel positive allosteric modulator
BRD-K82255054	propofol	CHEMBL526	CHEMBL526	CHEMBL2093872	P48169	GABRA4		PROTEIN COMPLEX GROUP	Homo sapiens	POSITIVE ALLOSTERIC MODULATOR	1	0	GABA-A receptor; anion channel positive allosteric modulator
BRD-K82255054	propofol	CHEMBL526	CHEMBL526	CHEMBL2093872	Q99928	GABRG3		PROTEIN COMPLEX GROUP	Homo sapiens	POSITIVE ALLOSTERIC MODULATOR	1	0	GABA-A receptor; anion channel positive allosteric modulator
BRD-K82255054	propofol	CHEMBL526	CHEMBL526	CHEMBL2093872	Q9UN88	GABRQ		PROTEIN COMPLEX GROUP	Homo sapiens	POSITIVE ALLOSTERIC MODULATOR	1	0	GABA-A receptor; anion channel positive allosteric modulator
BRD-K82255054	propofol	CHEMBL526	CHEMBL526	CHEMBL2093872	P34903	GABRA3		PROTEIN COMPLEX GROUP	Homo sapiens	POSITIVE ALLOSTERIC MODULATOR	1	0	GABA-A receptor; anion channel positive allosteric modulator
BRD-K82255054	propofol	CHEMBL526	CHEMBL526	CHEMBL2093872	O00591	GABRP		PROTEIN COMPLEX GROUP	Homo sapiens	POSITIVE ALLOSTERIC MODULATOR	1	0	GABA-A receptor; anion channel positive allosteric modulator
BRD-K82255054	propofol	CHEMBL526	CHEMBL526	CHEMBL2093872	O14764	GABRD		PROTEIN COMPLEX GROUP	Homo sapiens	POSITIVE ALLOSTERIC MODULATOR	1	0	GABA-A receptor; anion channel positive allosteric modulator
BRD-K82255054	propofol	CHEMBL526	CHEMBL526	CHEMBL2093872	Q8N1C3	GABRG1		PROTEIN COMPLEX GROUP	Homo sapiens	POSITIVE ALLOSTERIC MODULATOR	1	0	GABA-A receptor; anion channel positive allosteric modulator
BRD-K82255054	propofol	CHEMBL526	CHEMBL526	CHEMBL2093872	P18505	GABRB1		PROTEIN COMPLEX GROUP	Homo sapiens	POSITIVE ALLOSTERIC MODULATOR	1	0	GABA-A receptor; anion channel positive allosteric modulator
BRD-K82255054	propofol	CHEMBL526	CHEMBL526	CHEMBL2093872	P78334	GABRE		PROTEIN COMPLEX GROUP	Homo sapiens	POSITIVE ALLOSTERIC MODULATOR	1	0	GABA-A receptor; anion channel positive allosteric modulator
BRD-K82255054	propofol	CHEMBL526	CHEMBL526	CHEMBL2093872	P47869	GABRA2		PROTEIN COMPLEX GROUP	Homo sapiens	POSITIVE ALLOSTERIC MODULATOR	1	0	GABA-A receptor; anion channel positive allosteric modulator
BRD-K82255054	propofol	CHEMBL526	CHEMBL526	CHEMBL2093872	P31644	GABRA5		PROTEIN COMPLEX GROUP	Homo sapiens	POSITIVE ALLOSTERIC MODULATOR	1	0	GABA-A receptor; anion channel positive allosteric modulator
BRD-K82255054	propofol	CHEMBL526	CHEMBL526	CHEMBL2093872	Q16445	GABRA6		PROTEIN COMPLEX GROUP	Homo sapiens	POSITIVE ALLOSTERIC MODULATOR	1	0	GABA-A receptor; anion channel positive allosteric modulator
BRD-K41051431	mecillinam	CHEMBL530	CHEMBL530	CHEMBL2354313	P0AD65	mrdA		SINGLE PROTEIN	Bacteria	INHIBITOR	1	0	Bacterial penicillin-binding protein 2 inhibitor
BRD-K63550407	erythromycin	CHEMBL532	CHEMBL532	CHEMBL2363135	P0A7V0	rpsB		PROTEIN NUCLEIC-ACID COMPLEX	Bacteria	INHIBITOR	1	0	Bacterial 70S ribosome inhibitor
BRD-K63550407	erythromycin	CHEMBL532	CHEMBL532	CHEMBL2363135	P60723	rplD		PROTEIN NUCLEIC-ACID COMPLEX	Bacteria	INHIBITOR	1	0	Bacterial 70S ribosome inhibitor
BRD-K63550407	erythromycin	CHEMBL532	CHEMBL532	CHEMBL2363135	P0AG67	rpsA		PROTEIN NUCLEIC-ACID COMPLEX	Bacteria	INHIBITOR	1	0	Bacterial 70S ribosome inhibitor
BRD-K63550407	erythromycin	CHEMBL532	CHEMBL532	CHEMBL2363135	P0A7R5	rpsJ		PROTEIN NUCLEIC-ACID COMPLEX	Bacteria	INHIBITOR	1	0	Bacterial 70S ribosome inhibitor
BRD-K63550407	erythromycin	CHEMBL532	CHEMBL532	CHEMBL2363135	P0A7R9	rpsK		PROTEIN NUCLEIC-ACID COMPLEX	Bacteria	INHIBITOR	1	0	Bacterial 70S ribosome inhibitor
BRD-K63550407	erythromycin	CHEMBL532	CHEMBL532	CHEMBL2363135	P0A7S3	rpsL		PROTEIN NUCLEIC-ACID COMPLEX	Bacteria	INHIBITOR	1	0	Bacterial 70S ribosome inhibitor
BRD-K63550407	erythromycin	CHEMBL532	CHEMBL532	CHEMBL2363135	P0A7S9	rpsM		PROTEIN NUCLEIC-ACID COMPLEX	Bacteria	INHIBITOR	1	0	Bacterial 70S ribosome inhibitor
BRD-K63550407	erythromycin	CHEMBL532	CHEMBL532	CHEMBL2363135	P0AG59	rpsN		PROTEIN NUCLEIC-ACID COMPLEX	Bacteria	INHIBITOR	1	0	Bacterial 70S ribosome inhibitor
BRD-K63550407	erythromycin	CHEMBL532	CHEMBL532	CHEMBL2363135	P0ADZ4	rpsO		PROTEIN NUCLEIC-ACID COMPLEX	Bacteria	INHIBITOR	1	0	Bacterial 70S ribosome inhibitor
BRD-K63550407	erythromycin	CHEMBL532	CHEMBL532	CHEMBL2363135	P0A7T3	rpsP		PROTEIN NUCLEIC-ACID COMPLEX	Bacteria	INHIBITOR	1	0	Bacterial 70S ribosome inhibitor
BRD-K63550407	erythromycin	CHEMBL532	CHEMBL532	CHEMBL2363135	P0AG63	rpsQ		PROTEIN NUCLEIC-ACID COMPLEX	Bacteria	INHIBITOR	1	0	Bacterial 70S ribosome inhibitor
BRD-K63550407	erythromycin	CHEMBL532	CHEMBL532	CHEMBL2363135	P0A7T7	rpsR		PROTEIN NUCLEIC-ACID COMPLEX	Bacteria	INHIBITOR	1	0	Bacterial 70S ribosome inhibitor
BRD-K63550407	erythromycin	CHEMBL532	CHEMBL532	CHEMBL2363135	P0A7U3	rpsS		PROTEIN NUCLEIC-ACID COMPLEX	Bacteria	INHIBITOR	1	0	Bacterial 70S ribosome inhibitor
BRD-K63550407	erythromycin	CHEMBL532	CHEMBL532	CHEMBL2363135	P0A7U7	rpsT		PROTEIN NUCLEIC-ACID COMPLEX	Bacteria	INHIBITOR	1	0	Bacterial 70S ribosome inhibitor
BRD-K63550407	erythromycin	CHEMBL532	CHEMBL532	CHEMBL2363135	P68679	rpsU		PROTEIN NUCLEIC-ACID COMPLEX	Bacteria	INHIBITOR	1	0	Bacterial 70S ribosome inhibitor
BRD-K63550407	erythromycin	CHEMBL532	CHEMBL532	CHEMBL2363135	P0A7V3	rpsC		PROTEIN NUCLEIC-ACID COMPLEX	Bacteria	INHIBITOR	1	0	Bacterial 70S ribosome inhibitor
BRD-K63550407	erythromycin	CHEMBL532	CHEMBL532	CHEMBL2363135	P0A7V8	rpsD		PROTEIN NUCLEIC-ACID COMPLEX	Bacteria	INHIBITOR	1	0	Bacterial 70S ribosome inhibitor
BRD-K63550407	erythromycin	CHEMBL532	CHEMBL532	CHEMBL2363135	P0A7W1	rpsE		PROTEIN NUCLEIC-ACID COMPLEX	Bacteria	INHIBITOR	1	0	Bacterial 70S ribosome inhibitor
BRD-K63550407	erythromycin	CHEMBL532	CHEMBL532	CHEMBL2363135	P02358	rpsF		PROTEIN NUCLEIC-ACID COMPLEX	Bacteria	INHIBITOR	1	0	Bacterial 70S ribosome inhibitor
BRD-K63550407	erythromycin	CHEMBL532	CHEMBL532	CHEMBL2363135	P02359	rpsG		PROTEIN NUCLEIC-ACID COMPLEX	Bacteria	INHIBITOR	1	0	Bacterial 70S ribosome inhibitor
BRD-K63550407	erythromycin	CHEMBL532	CHEMBL532	CHEMBL2363135	P0A7W7	rpsH		PROTEIN NUCLEIC-ACID COMPLEX	Bacteria	INHIBITOR	1	0	Bacterial 70S ribosome inhibitor
BRD-K63550407	erythromycin	CHEMBL532	CHEMBL532	CHEMBL2363135	P0A7X3	rpsI		PROTEIN NUCLEIC-ACID COMPLEX	Bacteria	INHIBITOR	1	0	Bacterial 70S ribosome inhibitor
BRD-K63550407	erythromycin	CHEMBL532	CHEMBL532	CHEMBL2363135	P0A7J3	rplJ		PROTEIN NUCLEIC-ACID COMPLEX	Bacteria	INHIBITOR	1	0	Bacterial 70S ribosome inhibitor
BRD-K63550407	erythromycin	CHEMBL532	CHEMBL532	CHEMBL2363135	P0A7J7	rplK		PROTEIN NUCLEIC-ACID COMPLEX	Bacteria	INHIBITOR	1	0	Bacterial 70S ribosome inhibitor
BRD-K63550407	erythromycin	CHEMBL532	CHEMBL532	CHEMBL2363135	P0AA10	rplM		PROTEIN NUCLEIC-ACID COMPLEX	Bacteria	INHIBITOR	1	0	Bacterial 70S ribosome inhibitor
BRD-K63550407	erythromycin	CHEMBL532	CHEMBL532	CHEMBL2363135	P0ADY3	rplN		PROTEIN NUCLEIC-ACID COMPLEX	Bacteria	INHIBITOR	1	0	Bacterial 70S ribosome inhibitor
BRD-K63550407	erythromycin	CHEMBL532	CHEMBL532	CHEMBL2363135	P02413	rplO		PROTEIN NUCLEIC-ACID COMPLEX	Bacteria	INHIBITOR	1	0	Bacterial 70S ribosome inhibitor
BRD-K63550407	erythromycin	CHEMBL532	CHEMBL532	CHEMBL2363135	P0ADY7	rplP		PROTEIN NUCLEIC-ACID COMPLEX	Bacteria	INHIBITOR	1	0	Bacterial 70S ribosome inhibitor
BRD-K63550407	erythromycin	CHEMBL532	CHEMBL532	CHEMBL2363135	P0AG44	rplQ		PROTEIN NUCLEIC-ACID COMPLEX	Bacteria	INHIBITOR	1	0	Bacterial 70S ribosome inhibitor
BRD-K63550407	erythromycin	CHEMBL532	CHEMBL532	CHEMBL2363135	P0C018	rplR		PROTEIN NUCLEIC-ACID COMPLEX	Bacteria	INHIBITOR	1	0	Bacterial 70S ribosome inhibitor
BRD-K63550407	erythromycin	CHEMBL532	CHEMBL532	CHEMBL2363135	P0A7K6	rplS		PROTEIN NUCLEIC-ACID COMPLEX	Bacteria	INHIBITOR	1	0	Bacterial 70S ribosome inhibitor
BRD-K63550407	erythromycin	CHEMBL532	CHEMBL532	CHEMBL2363135	P0A7L0	rplA		PROTEIN NUCLEIC-ACID COMPLEX	Bacteria	INHIBITOR	1	0	Bacterial 70S ribosome inhibitor
BRD-K63550407	erythromycin	CHEMBL532	CHEMBL532	CHEMBL2363135	P0A7L3	rplT		PROTEIN NUCLEIC-ACID COMPLEX	Bacteria	INHIBITOR	1	0	Bacterial 70S ribosome inhibitor
BRD-K63550407	erythromycin	CHEMBL532	CHEMBL532	CHEMBL2363135	P0AG48	rplU		PROTEIN NUCLEIC-ACID COMPLEX	Bacteria	INHIBITOR	1	0	Bacterial 70S ribosome inhibitor
BRD-K63550407	erythromycin	CHEMBL532	CHEMBL532	CHEMBL2363135	P61175	rplV		PROTEIN NUCLEIC-ACID COMPLEX	Bacteria	INHIBITOR	1	0	Bacterial 70S ribosome inhibitor
BRD-K63550407	erythromycin	CHEMBL532	CHEMBL532	CHEMBL2363135	P0ADZ0	rplW		PROTEIN NUCLEIC-ACID COMPLEX	Bacteria	INHIBITOR	1	0	Bacterial 70S ribosome inhibitor
BRD-K63550407	erythromycin	CHEMBL532	CHEMBL532	CHEMBL2363135	P60624	rplX		PROTEIN NUCLEIC-ACID COMPLEX	Bacteria	INHIBITOR	1	0	Bacterial 70S ribosome inhibitor
BRD-K63550407	erythromycin	CHEMBL532	CHEMBL532	CHEMBL2363135	P68919	rplY		PROTEIN NUCLEIC-ACID COMPLEX	Bacteria	INHIBITOR	1	0	Bacterial 70S ribosome inhibitor
BRD-K63550407	erythromycin	CHEMBL532	CHEMBL532	CHEMBL2363135	P0A7L8	rpmA		PROTEIN NUCLEIC-ACID COMPLEX	Bacteria	INHIBITOR	1	0	Bacterial 70S ribosome inhibitor
BRD-K63550407	erythromycin	CHEMBL532	CHEMBL532	CHEMBL2363135	P0A7M2	rpmB		PROTEIN NUCLEIC-ACID COMPLEX	Bacteria	INHIBITOR	1	0	Bacterial 70S ribosome inhibitor
BRD-K63550407	erythromycin	CHEMBL532	CHEMBL532	CHEMBL2363135	P0A7M6	rpmC		PROTEIN NUCLEIC-ACID COMPLEX	Bacteria	INHIBITOR	1	0	Bacterial 70S ribosome inhibitor
BRD-K63550407	erythromycin	CHEMBL532	CHEMBL532	CHEMBL2363135	P60422	rplB		PROTEIN NUCLEIC-ACID COMPLEX	Bacteria	INHIBITOR	1	0	Bacterial 70S ribosome inhibitor
BRD-K63550407	erythromycin	CHEMBL532	CHEMBL532	CHEMBL2363135	P0AG51	rpmD		PROTEIN NUCLEIC-ACID COMPLEX	Bacteria	INHIBITOR	1	0	Bacterial 70S ribosome inhibitor
BRD-K63550407	erythromycin	CHEMBL532	CHEMBL532	CHEMBL2363135	P0A7N1	ykgM		PROTEIN NUCLEIC-ACID COMPLEX	Bacteria	INHIBITOR	1	0	Bacterial 70S ribosome inhibitor
BRD-K63550407	erythromycin	CHEMBL532	CHEMBL532	CHEMBL2363135	P0A7M9	rpmE		PROTEIN NUCLEIC-ACID COMPLEX	Bacteria	INHIBITOR	1	0	Bacterial 70S ribosome inhibitor
BRD-K63550407	erythromycin	CHEMBL532	CHEMBL532	CHEMBL2363135	P0A7N4	rpmF		PROTEIN NUCLEIC-ACID COMPLEX	Bacteria	INHIBITOR	1	0	Bacterial 70S ribosome inhibitor
BRD-K63550407	erythromycin	CHEMBL532	CHEMBL532	CHEMBL2363135	P0A7N9	rpmG		PROTEIN NUCLEIC-ACID COMPLEX	Bacteria	INHIBITOR	1	0	Bacterial 70S ribosome inhibitor
BRD-K63550407	erythromycin	CHEMBL532	CHEMBL532	CHEMBL2363135	P0A7P5	rpmH		PROTEIN NUCLEIC-ACID COMPLEX	Bacteria	INHIBITOR	1	0	Bacterial 70S ribosome inhibitor
BRD-K63550407	erythromycin	CHEMBL532	CHEMBL532	CHEMBL2363135	P0A7Q1	rpmI		PROTEIN NUCLEIC-ACID COMPLEX	Bacteria	INHIBITOR	1	0	Bacterial 70S ribosome inhibitor
BRD-K63550407	erythromycin	CHEMBL532	CHEMBL532	CHEMBL2363135	Q2EEQ2	rpmJ2		PROTEIN NUCLEIC-ACID COMPLEX	Bacteria	INHIBITOR	1	0	Bacterial 70S ribosome inhibitor
BRD-K63550407	erythromycin	CHEMBL532	CHEMBL532	CHEMBL2363135	P0A7Q6	rpmJ1		PROTEIN NUCLEIC-ACID COMPLEX	Bacteria	INHIBITOR	1	0	Bacterial 70S ribosome inhibitor
BRD-K63550407	erythromycin	CHEMBL532	CHEMBL532	CHEMBL2363135	P60438	rplC		PROTEIN NUCLEIC-ACID COMPLEX	Bacteria	INHIBITOR	1	0	Bacterial 70S ribosome inhibitor
BRD-K63550407	erythromycin	CHEMBL532	CHEMBL532	CHEMBL2363135	P62399	rplE		PROTEIN NUCLEIC-ACID COMPLEX	Bacteria	INHIBITOR	1	0	Bacterial 70S ribosome inhibitor
BRD-K63550407	erythromycin	CHEMBL532	CHEMBL532	CHEMBL2363135	P0AG55	rplF		PROTEIN NUCLEIC-ACID COMPLEX	Bacteria	INHIBITOR	1	0	Bacterial 70S ribosome inhibitor
BRD-K63550407	erythromycin	CHEMBL532	CHEMBL532	CHEMBL2363135	P0A7K2	rplL		PROTEIN NUCLEIC-ACID COMPLEX	Bacteria	INHIBITOR	1	0	Bacterial 70S ribosome inhibitor
BRD-K63550407	erythromycin	CHEMBL532	CHEMBL532	CHEMBL2363135	P0A7V0	rpsB		PROTEIN NUCLEIC-ACID COMPLEX	Bacteria	INHIBITOR	1	0	Bacterial 70S ribosome inhibitor
BRD-K63550407	erythromycin	CHEMBL532	CHEMBL532	CHEMBL2363135	P60723	rplD		PROTEIN NUCLEIC-ACID COMPLEX	Bacteria	INHIBITOR	1	0	Bacterial 70S ribosome inhibitor
BRD-K63550407	erythromycin	CHEMBL532	CHEMBL532	CHEMBL2363135	P0AG67	rpsA		PROTEIN NUCLEIC-ACID COMPLEX	Bacteria	INHIBITOR	1	0	Bacterial 70S ribosome inhibitor
BRD-K63550407	erythromycin	CHEMBL532	CHEMBL532	CHEMBL2363135	P0A7R5	rpsJ		PROTEIN NUCLEIC-ACID COMPLEX	Bacteria	INHIBITOR	1	0	Bacterial 70S ribosome inhibitor
BRD-K63550407	erythromycin	CHEMBL532	CHEMBL532	CHEMBL2363135	P0A7R9	rpsK		PROTEIN NUCLEIC-ACID COMPLEX	Bacteria	INHIBITOR	1	0	Bacterial 70S ribosome inhibitor
BRD-K63550407	erythromycin	CHEMBL532	CHEMBL532	CHEMBL2363135	P0A7S3	rpsL		PROTEIN NUCLEIC-ACID COMPLEX	Bacteria	INHIBITOR	1	0	Bacterial 70S ribosome inhibitor
BRD-K63550407	erythromycin	CHEMBL532	CHEMBL532	CHEMBL2363135	P0A7S9	rpsM		PROTEIN NUCLEIC-ACID COMPLEX	Bacteria	INHIBITOR	1	0	Bacterial 70S ribosome inhibitor
BRD-K63550407	erythromycin	CHEMBL532	CHEMBL532	CHEMBL2363135	P0AG59	rpsN		PROTEIN NUCLEIC-ACID COMPLEX	Bacteria	INHIBITOR	1	0	Bacterial 70S ribosome inhibitor
BRD-K63550407	erythromycin	CHEMBL532	CHEMBL532	CHEMBL2363135	P0ADZ4	rpsO		PROTEIN NUCLEIC-ACID COMPLEX	Bacteria	INHIBITOR	1	0	Bacterial 70S ribosome inhibitor
BRD-K63550407	erythromycin	CHEMBL532	CHEMBL532	CHEMBL2363135	P0A7T3	rpsP		PROTEIN NUCLEIC-ACID COMPLEX	Bacteria	INHIBITOR	1	0	Bacterial 70S ribosome inhibitor
BRD-K63550407	erythromycin	CHEMBL532	CHEMBL532	CHEMBL2363135	P0AG63	rpsQ		PROTEIN NUCLEIC-ACID COMPLEX	Bacteria	INHIBITOR	1	0	Bacterial 70S ribosome inhibitor
BRD-K63550407	erythromycin	CHEMBL532	CHEMBL532	CHEMBL2363135	P0A7T7	rpsR		PROTEIN NUCLEIC-ACID COMPLEX	Bacteria	INHIBITOR	1	0	Bacterial 70S ribosome inhibitor
BRD-K63550407	erythromycin	CHEMBL532	CHEMBL532	CHEMBL2363135	P0A7U3	rpsS		PROTEIN NUCLEIC-ACID COMPLEX	Bacteria	INHIBITOR	1	0	Bacterial 70S ribosome inhibitor
BRD-K63550407	erythromycin	CHEMBL532	CHEMBL532	CHEMBL2363135	P0A7U7	rpsT		PROTEIN NUCLEIC-ACID COMPLEX	Bacteria	INHIBITOR	1	0	Bacterial 70S ribosome inhibitor
BRD-K63550407	erythromycin	CHEMBL532	CHEMBL532	CHEMBL2363135	P68679	rpsU		PROTEIN NUCLEIC-ACID COMPLEX	Bacteria	INHIBITOR	1	0	Bacterial 70S ribosome inhibitor
BRD-K63550407	erythromycin	CHEMBL532	CHEMBL532	CHEMBL2363135	P0A7V3	rpsC		PROTEIN NUCLEIC-ACID COMPLEX	Bacteria	INHIBITOR	1	0	Bacterial 70S ribosome inhibitor
BRD-K63550407	erythromycin	CHEMBL532	CHEMBL532	CHEMBL2363135	P0A7V8	rpsD		PROTEIN NUCLEIC-ACID COMPLEX	Bacteria	INHIBITOR	1	0	Bacterial 70S ribosome inhibitor
BRD-K63550407	erythromycin	CHEMBL532	CHEMBL532	CHEMBL2363135	P0A7W1	rpsE		PROTEIN NUCLEIC-ACID COMPLEX	Bacteria	INHIBITOR	1	0	Bacterial 70S ribosome inhibitor
BRD-K63550407	erythromycin	CHEMBL532	CHEMBL532	CHEMBL2363135	P02358	rpsF		PROTEIN NUCLEIC-ACID COMPLEX	Bacteria	INHIBITOR	1	0	Bacterial 70S ribosome inhibitor
BRD-K63550407	erythromycin	CHEMBL532	CHEMBL532	CHEMBL2363135	P02359	rpsG		PROTEIN NUCLEIC-ACID COMPLEX	Bacteria	INHIBITOR	1	0	Bacterial 70S ribosome inhibitor
BRD-K63550407	erythromycin	CHEMBL532	CHEMBL532	CHEMBL2363135	P0A7W7	rpsH		PROTEIN NUCLEIC-ACID COMPLEX	Bacteria	INHIBITOR	1	0	Bacterial 70S ribosome inhibitor
BRD-K63550407	erythromycin	CHEMBL532	CHEMBL532	CHEMBL2363135	P0A7X3	rpsI		PROTEIN NUCLEIC-ACID COMPLEX	Bacteria	INHIBITOR	1	0	Bacterial 70S ribosome inhibitor
BRD-K63550407	erythromycin	CHEMBL532	CHEMBL532	CHEMBL2363135	P0A7J3	rplJ		PROTEIN NUCLEIC-ACID COMPLEX	Bacteria	INHIBITOR	1	0	Bacterial 70S ribosome inhibitor
BRD-K63550407	erythromycin	CHEMBL532	CHEMBL532	CHEMBL2363135	P0A7J7	rplK		PROTEIN NUCLEIC-ACID COMPLEX	Bacteria	INHIBITOR	1	0	Bacterial 70S ribosome inhibitor
BRD-K63550407	erythromycin	CHEMBL532	CHEMBL532	CHEMBL2363135	P0AA10	rplM		PROTEIN NUCLEIC-ACID COMPLEX	Bacteria	INHIBITOR	1	0	Bacterial 70S ribosome inhibitor
BRD-K63550407	erythromycin	CHEMBL532	CHEMBL532	CHEMBL2363135	P0ADY3	rplN		PROTEIN NUCLEIC-ACID COMPLEX	Bacteria	INHIBITOR	1	0	Bacterial 70S ribosome inhibitor
BRD-K63550407	erythromycin	CHEMBL532	CHEMBL532	CHEMBL2363135	P02413	rplO		PROTEIN NUCLEIC-ACID COMPLEX	Bacteria	INHIBITOR	1	0	Bacterial 70S ribosome inhibitor
BRD-K63550407	erythromycin	CHEMBL532	CHEMBL532	CHEMBL2363135	P0ADY7	rplP		PROTEIN NUCLEIC-ACID COMPLEX	Bacteria	INHIBITOR	1	0	Bacterial 70S ribosome inhibitor
BRD-K63550407	erythromycin	CHEMBL532	CHEMBL532	CHEMBL2363135	P0AG44	rplQ		PROTEIN NUCLEIC-ACID COMPLEX	Bacteria	INHIBITOR	1	0	Bacterial 70S ribosome inhibitor
BRD-K63550407	erythromycin	CHEMBL532	CHEMBL532	CHEMBL2363135	P0C018	rplR		PROTEIN NUCLEIC-ACID COMPLEX	Bacteria	INHIBITOR	1	0	Bacterial 70S ribosome inhibitor
BRD-K63550407	erythromycin	CHEMBL532	CHEMBL532	CHEMBL2363135	P0A7K6	rplS		PROTEIN NUCLEIC-ACID COMPLEX	Bacteria	INHIBITOR	1	0	Bacterial 70S ribosome inhibitor
BRD-K63550407	erythromycin	CHEMBL532	CHEMBL532	CHEMBL2363135	P0A7L0	rplA		PROTEIN NUCLEIC-ACID COMPLEX	Bacteria	INHIBITOR	1	0	Bacterial 70S ribosome inhibitor
BRD-K63550407	erythromycin	CHEMBL532	CHEMBL532	CHEMBL2363135	P0A7L3	rplT		PROTEIN NUCLEIC-ACID COMPLEX	Bacteria	INHIBITOR	1	0	Bacterial 70S ribosome inhibitor
BRD-K63550407	erythromycin	CHEMBL532	CHEMBL532	CHEMBL2363135	P0AG48	rplU		PROTEIN NUCLEIC-ACID COMPLEX	Bacteria	INHIBITOR	1	0	Bacterial 70S ribosome inhibitor
BRD-K63550407	erythromycin	CHEMBL532	CHEMBL532	CHEMBL2363135	P61175	rplV		PROTEIN NUCLEIC-ACID COMPLEX	Bacteria	INHIBITOR	1	0	Bacterial 70S ribosome inhibitor
BRD-K63550407	erythromycin	CHEMBL532	CHEMBL532	CHEMBL2363135	P0ADZ0	rplW		PROTEIN NUCLEIC-ACID COMPLEX	Bacteria	INHIBITOR	1	0	Bacterial 70S ribosome inhibitor
BRD-K63550407	erythromycin	CHEMBL532	CHEMBL532	CHEMBL2363135	P60624	rplX		PROTEIN NUCLEIC-ACID COMPLEX	Bacteria	INHIBITOR	1	0	Bacterial 70S ribosome inhibitor
BRD-K63550407	erythromycin	CHEMBL532	CHEMBL532	CHEMBL2363135	P68919	rplY		PROTEIN NUCLEIC-ACID COMPLEX	Bacteria	INHIBITOR	1	0	Bacterial 70S ribosome inhibitor
BRD-K63550407	erythromycin	CHEMBL532	CHEMBL532	CHEMBL2363135	P0A7L8	rpmA		PROTEIN NUCLEIC-ACID COMPLEX	Bacteria	INHIBITOR	1	0	Bacterial 70S ribosome inhibitor
BRD-K63550407	erythromycin	CHEMBL532	CHEMBL532	CHEMBL2363135	P0A7M2	rpmB		PROTEIN NUCLEIC-ACID COMPLEX	Bacteria	INHIBITOR	1	0	Bacterial 70S ribosome inhibitor
BRD-K63550407	erythromycin	CHEMBL532	CHEMBL532	CHEMBL2363135	P0A7M6	rpmC		PROTEIN NUCLEIC-ACID COMPLEX	Bacteria	INHIBITOR	1	0	Bacterial 70S ribosome inhibitor
BRD-K63550407	erythromycin	CHEMBL532	CHEMBL532	CHEMBL2363135	P60422	rplB		PROTEIN NUCLEIC-ACID COMPLEX	Bacteria	INHIBITOR	1	0	Bacterial 70S ribosome inhibitor
BRD-K63550407	erythromycin	CHEMBL532	CHEMBL532	CHEMBL2363135	P0AG51	rpmD		PROTEIN NUCLEIC-ACID COMPLEX	Bacteria	INHIBITOR	1	0	Bacterial 70S ribosome inhibitor
BRD-K63550407	erythromycin	CHEMBL532	CHEMBL532	CHEMBL2363135	P0A7N1	ykgM		PROTEIN NUCLEIC-ACID COMPLEX	Bacteria	INHIBITOR	1	0	Bacterial 70S ribosome inhibitor
BRD-K63550407	erythromycin	CHEMBL532	CHEMBL532	CHEMBL2363135	P0A7M9	rpmE		PROTEIN NUCLEIC-ACID COMPLEX	Bacteria	INHIBITOR	1	0	Bacterial 70S ribosome inhibitor
BRD-K63550407	erythromycin	CHEMBL532	CHEMBL532	CHEMBL2363135	P0A7N4	rpmF		PROTEIN NUCLEIC-ACID COMPLEX	Bacteria	INHIBITOR	1	0	Bacterial 70S ribosome inhibitor
BRD-K63550407	erythromycin	CHEMBL532	CHEMBL532	CHEMBL2363135	P0A7N9	rpmG		PROTEIN NUCLEIC-ACID COMPLEX	Bacteria	INHIBITOR	1	0	Bacterial 70S ribosome inhibitor
BRD-K63550407	erythromycin	CHEMBL532	CHEMBL532	CHEMBL2363135	P0A7P5	rpmH		PROTEIN NUCLEIC-ACID COMPLEX	Bacteria	INHIBITOR	1	0	Bacterial 70S ribosome inhibitor
BRD-K63550407	erythromycin	CHEMBL532	CHEMBL532	CHEMBL2363135	P0A7Q1	rpmI		PROTEIN NUCLEIC-ACID COMPLEX	Bacteria	INHIBITOR	1	0	Bacterial 70S ribosome inhibitor
BRD-K63550407	erythromycin	CHEMBL532	CHEMBL532	CHEMBL2363135	Q2EEQ2	rpmJ2		PROTEIN NUCLEIC-ACID COMPLEX	Bacteria	INHIBITOR	1	0	Bacterial 70S ribosome inhibitor
BRD-K63550407	erythromycin	CHEMBL532	CHEMBL532	CHEMBL2363135	P0A7Q6	rpmJ1		PROTEIN NUCLEIC-ACID COMPLEX	Bacteria	INHIBITOR	1	0	Bacterial 70S ribosome inhibitor
BRD-K63550407	erythromycin	CHEMBL532	CHEMBL532	CHEMBL2363135	P60438	rplC		PROTEIN NUCLEIC-ACID COMPLEX	Bacteria	INHIBITOR	1	0	Bacterial 70S ribosome inhibitor
BRD-K63550407	erythromycin	CHEMBL532	CHEMBL532	CHEMBL2363135	P62399	rplE		PROTEIN NUCLEIC-ACID COMPLEX	Bacteria	INHIBITOR	1	0	Bacterial 70S ribosome inhibitor
BRD-K63550407	erythromycin	CHEMBL532	CHEMBL532	CHEMBL2363135	P0AG55	rplF		PROTEIN NUCLEIC-ACID COMPLEX	Bacteria	INHIBITOR	1	0	Bacterial 70S ribosome inhibitor
BRD-K63550407	erythromycin	CHEMBL532	CHEMBL532	CHEMBL2363135	P0A7K2	rplL		PROTEIN NUCLEIC-ACID COMPLEX	Bacteria	INHIBITOR	1	0	Bacterial 70S ribosome inhibitor
BRD-K63550407	erythromycin	CHEMBL532	CHEMBL532	CHEMBL2363135	P0A7V0	rpsB		PROTEIN NUCLEIC-ACID COMPLEX	Bacteria	INHIBITOR	1	0	Bacterial 70S ribosome inhibitor
BRD-K63550407	erythromycin	CHEMBL532	CHEMBL532	CHEMBL2363135	P60723	rplD		PROTEIN NUCLEIC-ACID COMPLEX	Bacteria	INHIBITOR	1	0	Bacterial 70S ribosome inhibitor
BRD-K63550407	erythromycin	CHEMBL532	CHEMBL532	CHEMBL2363135	P0AG67	rpsA		PROTEIN NUCLEIC-ACID COMPLEX	Bacteria	INHIBITOR	1	0	Bacterial 70S ribosome inhibitor
BRD-K63550407	erythromycin	CHEMBL532	CHEMBL532	CHEMBL2363135	P0A7R5	rpsJ		PROTEIN NUCLEIC-ACID COMPLEX	Bacteria	INHIBITOR	1	0	Bacterial 70S ribosome inhibitor
BRD-K63550407	erythromycin	CHEMBL532	CHEMBL532	CHEMBL2363135	P0A7R9	rpsK		PROTEIN NUCLEIC-ACID COMPLEX	Bacteria	INHIBITOR	1	0	Bacterial 70S ribosome inhibitor
BRD-K63550407	erythromycin	CHEMBL532	CHEMBL532	CHEMBL2363135	P0A7S3	rpsL		PROTEIN NUCLEIC-ACID COMPLEX	Bacteria	INHIBITOR	1	0	Bacterial 70S ribosome inhibitor
BRD-K63550407	erythromycin	CHEMBL532	CHEMBL532	CHEMBL2363135	P0A7S9	rpsM		PROTEIN NUCLEIC-ACID COMPLEX	Bacteria	INHIBITOR	1	0	Bacterial 70S ribosome inhibitor
BRD-K63550407	erythromycin	CHEMBL532	CHEMBL532	CHEMBL2363135	P0AG59	rpsN		PROTEIN NUCLEIC-ACID COMPLEX	Bacteria	INHIBITOR	1	0	Bacterial 70S ribosome inhibitor
BRD-K63550407	erythromycin	CHEMBL532	CHEMBL532	CHEMBL2363135	P0ADZ4	rpsO		PROTEIN NUCLEIC-ACID COMPLEX	Bacteria	INHIBITOR	1	0	Bacterial 70S ribosome inhibitor
BRD-K63550407	erythromycin	CHEMBL532	CHEMBL532	CHEMBL2363135	P0A7T3	rpsP		PROTEIN NUCLEIC-ACID COMPLEX	Bacteria	INHIBITOR	1	0	Bacterial 70S ribosome inhibitor
BRD-K63550407	erythromycin	CHEMBL532	CHEMBL532	CHEMBL2363135	P0AG63	rpsQ		PROTEIN NUCLEIC-ACID COMPLEX	Bacteria	INHIBITOR	1	0	Bacterial 70S ribosome inhibitor
BRD-K63550407	erythromycin	CHEMBL532	CHEMBL532	CHEMBL2363135	P0A7T7	rpsR		PROTEIN NUCLEIC-ACID COMPLEX	Bacteria	INHIBITOR	1	0	Bacterial 70S ribosome inhibitor
BRD-K63550407	erythromycin	CHEMBL532	CHEMBL532	CHEMBL2363135	P0A7U3	rpsS		PROTEIN NUCLEIC-ACID COMPLEX	Bacteria	INHIBITOR	1	0	Bacterial 70S ribosome inhibitor
BRD-K63550407	erythromycin	CHEMBL532	CHEMBL532	CHEMBL2363135	P0A7U7	rpsT		PROTEIN NUCLEIC-ACID COMPLEX	Bacteria	INHIBITOR	1	0	Bacterial 70S ribosome inhibitor
BRD-K63550407	erythromycin	CHEMBL532	CHEMBL532	CHEMBL2363135	P68679	rpsU		PROTEIN NUCLEIC-ACID COMPLEX	Bacteria	INHIBITOR	1	0	Bacterial 70S ribosome inhibitor
BRD-K63550407	erythromycin	CHEMBL532	CHEMBL532	CHEMBL2363135	P0A7V3	rpsC		PROTEIN NUCLEIC-ACID COMPLEX	Bacteria	INHIBITOR	1	0	Bacterial 70S ribosome inhibitor
BRD-K63550407	erythromycin	CHEMBL532	CHEMBL532	CHEMBL2363135	P0A7V8	rpsD		PROTEIN NUCLEIC-ACID COMPLEX	Bacteria	INHIBITOR	1	0	Bacterial 70S ribosome inhibitor
BRD-K63550407	erythromycin	CHEMBL532	CHEMBL532	CHEMBL2363135	P0A7W1	rpsE		PROTEIN NUCLEIC-ACID COMPLEX	Bacteria	INHIBITOR	1	0	Bacterial 70S ribosome inhibitor
BRD-K63550407	erythromycin	CHEMBL532	CHEMBL532	CHEMBL2363135	P02358	rpsF		PROTEIN NUCLEIC-ACID COMPLEX	Bacteria	INHIBITOR	1	0	Bacterial 70S ribosome inhibitor
BRD-K63550407	erythromycin	CHEMBL532	CHEMBL532	CHEMBL2363135	P02359	rpsG		PROTEIN NUCLEIC-ACID COMPLEX	Bacteria	INHIBITOR	1	0	Bacterial 70S ribosome inhibitor
BRD-K63550407	erythromycin	CHEMBL532	CHEMBL532	CHEMBL2363135	P0A7W7	rpsH		PROTEIN NUCLEIC-ACID COMPLEX	Bacteria	INHIBITOR	1	0	Bacterial 70S ribosome inhibitor
BRD-K63550407	erythromycin	CHEMBL532	CHEMBL532	CHEMBL2363135	P0A7X3	rpsI		PROTEIN NUCLEIC-ACID COMPLEX	Bacteria	INHIBITOR	1	0	Bacterial 70S ribosome inhibitor
BRD-K63550407	erythromycin	CHEMBL532	CHEMBL532	CHEMBL2363135	P0A7J3	rplJ		PROTEIN NUCLEIC-ACID COMPLEX	Bacteria	INHIBITOR	1	0	Bacterial 70S ribosome inhibitor
BRD-K63550407	erythromycin	CHEMBL532	CHEMBL532	CHEMBL2363135	P0A7J7	rplK		PROTEIN NUCLEIC-ACID COMPLEX	Bacteria	INHIBITOR	1	0	Bacterial 70S ribosome inhibitor
BRD-K63550407	erythromycin	CHEMBL532	CHEMBL532	CHEMBL2363135	P0AA10	rplM		PROTEIN NUCLEIC-ACID COMPLEX	Bacteria	INHIBITOR	1	0	Bacterial 70S ribosome inhibitor
BRD-K63550407	erythromycin	CHEMBL532	CHEMBL532	CHEMBL2363135	P0ADY3	rplN		PROTEIN NUCLEIC-ACID COMPLEX	Bacteria	INHIBITOR	1	0	Bacterial 70S ribosome inhibitor
BRD-K63550407	erythromycin	CHEMBL532	CHEMBL532	CHEMBL2363135	P02413	rplO		PROTEIN NUCLEIC-ACID COMPLEX	Bacteria	INHIBITOR	1	0	Bacterial 70S ribosome inhibitor
BRD-K63550407	erythromycin	CHEMBL532	CHEMBL532	CHEMBL2363135	P0ADY7	rplP		PROTEIN NUCLEIC-ACID COMPLEX	Bacteria	INHIBITOR	1	0	Bacterial 70S ribosome inhibitor
BRD-K63550407	erythromycin	CHEMBL532	CHEMBL532	CHEMBL2363135	P0AG44	rplQ		PROTEIN NUCLEIC-ACID COMPLEX	Bacteria	INHIBITOR	1	0	Bacterial 70S ribosome inhibitor
BRD-K63550407	erythromycin	CHEMBL532	CHEMBL532	CHEMBL2363135	P0C018	rplR		PROTEIN NUCLEIC-ACID COMPLEX	Bacteria	INHIBITOR	1	0	Bacterial 70S ribosome inhibitor
BRD-K63550407	erythromycin	CHEMBL532	CHEMBL532	CHEMBL2363135	P0A7K6	rplS		PROTEIN NUCLEIC-ACID COMPLEX	Bacteria	INHIBITOR	1	0	Bacterial 70S ribosome inhibitor
BRD-K63550407	erythromycin	CHEMBL532	CHEMBL532	CHEMBL2363135	P0A7L0	rplA		PROTEIN NUCLEIC-ACID COMPLEX	Bacteria	INHIBITOR	1	0	Bacterial 70S ribosome inhibitor
BRD-K63550407	erythromycin	CHEMBL532	CHEMBL532	CHEMBL2363135	P0A7L3	rplT		PROTEIN NUCLEIC-ACID COMPLEX	Bacteria	INHIBITOR	1	0	Bacterial 70S ribosome inhibitor
BRD-K63550407	erythromycin	CHEMBL532	CHEMBL532	CHEMBL2363135	P0AG48	rplU		PROTEIN NUCLEIC-ACID COMPLEX	Bacteria	INHIBITOR	1	0	Bacterial 70S ribosome inhibitor
BRD-K63550407	erythromycin	CHEMBL532	CHEMBL532	CHEMBL2363135	P61175	rplV		PROTEIN NUCLEIC-ACID COMPLEX	Bacteria	INHIBITOR	1	0	Bacterial 70S ribosome inhibitor
BRD-K63550407	erythromycin	CHEMBL532	CHEMBL532	CHEMBL2363135	P0ADZ0	rplW		PROTEIN NUCLEIC-ACID COMPLEX	Bacteria	INHIBITOR	1	0	Bacterial 70S ribosome inhibitor
BRD-K63550407	erythromycin	CHEMBL532	CHEMBL532	CHEMBL2363135	P60624	rplX		PROTEIN NUCLEIC-ACID COMPLEX	Bacteria	INHIBITOR	1	0	Bacterial 70S ribosome inhibitor
BRD-K63550407	erythromycin	CHEMBL532	CHEMBL532	CHEMBL2363135	P68919	rplY		PROTEIN NUCLEIC-ACID COMPLEX	Bacteria	INHIBITOR	1	0	Bacterial 70S ribosome inhibitor
BRD-K63550407	erythromycin	CHEMBL532	CHEMBL532	CHEMBL2363135	P0A7L8	rpmA		PROTEIN NUCLEIC-ACID COMPLEX	Bacteria	INHIBITOR	1	0	Bacterial 70S ribosome inhibitor
BRD-K63550407	erythromycin	CHEMBL532	CHEMBL532	CHEMBL2363135	P0A7M2	rpmB		PROTEIN NUCLEIC-ACID COMPLEX	Bacteria	INHIBITOR	1	0	Bacterial 70S ribosome inhibitor
BRD-K63550407	erythromycin	CHEMBL532	CHEMBL532	CHEMBL2363135	P0A7M6	rpmC		PROTEIN NUCLEIC-ACID COMPLEX	Bacteria	INHIBITOR	1	0	Bacterial 70S ribosome inhibitor
BRD-K63550407	erythromycin	CHEMBL532	CHEMBL532	CHEMBL2363135	P60422	rplB		PROTEIN NUCLEIC-ACID COMPLEX	Bacteria	INHIBITOR	1	0	Bacterial 70S ribosome inhibitor
BRD-K63550407	erythromycin	CHEMBL532	CHEMBL532	CHEMBL2363135	P0AG51	rpmD		PROTEIN NUCLEIC-ACID COMPLEX	Bacteria	INHIBITOR	1	0	Bacterial 70S ribosome inhibitor
BRD-K63550407	erythromycin	CHEMBL532	CHEMBL532	CHEMBL2363135	P0A7N1	ykgM		PROTEIN NUCLEIC-ACID COMPLEX	Bacteria	INHIBITOR	1	0	Bacterial 70S ribosome inhibitor
BRD-K63550407	erythromycin	CHEMBL532	CHEMBL532	CHEMBL2363135	P0A7M9	rpmE		PROTEIN NUCLEIC-ACID COMPLEX	Bacteria	INHIBITOR	1	0	Bacterial 70S ribosome inhibitor
BRD-K63550407	erythromycin	CHEMBL532	CHEMBL532	CHEMBL2363135	P0A7N4	rpmF		PROTEIN NUCLEIC-ACID COMPLEX	Bacteria	INHIBITOR	1	0	Bacterial 70S ribosome inhibitor
BRD-K63550407	erythromycin	CHEMBL532	CHEMBL532	CHEMBL2363135	P0A7N9	rpmG		PROTEIN NUCLEIC-ACID COMPLEX	Bacteria	INHIBITOR	1	0	Bacterial 70S ribosome inhibitor
BRD-K63550407	erythromycin	CHEMBL532	CHEMBL532	CHEMBL2363135	P0A7P5	rpmH		PROTEIN NUCLEIC-ACID COMPLEX	Bacteria	INHIBITOR	1	0	Bacterial 70S ribosome inhibitor
BRD-K63550407	erythromycin	CHEMBL532	CHEMBL532	CHEMBL2363135	P0A7Q1	rpmI		PROTEIN NUCLEIC-ACID COMPLEX	Bacteria	INHIBITOR	1	0	Bacterial 70S ribosome inhibitor
BRD-K63550407	erythromycin	CHEMBL532	CHEMBL532	CHEMBL2363135	Q2EEQ2	rpmJ2		PROTEIN NUCLEIC-ACID COMPLEX	Bacteria	INHIBITOR	1	0	Bacterial 70S ribosome inhibitor
BRD-K63550407	erythromycin	CHEMBL532	CHEMBL532	CHEMBL2363135	P0A7Q6	rpmJ1		PROTEIN NUCLEIC-ACID COMPLEX	Bacteria	INHIBITOR	1	0	Bacterial 70S ribosome inhibitor
BRD-K63550407	erythromycin	CHEMBL532	CHEMBL532	CHEMBL2363135	P60438	rplC		PROTEIN NUCLEIC-ACID COMPLEX	Bacteria	INHIBITOR	1	0	Bacterial 70S ribosome inhibitor
BRD-K63550407	erythromycin	CHEMBL532	CHEMBL532	CHEMBL2363135	P62399	rplE		PROTEIN NUCLEIC-ACID COMPLEX	Bacteria	INHIBITOR	1	0	Bacterial 70S ribosome inhibitor
BRD-K63550407	erythromycin	CHEMBL532	CHEMBL532	CHEMBL2363135	P0AG55	rplF		PROTEIN NUCLEIC-ACID COMPLEX	Bacteria	INHIBITOR	1	0	Bacterial 70S ribosome inhibitor
BRD-K63550407	erythromycin	CHEMBL532	CHEMBL532	CHEMBL2363135	P0A7K2	rplL		PROTEIN NUCLEIC-ACID COMPLEX	Bacteria	INHIBITOR	1	0	Bacterial 70S ribosome inhibitor
BRD-K63550407	erythromycin	CHEMBL532	CHEMBL532	CHEMBL2363135	P0A7V0	rpsB		PROTEIN NUCLEIC-ACID COMPLEX	Bacteria	INHIBITOR	1	0	Bacterial 70S ribosome inhibitor
BRD-K63550407	erythromycin	CHEMBL532	CHEMBL532	CHEMBL2363135	P60723	rplD		PROTEIN NUCLEIC-ACID COMPLEX	Bacteria	INHIBITOR	1	0	Bacterial 70S ribosome inhibitor
BRD-K63550407	erythromycin	CHEMBL532	CHEMBL532	CHEMBL2363135	P0AG67	rpsA		PROTEIN NUCLEIC-ACID COMPLEX	Bacteria	INHIBITOR	1	0	Bacterial 70S ribosome inhibitor
BRD-K63550407	erythromycin	CHEMBL532	CHEMBL532	CHEMBL2363135	P0A7R5	rpsJ		PROTEIN NUCLEIC-ACID COMPLEX	Bacteria	INHIBITOR	1	0	Bacterial 70S ribosome inhibitor
BRD-K63550407	erythromycin	CHEMBL532	CHEMBL532	CHEMBL2363135	P0A7R9	rpsK		PROTEIN NUCLEIC-ACID COMPLEX	Bacteria	INHIBITOR	1	0	Bacterial 70S ribosome inhibitor
BRD-K63550407	erythromycin	CHEMBL532	CHEMBL532	CHEMBL2363135	P0A7S3	rpsL		PROTEIN NUCLEIC-ACID COMPLEX	Bacteria	INHIBITOR	1	0	Bacterial 70S ribosome inhibitor
BRD-K63550407	erythromycin	CHEMBL532	CHEMBL532	CHEMBL2363135	P0A7S9	rpsM		PROTEIN NUCLEIC-ACID COMPLEX	Bacteria	INHIBITOR	1	0	Bacterial 70S ribosome inhibitor
BRD-K63550407	erythromycin	CHEMBL532	CHEMBL532	CHEMBL2363135	P0AG59	rpsN		PROTEIN NUCLEIC-ACID COMPLEX	Bacteria	INHIBITOR	1	0	Bacterial 70S ribosome inhibitor
BRD-K63550407	erythromycin	CHEMBL532	CHEMBL532	CHEMBL2363135	P0ADZ4	rpsO		PROTEIN NUCLEIC-ACID COMPLEX	Bacteria	INHIBITOR	1	0	Bacterial 70S ribosome inhibitor
BRD-K63550407	erythromycin	CHEMBL532	CHEMBL532	CHEMBL2363135	P0A7T3	rpsP		PROTEIN NUCLEIC-ACID COMPLEX	Bacteria	INHIBITOR	1	0	Bacterial 70S ribosome inhibitor
BRD-K63550407	erythromycin	CHEMBL532	CHEMBL532	CHEMBL2363135	P0AG63	rpsQ		PROTEIN NUCLEIC-ACID COMPLEX	Bacteria	INHIBITOR	1	0	Bacterial 70S ribosome inhibitor
BRD-K63550407	erythromycin	CHEMBL532	CHEMBL532	CHEMBL2363135	P0A7T7	rpsR		PROTEIN NUCLEIC-ACID COMPLEX	Bacteria	INHIBITOR	1	0	Bacterial 70S ribosome inhibitor
BRD-K63550407	erythromycin	CHEMBL532	CHEMBL532	CHEMBL2363135	P0A7U3	rpsS		PROTEIN NUCLEIC-ACID COMPLEX	Bacteria	INHIBITOR	1	0	Bacterial 70S ribosome inhibitor
BRD-K63550407	erythromycin	CHEMBL532	CHEMBL532	CHEMBL2363135	P0A7U7	rpsT		PROTEIN NUCLEIC-ACID COMPLEX	Bacteria	INHIBITOR	1	0	Bacterial 70S ribosome inhibitor
BRD-K63550407	erythromycin	CHEMBL532	CHEMBL532	CHEMBL2363135	P68679	rpsU		PROTEIN NUCLEIC-ACID COMPLEX	Bacteria	INHIBITOR	1	0	Bacterial 70S ribosome inhibitor
BRD-K63550407	erythromycin	CHEMBL532	CHEMBL532	CHEMBL2363135	P0A7V3	rpsC		PROTEIN NUCLEIC-ACID COMPLEX	Bacteria	INHIBITOR	1	0	Bacterial 70S ribosome inhibitor
BRD-K63550407	erythromycin	CHEMBL532	CHEMBL532	CHEMBL2363135	P0A7V8	rpsD		PROTEIN NUCLEIC-ACID COMPLEX	Bacteria	INHIBITOR	1	0	Bacterial 70S ribosome inhibitor
BRD-K63550407	erythromycin	CHEMBL532	CHEMBL532	CHEMBL2363135	P0A7W1	rpsE		PROTEIN NUCLEIC-ACID COMPLEX	Bacteria	INHIBITOR	1	0	Bacterial 70S ribosome inhibitor
BRD-K63550407	erythromycin	CHEMBL532	CHEMBL532	CHEMBL2363135	P02358	rpsF		PROTEIN NUCLEIC-ACID COMPLEX	Bacteria	INHIBITOR	1	0	Bacterial 70S ribosome inhibitor
BRD-K63550407	erythromycin	CHEMBL532	CHEMBL532	CHEMBL2363135	P02359	rpsG		PROTEIN NUCLEIC-ACID COMPLEX	Bacteria	INHIBITOR	1	0	Bacterial 70S ribosome inhibitor
BRD-K63550407	erythromycin	CHEMBL532	CHEMBL532	CHEMBL2363135	P0A7W7	rpsH		PROTEIN NUCLEIC-ACID COMPLEX	Bacteria	INHIBITOR	1	0	Bacterial 70S ribosome inhibitor
BRD-K63550407	erythromycin	CHEMBL532	CHEMBL532	CHEMBL2363135	P0A7X3	rpsI		PROTEIN NUCLEIC-ACID COMPLEX	Bacteria	INHIBITOR	1	0	Bacterial 70S ribosome inhibitor
BRD-K63550407	erythromycin	CHEMBL532	CHEMBL532	CHEMBL2363135	P0A7J3	rplJ		PROTEIN NUCLEIC-ACID COMPLEX	Bacteria	INHIBITOR	1	0	Bacterial 70S ribosome inhibitor
BRD-K63550407	erythromycin	CHEMBL532	CHEMBL532	CHEMBL2363135	P0A7J7	rplK		PROTEIN NUCLEIC-ACID COMPLEX	Bacteria	INHIBITOR	1	0	Bacterial 70S ribosome inhibitor
BRD-K63550407	erythromycin	CHEMBL532	CHEMBL532	CHEMBL2363135	P0AA10	rplM		PROTEIN NUCLEIC-ACID COMPLEX	Bacteria	INHIBITOR	1	0	Bacterial 70S ribosome inhibitor
BRD-K63550407	erythromycin	CHEMBL532	CHEMBL532	CHEMBL2363135	P0ADY3	rplN		PROTEIN NUCLEIC-ACID COMPLEX	Bacteria	INHIBITOR	1	0	Bacterial 70S ribosome inhibitor
BRD-K63550407	erythromycin	CHEMBL532	CHEMBL532	CHEMBL2363135	P02413	rplO		PROTEIN NUCLEIC-ACID COMPLEX	Bacteria	INHIBITOR	1	0	Bacterial 70S ribosome inhibitor
BRD-K63550407	erythromycin	CHEMBL532	CHEMBL532	CHEMBL2363135	P0ADY7	rplP		PROTEIN NUCLEIC-ACID COMPLEX	Bacteria	INHIBITOR	1	0	Bacterial 70S ribosome inhibitor
BRD-K63550407	erythromycin	CHEMBL532	CHEMBL532	CHEMBL2363135	P0AG44	rplQ		PROTEIN NUCLEIC-ACID COMPLEX	Bacteria	INHIBITOR	1	0	Bacterial 70S ribosome inhibitor
BRD-K63550407	erythromycin	CHEMBL532	CHEMBL532	CHEMBL2363135	P0C018	rplR		PROTEIN NUCLEIC-ACID COMPLEX	Bacteria	INHIBITOR	1	0	Bacterial 70S ribosome inhibitor
BRD-K63550407	erythromycin	CHEMBL532	CHEMBL532	CHEMBL2363135	P0A7K6	rplS		PROTEIN NUCLEIC-ACID COMPLEX	Bacteria	INHIBITOR	1	0	Bacterial 70S ribosome inhibitor
BRD-K63550407	erythromycin	CHEMBL532	CHEMBL532	CHEMBL2363135	P0A7L0	rplA		PROTEIN NUCLEIC-ACID COMPLEX	Bacteria	INHIBITOR	1	0	Bacterial 70S ribosome inhibitor
BRD-K63550407	erythromycin	CHEMBL532	CHEMBL532	CHEMBL2363135	P0A7L3	rplT		PROTEIN NUCLEIC-ACID COMPLEX	Bacteria	INHIBITOR	1	0	Bacterial 70S ribosome inhibitor
BRD-K63550407	erythromycin	CHEMBL532	CHEMBL532	CHEMBL2363135	P0AG48	rplU		PROTEIN NUCLEIC-ACID COMPLEX	Bacteria	INHIBITOR	1	0	Bacterial 70S ribosome inhibitor
BRD-K63550407	erythromycin	CHEMBL532	CHEMBL532	CHEMBL2363135	P61175	rplV		PROTEIN NUCLEIC-ACID COMPLEX	Bacteria	INHIBITOR	1	0	Bacterial 70S ribosome inhibitor
BRD-K63550407	erythromycin	CHEMBL532	CHEMBL532	CHEMBL2363135	P0ADZ0	rplW		PROTEIN NUCLEIC-ACID COMPLEX	Bacteria	INHIBITOR	1	0	Bacterial 70S ribosome inhibitor
BRD-K63550407	erythromycin	CHEMBL532	CHEMBL532	CHEMBL2363135	P60624	rplX		PROTEIN NUCLEIC-ACID COMPLEX	Bacteria	INHIBITOR	1	0	Bacterial 70S ribosome inhibitor
BRD-K63550407	erythromycin	CHEMBL532	CHEMBL532	CHEMBL2363135	P68919	rplY		PROTEIN NUCLEIC-ACID COMPLEX	Bacteria	INHIBITOR	1	0	Bacterial 70S ribosome inhibitor
BRD-K63550407	erythromycin	CHEMBL532	CHEMBL532	CHEMBL2363135	P0A7L8	rpmA		PROTEIN NUCLEIC-ACID COMPLEX	Bacteria	INHIBITOR	1	0	Bacterial 70S ribosome inhibitor
BRD-K63550407	erythromycin	CHEMBL532	CHEMBL532	CHEMBL2363135	P0A7M2	rpmB		PROTEIN NUCLEIC-ACID COMPLEX	Bacteria	INHIBITOR	1	0	Bacterial 70S ribosome inhibitor
BRD-K63550407	erythromycin	CHEMBL532	CHEMBL532	CHEMBL2363135	P0A7M6	rpmC		PROTEIN NUCLEIC-ACID COMPLEX	Bacteria	INHIBITOR	1	0	Bacterial 70S ribosome inhibitor
BRD-K63550407	erythromycin	CHEMBL532	CHEMBL532	CHEMBL2363135	P60422	rplB		PROTEIN NUCLEIC-ACID COMPLEX	Bacteria	INHIBITOR	1	0	Bacterial 70S ribosome inhibitor
BRD-K63550407	erythromycin	CHEMBL532	CHEMBL532	CHEMBL2363135	P0AG51	rpmD		PROTEIN NUCLEIC-ACID COMPLEX	Bacteria	INHIBITOR	1	0	Bacterial 70S ribosome inhibitor
BRD-K63550407	erythromycin	CHEMBL532	CHEMBL532	CHEMBL2363135	P0A7N1	ykgM		PROTEIN NUCLEIC-ACID COMPLEX	Bacteria	INHIBITOR	1	0	Bacterial 70S ribosome inhibitor
BRD-K63550407	erythromycin	CHEMBL532	CHEMBL532	CHEMBL2363135	P0A7M9	rpmE		PROTEIN NUCLEIC-ACID COMPLEX	Bacteria	INHIBITOR	1	0	Bacterial 70S ribosome inhibitor
BRD-K63550407	erythromycin	CHEMBL532	CHEMBL532	CHEMBL2363135	P0A7N4	rpmF		PROTEIN NUCLEIC-ACID COMPLEX	Bacteria	INHIBITOR	1	0	Bacterial 70S ribosome inhibitor
BRD-K63550407	erythromycin	CHEMBL532	CHEMBL532	CHEMBL2363135	P0A7N9	rpmG		PROTEIN NUCLEIC-ACID COMPLEX	Bacteria	INHIBITOR	1	0	Bacterial 70S ribosome inhibitor
BRD-K63550407	erythromycin	CHEMBL532	CHEMBL532	CHEMBL2363135	P0A7P5	rpmH		PROTEIN NUCLEIC-ACID COMPLEX	Bacteria	INHIBITOR	1	0	Bacterial 70S ribosome inhibitor
BRD-K63550407	erythromycin	CHEMBL532	CHEMBL532	CHEMBL2363135	P0A7Q1	rpmI		PROTEIN NUCLEIC-ACID COMPLEX	Bacteria	INHIBITOR	1	0	Bacterial 70S ribosome inhibitor
BRD-K63550407	erythromycin	CHEMBL532	CHEMBL532	CHEMBL2363135	Q2EEQ2	rpmJ2		PROTEIN NUCLEIC-ACID COMPLEX	Bacteria	INHIBITOR	1	0	Bacterial 70S ribosome inhibitor
BRD-K63550407	erythromycin	CHEMBL532	CHEMBL532	CHEMBL2363135	P0A7Q6	rpmJ1		PROTEIN NUCLEIC-ACID COMPLEX	Bacteria	INHIBITOR	1	0	Bacterial 70S ribosome inhibitor
BRD-K63550407	erythromycin	CHEMBL532	CHEMBL532	CHEMBL2363135	P60438	rplC		PROTEIN NUCLEIC-ACID COMPLEX	Bacteria	INHIBITOR	1	0	Bacterial 70S ribosome inhibitor
BRD-K63550407	erythromycin	CHEMBL532	CHEMBL532	CHEMBL2363135	P62399	rplE		PROTEIN NUCLEIC-ACID COMPLEX	Bacteria	INHIBITOR	1	0	Bacterial 70S ribosome inhibitor
BRD-K63550407	erythromycin	CHEMBL532	CHEMBL532	CHEMBL2363135	P0AG55	rplF		PROTEIN NUCLEIC-ACID COMPLEX	Bacteria	INHIBITOR	1	0	Bacterial 70S ribosome inhibitor
BRD-K63550407	erythromycin	CHEMBL532	CHEMBL532	CHEMBL2363135	P0A7K2	rplL		PROTEIN NUCLEIC-ACID COMPLEX	Bacteria	INHIBITOR	1	0	Bacterial 70S ribosome inhibitor
BRD-K74501079	azithromycin	CHEMBL529	CHEMBL529	CHEMBL2363135	P0A7V0	rpsB		PROTEIN NUCLEIC-ACID COMPLEX	Bacteria	INHIBITOR	1	0	Bacterial 70S ribosome inhibitor
BRD-K74501079	azithromycin	CHEMBL529	CHEMBL529	CHEMBL2363135	P60723	rplD		PROTEIN NUCLEIC-ACID COMPLEX	Bacteria	INHIBITOR	1	0	Bacterial 70S ribosome inhibitor
BRD-K74501079	azithromycin	CHEMBL529	CHEMBL529	CHEMBL2363135	P0AG67	rpsA		PROTEIN NUCLEIC-ACID COMPLEX	Bacteria	INHIBITOR	1	0	Bacterial 70S ribosome inhibitor
BRD-K74501079	azithromycin	CHEMBL529	CHEMBL529	CHEMBL2363135	P0A7R5	rpsJ		PROTEIN NUCLEIC-ACID COMPLEX	Bacteria	INHIBITOR	1	0	Bacterial 70S ribosome inhibitor
BRD-K74501079	azithromycin	CHEMBL529	CHEMBL529	CHEMBL2363135	P0A7R9	rpsK		PROTEIN NUCLEIC-ACID COMPLEX	Bacteria	INHIBITOR	1	0	Bacterial 70S ribosome inhibitor
BRD-K74501079	azithromycin	CHEMBL529	CHEMBL529	CHEMBL2363135	P0A7S3	rpsL		PROTEIN NUCLEIC-ACID COMPLEX	Bacteria	INHIBITOR	1	0	Bacterial 70S ribosome inhibitor
BRD-K74501079	azithromycin	CHEMBL529	CHEMBL529	CHEMBL2363135	P0A7S9	rpsM		PROTEIN NUCLEIC-ACID COMPLEX	Bacteria	INHIBITOR	1	0	Bacterial 70S ribosome inhibitor
BRD-K74501079	azithromycin	CHEMBL529	CHEMBL529	CHEMBL2363135	P0AG59	rpsN		PROTEIN NUCLEIC-ACID COMPLEX	Bacteria	INHIBITOR	1	0	Bacterial 70S ribosome inhibitor
BRD-K74501079	azithromycin	CHEMBL529	CHEMBL529	CHEMBL2363135	P0ADZ4	rpsO		PROTEIN NUCLEIC-ACID COMPLEX	Bacteria	INHIBITOR	1	0	Bacterial 70S ribosome inhibitor
BRD-K74501079	azithromycin	CHEMBL529	CHEMBL529	CHEMBL2363135	P0A7T3	rpsP		PROTEIN NUCLEIC-ACID COMPLEX	Bacteria	INHIBITOR	1	0	Bacterial 70S ribosome inhibitor
BRD-K74501079	azithromycin	CHEMBL529	CHEMBL529	CHEMBL2363135	P0AG63	rpsQ		PROTEIN NUCLEIC-ACID COMPLEX	Bacteria	INHIBITOR	1	0	Bacterial 70S ribosome inhibitor
BRD-K74501079	azithromycin	CHEMBL529	CHEMBL529	CHEMBL2363135	P0A7T7	rpsR		PROTEIN NUCLEIC-ACID COMPLEX	Bacteria	INHIBITOR	1	0	Bacterial 70S ribosome inhibitor
BRD-K74501079	azithromycin	CHEMBL529	CHEMBL529	CHEMBL2363135	P0A7U3	rpsS		PROTEIN NUCLEIC-ACID COMPLEX	Bacteria	INHIBITOR	1	0	Bacterial 70S ribosome inhibitor
BRD-K74501079	azithromycin	CHEMBL529	CHEMBL529	CHEMBL2363135	P0A7U7	rpsT		PROTEIN NUCLEIC-ACID COMPLEX	Bacteria	INHIBITOR	1	0	Bacterial 70S ribosome inhibitor
BRD-K74501079	azithromycin	CHEMBL529	CHEMBL529	CHEMBL2363135	P68679	rpsU		PROTEIN NUCLEIC-ACID COMPLEX	Bacteria	INHIBITOR	1	0	Bacterial 70S ribosome inhibitor
BRD-K74501079	azithromycin	CHEMBL529	CHEMBL529	CHEMBL2363135	P0A7V3	rpsC		PROTEIN NUCLEIC-ACID COMPLEX	Bacteria	INHIBITOR	1	0	Bacterial 70S ribosome inhibitor
BRD-K74501079	azithromycin	CHEMBL529	CHEMBL529	CHEMBL2363135	P0A7V8	rpsD		PROTEIN NUCLEIC-ACID COMPLEX	Bacteria	INHIBITOR	1	0	Bacterial 70S ribosome inhibitor
BRD-K74501079	azithromycin	CHEMBL529	CHEMBL529	CHEMBL2363135	P0A7W1	rpsE		PROTEIN NUCLEIC-ACID COMPLEX	Bacteria	INHIBITOR	1	0	Bacterial 70S ribosome inhibitor
BRD-K74501079	azithromycin	CHEMBL529	CHEMBL529	CHEMBL2363135	P02358	rpsF		PROTEIN NUCLEIC-ACID COMPLEX	Bacteria	INHIBITOR	1	0	Bacterial 70S ribosome inhibitor
BRD-K74501079	azithromycin	CHEMBL529	CHEMBL529	CHEMBL2363135	P02359	rpsG		PROTEIN NUCLEIC-ACID COMPLEX	Bacteria	INHIBITOR	1	0	Bacterial 70S ribosome inhibitor
BRD-K74501079	azithromycin	CHEMBL529	CHEMBL529	CHEMBL2363135	P0A7W7	rpsH		PROTEIN NUCLEIC-ACID COMPLEX	Bacteria	INHIBITOR	1	0	Bacterial 70S ribosome inhibitor
BRD-K74501079	azithromycin	CHEMBL529	CHEMBL529	CHEMBL2363135	P0A7X3	rpsI		PROTEIN NUCLEIC-ACID COMPLEX	Bacteria	INHIBITOR	1	0	Bacterial 70S ribosome inhibitor
BRD-K74501079	azithromycin	CHEMBL529	CHEMBL529	CHEMBL2363135	P0A7J3	rplJ		PROTEIN NUCLEIC-ACID COMPLEX	Bacteria	INHIBITOR	1	0	Bacterial 70S ribosome inhibitor
BRD-K74501079	azithromycin	CHEMBL529	CHEMBL529	CHEMBL2363135	P0A7J7	rplK		PROTEIN NUCLEIC-ACID COMPLEX	Bacteria	INHIBITOR	1	0	Bacterial 70S ribosome inhibitor
BRD-K74501079	azithromycin	CHEMBL529	CHEMBL529	CHEMBL2363135	P0AA10	rplM		PROTEIN NUCLEIC-ACID COMPLEX	Bacteria	INHIBITOR	1	0	Bacterial 70S ribosome inhibitor
BRD-K74501079	azithromycin	CHEMBL529	CHEMBL529	CHEMBL2363135	P0ADY3	rplN		PROTEIN NUCLEIC-ACID COMPLEX	Bacteria	INHIBITOR	1	0	Bacterial 70S ribosome inhibitor
BRD-K74501079	azithromycin	CHEMBL529	CHEMBL529	CHEMBL2363135	P02413	rplO		PROTEIN NUCLEIC-ACID COMPLEX	Bacteria	INHIBITOR	1	0	Bacterial 70S ribosome inhibitor
BRD-K74501079	azithromycin	CHEMBL529	CHEMBL529	CHEMBL2363135	P0ADY7	rplP		PROTEIN NUCLEIC-ACID COMPLEX	Bacteria	INHIBITOR	1	0	Bacterial 70S ribosome inhibitor
BRD-K74501079	azithromycin	CHEMBL529	CHEMBL529	CHEMBL2363135	P0AG44	rplQ		PROTEIN NUCLEIC-ACID COMPLEX	Bacteria	INHIBITOR	1	0	Bacterial 70S ribosome inhibitor
BRD-K74501079	azithromycin	CHEMBL529	CHEMBL529	CHEMBL2363135	P0C018	rplR		PROTEIN NUCLEIC-ACID COMPLEX	Bacteria	INHIBITOR	1	0	Bacterial 70S ribosome inhibitor
BRD-K74501079	azithromycin	CHEMBL529	CHEMBL529	CHEMBL2363135	P0A7K6	rplS		PROTEIN NUCLEIC-ACID COMPLEX	Bacteria	INHIBITOR	1	0	Bacterial 70S ribosome inhibitor
BRD-K74501079	azithromycin	CHEMBL529	CHEMBL529	CHEMBL2363135	P0A7L0	rplA		PROTEIN NUCLEIC-ACID COMPLEX	Bacteria	INHIBITOR	1	0	Bacterial 70S ribosome inhibitor
BRD-K74501079	azithromycin	CHEMBL529	CHEMBL529	CHEMBL2363135	P0A7L3	rplT		PROTEIN NUCLEIC-ACID COMPLEX	Bacteria	INHIBITOR	1	0	Bacterial 70S ribosome inhibitor
BRD-K74501079	azithromycin	CHEMBL529	CHEMBL529	CHEMBL2363135	P0AG48	rplU		PROTEIN NUCLEIC-ACID COMPLEX	Bacteria	INHIBITOR	1	0	Bacterial 70S ribosome inhibitor
BRD-K74501079	azithromycin	CHEMBL529	CHEMBL529	CHEMBL2363135	P61175	rplV		PROTEIN NUCLEIC-ACID COMPLEX	Bacteria	INHIBITOR	1	0	Bacterial 70S ribosome inhibitor
BRD-K74501079	azithromycin	CHEMBL529	CHEMBL529	CHEMBL2363135	P0ADZ0	rplW		PROTEIN NUCLEIC-ACID COMPLEX	Bacteria	INHIBITOR	1	0	Bacterial 70S ribosome inhibitor
BRD-K74501079	azithromycin	CHEMBL529	CHEMBL529	CHEMBL2363135	P60624	rplX		PROTEIN NUCLEIC-ACID COMPLEX	Bacteria	INHIBITOR	1	0	Bacterial 70S ribosome inhibitor
BRD-K74501079	azithromycin	CHEMBL529	CHEMBL529	CHEMBL2363135	P68919	rplY		PROTEIN NUCLEIC-ACID COMPLEX	Bacteria	INHIBITOR	1	0	Bacterial 70S ribosome inhibitor
BRD-K74501079	azithromycin	CHEMBL529	CHEMBL529	CHEMBL2363135	P0A7L8	rpmA		PROTEIN NUCLEIC-ACID COMPLEX	Bacteria	INHIBITOR	1	0	Bacterial 70S ribosome inhibitor
BRD-K74501079	azithromycin	CHEMBL529	CHEMBL529	CHEMBL2363135	P0A7M2	rpmB		PROTEIN NUCLEIC-ACID COMPLEX	Bacteria	INHIBITOR	1	0	Bacterial 70S ribosome inhibitor
BRD-K74501079	azithromycin	CHEMBL529	CHEMBL529	CHEMBL2363135	P0A7M6	rpmC		PROTEIN NUCLEIC-ACID COMPLEX	Bacteria	INHIBITOR	1	0	Bacterial 70S ribosome inhibitor
BRD-K74501079	azithromycin	CHEMBL529	CHEMBL529	CHEMBL2363135	P60422	rplB		PROTEIN NUCLEIC-ACID COMPLEX	Bacteria	INHIBITOR	1	0	Bacterial 70S ribosome inhibitor
BRD-K74501079	azithromycin	CHEMBL529	CHEMBL529	CHEMBL2363135	P0AG51	rpmD		PROTEIN NUCLEIC-ACID COMPLEX	Bacteria	INHIBITOR	1	0	Bacterial 70S ribosome inhibitor
BRD-K74501079	azithromycin	CHEMBL529	CHEMBL529	CHEMBL2363135	P0A7N1	ykgM		PROTEIN NUCLEIC-ACID COMPLEX	Bacteria	INHIBITOR	1	0	Bacterial 70S ribosome inhibitor
BRD-K74501079	azithromycin	CHEMBL529	CHEMBL529	CHEMBL2363135	P0A7M9	rpmE		PROTEIN NUCLEIC-ACID COMPLEX	Bacteria	INHIBITOR	1	0	Bacterial 70S ribosome inhibitor
BRD-K74501079	azithromycin	CHEMBL529	CHEMBL529	CHEMBL2363135	P0A7N4	rpmF		PROTEIN NUCLEIC-ACID COMPLEX	Bacteria	INHIBITOR	1	0	Bacterial 70S ribosome inhibitor
BRD-K74501079	azithromycin	CHEMBL529	CHEMBL529	CHEMBL2363135	P0A7N9	rpmG		PROTEIN NUCLEIC-ACID COMPLEX	Bacteria	INHIBITOR	1	0	Bacterial 70S ribosome inhibitor
BRD-K74501079	azithromycin	CHEMBL529	CHEMBL529	CHEMBL2363135	P0A7P5	rpmH		PROTEIN NUCLEIC-ACID COMPLEX	Bacteria	INHIBITOR	1	0	Bacterial 70S ribosome inhibitor
BRD-K74501079	azithromycin	CHEMBL529	CHEMBL529	CHEMBL2363135	P0A7Q1	rpmI		PROTEIN NUCLEIC-ACID COMPLEX	Bacteria	INHIBITOR	1	0	Bacterial 70S ribosome inhibitor
BRD-K74501079	azithromycin	CHEMBL529	CHEMBL529	CHEMBL2363135	Q2EEQ2	rpmJ2		PROTEIN NUCLEIC-ACID COMPLEX	Bacteria	INHIBITOR	1	0	Bacterial 70S ribosome inhibitor
BRD-K74501079	azithromycin	CHEMBL529	CHEMBL529	CHEMBL2363135	P0A7Q6	rpmJ1		PROTEIN NUCLEIC-ACID COMPLEX	Bacteria	INHIBITOR	1	0	Bacterial 70S ribosome inhibitor
BRD-K74501079	azithromycin	CHEMBL529	CHEMBL529	CHEMBL2363135	P60438	rplC		PROTEIN NUCLEIC-ACID COMPLEX	Bacteria	INHIBITOR	1	0	Bacterial 70S ribosome inhibitor
BRD-K74501079	azithromycin	CHEMBL529	CHEMBL529	CHEMBL2363135	P62399	rplE		PROTEIN NUCLEIC-ACID COMPLEX	Bacteria	INHIBITOR	1	0	Bacterial 70S ribosome inhibitor
BRD-K74501079	azithromycin	CHEMBL529	CHEMBL529	CHEMBL2363135	P0AG55	rplF		PROTEIN NUCLEIC-ACID COMPLEX	Bacteria	INHIBITOR	1	0	Bacterial 70S ribosome inhibitor
BRD-K74501079	azithromycin	CHEMBL529	CHEMBL529	CHEMBL2363135	P0A7K2	rplL		PROTEIN NUCLEIC-ACID COMPLEX	Bacteria	INHIBITOR	1	0	Bacterial 70S ribosome inhibitor
BRD-K92093830	doxorubicin	CHEMBL53463	CHEMBL53463	CHEMBL2311221				NUCLEIC-ACID	Homo sapiens	INHIBITOR	1	0	DNA inhibitor
BRD-K76022557	r(-)-apomorphine	CHEMBL53	CHEMBL53	CHEMBL2331075	P14416	DRD2		PROTEIN FAMILY	Homo sapiens	AGONIST	1	0	D2-like dopamine receptor agonist
BRD-K76022557	r(-)-apomorphine	CHEMBL53	CHEMBL53	CHEMBL2331075	P35462	DRD3		PROTEIN FAMILY	Homo sapiens	AGONIST	1	0	D2-like dopamine receptor agonist
BRD-K76022557	r(-)-apomorphine	CHEMBL53	CHEMBL53	CHEMBL2331075	P21917	DRD4		PROTEIN FAMILY	Homo sapiens	AGONIST	1	0	D2-like dopamine receptor agonist
BRD-K74305673	IKK-2-inhibitor-V	CHEMBL536151	CHEMBL536151	CHEMBL1991	O14920	IKBKB	3551	SINGLE PROTEIN	Homo sapiens	INHIBITOR	1	1	Inhibitor of nuclear factor kappa B kinase beta subunit inhibitor
BRD-K85402309	dovitinib	CHEMBL522892	CHEMBL522892	CHEMBL2742	P22607	FGFR3		SINGLE PROTEIN	Homo sapiens	INHIBITOR	1	0	Fibroblast growth factor receptor 3 inhibitor
BRD-K85402309	dovitinib	CHEMBL522892	CHEMBL522892	CHEMBL1974	P36888	FLT3		SINGLE PROTEIN	Homo sapiens	INHIBITOR	1	0	Tyrosine-protein kinase receptor FLT3 inhibitor
BRD-K85402309	dovitinib	CHEMBL522892	CHEMBL522892	CHEMBL1936	P10721	KIT	3815	SINGLE PROTEIN	Homo sapiens	INHIBITOR	1	1	Stem cell growth factor receptor inhibitor
BRD-K85402309	dovitinib	CHEMBL522892	CHEMBL522892	CHEMBL2095189	P09619	PDGFRB		PROTEIN COMPLEX	Homo sapiens	INHIBITOR	1	0	Platelet-derived growth factor receptor inhibitor
BRD-K85402309	dovitinib	CHEMBL522892	CHEMBL522892	CHEMBL2095189	P16234	PDGFRA		PROTEIN COMPLEX	Homo sapiens	INHIBITOR	1	0	Platelet-derived growth factor receptor inhibitor
BRD-K85402309	dovitinib	CHEMBL522892	CHEMBL522892	CHEMBL2095227	P17948	FLT1		PROTEIN FAMILY	Homo sapiens	INHIBITOR	1	0	Vascular endothelial growth factor receptor inhibitor
BRD-K85402309	dovitinib	CHEMBL522892	CHEMBL522892	CHEMBL2095227	P35916	FLT4		PROTEIN FAMILY	Homo sapiens	INHIBITOR	1	0	Vascular endothelial growth factor receptor inhibitor
BRD-K85402309	dovitinib	CHEMBL522892	CHEMBL522892	CHEMBL2095227	P35968	KDR		PROTEIN FAMILY	Homo sapiens	INHIBITOR	1	0	Vascular endothelial growth factor receptor inhibitor
BRD-K10065684	dantron	CHEMBL53418	CHEMBL53418	CHEMBL2061	P19793	RXRA		SINGLE PROTEIN	Homo sapiens	ANTAGONIST	1	0	Retinoid X receptor alpha antagonist
BRD-K42828737	sunitinib	CHEMBL535	CHEMBL535	CHEMBL1844	P07333	CSF1R		SINGLE PROTEIN	Homo sapiens	INHIBITOR	1	0	Macrophage colony stimulating factor receptor inhibitor
BRD-M64432851	sunitinib	CHEMBL535	CHEMBL535	CHEMBL1844	P07333	CSF1R		SINGLE PROTEIN	Homo sapiens	INHIBITOR	1	0	Macrophage colony stimulating factor receptor inhibitor
BRD-K42828737	sunitinib	CHEMBL535	CHEMBL535	CHEMBL279	P35968	KDR		SINGLE PROTEIN	Homo sapiens	INHIBITOR	1	0	Vascular endothelial growth factor receptor 2 inhibitor
BRD-M64432851	sunitinib	CHEMBL535	CHEMBL535	CHEMBL279	P35968	KDR		SINGLE PROTEIN	Homo sapiens	INHIBITOR	1	0	Vascular endothelial growth factor receptor 2 inhibitor
BRD-K42828737	sunitinib	CHEMBL535	CHEMBL535	CHEMBL1936	P10721	KIT	3815	SINGLE PROTEIN	Homo sapiens	INHIBITOR	1	1	Stem cell growth factor receptor inhibitor
BRD-M64432851	sunitinib	CHEMBL535	CHEMBL535	CHEMBL1936	P10721	KIT	3815	SINGLE PROTEIN	Homo sapiens	INHIBITOR	1	1	Stem cell growth factor receptor inhibitor
BRD-K42828737	sunitinib	CHEMBL535	CHEMBL535	CHEMBL1913	P09619	PDGFRB		SINGLE PROTEIN	Homo sapiens	INHIBITOR	1	0	Platelet-derived growth factor receptor beta inhibitor
BRD-M64432851	sunitinib	CHEMBL535	CHEMBL535	CHEMBL1913	P09619	PDGFRB		SINGLE PROTEIN	Homo sapiens	INHIBITOR	1	0	Platelet-derived growth factor receptor beta inhibitor
BRD-K42828737	sunitinib	CHEMBL535	CHEMBL535	CHEMBL2007	P16234	PDGFRA		SINGLE PROTEIN	Homo sapiens	INHIBITOR	1	0	Platelet-derived growth factor receptor alpha inhibitor
BRD-M64432851	sunitinib	CHEMBL535	CHEMBL535	CHEMBL2007	P16234	PDGFRA		SINGLE PROTEIN	Homo sapiens	INHIBITOR	1	0	Platelet-derived growth factor receptor alpha inhibitor
BRD-K42828737	sunitinib	CHEMBL535	CHEMBL535	CHEMBL1868	P17948	FLT1		SINGLE PROTEIN	Homo sapiens	INHIBITOR	1	0	Vascular endothelial growth factor receptor 1 inhibitor
BRD-M64432851	sunitinib	CHEMBL535	CHEMBL535	CHEMBL1868	P17948	FLT1		SINGLE PROTEIN	Homo sapiens	INHIBITOR	1	0	Vascular endothelial growth factor receptor 1 inhibitor
BRD-K42828737	sunitinib	CHEMBL535	CHEMBL535	CHEMBL1955	P35916	FLT4		SINGLE PROTEIN	Homo sapiens	INHIBITOR	1	0	Vascular endothelial growth factor receptor 3 inhibitor
BRD-M64432851	sunitinib	CHEMBL535	CHEMBL535	CHEMBL1955	P35916	FLT4		SINGLE PROTEIN	Homo sapiens	INHIBITOR	1	0	Vascular endothelial growth factor receptor 3 inhibitor
BRD-K42828737	sunitinib	CHEMBL535	CHEMBL535	CHEMBL1974	P36888	FLT3		SINGLE PROTEIN	Homo sapiens	INHIBITOR	1	0	Tyrosine-protein kinase receptor FLT3 inhibitor
BRD-M64432851	sunitinib	CHEMBL535	CHEMBL535	CHEMBL1974	P36888	FLT3		SINGLE PROTEIN	Homo sapiens	INHIBITOR	1	0	Tyrosine-protein kinase receptor FLT3 inhibitor
BRD-K42828737	sunitinib	CHEMBL535	CHEMBL535	CHEMBL2041	P07949	RET		SINGLE PROTEIN	Homo sapiens	INHIBITOR	1	0	Tyrosine-protein kinase receptor RET inhibitor
BRD-M64432851	sunitinib	CHEMBL535	CHEMBL535	CHEMBL2041	P07949	RET		SINGLE PROTEIN	Homo sapiens	INHIBITOR	1	0	Tyrosine-protein kinase receptor RET inhibitor
BRD-K85090592	pilocarpine	CHEMBL550	CHEMBL550	CHEMBL245	P20309	CHRM3		SINGLE PROTEIN	Homo sapiens	AGONIST	1	0	Muscarinic acetylcholine receptor M3 agonist
BRD-K85090592	pilocarpine	CHEMBL550	CHEMBL550	CHEMBL245	P20309	CHRM3		SINGLE PROTEIN	Homo sapiens	AGONIST	1	0	Muscarinic acetylcholine receptor M3 agonist
BRD-K57041787	dabigatran-etexilate	CHEMBL539697	CHEMBL539697	CHEMBL204	P00734	F2		SINGLE PROTEIN	Homo sapiens	INHIBITOR	1	0	Thrombin inhibitor
BRD-K19687926	lapatinib	CHEMBL554	CHEMBL554	CHEMBL1824	P04626	ERBB2	2064	SINGLE PROTEIN	Homo sapiens	INHIBITOR	1	1	Receptor protein-tyrosine kinase erbB-2 inhibitor
BRD-M07438658	lapatinib	CHEMBL554	CHEMBL554	CHEMBL1824	P04626	ERBB2	2064	SINGLE PROTEIN	Homo sapiens	INHIBITOR	1	1	Receptor protein-tyrosine kinase erbB-2 inhibitor
BRD-K70401845	erlotinib	CHEMBL553	CHEMBL553	CHEMBL203	P00533	EGFR	1956	SINGLE PROTEIN	Homo sapiens	INHIBITOR	1	1	Epidermal growth factor receptor erbB1 inhibitor
BRD-K19687926	lapatinib	CHEMBL554	CHEMBL554	CHEMBL203	P00533	EGFR	1956	SINGLE PROTEIN	Homo sapiens	INHIBITOR	1	1	Epidermal growth factor receptor erbB1 inhibitor
BRD-M07438658	lapatinib	CHEMBL554	CHEMBL554	CHEMBL203	P00533	EGFR	1956	SINGLE PROTEIN	Homo sapiens	INHIBITOR	1	1	Epidermal growth factor receptor erbB1 inhibitor
BRD-A43671941	oxprenolol	CHEMBL546	CHEMBL546	CHEMBL213	P08588	ADRB1		SINGLE PROTEIN	Homo sapiens	ANTAGONIST	1	0	Beta-1 adrenergic receptor antagonist
BRD-A47598013	citalopram	CHEMBL549	CHEMBL549	CHEMBL228	P31645	SLC6A4		SINGLE PROTEIN	Homo sapiens	INHIBITOR	1	0	Serotonin transporter inhibitor
BRD-K67783091	haloperidol	CHEMBL54	CHEMBL54	CHEMBL224	P28223	HTR2A		SINGLE PROTEIN	Homo sapiens	ANTAGONIST	1	0	Serotonin 2a (5-HT2a) receptor antagonist
BRD-K67783091	haloperidol	CHEMBL54	CHEMBL54	CHEMBL224	P28223	HTR2A		SINGLE PROTEIN	Homo sapiens	ANTAGONIST	1	0	Serotonin 2a (5-HT2a) receptor antagonist
BRD-A43671941	oxprenolol	CHEMBL546	CHEMBL546	CHEMBL210	P07550	ADRB2	154	SINGLE PROTEIN	Homo sapiens	ANTAGONIST	1	1	Beta-2 adrenergic receptor antagonist
BRD-K97010173	deferasirox	CHEMBL550348	CHEMBL550348	CHEMBL2363058				METAL		CHELATING AGENT	1	0	Iron chelating agent
BRD-K26521938	dinoprostone	CHEMBL548	CHEMBL548	CHEMBL2363068	P34995	PTGER1		PROTEIN FAMILY	Homo sapiens	AGONIST	1	0	Prostaglandin E2 receptor agonist
BRD-K26521938	dinoprostone	CHEMBL548	CHEMBL548	CHEMBL2363068	P35408	PTGER4		PROTEIN FAMILY	Homo sapiens	AGONIST	1	0	Prostaglandin E2 receptor agonist
BRD-K26521938	dinoprostone	CHEMBL548	CHEMBL548	CHEMBL2363068	P43116	PTGER2		PROTEIN FAMILY	Homo sapiens	AGONIST	1	0	Prostaglandin E2 receptor agonist
BRD-K26521938	dinoprostone	CHEMBL548	CHEMBL548	CHEMBL2363068	P43115	PTGER3		PROTEIN FAMILY	Homo sapiens	AGONIST	1	0	Prostaglandin E2 receptor agonist
BRD-K13183738	pentamidine	CHEMBL55	CHEMBL55	CHEMBL2366046				NUCLEIC-ACID	Pneumocystis jirovecii	INHIBITOR	1	0	DNA inhibitor
BRD-K13183738	pentamidine	CHEMBL55	CHEMBL55	CHEMBL2366047				NUCLEIC-ACID	Trypanosoma brucei	INHIBITOR	1	0	Kinetoplast DNA inhibitor
BRD-A64092382	mexiletine	CHEMBL558	CHEMBL558	CHEMBL2331043	P35498	SCN1A		PROTEIN FAMILY	Homo sapiens	BLOCKER	1	0	Sodium channel alpha subunit blocker
BRD-A64092382	mexiletine	CHEMBL558	CHEMBL558	CHEMBL2331043	Q14524	SCN5A		PROTEIN FAMILY	Homo sapiens	BLOCKER	1	0	Sodium channel alpha subunit blocker
BRD-A64092382	mexiletine	CHEMBL558	CHEMBL558	CHEMBL2331043	P35499	SCN4A		PROTEIN FAMILY	Homo sapiens	BLOCKER	1	0	Sodium channel alpha subunit blocker
BRD-A64092382	mexiletine	CHEMBL558	CHEMBL558	CHEMBL2331043	Q01118	SCN7A		PROTEIN FAMILY	Homo sapiens	BLOCKER	1	0	Sodium channel alpha subunit blocker
BRD-A64092382	mexiletine	CHEMBL558	CHEMBL558	CHEMBL2331043	Q99250	SCN2A		PROTEIN FAMILY	Homo sapiens	BLOCKER	1	0	Sodium channel alpha subunit blocker
BRD-A64092382	mexiletine	CHEMBL558	CHEMBL558	CHEMBL2331043	Q15858	SCN9A		PROTEIN FAMILY	Homo sapiens	BLOCKER	1	0	Sodium channel alpha subunit blocker
BRD-A64092382	mexiletine	CHEMBL558	CHEMBL558	CHEMBL2331043	Q9NY46	SCN3A		PROTEIN FAMILY	Homo sapiens	BLOCKER	1	0	Sodium channel alpha subunit blocker
BRD-A64092382	mexiletine	CHEMBL558	CHEMBL558	CHEMBL2331043	Q9UI33	SCN11A		PROTEIN FAMILY	Homo sapiens	BLOCKER	1	0	Sodium channel alpha subunit blocker
BRD-A64092382	mexiletine	CHEMBL558	CHEMBL558	CHEMBL2331043	Q9UQD0	SCN8A		PROTEIN FAMILY	Homo sapiens	BLOCKER	1	0	Sodium channel alpha subunit blocker
BRD-A64092382	mexiletine	CHEMBL558	CHEMBL558	CHEMBL2331043	Q9Y5Y9	SCN10A		PROTEIN FAMILY	Homo sapiens	BLOCKER	1	0	Sodium channel alpha subunit blocker
BRD-K67783091	haloperidol	CHEMBL54	CHEMBL54	CHEMBL2331075	P14416	DRD2		PROTEIN FAMILY	Homo sapiens	INVERSE AGONIST	1	0	D2-like dopamine receptor inverse agonist
BRD-K67783091	haloperidol	CHEMBL54	CHEMBL54	CHEMBL2331075	P35462	DRD3		PROTEIN FAMILY	Homo sapiens	INVERSE AGONIST	1	0	D2-like dopamine receptor inverse agonist
BRD-K67783091	haloperidol	CHEMBL54	CHEMBL54	CHEMBL2331075	P21917	DRD4		PROTEIN FAMILY	Homo sapiens	INVERSE AGONIST	1	0	D2-like dopamine receptor inverse agonist
BRD-K67783091	haloperidol	CHEMBL54	CHEMBL54	CHEMBL2331075	P14416	DRD2		PROTEIN FAMILY	Homo sapiens	INVERSE AGONIST	1	0	D2-like dopamine receptor inverse agonist
BRD-K67783091	haloperidol	CHEMBL54	CHEMBL54	CHEMBL2331075	P35462	DRD3		PROTEIN FAMILY	Homo sapiens	INVERSE AGONIST	1	0	D2-like dopamine receptor inverse agonist
BRD-K67783091	haloperidol	CHEMBL54	CHEMBL54	CHEMBL2331075	P21917	DRD4		PROTEIN FAMILY	Homo sapiens	INVERSE AGONIST	1	0	D2-like dopamine receptor inverse agonist
BRD-K76723084	isotretinoin	CHEMBL547	CHEMBL547	CHEMBL2363069	P13631	RARG		PROTEIN FAMILY	Homo sapiens	AGONIST	1	0	Retinoic acid receptor agonist
BRD-K76723084	isotretinoin	CHEMBL547	CHEMBL547	CHEMBL2363069	P10826	RARB		PROTEIN FAMILY	Homo sapiens	AGONIST	1	0	Retinoic acid receptor agonist
BRD-K76723084	isotretinoin	CHEMBL547	CHEMBL547	CHEMBL2363069	P10276	RARA		PROTEIN FAMILY	Homo sapiens	AGONIST	1	0	Retinoic acid receptor agonist
BRD-K85090592	pilocarpine	CHEMBL550	CHEMBL550	CHEMBL216	P11229	CHRM1		SINGLE PROTEIN	Homo sapiens	AGONIST	1	0	Muscarinic acetylcholine receptor M1 agonist
BRD-K85090592	pilocarpine	CHEMBL550	CHEMBL550	CHEMBL216	P11229	CHRM1		SINGLE PROTEIN	Homo sapiens	AGONIST	1	0	Muscarinic acetylcholine receptor M1 agonist
BRD-K23363278	CYT-997	CHEMBL552212	CHEMBL552212	CHEMBL2095182	P68371	TUBB4B		PROTEIN COMPLEX GROUP	Homo sapiens	INHIBITOR	1	0	Tubulin inhibitor
BRD-K23363278	CYT-997	CHEMBL552212	CHEMBL552212	CHEMBL2095182	Q9H4B7	TUBB1		PROTEIN COMPLEX GROUP	Homo sapiens	INHIBITOR	1	0	Tubulin inhibitor
BRD-K23363278	CYT-997	CHEMBL552212	CHEMBL552212	CHEMBL2095182	P0DPH7	TUBA3C		PROTEIN COMPLEX GROUP	Homo sapiens	INHIBITOR	1	0	Tubulin inhibitor
BRD-K23363278	CYT-997	CHEMBL552212	CHEMBL552212	CHEMBL2095182	P68366	TUBA4A		PROTEIN COMPLEX GROUP	Homo sapiens	INHIBITOR	1	0	Tubulin inhibitor
BRD-K23363278	CYT-997	CHEMBL552212	CHEMBL552212	CHEMBL2095182	Q13509	TUBB3		PROTEIN COMPLEX GROUP	Homo sapiens	INHIBITOR	1	0	Tubulin inhibitor
BRD-K23363278	CYT-997	CHEMBL552212	CHEMBL552212	CHEMBL2095182	Q71U36	TUBA1A		PROTEIN COMPLEX GROUP	Homo sapiens	INHIBITOR	1	0	Tubulin inhibitor
BRD-K23363278	CYT-997	CHEMBL552212	CHEMBL552212	CHEMBL2095182	P04350	TUBB4A		PROTEIN COMPLEX GROUP	Homo sapiens	INHIBITOR	1	0	Tubulin inhibitor
BRD-K23363278	CYT-997	CHEMBL552212	CHEMBL552212	CHEMBL2095182	Q3ZCM7	TUBB8		PROTEIN COMPLEX GROUP	Homo sapiens	INHIBITOR	1	0	Tubulin inhibitor
BRD-K23363278	CYT-997	CHEMBL552212	CHEMBL552212	CHEMBL2095182	P07437	TUBB		PROTEIN COMPLEX GROUP	Homo sapiens	INHIBITOR	1	0	Tubulin inhibitor
BRD-K23363278	CYT-997	CHEMBL552212	CHEMBL552212	CHEMBL2095182	P68363	TUBA1B		PROTEIN COMPLEX GROUP	Homo sapiens	INHIBITOR	1	0	Tubulin inhibitor
BRD-K23363278	CYT-997	CHEMBL552212	CHEMBL552212	CHEMBL2095182	Q9BQE3	TUBA1C		PROTEIN COMPLEX GROUP	Homo sapiens	INHIBITOR	1	0	Tubulin inhibitor
BRD-K23363278	CYT-997	CHEMBL552212	CHEMBL552212	CHEMBL2095182	Q6PEY2	TUBA3E		PROTEIN COMPLEX GROUP	Homo sapiens	INHIBITOR	1	0	Tubulin inhibitor
BRD-K23363278	CYT-997	CHEMBL552212	CHEMBL552212	CHEMBL2095182	Q13885	TUBB2A		PROTEIN COMPLEX GROUP	Homo sapiens	INHIBITOR	1	0	Tubulin inhibitor
BRD-K23363278	CYT-997	CHEMBL552212	CHEMBL552212	CHEMBL2095182	Q9BVA1	TUBB2B		PROTEIN COMPLEX GROUP	Homo sapiens	INHIBITOR	1	0	Tubulin inhibitor
BRD-K23363278	CYT-997	CHEMBL552212	CHEMBL552212	CHEMBL2095182	Q9BUF5	TUBB6	84617	PROTEIN COMPLEX GROUP	Homo sapiens	INHIBITOR	1	1	Tubulin inhibitor
BRD-A49358627	ciprofibrate	CHEMBL557555	CHEMBL557555	CHEMBL239	Q07869	PPARA		SINGLE PROTEIN	Homo sapiens	AGONIST	1	0	Peroxisome proliferator-activated receptor alpha agonist
BRD-K07609981	dexloxiglumide	CHEMBL550781	CHEMBL550781	CHEMBL1901	P32238	CCKAR		SINGLE PROTEIN	Homo sapiens	ANTAGONIST	1	0	Cholecystokinin A receptor antagonist
BRD-K47976015	balapiravir	CHEMBL550936	CHEMBL550936	CHEMBL4296320	O39930	NS5b		SINGLE PROTEIN	Hepacivirus hominis	INHIBITOR	1	0	RNA-directed RNA polymerase inhibitor
BRD-K45252063	clofibrate	CHEMBL565	CHEMBL565	CHEMBL239	Q07869	PPARA		SINGLE PROTEIN	Homo sapiens	AGONIST	1	0	Peroxisome proliferator-activated receptor alpha agonist
BRD-K06980535	promazine	CHEMBL564	CHEMBL564	CHEMBL224	P28223	HTR2A		SINGLE PROTEIN	Homo sapiens	ANTAGONIST	1	0	Serotonin 2a (5-HT2a) receptor antagonist
BRD-A86044036	flurbiprofen-(+/-)	CHEMBL563	CHEMBL563	CHEMBL2094253	P35354	PTGS2	5743	PROTEIN FAMILY	Homo sapiens	INHIBITOR	1	1	Cyclooxygenase inhibitor
BRD-A86044036	flurbiprofen-(+/-)	CHEMBL563	CHEMBL563	CHEMBL2094253	P23219	PTGS1		PROTEIN FAMILY	Homo sapiens	INHIBITOR	1	0	Cyclooxygenase inhibitor
BRD-A86044036	flurbiprofen-(+/-)	CHEMBL563	CHEMBL563	CHEMBL2094253	P35354	PTGS2	5743	PROTEIN FAMILY	Homo sapiens	INHIBITOR	1	1	Cyclooxygenase inhibitor
BRD-A86044036	flurbiprofen-(+/-)	CHEMBL563	CHEMBL563	CHEMBL2094253	P23219	PTGS1		PROTEIN FAMILY	Homo sapiens	INHIBITOR	1	0	Cyclooxygenase inhibitor
BRD-K08273968	griseofulvin	CHEMBL562	CHEMBL562	CHEMBL2364703	F2SZD3			PROTEIN COMPLEX GROUP	Trichophyton	INHIBITOR	1	0	Tubulin inhibitor
BRD-K08273968	griseofulvin	CHEMBL562	CHEMBL562	CHEMBL2364703	F2SG63			PROTEIN COMPLEX GROUP	Trichophyton	INHIBITOR	1	0	Tubulin inhibitor
BRD-K08273968	griseofulvin	CHEMBL562	CHEMBL562	CHEMBL2364703	F2SZ02			PROTEIN COMPLEX GROUP	Trichophyton	INHIBITOR	1	0	Tubulin inhibitor
BRD-A75850590	lomefloxacin	CHEMBL561	CHEMBL561	CHEMBL2311224	P0AES6	gyrB		PROTEIN COMPLEX	Bacteria	INHIBITOR	1	0	Bacterial DNA gyrase inhibitor
BRD-A75850590	lomefloxacin	CHEMBL561	CHEMBL561	CHEMBL2311224	P0AES4	gyrA		PROTEIN COMPLEX	Bacteria	INHIBITOR	1	0	Bacterial DNA gyrase inhibitor
BRD-K06980535	promazine	CHEMBL564	CHEMBL564	CHEMBL2331075	P14416	DRD2		PROTEIN FAMILY	Homo sapiens	ANTAGONIST	1	0	D2-like dopamine receptor antagonist
BRD-K06980535	promazine	CHEMBL564	CHEMBL564	CHEMBL2331075	P35462	DRD3		PROTEIN FAMILY	Homo sapiens	ANTAGONIST	1	0	D2-like dopamine receptor antagonist
BRD-K06980535	promazine	CHEMBL564	CHEMBL564	CHEMBL2331075	P21917	DRD4		PROTEIN FAMILY	Homo sapiens	ANTAGONIST	1	0	D2-like dopamine receptor antagonist
BRD-K38310698	troleandomycin	CHEMBL564085	CHEMBL564085	CHEMBL2363853	Q8CWR9	rpsA		PROTEIN NUCLEIC-ACID COMPLEX	Streptococcus pneumoniae	INHIBITOR	1	0	70S ribosome inhibitor
BRD-K38310698	troleandomycin	CHEMBL564085	CHEMBL564085	CHEMBL2363853	P66340	rpsJ		PROTEIN NUCLEIC-ACID COMPLEX	Streptococcus pneumoniae	INHIBITOR	1	0	70S ribosome inhibitor
BRD-K38310698	troleandomycin	CHEMBL564085	CHEMBL564085	CHEMBL2363853	P66360	rpsK		PROTEIN NUCLEIC-ACID COMPLEX	Streptococcus pneumoniae	INHIBITOR	1	0	70S ribosome inhibitor
BRD-K38310698	troleandomycin	CHEMBL564085	CHEMBL564085	CHEMBL2363853	P0A4A8	rpsL		PROTEIN NUCLEIC-ACID COMPLEX	Streptococcus pneumoniae	INHIBITOR	1	0	70S ribosome inhibitor
BRD-K38310698	troleandomycin	CHEMBL564085	CHEMBL564085	CHEMBL2363853	P66393	rpsM		PROTEIN NUCLEIC-ACID COMPLEX	Streptococcus pneumoniae	INHIBITOR	1	0	70S ribosome inhibitor
BRD-K38310698	troleandomycin	CHEMBL564085	CHEMBL564085	CHEMBL2363853	P66420	rpsN		PROTEIN NUCLEIC-ACID COMPLEX	Streptococcus pneumoniae	INHIBITOR	1	0	70S ribosome inhibitor
BRD-K38310698	troleandomycin	CHEMBL564085	CHEMBL564085	CHEMBL2363853	Q8CWQ0	rpsO		PROTEIN NUCLEIC-ACID COMPLEX	Streptococcus pneumoniae	INHIBITOR	1	0	70S ribosome inhibitor
BRD-K38310698	troleandomycin	CHEMBL564085	CHEMBL564085	CHEMBL2363853	P66445	rpsP		PROTEIN NUCLEIC-ACID COMPLEX	Streptococcus pneumoniae	INHIBITOR	1	0	70S ribosome inhibitor
BRD-K38310698	troleandomycin	CHEMBL564085	CHEMBL564085	CHEMBL2363853	P0A4B4	rpsQ		PROTEIN NUCLEIC-ACID COMPLEX	Streptococcus pneumoniae	INHIBITOR	1	0	70S ribosome inhibitor
BRD-K38310698	troleandomycin	CHEMBL564085	CHEMBL564085	CHEMBL2363853	P66473	rpsR		PROTEIN NUCLEIC-ACID COMPLEX	Streptococcus pneumoniae	INHIBITOR	1	0	70S ribosome inhibitor
BRD-K38310698	troleandomycin	CHEMBL564085	CHEMBL564085	CHEMBL2363853	P0A4B6	rpsS		PROTEIN NUCLEIC-ACID COMPLEX	Streptococcus pneumoniae	INHIBITOR	1	0	70S ribosome inhibitor
BRD-K38310698	troleandomycin	CHEMBL564085	CHEMBL564085	CHEMBL2363853	Q8CWM8	rpsB		PROTEIN NUCLEIC-ACID COMPLEX	Streptococcus pneumoniae	INHIBITOR	1	0	70S ribosome inhibitor
BRD-K38310698	troleandomycin	CHEMBL564085	CHEMBL564085	CHEMBL2363853	Q8CWS0	rpsT		PROTEIN NUCLEIC-ACID COMPLEX	Streptococcus pneumoniae	INHIBITOR	1	0	70S ribosome inhibitor
BRD-K38310698	troleandomycin	CHEMBL564085	CHEMBL564085	CHEMBL2363853	P66525	rpsU		PROTEIN NUCLEIC-ACID COMPLEX	Streptococcus pneumoniae	INHIBITOR	1	0	70S ribosome inhibitor
BRD-K38310698	troleandomycin	CHEMBL564085	CHEMBL564085	CHEMBL2363853	P0A4C4	rpsC		PROTEIN NUCLEIC-ACID COMPLEX	Streptococcus pneumoniae	INHIBITOR	1	0	70S ribosome inhibitor
BRD-K38310698	troleandomycin	CHEMBL564085	CHEMBL564085	CHEMBL2363853	P66566	rpsD		PROTEIN NUCLEIC-ACID COMPLEX	Streptococcus pneumoniae	INHIBITOR	1	0	70S ribosome inhibitor
BRD-K38310698	troleandomycin	CHEMBL564085	CHEMBL564085	CHEMBL2363853	P66582	rpsE		PROTEIN NUCLEIC-ACID COMPLEX	Streptococcus pneumoniae	INHIBITOR	1	0	70S ribosome inhibitor
BRD-K38310698	troleandomycin	CHEMBL564085	CHEMBL564085	CHEMBL2363853	P66603	rpsF		PROTEIN NUCLEIC-ACID COMPLEX	Streptococcus pneumoniae	INHIBITOR	1	0	70S ribosome inhibitor
BRD-K38310698	troleandomycin	CHEMBL564085	CHEMBL564085	CHEMBL2363853	Q8CWU6	rpsG		PROTEIN NUCLEIC-ACID COMPLEX	Streptococcus pneumoniae	INHIBITOR	1	0	70S ribosome inhibitor
BRD-K38310698	troleandomycin	CHEMBL564085	CHEMBL564085	CHEMBL2363853	P66633	rpsH		PROTEIN NUCLEIC-ACID COMPLEX	Streptococcus pneumoniae	INHIBITOR	1	0	70S ribosome inhibitor
BRD-K38310698	troleandomycin	CHEMBL564085	CHEMBL564085	CHEMBL2363853	Q8CWU4	rpsI		PROTEIN NUCLEIC-ACID COMPLEX	Streptococcus pneumoniae	INHIBITOR	1	0	70S ribosome inhibitor
BRD-K38310698	troleandomycin	CHEMBL564085	CHEMBL564085	CHEMBL2363853	P66096	rplA		PROTEIN NUCLEIC-ACID COMPLEX	Streptococcus pneumoniae	INHIBITOR	1	0	70S ribosome inhibitor
BRD-K38310698	troleandomycin	CHEMBL564085	CHEMBL564085	CHEMBL2363853	P66051	rplJ		PROTEIN NUCLEIC-ACID COMPLEX	Streptococcus pneumoniae	INHIBITOR	1	0	70S ribosome inhibitor
BRD-K38310698	troleandomycin	CHEMBL564085	CHEMBL564085	CHEMBL2363853	Q8CWS9	rplK		PROTEIN NUCLEIC-ACID COMPLEX	Streptococcus pneumoniae	INHIBITOR	1	0	70S ribosome inhibitor
BRD-K38310698	troleandomycin	CHEMBL564085	CHEMBL564085	CHEMBL2363853	Q8CWU5	rplM		PROTEIN NUCLEIC-ACID COMPLEX	Streptococcus pneumoniae	INHIBITOR	1	0	70S ribosome inhibitor
BRD-K38310698	troleandomycin	CHEMBL564085	CHEMBL564085	CHEMBL2363853	P0A474	rplN		PROTEIN NUCLEIC-ACID COMPLEX	Streptococcus pneumoniae	INHIBITOR	1	0	70S ribosome inhibitor
BRD-K38310698	troleandomycin	CHEMBL564085	CHEMBL564085	CHEMBL2363853	Q8CWV0	rplO		PROTEIN NUCLEIC-ACID COMPLEX	Streptococcus pneumoniae	INHIBITOR	1	0	70S ribosome inhibitor
BRD-K38310698	troleandomycin	CHEMBL564085	CHEMBL564085	CHEMBL2363853	P0A476	rplP		PROTEIN NUCLEIC-ACID COMPLEX	Streptococcus pneumoniae	INHIBITOR	1	0	70S ribosome inhibitor
BRD-K38310698	troleandomycin	CHEMBL564085	CHEMBL564085	CHEMBL2363853	Q8CWU8	rplQ		PROTEIN NUCLEIC-ACID COMPLEX	Streptococcus pneumoniae	INHIBITOR	1	0	70S ribosome inhibitor
BRD-K38310698	troleandomycin	CHEMBL564085	CHEMBL564085	CHEMBL2363853	Q8CWV2	rplR		PROTEIN NUCLEIC-ACID COMPLEX	Streptococcus pneumoniae	INHIBITOR	1	0	70S ribosome inhibitor
BRD-K38310698	troleandomycin	CHEMBL564085	CHEMBL564085	CHEMBL2363853	Q8CWQ9	rplS		PROTEIN NUCLEIC-ACID COMPLEX	Streptococcus pneumoniae	INHIBITOR	1	0	70S ribosome inhibitor
BRD-K38310698	troleandomycin	CHEMBL564085	CHEMBL564085	CHEMBL2363853	Q8CWV5	rplB		PROTEIN NUCLEIC-ACID COMPLEX	Streptococcus pneumoniae	INHIBITOR	1	0	70S ribosome inhibitor
BRD-K38310698	troleandomycin	CHEMBL564085	CHEMBL564085	CHEMBL2363853	P66113	rplT		PROTEIN NUCLEIC-ACID COMPLEX	Streptococcus pneumoniae	INHIBITOR	1	0	70S ribosome inhibitor
BRD-K38310698	troleandomycin	CHEMBL564085	CHEMBL564085	CHEMBL2363853	Q8CWR5	rplU		PROTEIN NUCLEIC-ACID COMPLEX	Streptococcus pneumoniae	INHIBITOR	1	0	70S ribosome inhibitor
BRD-K38310698	troleandomycin	CHEMBL564085	CHEMBL564085	CHEMBL2363853	P61183	rplV		PROTEIN NUCLEIC-ACID COMPLEX	Streptococcus pneumoniae	INHIBITOR	1	0	70S ribosome inhibitor
BRD-K38310698	troleandomycin	CHEMBL564085	CHEMBL564085	CHEMBL2363853	Q8CWV6	rplW		PROTEIN NUCLEIC-ACID COMPLEX	Streptococcus pneumoniae	INHIBITOR	1	0	70S ribosome inhibitor
BRD-K38310698	troleandomycin	CHEMBL564085	CHEMBL564085	CHEMBL2363853	P60630	rplX		PROTEIN NUCLEIC-ACID COMPLEX	Streptococcus pneumoniae	INHIBITOR	1	0	70S ribosome inhibitor
BRD-K38310698	troleandomycin	CHEMBL564085	CHEMBL564085	CHEMBL2363853	P66136	rpmA		PROTEIN NUCLEIC-ACID COMPLEX	Streptococcus pneumoniae	INHIBITOR	1	0	70S ribosome inhibitor
BRD-K38310698	troleandomycin	CHEMBL564085	CHEMBL564085	CHEMBL2363853	P66156	rpmB		PROTEIN NUCLEIC-ACID COMPLEX	Streptococcus pneumoniae	INHIBITOR	1	0	70S ribosome inhibitor
BRD-K38310698	troleandomycin	CHEMBL564085	CHEMBL564085	CHEMBL2363853	P0A484	rpmC		PROTEIN NUCLEIC-ACID COMPLEX	Streptococcus pneumoniae	INHIBITOR	1	0	70S ribosome inhibitor
BRD-K38310698	troleandomycin	CHEMBL564085	CHEMBL564085	CHEMBL2363853	Q8CWV8	rplC		PROTEIN NUCLEIC-ACID COMPLEX	Streptococcus pneumoniae	INHIBITOR	1	0	70S ribosome inhibitor
BRD-K38310698	troleandomycin	CHEMBL564085	CHEMBL564085	CHEMBL2363853	Q8CWV1	rpmD		PROTEIN NUCLEIC-ACID COMPLEX	Streptococcus pneumoniae	INHIBITOR	1	0	70S ribosome inhibitor
BRD-K38310698	troleandomycin	CHEMBL564085	CHEMBL564085	CHEMBL2363853	P66201	rpmE2		PROTEIN NUCLEIC-ACID COMPLEX	Streptococcus pneumoniae	INHIBITOR	1	0	70S ribosome inhibitor
BRD-K38310698	troleandomycin	CHEMBL564085	CHEMBL564085	CHEMBL2363853	Q8CWN3	rpmF		PROTEIN NUCLEIC-ACID COMPLEX	Streptococcus pneumoniae	INHIBITOR	1	0	70S ribosome inhibitor
BRD-K38310698	troleandomycin	CHEMBL564085	CHEMBL564085	CHEMBL2363853	Q8CWR8	rpmG1		PROTEIN NUCLEIC-ACID COMPLEX	Streptococcus pneumoniae	INHIBITOR	1	0	70S ribosome inhibitor
BRD-K38310698	troleandomycin	CHEMBL564085	CHEMBL564085	CHEMBL2363853	Q8CWN7	rpmG2		PROTEIN NUCLEIC-ACID COMPLEX	Streptococcus pneumoniae	INHIBITOR	1	0	70S ribosome inhibitor
BRD-K38310698	troleandomycin	CHEMBL564085	CHEMBL564085	CHEMBL2363853	P61361	rpmG3		PROTEIN NUCLEIC-ACID COMPLEX	Streptococcus pneumoniae	INHIBITOR	1	0	70S ribosome inhibitor
BRD-K38310698	troleandomycin	CHEMBL564085	CHEMBL564085	CHEMBL2363853	P66257	rpmH		PROTEIN NUCLEIC-ACID COMPLEX	Streptococcus pneumoniae	INHIBITOR	1	0	70S ribosome inhibitor
BRD-K38310698	troleandomycin	CHEMBL564085	CHEMBL564085	CHEMBL2363853	P66279	rpmI		PROTEIN NUCLEIC-ACID COMPLEX	Streptococcus pneumoniae	INHIBITOR	1	0	70S ribosome inhibitor
BRD-K38310698	troleandomycin	CHEMBL564085	CHEMBL564085	CHEMBL2363853	P0A496	rpmJ		PROTEIN NUCLEIC-ACID COMPLEX	Streptococcus pneumoniae	INHIBITOR	1	0	70S ribosome inhibitor
BRD-K38310698	troleandomycin	CHEMBL564085	CHEMBL564085	CHEMBL2363853	Q8CWV7	rplD		PROTEIN NUCLEIC-ACID COMPLEX	Streptococcus pneumoniae	INHIBITOR	1	0	70S ribosome inhibitor
BRD-K38310698	troleandomycin	CHEMBL564085	CHEMBL564085	CHEMBL2363853	Q8CWV4	rplE		PROTEIN NUCLEIC-ACID COMPLEX	Streptococcus pneumoniae	INHIBITOR	1	0	70S ribosome inhibitor
BRD-K38310698	troleandomycin	CHEMBL564085	CHEMBL564085	CHEMBL2363853	Q8CWV3	rplF		PROTEIN NUCLEIC-ACID COMPLEX	Streptococcus pneumoniae	INHIBITOR	1	0	70S ribosome inhibitor
BRD-K38310698	troleandomycin	CHEMBL564085	CHEMBL564085	CHEMBL2363853	P0A472	rplL		PROTEIN NUCLEIC-ACID COMPLEX	Streptococcus pneumoniae	INHIBITOR	1	0	70S ribosome inhibitor
BRD-K38310698	troleandomycin	CHEMBL564085	CHEMBL564085	CHEMBL2363853	P66321	rplI		PROTEIN NUCLEIC-ACID COMPLEX	Streptococcus pneumoniae	INHIBITOR	1	0	70S ribosome inhibitor
BRD-K16761703	sotrastaurin	CHEMBL565612	CHEMBL565612	CHEMBL2093867	O94806	PRKD3		PROTEIN FAMILY	Homo sapiens	INHIBITOR	1	0	Protein kinase C (PKC) inhibitor
BRD-K16761703	sotrastaurin	CHEMBL565612	CHEMBL565612	CHEMBL2093867	P41743	PRKCI		PROTEIN FAMILY	Homo sapiens	INHIBITOR	1	0	Protein kinase C (PKC) inhibitor
BRD-K16761703	sotrastaurin	CHEMBL565612	CHEMBL565612	CHEMBL2093867	P17252	PRKCA		PROTEIN FAMILY	Homo sapiens	INHIBITOR	1	0	Protein kinase C (PKC) inhibitor
BRD-K16761703	sotrastaurin	CHEMBL565612	CHEMBL565612	CHEMBL2093867	P05129	PRKCG		PROTEIN FAMILY	Homo sapiens	INHIBITOR	1	0	Protein kinase C (PKC) inhibitor
BRD-K16761703	sotrastaurin	CHEMBL565612	CHEMBL565612	CHEMBL2093867	Q05655	PRKCD	5580	PROTEIN FAMILY	Homo sapiens	INHIBITOR	1	1	Protein kinase C (PKC) inhibitor
BRD-K16761703	sotrastaurin	CHEMBL565612	CHEMBL565612	CHEMBL2093867	P05771	PRKCB		PROTEIN FAMILY	Homo sapiens	INHIBITOR	1	0	Protein kinase C (PKC) inhibitor
BRD-K16761703	sotrastaurin	CHEMBL565612	CHEMBL565612	CHEMBL2093867	Q05513	PRKCZ		PROTEIN FAMILY	Homo sapiens	INHIBITOR	1	0	Protein kinase C (PKC) inhibitor
BRD-K16761703	sotrastaurin	CHEMBL565612	CHEMBL565612	CHEMBL2093867	Q02156	PRKCE		PROTEIN FAMILY	Homo sapiens	INHIBITOR	1	0	Protein kinase C (PKC) inhibitor
BRD-K16761703	sotrastaurin	CHEMBL565612	CHEMBL565612	CHEMBL2093867	P24723	PRKCH	5583	PROTEIN FAMILY	Homo sapiens	INHIBITOR	1	1	Protein kinase C (PKC) inhibitor
BRD-K16761703	sotrastaurin	CHEMBL565612	CHEMBL565612	CHEMBL2093867	Q15139	PRKD1		PROTEIN FAMILY	Homo sapiens	INHIBITOR	1	0	Protein kinase C (PKC) inhibitor
BRD-K16761703	sotrastaurin	CHEMBL565612	CHEMBL565612	CHEMBL2093867	Q04759	PRKCQ	5588	PROTEIN FAMILY	Homo sapiens	INHIBITOR	1	1	Protein kinase C (PKC) inhibitor
BRD-K60997853	PHA-848125	CHEMBL564829	CHEMBL564829	CHEMBL308	P06493	CDK1	983	SINGLE PROTEIN	Homo sapiens	INHIBITOR	1	1	Cyclin-dependent kinase 1 inhibitor
BRD-K60997853	PHA-848125	CHEMBL564829	CHEMBL564829	CHEMBL301	P24941	CDK2	1017	SINGLE PROTEIN	Homo sapiens	INHIBITOR	1	1	Cyclin-dependent kinase 2 inhibitor
BRD-K60997853	PHA-848125	CHEMBL564829	CHEMBL564829	CHEMBL331	P11802	CDK4	1019	SINGLE PROTEIN	Homo sapiens	INHIBITOR	1	1	Cyclin-dependent kinase 4 inhibitor
BRD-K60997853	PHA-848125	CHEMBL564829	CHEMBL564829	CHEMBL2815	P04629	NTRK1		SINGLE PROTEIN	Homo sapiens	INHIBITOR	1	0	Nerve growth factor receptor Trk-A inhibitor
BRD-K93123848	RAF-265	CHEMBL558752	CHEMBL558752	CHEMBL5145	P15056	BRAF		SINGLE PROTEIN	Homo sapiens	INHIBITOR	1	0	Serine/threonine-protein kinase B-raf inhibitor
BRD-K93123848	RAF-265	CHEMBL558752	CHEMBL558752	CHEMBL279	P35968	KDR		SINGLE PROTEIN	Homo sapiens	INHIBITOR	1	0	Vascular endothelial growth factor receptor 2 inhibitor
BRD-K09090949	CP-945598	CHEMBL562668	CHEMBL562668	CHEMBL218	P21554	CNR1		SINGLE PROTEIN	Homo sapiens	ANTAGONIST	1	0	Cannabinoid CB1 receptor antagonist
BRD-K69726595	mericitabine	CHEMBL562967	CHEMBL562967	CHEMBL4296320	O39930	NS5b		SINGLE PROTEIN	Hepacivirus hominis	INHIBITOR	1	0	RNA-directed RNA polymerase inhibitor
BRD-K50866992	tropisetron	CHEMBL56564	CHEMBL56564	CHEMBL2094132	P46098	HTR3A		PROTEIN COMPLEX GROUP	Homo sapiens	ANTAGONIST	1	0	Serotonin 3 (5-HT3) receptor antagonist
BRD-K50866992	tropisetron	CHEMBL56564	CHEMBL56564	CHEMBL2094132	A5X5Y0	HTR3E		PROTEIN COMPLEX GROUP	Homo sapiens	ANTAGONIST	1	0	Serotonin 3 (5-HT3) receptor antagonist
BRD-K50866992	tropisetron	CHEMBL56564	CHEMBL56564	CHEMBL2094132	O95264	HTR3B		PROTEIN COMPLEX GROUP	Homo sapiens	ANTAGONIST	1	0	Serotonin 3 (5-HT3) receptor antagonist
BRD-K50866992	tropisetron	CHEMBL56564	CHEMBL56564	CHEMBL2094132	Q70Z44	HTR3D		PROTEIN COMPLEX GROUP	Homo sapiens	ANTAGONIST	1	0	Serotonin 3 (5-HT3) receptor antagonist
BRD-K50866992	tropisetron	CHEMBL56564	CHEMBL56564	CHEMBL2094132	Q8WXA8	HTR3C		PROTEIN COMPLEX GROUP	Homo sapiens	ANTAGONIST	1	0	Serotonin 3 (5-HT3) receptor antagonist
BRD-K31519811	PF-02545920	CHEMBL562318	CHEMBL562318	CHEMBL4409	Q9Y233	PDE10A		SINGLE PROTEIN	Homo sapiens	INHIBITOR	1	0	Phosphodiesterase 10A inhibitor
BRD-K10995081	perphenazine	CHEMBL567	CHEMBL567	CHEMBL217	P14416	DRD2		SINGLE PROTEIN	Homo sapiens	ANTAGONIST	1	0	Dopamine D2 receptor antagonist
BRD-K63675182	triflupromazine	CHEMBL570	CHEMBL570	CHEMBL217	P14416	DRD2		SINGLE PROTEIN	Homo sapiens	ANTAGONIST	1	0	Dopamine D2 receptor antagonist
BRD-K63675182	triflupromazine	CHEMBL570	CHEMBL570	CHEMBL217	P14416	DRD2		SINGLE PROTEIN	Homo sapiens	ANTAGONIST	1	0	Dopamine D2 receptor antagonist
BRD-K89923877	scopolamine	CHEMBL569713	CHEMBL569713	CHEMBL216	P11229	CHRM1		SINGLE PROTEIN	Homo sapiens	ANTAGONIST	1	0	Muscarinic acetylcholine receptor M1 antagonist
BRD-K15502390	nevirapine	CHEMBL57	CHEMBL57	CHEMBL247	Q72547	pol		SINGLE PROTEIN	Human immunodeficiency virus 1	INHIBITOR	1	0	Human immunodeficiency virus type 1 reverse transcriptase inhibitor
BRD-K39621635	artemether	CHEMBL566534	CHEMBL566534	CHEMBL613897				SMALL MOLECULE	Plasmodium falciparum	INHIBITOR	1	0	Ferriprotoporphyrin IX inhibitor
BRD-A97739905	ketoprofen	CHEMBL571	CHEMBL571	CHEMBL2094253	P35354	PTGS2	5743	PROTEIN FAMILY	Homo sapiens	INHIBITOR	1	1	Cyclooxygenase inhibitor
BRD-A97739905	ketoprofen	CHEMBL571	CHEMBL571	CHEMBL2094253	P23219	PTGS1		PROTEIN FAMILY	Homo sapiens	INHIBITOR	1	0	Cyclooxygenase inhibitor
BRD-K24616672	procaine	CHEMBL569	CHEMBL569	CHEMBL2331043	P35498	SCN1A		PROTEIN FAMILY	Homo sapiens	BLOCKER	1	0	Sodium channel alpha subunit blocker
BRD-K24616672	procaine	CHEMBL569	CHEMBL569	CHEMBL2331043	Q14524	SCN5A		PROTEIN FAMILY	Homo sapiens	BLOCKER	1	0	Sodium channel alpha subunit blocker
BRD-K24616672	procaine	CHEMBL569	CHEMBL569	CHEMBL2331043	P35499	SCN4A		PROTEIN FAMILY	Homo sapiens	BLOCKER	1	0	Sodium channel alpha subunit blocker
BRD-K24616672	procaine	CHEMBL569	CHEMBL569	CHEMBL2331043	Q01118	SCN7A		PROTEIN FAMILY	Homo sapiens	BLOCKER	1	0	Sodium channel alpha subunit blocker
BRD-K24616672	procaine	CHEMBL569	CHEMBL569	CHEMBL2331043	Q99250	SCN2A		PROTEIN FAMILY	Homo sapiens	BLOCKER	1	0	Sodium channel alpha subunit blocker
BRD-K24616672	procaine	CHEMBL569	CHEMBL569	CHEMBL2331043	Q15858	SCN9A		PROTEIN FAMILY	Homo sapiens	BLOCKER	1	0	Sodium channel alpha subunit blocker
BRD-K24616672	procaine	CHEMBL569	CHEMBL569	CHEMBL2331043	Q9NY46	SCN3A		PROTEIN FAMILY	Homo sapiens	BLOCKER	1	0	Sodium channel alpha subunit blocker
BRD-K24616672	procaine	CHEMBL569	CHEMBL569	CHEMBL2331043	Q9UI33	SCN11A		PROTEIN FAMILY	Homo sapiens	BLOCKER	1	0	Sodium channel alpha subunit blocker
BRD-K24616672	procaine	CHEMBL569	CHEMBL569	CHEMBL2331043	Q9UQD0	SCN8A		PROTEIN FAMILY	Homo sapiens	BLOCKER	1	0	Sodium channel alpha subunit blocker
BRD-K24616672	procaine	CHEMBL569	CHEMBL569	CHEMBL2331043	Q9Y5Y9	SCN10A		PROTEIN FAMILY	Homo sapiens	BLOCKER	1	0	Sodium channel alpha subunit blocker
BRD-K56751279	Y-39983	CHEMBL571948	CHEMBL571948	CHEMBL2111459	O75116	ROCK2		PROTEIN FAMILY	Homo sapiens	INHIBITOR	1	0	Rho-associated protein kinase inhibitor
BRD-K56751279	Y-39983	CHEMBL571948	CHEMBL571948	CHEMBL2111459	Q13464	ROCK1		PROTEIN FAMILY	Homo sapiens	INHIBITOR	1	0	Rho-associated protein kinase inhibitor
BRD-K29968218	KX2-391	CHEMBL571546	CHEMBL571546	CHEMBL267	P12931	SRC	6714	SINGLE PROTEIN	Homo sapiens	INHIBITOR	1	1	Tyrosine-protein kinase SRC inhibitor
BRD-K37590257	GSK-256066	CHEMBL570015	CHEMBL570015	CHEMBL2093863	P27815	PDE4A		PROTEIN FAMILY	Homo sapiens	INHIBITOR	1	0	Phosphodiesterase 4 inhibitor
BRD-K37590257	GSK-256066	CHEMBL570015	CHEMBL570015	CHEMBL2093863	Q08499	PDE4D		PROTEIN FAMILY	Homo sapiens	INHIBITOR	1	0	Phosphodiesterase 4 inhibitor
BRD-K37590257	GSK-256066	CHEMBL570015	CHEMBL570015	CHEMBL2093863	Q07343	PDE4B		PROTEIN FAMILY	Homo sapiens	INHIBITOR	1	0	Phosphodiesterase 4 inhibitor
BRD-K37590257	GSK-256066	CHEMBL570015	CHEMBL570015	CHEMBL2093863	Q08493	PDE4C		PROTEIN FAMILY	Homo sapiens	INHIBITOR	1	0	Phosphodiesterase 4 inhibitor
BRD-K58550667	FK-866	CHEMBL566757	CHEMBL566757	CHEMBL1744525	P43490	NAMPT		SINGLE PROTEIN	Homo sapiens	INHIBITOR	1	0	Nicotinamide phosphoribosyltransferase inhibitor
BRD-K93255255	indoximod	CHEMBL571209	CHEMBL571209	CHEMBL4296661	P42345	MTOR		PROTEIN COMPLEX	Homo sapiens	ACTIVATOR	1	0	mTORC1 activator
BRD-K93255255	indoximod	CHEMBL571209	CHEMBL571209	CHEMBL4296661	Q8N122	RPTOR		PROTEIN COMPLEX	Homo sapiens	ACTIVATOR	1	0	mTORC1 activator
BRD-K93255255	indoximod	CHEMBL571209	CHEMBL571209	CHEMBL4296661	Q9BVC4	MLST8		PROTEIN COMPLEX	Homo sapiens	ACTIVATOR	1	0	mTORC1 activator
BRD-K21680192	mitoxantrone	CHEMBL58	CHEMBL58	CHEMBL1806	P11388	TOP2A	7153	SINGLE PROTEIN	Homo sapiens	INHIBITOR	1	1	DNA topoisomerase II alpha inhibitor
BRD-K99447003	enalaprilat	CHEMBL577	CHEMBL577	CHEMBL1808	P12821	ACE		SINGLE PROTEIN	Homo sapiens	INHIBITOR	1	0	Angiotensin-converting enzyme inhibitor
BRD-K57545991	enalapril	CHEMBL578	CHEMBL578	CHEMBL1808	P12821	ACE		SINGLE PROTEIN	Homo sapiens	INHIBITOR	1	0	Angiotensin-converting enzyme inhibitor
BRD-A50684349	fenoldopam	CHEMBL588	CHEMBL588	CHEMBL2056	P21728	DRD1		SINGLE PROTEIN	Homo sapiens	AGONIST	1	0	Dopamine D1 receptor agonist
BRD-K92049597	triamterene	CHEMBL585	CHEMBL585	CHEMBL2107836	P37088	SCNN1A		PROTEIN COMPLEX	Homo sapiens	BLOCKER	1	0	Amiloride-sensitive sodium channel, ENaC blocker
BRD-K92049597	triamterene	CHEMBL585	CHEMBL585	CHEMBL2107836	P51168	SCNN1B		PROTEIN COMPLEX	Homo sapiens	BLOCKER	1	0	Amiloride-sensitive sodium channel, ENaC blocker
BRD-K92049597	triamterene	CHEMBL585	CHEMBL585	CHEMBL2107836	P51170	SCNN1G		PROTEIN COMPLEX	Homo sapiens	BLOCKER	1	0	Amiloride-sensitive sodium channel, ENaC blocker
BRD-K74117820	nelfinavir	CHEMBL584	CHEMBL584	CHEMBL243	Q72874	pol		SINGLE PROTEIN	Human immunodeficiency virus 1	INHIBITOR	1	0	Human immunodeficiency virus type 1 protease inhibitor
BRD-A11990600	lorazepam	CHEMBL580	CHEMBL580	CHEMBL2093872	P14867	GABRA1		PROTEIN COMPLEX GROUP	Homo sapiens	POSITIVE ALLOSTERIC MODULATOR	1	0	GABA-A receptor; anion channel positive allosteric modulator
BRD-A11990600	lorazepam	CHEMBL580	CHEMBL580	CHEMBL2093872	P47870	GABRB2		PROTEIN COMPLEX GROUP	Homo sapiens	POSITIVE ALLOSTERIC MODULATOR	1	0	GABA-A receptor; anion channel positive allosteric modulator
BRD-A11990600	lorazepam	CHEMBL580	CHEMBL580	CHEMBL2093872	P18507	GABRG2		PROTEIN COMPLEX GROUP	Homo sapiens	POSITIVE ALLOSTERIC MODULATOR	1	0	GABA-A receptor; anion channel positive allosteric modulator
BRD-A11990600	lorazepam	CHEMBL580	CHEMBL580	CHEMBL2093872	P28472	GABRB3		PROTEIN COMPLEX GROUP	Homo sapiens	POSITIVE ALLOSTERIC MODULATOR	1	0	GABA-A receptor; anion channel positive allosteric modulator
BRD-A11990600	lorazepam	CHEMBL580	CHEMBL580	CHEMBL2093872	P48169	GABRA4		PROTEIN COMPLEX GROUP	Homo sapiens	POSITIVE ALLOSTERIC MODULATOR	1	0	GABA-A receptor; anion channel positive allosteric modulator
BRD-A11990600	lorazepam	CHEMBL580	CHEMBL580	CHEMBL2093872	Q99928	GABRG3		PROTEIN COMPLEX GROUP	Homo sapiens	POSITIVE ALLOSTERIC MODULATOR	1	0	GABA-A receptor; anion channel positive allosteric modulator
BRD-A11990600	lorazepam	CHEMBL580	CHEMBL580	CHEMBL2093872	Q9UN88	GABRQ		PROTEIN COMPLEX GROUP	Homo sapiens	POSITIVE ALLOSTERIC MODULATOR	1	0	GABA-A receptor; anion channel positive allosteric modulator
BRD-A11990600	lorazepam	CHEMBL580	CHEMBL580	CHEMBL2093872	P34903	GABRA3		PROTEIN COMPLEX GROUP	Homo sapiens	POSITIVE ALLOSTERIC MODULATOR	1	0	GABA-A receptor; anion channel positive allosteric modulator
BRD-A11990600	lorazepam	CHEMBL580	CHEMBL580	CHEMBL2093872	O00591	GABRP		PROTEIN COMPLEX GROUP	Homo sapiens	POSITIVE ALLOSTERIC MODULATOR	1	0	GABA-A receptor; anion channel positive allosteric modulator
BRD-A11990600	lorazepam	CHEMBL580	CHEMBL580	CHEMBL2093872	O14764	GABRD		PROTEIN COMPLEX GROUP	Homo sapiens	POSITIVE ALLOSTERIC MODULATOR	1	0	GABA-A receptor; anion channel positive allosteric modulator
BRD-A11990600	lorazepam	CHEMBL580	CHEMBL580	CHEMBL2093872	Q8N1C3	GABRG1		PROTEIN COMPLEX GROUP	Homo sapiens	POSITIVE ALLOSTERIC MODULATOR	1	0	GABA-A receptor; anion channel positive allosteric modulator
BRD-A11990600	lorazepam	CHEMBL580	CHEMBL580	CHEMBL2093872	P18505	GABRB1		PROTEIN COMPLEX GROUP	Homo sapiens	POSITIVE ALLOSTERIC MODULATOR	1	0	GABA-A receptor; anion channel positive allosteric modulator
BRD-A11990600	lorazepam	CHEMBL580	CHEMBL580	CHEMBL2093872	P78334	GABRE		PROTEIN COMPLEX GROUP	Homo sapiens	POSITIVE ALLOSTERIC MODULATOR	1	0	GABA-A receptor; anion channel positive allosteric modulator
BRD-A11990600	lorazepam	CHEMBL580	CHEMBL580	CHEMBL2093872	P47869	GABRA2		PROTEIN COMPLEX GROUP	Homo sapiens	POSITIVE ALLOSTERIC MODULATOR	1	0	GABA-A receptor; anion channel positive allosteric modulator
BRD-A11990600	lorazepam	CHEMBL580	CHEMBL580	CHEMBL2093872	P31644	GABRA5		PROTEIN COMPLEX GROUP	Homo sapiens	POSITIVE ALLOSTERIC MODULATOR	1	0	GABA-A receptor; anion channel positive allosteric modulator
BRD-A11990600	lorazepam	CHEMBL580	CHEMBL580	CHEMBL2093872	Q16445	GABRA6		PROTEIN COMPLEX GROUP	Homo sapiens	POSITIVE ALLOSTERIC MODULATOR	1	0	GABA-A receptor; anion channel positive allosteric modulator
BRD-K21680192	mitoxantrone	CHEMBL58	CHEMBL58	CHEMBL2311221				NUCLEIC-ACID	Homo sapiens	INHIBITOR	1	0	DNA inhibitor
BRD-K68232650	lacosamide	CHEMBL58323	CHEMBL58323	CHEMBL2331043	P35498	SCN1A		PROTEIN FAMILY	Homo sapiens	BLOCKER	1	0	Sodium channel alpha subunit blocker
BRD-K68232650	lacosamide	CHEMBL58323	CHEMBL58323	CHEMBL2331043	Q14524	SCN5A		PROTEIN FAMILY	Homo sapiens	BLOCKER	1	0	Sodium channel alpha subunit blocker
BRD-K68232650	lacosamide	CHEMBL58323	CHEMBL58323	CHEMBL2331043	P35499	SCN4A		PROTEIN FAMILY	Homo sapiens	BLOCKER	1	0	Sodium channel alpha subunit blocker
BRD-K68232650	lacosamide	CHEMBL58323	CHEMBL58323	CHEMBL2331043	Q01118	SCN7A		PROTEIN FAMILY	Homo sapiens	BLOCKER	1	0	Sodium channel alpha subunit blocker
BRD-K68232650	lacosamide	CHEMBL58323	CHEMBL58323	CHEMBL2331043	Q99250	SCN2A		PROTEIN FAMILY	Homo sapiens	BLOCKER	1	0	Sodium channel alpha subunit blocker
BRD-K68232650	lacosamide	CHEMBL58323	CHEMBL58323	CHEMBL2331043	Q15858	SCN9A		PROTEIN FAMILY	Homo sapiens	BLOCKER	1	0	Sodium channel alpha subunit blocker
BRD-K68232650	lacosamide	CHEMBL58323	CHEMBL58323	CHEMBL2331043	Q9NY46	SCN3A		PROTEIN FAMILY	Homo sapiens	BLOCKER	1	0	Sodium channel alpha subunit blocker
BRD-K68232650	lacosamide	CHEMBL58323	CHEMBL58323	CHEMBL2331043	Q9UI33	SCN11A		PROTEIN FAMILY	Homo sapiens	BLOCKER	1	0	Sodium channel alpha subunit blocker
BRD-K68232650	lacosamide	CHEMBL58323	CHEMBL58323	CHEMBL2331043	Q9UQD0	SCN8A		PROTEIN FAMILY	Homo sapiens	BLOCKER	1	0	Sodium channel alpha subunit blocker
BRD-K68232650	lacosamide	CHEMBL58323	CHEMBL58323	CHEMBL2331043	Q9Y5Y9	SCN10A		PROTEIN FAMILY	Homo sapiens	BLOCKER	1	0	Sodium channel alpha subunit blocker
BRD-K15933101	ropinirole	CHEMBL589	CHEMBL589	CHEMBL2331075	P14416	DRD2		PROTEIN FAMILY	Homo sapiens	AGONIST	1	0	D2-like dopamine receptor agonist
BRD-K15933101	ropinirole	CHEMBL589	CHEMBL589	CHEMBL2331075	P35462	DRD3		PROTEIN FAMILY	Homo sapiens	AGONIST	1	0	D2-like dopamine receptor agonist
BRD-K15933101	ropinirole	CHEMBL589	CHEMBL589	CHEMBL2331075	P21917	DRD4		PROTEIN FAMILY	Homo sapiens	AGONIST	1	0	D2-like dopamine receptor agonist
BRD-K40718343	AEE-788	CHEMBL587723	CHEMBL587723	CHEMBL203	P00533	EGFR	1956	SINGLE PROTEIN	Homo sapiens	INHIBITOR	1	1	Epidermal growth factor receptor erbB1 inhibitor
BRD-K40718343	AEE-788	CHEMBL587723	CHEMBL587723	CHEMBL1824	P04626	ERBB2	2064	SINGLE PROTEIN	Homo sapiens	INHIBITOR	1	1	Receptor protein-tyrosine kinase erbB-2 inhibitor
BRD-K40718343	AEE-788	CHEMBL587723	CHEMBL587723	CHEMBL279	P35968	KDR		SINGLE PROTEIN	Homo sapiens	INHIBITOR	1	0	Vascular endothelial growth factor receptor 2 inhibitor
BRD-K40718343	AEE-788	CHEMBL587723	CHEMBL587723	CHEMBL1868	P17948	FLT1		SINGLE PROTEIN	Homo sapiens	INHIBITOR	1	0	Vascular endothelial growth factor receptor 1 inhibitor
BRD-K13049116	BMS-754807	CHEMBL575448	CHEMBL575448	CHEMBL1957	P08069	IGF1R	3480	SINGLE PROTEIN	Homo sapiens	INHIBITOR	1	1	Insulin-like growth factor I receptor inhibitor
BRD-K13049116	BMS-754807	CHEMBL575448	CHEMBL575448	CHEMBL1981	P06213	INSR		SINGLE PROTEIN	Homo sapiens	INHIBITOR	1	0	Insulin receptor inhibitor
BRD-K59369769	tozasertib	CHEMBL572878	CHEMBL572878	CHEMBL3430911	Q96GD4	AURKB	9212	PROTEIN FAMILY	Homo sapiens	INHIBITOR	1	1	Serine/threonine-protein kinase Aurora inhibitor
BRD-K59369769	tozasertib	CHEMBL572878	CHEMBL572878	CHEMBL3430911	Q9UQB9	AURKC		PROTEIN FAMILY	Homo sapiens	INHIBITOR	1	0	Serine/threonine-protein kinase Aurora inhibitor
BRD-K59369769	tozasertib	CHEMBL572878	CHEMBL572878	CHEMBL3430911	O14965	AURKA	6790	PROTEIN FAMILY	Homo sapiens	INHIBITOR	1	1	Serine/threonine-protein kinase Aurora inhibitor
BRD-K87947369	tozasertib	CHEMBL572878	CHEMBL572878	CHEMBL3430911	Q96GD4	AURKB	9212	PROTEIN FAMILY	Homo sapiens	INHIBITOR	1	1	Serine/threonine-protein kinase Aurora inhibitor
BRD-K87947369	tozasertib	CHEMBL572878	CHEMBL572878	CHEMBL3430911	Q9UQB9	AURKC		PROTEIN FAMILY	Homo sapiens	INHIBITOR	1	0	Serine/threonine-protein kinase Aurora inhibitor
BRD-K87947369	tozasertib	CHEMBL572878	CHEMBL572878	CHEMBL3430911	O14965	AURKA	6790	PROTEIN FAMILY	Homo sapiens	INHIBITOR	1	1	Serine/threonine-protein kinase Aurora inhibitor
BRD-K63068307	ZSTK-474	CHEMBL586702	CHEMBL586702	CHEMBL3559703	P27986	PIK3R1		PROTEIN COMPLEX GROUP	Homo sapiens	INHIBITOR	1	0	PI3-kinase class I inhibitor
BRD-K63068307	ZSTK-474	CHEMBL586702	CHEMBL586702	CHEMBL3559703	P42338	PIK3CB		PROTEIN COMPLEX GROUP	Homo sapiens	INHIBITOR	1	0	PI3-kinase class I inhibitor
BRD-K63068307	ZSTK-474	CHEMBL586702	CHEMBL586702	CHEMBL3559703	P48736	PIK3CG		PROTEIN COMPLEX GROUP	Homo sapiens	INHIBITOR	1	0	PI3-kinase class I inhibitor
BRD-K63068307	ZSTK-474	CHEMBL586702	CHEMBL586702	CHEMBL3559703	P42336	PIK3CA	5290	PROTEIN COMPLEX GROUP	Homo sapiens	INHIBITOR	1	1	PI3-kinase class I inhibitor
BRD-K63068307	ZSTK-474	CHEMBL586702	CHEMBL586702	CHEMBL3559703	O00459	PIK3R2		PROTEIN COMPLEX GROUP	Homo sapiens	INHIBITOR	1	0	PI3-kinase class I inhibitor
BRD-K63068307	ZSTK-474	CHEMBL586702	CHEMBL586702	CHEMBL3559703	O00329	PIK3CD		PROTEIN COMPLEX GROUP	Homo sapiens	INHIBITOR	1	0	PI3-kinase class I inhibitor
BRD-K63068307	ZSTK-474	CHEMBL586702	CHEMBL586702	CHEMBL3559703	Q8WYR1	PIK3R5		PROTEIN COMPLEX GROUP	Homo sapiens	INHIBITOR	1	0	PI3-kinase class I inhibitor
BRD-K63068307	ZSTK-474	CHEMBL586702	CHEMBL586702	CHEMBL3559703	Q92569	PIK3R3	8503	PROTEIN COMPLEX GROUP	Homo sapiens	INHIBITOR	1	1	PI3-kinase class I inhibitor
BRD-K93918653	quizartinib	CHEMBL576982	CHEMBL576982	CHEMBL1844	P07333	CSF1R		SINGLE PROTEIN	Homo sapiens	INHIBITOR	1	0	Macrophage colony stimulating factor receptor inhibitor
BRD-K93918653	quizartinib	CHEMBL576982	CHEMBL576982	CHEMBL1974	P36888	FLT3		SINGLE PROTEIN	Homo sapiens	INHIBITOR	1	0	Tyrosine-protein kinase receptor FLT3 inhibitor
BRD-K93918653	quizartinib	CHEMBL576982	CHEMBL576982	CHEMBL1936	P10721	KIT	3815	SINGLE PROTEIN	Homo sapiens	INHIBITOR	1	1	Stem cell growth factor receptor inhibitor
BRD-K93918653	quizartinib	CHEMBL576982	CHEMBL576982	CHEMBL2095189	P09619	PDGFRB		PROTEIN COMPLEX	Homo sapiens	INHIBITOR	1	0	Platelet-derived growth factor receptor inhibitor
BRD-K93918653	quizartinib	CHEMBL576982	CHEMBL576982	CHEMBL2095189	P16234	PDGFRA		PROTEIN COMPLEX	Homo sapiens	INHIBITOR	1	0	Platelet-derived growth factor receptor inhibitor
BRD-K93918653	quizartinib	CHEMBL576982	CHEMBL576982	CHEMBL2041	P07949	RET		SINGLE PROTEIN	Homo sapiens	INHIBITOR	1	0	Tyrosine-protein kinase receptor RET inhibitor
BRD-K99616396	motesanib	CHEMBL572881	CHEMBL572881	CHEMBL1936	P10721	KIT	3815	SINGLE PROTEIN	Homo sapiens	INHIBITOR	1	1	Stem cell growth factor receptor inhibitor
BRD-K99616396	motesanib	CHEMBL572881	CHEMBL572881	CHEMBL2041	P07949	RET		SINGLE PROTEIN	Homo sapiens	INHIBITOR	1	0	Tyrosine-protein kinase receptor RET inhibitor
BRD-K99616396	motesanib	CHEMBL572881	CHEMBL572881	CHEMBL2095227	P17948	FLT1		PROTEIN FAMILY	Homo sapiens	INHIBITOR	1	0	Vascular endothelial growth factor receptor inhibitor
BRD-K99616396	motesanib	CHEMBL572881	CHEMBL572881	CHEMBL2095227	P35916	FLT4		PROTEIN FAMILY	Homo sapiens	INHIBITOR	1	0	Vascular endothelial growth factor receptor inhibitor
BRD-K99616396	motesanib	CHEMBL572881	CHEMBL572881	CHEMBL2095227	P35968	KDR		PROTEIN FAMILY	Homo sapiens	INHIBITOR	1	0	Vascular endothelial growth factor receptor inhibitor
BRD-K99616396	motesanib	CHEMBL572881	CHEMBL572881	CHEMBL2095189	P09619	PDGFRB		PROTEIN COMPLEX	Homo sapiens	INHIBITOR	1	0	Platelet-derived growth factor receptor inhibitor
BRD-K99616396	motesanib	CHEMBL572881	CHEMBL572881	CHEMBL2095189	P16234	PDGFRA		PROTEIN COMPLEX	Homo sapiens	INHIBITOR	1	0	Platelet-derived growth factor receptor inhibitor
BRD-K03289534	lersivirine	CHEMBL571987	CHEMBL571987	CHEMBL247	Q72547	pol		SINGLE PROTEIN	Human immunodeficiency virus 1	INHIBITOR	1	0	Human immunodeficiency virus type 1 reverse transcriptase inhibitor
BRD-K93918653	quizartinib	CHEMBL576982	CHEMBL576982	CHEMBL1974	P36888	FLT3		SINGLE PROTEIN	Homo sapiens	INHIBITOR	1	0	Tyrosine-protein kinase receptor FLT3 inhibitor
BRD-K15010214	emedastine	CHEMBL594	CHEMBL594	CHEMBL231	P35367	HRH1		SINGLE PROTEIN	Homo sapiens	ANTAGONIST	1	0	Histamine H1 receptor antagonist
BRD-K43887077	dopamine	CHEMBL59	CHEMBL59	CHEMBL213	P08588	ADRB1		SINGLE PROTEIN	Homo sapiens	AGONIST	1	0	Beta-1 adrenergic receptor agonist
BRD-A48430263	pioglitazone	CHEMBL595	CHEMBL595	CHEMBL235	P37231	PPARG	5468	SINGLE PROTEIN	Homo sapiens	AGONIST	1	1	Peroxisome proliferator-activated receptor gamma agonist
BRD-K78431006	crizotinib	CHEMBL601719	CHEMBL601719	CHEMBL3717	P08581	MET		SINGLE PROTEIN	Homo sapiens	INHIBITOR	1	0	Hepatocyte growth factor receptor inhibitor
BRD-K78431006	crizotinib	CHEMBL601719	CHEMBL601719	CHEMBL4247	Q9UM73	ALK		SINGLE PROTEIN	Homo sapiens	INHIBITOR	1	0	ALK tyrosine kinase receptor inhibitor
BRD-K57222227	indometacin	CHEMBL6	CHEMBL6	CHEMBL2094253	P35354	PTGS2	5743	PROTEIN FAMILY	Homo sapiens	INHIBITOR	1	1	Cyclooxygenase inhibitor
BRD-K57222227	indometacin	CHEMBL6	CHEMBL6	CHEMBL2094253	P23219	PTGS1		PROTEIN FAMILY	Homo sapiens	INHIBITOR	1	0	Cyclooxygenase inhibitor
BRD-K57222227	indometacin	CHEMBL6	CHEMBL6	CHEMBL2094253	P35354	PTGS2	5743	PROTEIN FAMILY	Homo sapiens	INHIBITOR	1	1	Cyclooxygenase inhibitor
BRD-K57222227	indometacin	CHEMBL6	CHEMBL6	CHEMBL2094253	P23219	PTGS1		PROTEIN FAMILY	Homo sapiens	INHIBITOR	1	0	Cyclooxygenase inhibitor
BRD-K90333595	phentolamine	CHEMBL597	CHEMBL597	CHEMBL2095203	P35348	ADRA1A		PROTEIN FAMILY	Homo sapiens	ANTAGONIST	1	0	Adrenergic receptor alpha antagonist
BRD-K90333595	phentolamine	CHEMBL597	CHEMBL597	CHEMBL2095203	P08913	ADRA2A		PROTEIN FAMILY	Homo sapiens	ANTAGONIST	1	0	Adrenergic receptor alpha antagonist
BRD-K90333595	phentolamine	CHEMBL597	CHEMBL597	CHEMBL2095203	P18825	ADRA2C		PROTEIN FAMILY	Homo sapiens	ANTAGONIST	1	0	Adrenergic receptor alpha antagonist
BRD-K90333595	phentolamine	CHEMBL597	CHEMBL597	CHEMBL2095203	P25100	ADRA1D		PROTEIN FAMILY	Homo sapiens	ANTAGONIST	1	0	Adrenergic receptor alpha antagonist
BRD-K90333595	phentolamine	CHEMBL597	CHEMBL597	CHEMBL2095203	P35368	ADRA1B		PROTEIN FAMILY	Homo sapiens	ANTAGONIST	1	0	Adrenergic receptor alpha antagonist
BRD-K90333595	phentolamine	CHEMBL597	CHEMBL597	CHEMBL2095203	P18089	ADRA2B		PROTEIN FAMILY	Homo sapiens	ANTAGONIST	1	0	Adrenergic receptor alpha antagonist
BRD-K57631554	5-aminolevulinic-acid	CHEMBL601	CHEMBL601	CHEMBL2311221				NUCLEIC-ACID	Homo sapiens	INHIBITOR	1	0	DNA inhibitor
BRD-K78431006	crizotinib	CHEMBL601719	CHEMBL601719	CHEMBL3883330	Q9UM73	ALK		CHIMERIC PROTEIN	Homo sapiens	INHIBITOR	1	0	EML4-ALK inhibitor
BRD-K78431006	crizotinib	CHEMBL601719	CHEMBL601719	CHEMBL3883330	Q9HC35	EML4		CHIMERIC PROTEIN	Homo sapiens	INHIBITOR	1	0	EML4-ALK inhibitor
BRD-K78431006	crizotinib	CHEMBL601719	CHEMBL601719	CHEMBL2111387	Q9UM73	ALK		CHIMERIC PROTEIN	Homo sapiens	INHIBITOR	1	0	NPM/ALK (Nucleophosmin/ALK tyrosine kinase receptor) inhibitor
BRD-K78431006	crizotinib	CHEMBL601719	CHEMBL601719	CHEMBL2111387	P06748	NPM1		CHIMERIC PROTEIN	Homo sapiens	INHIBITOR	1	0	NPM/ALK (Nucleophosmin/ALK tyrosine kinase receptor) inhibitor
BRD-K78431006	crizotinib	CHEMBL601719	CHEMBL601719	CHEMBL5568	P08922	ROS1		SINGLE PROTEIN	Homo sapiens	INHIBITOR	1	0	Proto-oncogene tyrosine-protein kinase ROS inhibitor
BRD-K78431006	crizotinib	CHEMBL601719	CHEMBL601719	CHEMBL2689	Q04912	MST1R		SINGLE PROTEIN	Homo sapiens	INHIBITOR	1	0	Macrophage-stimulating protein receptor inhibitor
BRD-K71289571	zafirlukast	CHEMBL603	CHEMBL603	CHEMBL1798	Q9Y271	CYSLTR1		SINGLE PROTEIN	Homo sapiens	ANTAGONIST	1	0	Cysteinyl leukotriene receptor 1 antagonist
BRD-K70778732	trazodone	CHEMBL621	CHEMBL621	CHEMBL228	P31645	SLC6A4		SINGLE PROTEIN	Homo sapiens	INHIBITOR	1	0	Serotonin transporter inhibitor
BRD-K53737926	amitriptyline	CHEMBL629	CHEMBL629	CHEMBL228	P31645	SLC6A4		SINGLE PROTEIN	Homo sapiens	INHIBITOR	1	0	Serotonin transporter inhibitor
BRD-K90789829	nefazodone	CHEMBL623	CHEMBL623	CHEMBL228	P31645	SLC6A4		SINGLE PROTEIN	Homo sapiens	INHIBITOR	1	0	Serotonin transporter inhibitor
BRD-K70778732	trazodone	CHEMBL621	CHEMBL621	CHEMBL224	P28223	HTR2A		SINGLE PROTEIN	Homo sapiens	ANTAGONIST	1	0	Serotonin 2a (5-HT2a) receptor antagonist
BRD-K90789829	nefazodone	CHEMBL623	CHEMBL623	CHEMBL224	P28223	HTR2A		SINGLE PROTEIN	Homo sapiens	ANTAGONIST	1	0	Serotonin 2a (5-HT2a) receptor antagonist
BRD-K90789829	nefazodone	CHEMBL623	CHEMBL623	CHEMBL225	P28335	HTR2C		SINGLE PROTEIN	Homo sapiens	ANTAGONIST	1	0	Serotonin 2c (5-HT2c) receptor antagonist
BRD-K70778732	trazodone	CHEMBL621	CHEMBL621	CHEMBL225	P28335	HTR2C		SINGLE PROTEIN	Homo sapiens	ANTAGONIST	1	0	Serotonin 2c (5-HT2c) receptor antagonist
BRD-K28667793	pyrazinamide	CHEMBL614	CHEMBL614	CHEMBL2011	P95029	fas		SINGLE PROTEIN	Mycobacterium tuberculosis	INHIBITOR	1	0	Fatty acid synthase inhibitor
BRD-K53737926	amitriptyline	CHEMBL629	CHEMBL629	CHEMBL222	P23975	SLC6A2		SINGLE PROTEIN	Homo sapiens	INHIBITOR	1	0	Norepinephrine transporter inhibitor
BRD-K90789829	nefazodone	CHEMBL623	CHEMBL623	CHEMBL222	P23975	SLC6A2		SINGLE PROTEIN	Homo sapiens	INHIBITOR	1	0	Norepinephrine transporter inhibitor
BRD-A22256192	terazosin	CHEMBL611	CHEMBL611	CHEMBL2094251	P35348	ADRA1A		PROTEIN FAMILY	Homo sapiens	ANTAGONIST	1	0	Adrenergic receptor alpha-1 antagonist
BRD-A22256192	terazosin	CHEMBL611	CHEMBL611	CHEMBL2094251	P25100	ADRA1D		PROTEIN FAMILY	Homo sapiens	ANTAGONIST	1	0	Adrenergic receptor alpha-1 antagonist
BRD-A22256192	terazosin	CHEMBL611	CHEMBL611	CHEMBL2094251	P35368	ADRA1B		PROTEIN FAMILY	Homo sapiens	ANTAGONIST	1	0	Adrenergic receptor alpha-1 antagonist
BRD-K57569181	pentoxifylline	CHEMBL628	CHEMBL628	CHEMBL2094257	P29275	ADORA2B		PROTEIN FAMILY	Homo sapiens	ANTAGONIST	1	0	Adenosine A2 receptor antagonist
BRD-K57569181	pentoxifylline	CHEMBL628	CHEMBL628	CHEMBL2094257	P29274	ADORA2A		PROTEIN FAMILY	Homo sapiens	ANTAGONIST	1	0	Adenosine A2 receptor antagonist
BRD-K74141488	naftifine	CHEMBL626	CHEMBL626	CHEMBL2364679	Q4JEY0			SINGLE PROTEIN	Trichophyton	INHIBITOR	1	0	Squalene monooxygenase inhibitor
BRD-K77695569	tiabendazole	CHEMBL625	CHEMBL625	CHEMBL2364704	C4PKY4			PROTEIN COMPLEX GROUP	Taeniidae	INHIBITOR	1	0	Tubulin inhibitor
BRD-K77695569	tiabendazole	CHEMBL625	CHEMBL625	CHEMBL2364704	C4PKZ2			PROTEIN COMPLEX GROUP	Taeniidae	INHIBITOR	1	0	Tubulin inhibitor
BRD-K77695569	tiabendazole	CHEMBL625	CHEMBL625	CHEMBL2364704	C4PKZ6			PROTEIN COMPLEX GROUP	Taeniidae	INHIBITOR	1	0	Tubulin inhibitor
BRD-K77695569	tiabendazole	CHEMBL625	CHEMBL625	CHEMBL2364705	F1L5G6			PROTEIN COMPLEX GROUP	Nematoda	INHIBITOR	1	0	Tubulin inhibitor
BRD-K77695569	tiabendazole	CHEMBL625	CHEMBL625	CHEMBL2364705	F1L7Y0			PROTEIN COMPLEX GROUP	Nematoda	INHIBITOR	1	0	Tubulin inhibitor
BRD-K77695569	tiabendazole	CHEMBL625	CHEMBL625	CHEMBL2364705	F1L005			PROTEIN COMPLEX GROUP	Nematoda	INHIBITOR	1	0	Tubulin inhibitor
BRD-K77695569	tiabendazole	CHEMBL625	CHEMBL625	CHEMBL2364705	F1LCS0			PROTEIN COMPLEX GROUP	Nematoda	INHIBITOR	1	0	Tubulin inhibitor
BRD-K77695569	tiabendazole	CHEMBL625	CHEMBL625	CHEMBL2364705	F1L4P8			PROTEIN COMPLEX GROUP	Nematoda	INHIBITOR	1	0	Tubulin inhibitor
BRD-K77695569	tiabendazole	CHEMBL625	CHEMBL625	CHEMBL2364705	F1L7U3			PROTEIN COMPLEX GROUP	Nematoda	INHIBITOR	1	0	Tubulin inhibitor
BRD-K77695569	tiabendazole	CHEMBL625	CHEMBL625	CHEMBL2364705	F1L8A5			PROTEIN COMPLEX GROUP	Nematoda	INHIBITOR	1	0	Tubulin inhibitor
BRD-A74667430	etodolac	CHEMBL622	CHEMBL622	CHEMBL230	P35354	PTGS2	5743	SINGLE PROTEIN	Homo sapiens	INHIBITOR	1	1	Cyclooxygenase-2 inhibitor
BRD-K37111771	trientine	CHEMBL609	CHEMBL609	CHEMBL2363057				METAL		CHELATING AGENT	1	0	Copper chelating agent
BRD-K57569181	pentoxifylline	CHEMBL628	CHEMBL628	CHEMBL2363066	O76074	PDE5A		PROTEIN FAMILY	Homo sapiens	INHIBITOR	1	0	3',5'-cyclic phosphodiesterase inhibitor
BRD-K57569181	pentoxifylline	CHEMBL628	CHEMBL628	CHEMBL2363066	P27815	PDE4A		PROTEIN FAMILY	Homo sapiens	INHIBITOR	1	0	3',5'-cyclic phosphodiesterase inhibitor
BRD-K57569181	pentoxifylline	CHEMBL628	CHEMBL628	CHEMBL2363066	Q14432	PDE3A		PROTEIN FAMILY	Homo sapiens	INHIBITOR	1	0	3',5'-cyclic phosphodiesterase inhibitor
BRD-K57569181	pentoxifylline	CHEMBL628	CHEMBL628	CHEMBL2363066	Q13956	PDE6H		PROTEIN FAMILY	Homo sapiens	INHIBITOR	1	0	3',5'-cyclic phosphodiesterase inhibitor
BRD-K57569181	pentoxifylline	CHEMBL628	CHEMBL628	CHEMBL2363066	P18545	PDE6G		PROTEIN FAMILY	Homo sapiens	INHIBITOR	1	0	3',5'-cyclic phosphodiesterase inhibitor
BRD-K57569181	pentoxifylline	CHEMBL628	CHEMBL628	CHEMBL2363066	O00408	PDE2A		PROTEIN FAMILY	Homo sapiens	INHIBITOR	1	0	3',5'-cyclic phosphodiesterase inhibitor
BRD-K57569181	pentoxifylline	CHEMBL628	CHEMBL628	CHEMBL2363066	Q13946	PDE7A		PROTEIN FAMILY	Homo sapiens	INHIBITOR	1	0	3',5'-cyclic phosphodiesterase inhibitor
BRD-K57569181	pentoxifylline	CHEMBL628	CHEMBL628	CHEMBL2363066	P54750	PDE1A		PROTEIN FAMILY	Homo sapiens	INHIBITOR	1	0	3',5'-cyclic phosphodiesterase inhibitor
BRD-K57569181	pentoxifylline	CHEMBL628	CHEMBL628	CHEMBL2363066	O76083	PDE9A		PROTEIN FAMILY	Homo sapiens	INHIBITOR	1	0	3',5'-cyclic phosphodiesterase inhibitor
BRD-K57569181	pentoxifylline	CHEMBL628	CHEMBL628	CHEMBL2363066	P35913	PDE6B		PROTEIN FAMILY	Homo sapiens	INHIBITOR	1	0	3',5'-cyclic phosphodiesterase inhibitor
BRD-K57569181	pentoxifylline	CHEMBL628	CHEMBL628	CHEMBL2363066	Q08499	PDE4D		PROTEIN FAMILY	Homo sapiens	INHIBITOR	1	0	3',5'-cyclic phosphodiesterase inhibitor
BRD-K57569181	pentoxifylline	CHEMBL628	CHEMBL628	CHEMBL2363066	Q07343	PDE4B		PROTEIN FAMILY	Homo sapiens	INHIBITOR	1	0	3',5'-cyclic phosphodiesterase inhibitor
BRD-K57569181	pentoxifylline	CHEMBL628	CHEMBL628	CHEMBL2363066	O43924	PDE6D		PROTEIN FAMILY	Homo sapiens	INHIBITOR	1	0	3',5'-cyclic phosphodiesterase inhibitor
BRD-K57569181	pentoxifylline	CHEMBL628	CHEMBL628	CHEMBL2363066	P16499	PDE6A		PROTEIN FAMILY	Homo sapiens	INHIBITOR	1	0	3',5'-cyclic phosphodiesterase inhibitor
BRD-K57569181	pentoxifylline	CHEMBL628	CHEMBL628	CHEMBL2363066	Q13370	PDE3B		PROTEIN FAMILY	Homo sapiens	INHIBITOR	1	0	3',5'-cyclic phosphodiesterase inhibitor
BRD-K57569181	pentoxifylline	CHEMBL628	CHEMBL628	CHEMBL2363066	P51160	PDE6C		PROTEIN FAMILY	Homo sapiens	INHIBITOR	1	0	3',5'-cyclic phosphodiesterase inhibitor
BRD-K57569181	pentoxifylline	CHEMBL628	CHEMBL628	CHEMBL2363066	O95263	PDE8B		PROTEIN FAMILY	Homo sapiens	INHIBITOR	1	0	3',5'-cyclic phosphodiesterase inhibitor
BRD-K57569181	pentoxifylline	CHEMBL628	CHEMBL628	CHEMBL2363066	Q9Y233	PDE10A		PROTEIN FAMILY	Homo sapiens	INHIBITOR	1	0	3',5'-cyclic phosphodiesterase inhibitor
BRD-K57569181	pentoxifylline	CHEMBL628	CHEMBL628	CHEMBL2363066	Q01064	PDE1B		PROTEIN FAMILY	Homo sapiens	INHIBITOR	1	0	3',5'-cyclic phosphodiesterase inhibitor
BRD-K57569181	pentoxifylline	CHEMBL628	CHEMBL628	CHEMBL2363066	Q08493	PDE4C		PROTEIN FAMILY	Homo sapiens	INHIBITOR	1	0	3',5'-cyclic phosphodiesterase inhibitor
BRD-K57569181	pentoxifylline	CHEMBL628	CHEMBL628	CHEMBL2363066	Q14123	PDE1C		PROTEIN FAMILY	Homo sapiens	INHIBITOR	1	0	3',5'-cyclic phosphodiesterase inhibitor
BRD-K57569181	pentoxifylline	CHEMBL628	CHEMBL628	CHEMBL2363066	O60658	PDE8A		PROTEIN FAMILY	Homo sapiens	INHIBITOR	1	0	3',5'-cyclic phosphodiesterase inhibitor
BRD-K57569181	pentoxifylline	CHEMBL628	CHEMBL628	CHEMBL2363066	Q9NP56	PDE7B		PROTEIN FAMILY	Homo sapiens	INHIBITOR	1	0	3',5'-cyclic phosphodiesterase inhibitor
BRD-K43966364	penicillin-v-potassium	CHEMBL615	CHEMBL615	CHEMBL2354204	P24228	dacB		PROTEIN FAMILY	Bacteria	INHIBITOR	1	0	Bacterial penicillin-binding protein inhibitor
BRD-K43966364	penicillin-v-potassium	CHEMBL615	CHEMBL615	CHEMBL2354204	P0AD68	ftsI		PROTEIN FAMILY	Bacteria	INHIBITOR	1	0	Bacterial penicillin-binding protein inhibitor
BRD-K43966364	penicillin-v-potassium	CHEMBL615	CHEMBL615	CHEMBL2354204	P02918	mrcA		PROTEIN FAMILY	Bacteria	INHIBITOR	1	0	Bacterial penicillin-binding protein inhibitor
BRD-K43966364	penicillin-v-potassium	CHEMBL615	CHEMBL615	CHEMBL2354204	P02919	mrcB		PROTEIN FAMILY	Bacteria	INHIBITOR	1	0	Bacterial penicillin-binding protein inhibitor
BRD-K43966364	penicillin-v-potassium	CHEMBL615	CHEMBL615	CHEMBL2354204	P0AEB2	dacA		PROTEIN FAMILY	Bacteria	INHIBITOR	1	0	Bacterial penicillin-binding protein inhibitor
BRD-K43966364	penicillin-v-potassium	CHEMBL615	CHEMBL615	CHEMBL2354204	P0AD65	mrdA		PROTEIN FAMILY	Bacteria	INHIBITOR	1	0	Bacterial penicillin-binding protein inhibitor
BRD-K43966364	penicillin-v-potassium	CHEMBL615	CHEMBL615	CHEMBL2354204	P08506	dacC		PROTEIN FAMILY	Bacteria	INHIBITOR	1	0	Bacterial penicillin-binding protein inhibitor
BRD-K43966364	penicillin-v-potassium	CHEMBL615	CHEMBL615	CHEMBL2354204	P24228	dacB		PROTEIN FAMILY	Bacteria	INHIBITOR	1	0	Bacterial penicillin-binding protein inhibitor
BRD-K43966364	penicillin-v-potassium	CHEMBL615	CHEMBL615	CHEMBL2354204	P0AD68	ftsI		PROTEIN FAMILY	Bacteria	INHIBITOR	1	0	Bacterial penicillin-binding protein inhibitor
BRD-K43966364	penicillin-v-potassium	CHEMBL615	CHEMBL615	CHEMBL2354204	P02918	mrcA		PROTEIN FAMILY	Bacteria	INHIBITOR	1	0	Bacterial penicillin-binding protein inhibitor
BRD-K43966364	penicillin-v-potassium	CHEMBL615	CHEMBL615	CHEMBL2354204	P02919	mrcB		PROTEIN FAMILY	Bacteria	INHIBITOR	1	0	Bacterial penicillin-binding protein inhibitor
BRD-K43966364	penicillin-v-potassium	CHEMBL615	CHEMBL615	CHEMBL2354204	P0AEB2	dacA		PROTEIN FAMILY	Bacteria	INHIBITOR	1	0	Bacterial penicillin-binding protein inhibitor
BRD-K43966364	penicillin-v-potassium	CHEMBL615	CHEMBL615	CHEMBL2354204	P0AD65	mrdA		PROTEIN FAMILY	Bacteria	INHIBITOR	1	0	Bacterial penicillin-binding protein inhibitor
BRD-K43966364	penicillin-v-potassium	CHEMBL615	CHEMBL615	CHEMBL2354204	P08506	dacC		PROTEIN FAMILY	Bacteria	INHIBITOR	1	0	Bacterial penicillin-binding protein inhibitor
BRD-K72029282	probucol	CHEMBL608	CHEMBL608	CHEMBL2362986	O95477	ABCA1		SINGLE PROTEIN	Homo sapiens	INHIBITOR	1	0	ATP-binding cassette sub-family A member 1 inhibitor
BRD-K28667793	pyrazinamide	CHEMBL614	CHEMBL614	CHEMBL2363965	P9WHE1	rplM		PROTEIN NUCLEIC-ACID COMPLEX	Mycobacterium tuberculosis	INHIBITOR	1	0	70S ribosome inhibitor
BRD-K28667793	pyrazinamide	CHEMBL614	CHEMBL614	CHEMBL2363965	P9WH43	rpsA		PROTEIN NUCLEIC-ACID COMPLEX	Mycobacterium tuberculosis	INHIBITOR	1	0	70S ribosome inhibitor
BRD-K28667793	pyrazinamide	CHEMBL614	CHEMBL614	CHEMBL2363965	P9WH67	rpsJ		PROTEIN NUCLEIC-ACID COMPLEX	Mycobacterium tuberculosis	INHIBITOR	1	0	70S ribosome inhibitor
BRD-K28667793	pyrazinamide	CHEMBL614	CHEMBL614	CHEMBL2363965	P9WH65	rpsK		PROTEIN NUCLEIC-ACID COMPLEX	Mycobacterium tuberculosis	INHIBITOR	1	0	70S ribosome inhibitor
BRD-K28667793	pyrazinamide	CHEMBL614	CHEMBL614	CHEMBL2363965	P9WH63	rpsL		PROTEIN NUCLEIC-ACID COMPLEX	Mycobacterium tuberculosis	INHIBITOR	1	0	70S ribosome inhibitor
BRD-K28667793	pyrazinamide	CHEMBL614	CHEMBL614	CHEMBL2363965	P9WH61	rpsM		PROTEIN NUCLEIC-ACID COMPLEX	Mycobacterium tuberculosis	INHIBITOR	1	0	70S ribosome inhibitor
BRD-K28667793	pyrazinamide	CHEMBL614	CHEMBL614	CHEMBL2363965	P9WH59	rpsN		PROTEIN NUCLEIC-ACID COMPLEX	Mycobacterium tuberculosis	INHIBITOR	1	0	70S ribosome inhibitor
BRD-K28667793	pyrazinamide	CHEMBL614	CHEMBL614	CHEMBL2363965	P9WH57	rpsZ		PROTEIN NUCLEIC-ACID COMPLEX	Mycobacterium tuberculosis	INHIBITOR	1	0	70S ribosome inhibitor
BRD-K28667793	pyrazinamide	CHEMBL614	CHEMBL614	CHEMBL2363965	P9WH55	rpsO		PROTEIN NUCLEIC-ACID COMPLEX	Mycobacterium tuberculosis	INHIBITOR	1	0	70S ribosome inhibitor
BRD-K28667793	pyrazinamide	CHEMBL614	CHEMBL614	CHEMBL2363965	P9WH53	rpsP		PROTEIN NUCLEIC-ACID COMPLEX	Mycobacterium tuberculosis	INHIBITOR	1	0	70S ribosome inhibitor
BRD-K28667793	pyrazinamide	CHEMBL614	CHEMBL614	CHEMBL2363965	P9WH51	rpsQ		PROTEIN NUCLEIC-ACID COMPLEX	Mycobacterium tuberculosis	INHIBITOR	1	0	70S ribosome inhibitor
BRD-K28667793	pyrazinamide	CHEMBL614	CHEMBL614	CHEMBL2363965	P9WH49	rpsR1		PROTEIN NUCLEIC-ACID COMPLEX	Mycobacterium tuberculosis	INHIBITOR	1	0	70S ribosome inhibitor
BRD-K28667793	pyrazinamide	CHEMBL614	CHEMBL614	CHEMBL2363965	P9WH47	rpsR2		PROTEIN NUCLEIC-ACID COMPLEX	Mycobacterium tuberculosis	INHIBITOR	1	0	70S ribosome inhibitor
BRD-K28667793	pyrazinamide	CHEMBL614	CHEMBL614	CHEMBL2363965	P9WH45	rpsS		PROTEIN NUCLEIC-ACID COMPLEX	Mycobacterium tuberculosis	INHIBITOR	1	0	70S ribosome inhibitor
BRD-K28667793	pyrazinamide	CHEMBL614	CHEMBL614	CHEMBL2363965	P9WH39	rpsB		PROTEIN NUCLEIC-ACID COMPLEX	Mycobacterium tuberculosis	INHIBITOR	1	0	70S ribosome inhibitor
BRD-K28667793	pyrazinamide	CHEMBL614	CHEMBL614	CHEMBL2363965	P9WH41	rpsT		PROTEIN NUCLEIC-ACID COMPLEX	Mycobacterium tuberculosis	INHIBITOR	1	0	70S ribosome inhibitor
BRD-K28667793	pyrazinamide	CHEMBL614	CHEMBL614	CHEMBL2363965	P9WH37	rpsC		PROTEIN NUCLEIC-ACID COMPLEX	Mycobacterium tuberculosis	INHIBITOR	1	0	70S ribosome inhibitor
BRD-K28667793	pyrazinamide	CHEMBL614	CHEMBL614	CHEMBL2363965	P9WH35	rpsD		PROTEIN NUCLEIC-ACID COMPLEX	Mycobacterium tuberculosis	INHIBITOR	1	0	70S ribosome inhibitor
BRD-K28667793	pyrazinamide	CHEMBL614	CHEMBL614	CHEMBL2363965	P9WH33	rpsE		PROTEIN NUCLEIC-ACID COMPLEX	Mycobacterium tuberculosis	INHIBITOR	1	0	70S ribosome inhibitor
BRD-K28667793	pyrazinamide	CHEMBL614	CHEMBL614	CHEMBL2363965	P9WH31	rpsF		PROTEIN NUCLEIC-ACID COMPLEX	Mycobacterium tuberculosis	INHIBITOR	1	0	70S ribosome inhibitor
BRD-K28667793	pyrazinamide	CHEMBL614	CHEMBL614	CHEMBL2363965	P9WH29	rpsG		PROTEIN NUCLEIC-ACID COMPLEX	Mycobacterium tuberculosis	INHIBITOR	1	0	70S ribosome inhibitor
BRD-K28667793	pyrazinamide	CHEMBL614	CHEMBL614	CHEMBL2363965	P9WH27	rpsH		PROTEIN NUCLEIC-ACID COMPLEX	Mycobacterium tuberculosis	INHIBITOR	1	0	70S ribosome inhibitor
BRD-K28667793	pyrazinamide	CHEMBL614	CHEMBL614	CHEMBL2363965	P9WH25	rpsI		PROTEIN NUCLEIC-ACID COMPLEX	Mycobacterium tuberculosis	INHIBITOR	1	0	70S ribosome inhibitor
BRD-K28667793	pyrazinamide	CHEMBL614	CHEMBL614	CHEMBL2363965	P9WHC7	rplA		PROTEIN NUCLEIC-ACID COMPLEX	Mycobacterium tuberculosis	INHIBITOR	1	0	70S ribosome inhibitor
BRD-K28667793	pyrazinamide	CHEMBL614	CHEMBL614	CHEMBL2363965	P9WHE7	rplJ		PROTEIN NUCLEIC-ACID COMPLEX	Mycobacterium tuberculosis	INHIBITOR	1	0	70S ribosome inhibitor
BRD-K28667793	pyrazinamide	CHEMBL614	CHEMBL614	CHEMBL2363965	P9WHE5	rplK		PROTEIN NUCLEIC-ACID COMPLEX	Mycobacterium tuberculosis	INHIBITOR	1	0	70S ribosome inhibitor
BRD-K28667793	pyrazinamide	CHEMBL614	CHEMBL614	CHEMBL2363965	P9WHD9	rplN		PROTEIN NUCLEIC-ACID COMPLEX	Mycobacterium tuberculosis	INHIBITOR	1	0	70S ribosome inhibitor
BRD-K28667793	pyrazinamide	CHEMBL614	CHEMBL614	CHEMBL2363965	P9WHD7	rplO		PROTEIN NUCLEIC-ACID COMPLEX	Mycobacterium tuberculosis	INHIBITOR	1	0	70S ribosome inhibitor
BRD-K28667793	pyrazinamide	CHEMBL614	CHEMBL614	CHEMBL2363965	P9WHD5	rplP		PROTEIN NUCLEIC-ACID COMPLEX	Mycobacterium tuberculosis	INHIBITOR	1	0	70S ribosome inhibitor
BRD-K28667793	pyrazinamide	CHEMBL614	CHEMBL614	CHEMBL2363965	P9WHD3	rplQ		PROTEIN NUCLEIC-ACID COMPLEX	Mycobacterium tuberculosis	INHIBITOR	1	0	70S ribosome inhibitor
BRD-K28667793	pyrazinamide	CHEMBL614	CHEMBL614	CHEMBL2363965	P9WHD1	rplR		PROTEIN NUCLEIC-ACID COMPLEX	Mycobacterium tuberculosis	INHIBITOR	1	0	70S ribosome inhibitor
BRD-K28667793	pyrazinamide	CHEMBL614	CHEMBL614	CHEMBL2363965	P9WHC9	rplS		PROTEIN NUCLEIC-ACID COMPLEX	Mycobacterium tuberculosis	INHIBITOR	1	0	70S ribosome inhibitor
BRD-K28667793	pyrazinamide	CHEMBL614	CHEMBL614	CHEMBL2363965	P9WHA5	rplB		PROTEIN NUCLEIC-ACID COMPLEX	Mycobacterium tuberculosis	INHIBITOR	1	0	70S ribosome inhibitor
BRD-K28667793	pyrazinamide	CHEMBL614	CHEMBL614	CHEMBL2363965	P9WHC5	rplT		PROTEIN NUCLEIC-ACID COMPLEX	Mycobacterium tuberculosis	INHIBITOR	1	0	70S ribosome inhibitor
BRD-K28667793	pyrazinamide	CHEMBL614	CHEMBL614	CHEMBL2363965	P9WHC3	rplU		PROTEIN NUCLEIC-ACID COMPLEX	Mycobacterium tuberculosis	INHIBITOR	1	0	70S ribosome inhibitor
BRD-K28667793	pyrazinamide	CHEMBL614	CHEMBL614	CHEMBL2363965	P9WHC1	rplV		PROTEIN NUCLEIC-ACID COMPLEX	Mycobacterium tuberculosis	INHIBITOR	1	0	70S ribosome inhibitor
BRD-K28667793	pyrazinamide	CHEMBL614	CHEMBL614	CHEMBL2363965	P9WHB9	rplW		PROTEIN NUCLEIC-ACID COMPLEX	Mycobacterium tuberculosis	INHIBITOR	1	0	70S ribosome inhibitor
BRD-K28667793	pyrazinamide	CHEMBL614	CHEMBL614	CHEMBL2363965	P9WHB7	rplX		PROTEIN NUCLEIC-ACID COMPLEX	Mycobacterium tuberculosis	INHIBITOR	1	0	70S ribosome inhibitor
BRD-K28667793	pyrazinamide	CHEMBL614	CHEMBL614	CHEMBL2363965	P9WHB5	rplY		PROTEIN NUCLEIC-ACID COMPLEX	Mycobacterium tuberculosis	INHIBITOR	1	0	70S ribosome inhibitor
BRD-K28667793	pyrazinamide	CHEMBL614	CHEMBL614	CHEMBL2363965	P9WHB3	rpmA		PROTEIN NUCLEIC-ACID COMPLEX	Mycobacterium tuberculosis	INHIBITOR	1	0	70S ribosome inhibitor
BRD-K28667793	pyrazinamide	CHEMBL614	CHEMBL614	CHEMBL2363965	P9WHB1	rpmB1		PROTEIN NUCLEIC-ACID COMPLEX	Mycobacterium tuberculosis	INHIBITOR	1	0	70S ribosome inhibitor
BRD-K28667793	pyrazinamide	CHEMBL614	CHEMBL614	CHEMBL2363965	P9WHA9	rpmB2		PROTEIN NUCLEIC-ACID COMPLEX	Mycobacterium tuberculosis	INHIBITOR	1	0	70S ribosome inhibitor
BRD-K28667793	pyrazinamide	CHEMBL614	CHEMBL614	CHEMBL2363965	P9WHA7	rpmC		PROTEIN NUCLEIC-ACID COMPLEX	Mycobacterium tuberculosis	INHIBITOR	1	0	70S ribosome inhibitor
BRD-K28667793	pyrazinamide	CHEMBL614	CHEMBL614	CHEMBL2363965	P9WH87	rplC		PROTEIN NUCLEIC-ACID COMPLEX	Mycobacterium tuberculosis	INHIBITOR	1	0	70S ribosome inhibitor
BRD-K28667793	pyrazinamide	CHEMBL614	CHEMBL614	CHEMBL2363965	P9WHA3	rpmD		PROTEIN NUCLEIC-ACID COMPLEX	Mycobacterium tuberculosis	INHIBITOR	1	0	70S ribosome inhibitor
BRD-K28667793	pyrazinamide	CHEMBL614	CHEMBL614	CHEMBL2363965	P9WHA1	rpmE		PROTEIN NUCLEIC-ACID COMPLEX	Mycobacterium tuberculosis	INHIBITOR	1	0	70S ribosome inhibitor
BRD-K28667793	pyrazinamide	CHEMBL614	CHEMBL614	CHEMBL2363965	P9WH99	rpmF		PROTEIN NUCLEIC-ACID COMPLEX	Mycobacterium tuberculosis	INHIBITOR	1	0	70S ribosome inhibitor
BRD-K28667793	pyrazinamide	CHEMBL614	CHEMBL614	CHEMBL2363965	P9WH97	rpmG1		PROTEIN NUCLEIC-ACID COMPLEX	Mycobacterium tuberculosis	INHIBITOR	1	0	70S ribosome inhibitor
BRD-K28667793	pyrazinamide	CHEMBL614	CHEMBL614	CHEMBL2363965	P9WH95	rpmG2		PROTEIN NUCLEIC-ACID COMPLEX	Mycobacterium tuberculosis	INHIBITOR	1	0	70S ribosome inhibitor
BRD-K28667793	pyrazinamide	CHEMBL614	CHEMBL614	CHEMBL2363965	P9WH93	rpmH		PROTEIN NUCLEIC-ACID COMPLEX	Mycobacterium tuberculosis	INHIBITOR	1	0	70S ribosome inhibitor
BRD-K28667793	pyrazinamide	CHEMBL614	CHEMBL614	CHEMBL2363965	P9WH91	rpmI		PROTEIN NUCLEIC-ACID COMPLEX	Mycobacterium tuberculosis	INHIBITOR	1	0	70S ribosome inhibitor
BRD-K28667793	pyrazinamide	CHEMBL614	CHEMBL614	CHEMBL2363965	P9WH89	rpmJ		PROTEIN NUCLEIC-ACID COMPLEX	Mycobacterium tuberculosis	INHIBITOR	1	0	70S ribosome inhibitor
BRD-K28667793	pyrazinamide	CHEMBL614	CHEMBL614	CHEMBL2363965	P9WH85	rplD		PROTEIN NUCLEIC-ACID COMPLEX	Mycobacterium tuberculosis	INHIBITOR	1	0	70S ribosome inhibitor
BRD-K28667793	pyrazinamide	CHEMBL614	CHEMBL614	CHEMBL2363965	P9WH83	rplE		PROTEIN NUCLEIC-ACID COMPLEX	Mycobacterium tuberculosis	INHIBITOR	1	0	70S ribosome inhibitor
BRD-K28667793	pyrazinamide	CHEMBL614	CHEMBL614	CHEMBL2363965	P9WH81	rplF		PROTEIN NUCLEIC-ACID COMPLEX	Mycobacterium tuberculosis	INHIBITOR	1	0	70S ribosome inhibitor
BRD-K28667793	pyrazinamide	CHEMBL614	CHEMBL614	CHEMBL2363965	P9WHE3	rplL		PROTEIN NUCLEIC-ACID COMPLEX	Mycobacterium tuberculosis	INHIBITOR	1	0	70S ribosome inhibitor
BRD-K28667793	pyrazinamide	CHEMBL614	CHEMBL614	CHEMBL2363965	P9WH79	rplI		PROTEIN NUCLEIC-ACID COMPLEX	Mycobacterium tuberculosis	INHIBITOR	1	0	70S ribosome inhibitor
BRD-K08799216	pelitinib	CHEMBL607707	CHEMBL607707	CHEMBL203	P00533	EGFR	1956	SINGLE PROTEIN	Homo sapiens	INHIBITOR	1	1	Epidermal growth factor receptor erbB1 inhibitor
BRD-K16037980	Z160	CHEMBL604710	CHEMBL604710	CHEMBL4478	Q00975	CACNA1B		SINGLE PROTEIN	Homo sapiens	BLOCKER	1	0	Voltage-gated N-type calcium channel alpha-1B subunit blocker
BRD-K23192422	lestaurtinib	CHEMBL603469	CHEMBL603469	CHEMBL1974	P36888	FLT3		SINGLE PROTEIN	Homo sapiens	INHIBITOR	1	0	Tyrosine-protein kinase receptor FLT3 inhibitor
BRD-K23192422	lestaurtinib	CHEMBL603469	CHEMBL603469	CHEMBL2971	O60674	JAK2		SINGLE PROTEIN	Homo sapiens	INHIBITOR	1	0	Tyrosine-protein kinase JAK2 inhibitor
BRD-K23192422	lestaurtinib	CHEMBL603469	CHEMBL603469	CHEMBL2815	P04629	NTRK1		SINGLE PROTEIN	Homo sapiens	INHIBITOR	1	0	Nerve growth factor receptor Trk-A inhibitor
BRD-K23192422	lestaurtinib	CHEMBL603469	CHEMBL603469	CHEMBL4898	Q16620	NTRK2		SINGLE PROTEIN	Homo sapiens	INHIBITOR	1	0	Neurotrophic tyrosine kinase receptor type 2 inhibitor
BRD-K23192422	lestaurtinib	CHEMBL603469	CHEMBL603469	CHEMBL5608	Q16288	NTRK3		SINGLE PROTEIN	Homo sapiens	INHIBITOR	1	0	NT-3 growth factor receptor inhibitor
BRD-K23192422	lestaurtinib	CHEMBL603469	CHEMBL603469	CHEMBL2041	P07949	RET		SINGLE PROTEIN	Homo sapiens	INHIBITOR	1	0	Tyrosine-protein kinase receptor RET inhibitor
BRD-K13646352	midostaurin	CHEMBL608533	CHEMBL608533	CHEMBL1974	P36888	FLT3		SINGLE PROTEIN	Homo sapiens	INHIBITOR	1	0	Tyrosine-protein kinase receptor FLT3 inhibitor
BRD-K13646352	midostaurin	CHEMBL608533	CHEMBL608533	CHEMBL1936	P10721	KIT	3815	SINGLE PROTEIN	Homo sapiens	INHIBITOR	1	1	Stem cell growth factor receptor inhibitor
BRD-K13646352	midostaurin	CHEMBL608533	CHEMBL608533	CHEMBL2095189	P09619	PDGFRB		PROTEIN COMPLEX	Homo sapiens	INHIBITOR	1	0	Platelet-derived growth factor receptor inhibitor
BRD-K13646352	midostaurin	CHEMBL608533	CHEMBL608533	CHEMBL2095189	P16234	PDGFRA		PROTEIN COMPLEX	Homo sapiens	INHIBITOR	1	0	Platelet-derived growth factor receptor inhibitor
BRD-K13646352	midostaurin	CHEMBL608533	CHEMBL608533	CHEMBL2093867	O94806	PRKD3		PROTEIN FAMILY	Homo sapiens	INHIBITOR	1	0	Protein kinase C (PKC) inhibitor
BRD-K13646352	midostaurin	CHEMBL608533	CHEMBL608533	CHEMBL2093867	P41743	PRKCI		PROTEIN FAMILY	Homo sapiens	INHIBITOR	1	0	Protein kinase C (PKC) inhibitor
BRD-K13646352	midostaurin	CHEMBL608533	CHEMBL608533	CHEMBL2093867	P17252	PRKCA		PROTEIN FAMILY	Homo sapiens	INHIBITOR	1	0	Protein kinase C (PKC) inhibitor
BRD-K13646352	midostaurin	CHEMBL608533	CHEMBL608533	CHEMBL2093867	P05129	PRKCG		PROTEIN FAMILY	Homo sapiens	INHIBITOR	1	0	Protein kinase C (PKC) inhibitor
BRD-K13646352	midostaurin	CHEMBL608533	CHEMBL608533	CHEMBL2093867	Q05655	PRKCD	5580	PROTEIN FAMILY	Homo sapiens	INHIBITOR	1	1	Protein kinase C (PKC) inhibitor
BRD-K13646352	midostaurin	CHEMBL608533	CHEMBL608533	CHEMBL2093867	P05771	PRKCB		PROTEIN FAMILY	Homo sapiens	INHIBITOR	1	0	Protein kinase C (PKC) inhibitor
BRD-K13646352	midostaurin	CHEMBL608533	CHEMBL608533	CHEMBL2093867	Q05513	PRKCZ		PROTEIN FAMILY	Homo sapiens	INHIBITOR	1	0	Protein kinase C (PKC) inhibitor
BRD-K13646352	midostaurin	CHEMBL608533	CHEMBL608533	CHEMBL2093867	Q02156	PRKCE		PROTEIN FAMILY	Homo sapiens	INHIBITOR	1	0	Protein kinase C (PKC) inhibitor
BRD-K13646352	midostaurin	CHEMBL608533	CHEMBL608533	CHEMBL2093867	P24723	PRKCH	5583	PROTEIN FAMILY	Homo sapiens	INHIBITOR	1	1	Protein kinase C (PKC) inhibitor
BRD-K13646352	midostaurin	CHEMBL608533	CHEMBL608533	CHEMBL2093867	Q15139	PRKD1		PROTEIN FAMILY	Homo sapiens	INHIBITOR	1	0	Protein kinase C (PKC) inhibitor
BRD-K13646352	midostaurin	CHEMBL608533	CHEMBL608533	CHEMBL2093867	Q04759	PRKCQ	5588	PROTEIN FAMILY	Homo sapiens	INHIBITOR	1	1	Protein kinase C (PKC) inhibitor
BRD-K13646352	midostaurin	CHEMBL608533	CHEMBL608533	CHEMBL279	P35968	KDR		SINGLE PROTEIN	Homo sapiens	INHIBITOR	1	0	Vascular endothelial growth factor receptor 2 inhibitor
BRD-K71125014	sulfadimethoxine	CHEMBL62193	CHEMBL62193	CHEMBL2364668	P0AC13	folP		SINGLE PROTEIN	Bacteria	INHIBITOR	1	0	Bacterial dihydropteroate synthase inhibitor
BRD-K71125014	sulfadimethoxine	CHEMBL62193	CHEMBL62193	CHEMBL2364668	P0AC13	folP		SINGLE PROTEIN	Bacteria	INHIBITOR	1	0	Bacterial dihydropteroate synthase inhibitor
BRD-A39052811	mosapride	CHEMBL60889	CHEMBL60889	CHEMBL2094132	P46098	HTR3A		PROTEIN COMPLEX GROUP	Homo sapiens	ANTAGONIST	1	0	Serotonin 3 (5-HT3) receptor antagonist
BRD-A39052811	mosapride	CHEMBL60889	CHEMBL60889	CHEMBL2094132	A5X5Y0	HTR3E		PROTEIN COMPLEX GROUP	Homo sapiens	ANTAGONIST	1	0	Serotonin 3 (5-HT3) receptor antagonist
BRD-A39052811	mosapride	CHEMBL60889	CHEMBL60889	CHEMBL2094132	O95264	HTR3B		PROTEIN COMPLEX GROUP	Homo sapiens	ANTAGONIST	1	0	Serotonin 3 (5-HT3) receptor antagonist
BRD-A39052811	mosapride	CHEMBL60889	CHEMBL60889	CHEMBL2094132	Q70Z44	HTR3D		PROTEIN COMPLEX GROUP	Homo sapiens	ANTAGONIST	1	0	Serotonin 3 (5-HT3) receptor antagonist
BRD-A39052811	mosapride	CHEMBL60889	CHEMBL60889	CHEMBL2094132	Q8WXA8	HTR3C		PROTEIN COMPLEX GROUP	Homo sapiens	ANTAGONIST	1	0	Serotonin 3 (5-HT3) receptor antagonist
BRD-A39052811	mosapride	CHEMBL60889	CHEMBL60889	CHEMBL1875	Q13639	HTR4		SINGLE PROTEIN	Homo sapiens	AGONIST	1	0	Serotonin 4 (5-HT4) receptor agonist
BRD-A34255068	rolipram	CHEMBL63	CHEMBL63	CHEMBL2093863	P27815	PDE4A		PROTEIN FAMILY	Homo sapiens	INHIBITOR	1	0	Phosphodiesterase 4 inhibitor
BRD-A34255068	rolipram	CHEMBL63	CHEMBL63	CHEMBL2093863	Q08499	PDE4D		PROTEIN FAMILY	Homo sapiens	INHIBITOR	1	0	Phosphodiesterase 4 inhibitor
BRD-A34255068	rolipram	CHEMBL63	CHEMBL63	CHEMBL2093863	Q07343	PDE4B		PROTEIN FAMILY	Homo sapiens	INHIBITOR	1	0	Phosphodiesterase 4 inhibitor
BRD-A34255068	rolipram	CHEMBL63	CHEMBL63	CHEMBL2093863	Q08493	PDE4C		PROTEIN FAMILY	Homo sapiens	INHIBITOR	1	0	Phosphodiesterase 4 inhibitor
BRD-K37111771	trientine	CHEMBL609	CHEMBL609	CHEMBL2363057				METAL		CHELATING AGENT	1	0	Copper chelating agent
BRD-K79501723	cyclizine	CHEMBL648	CHEMBL648	CHEMBL231	P35367	HRH1		SINGLE PROTEIN	Homo sapiens	ANTAGONIST	1	0	Histamine H1 receptor antagonist
BRD-A46335897	promethazine	CHEMBL643	CHEMBL643	CHEMBL231	P35367	HRH1		SINGLE PROTEIN	Homo sapiens	ANTAGONIST	1	0	Histamine H1 receptor antagonist
BRD-A68888262	azelastine	CHEMBL639	CHEMBL639	CHEMBL231	P35367	HRH1		SINGLE PROTEIN	Homo sapiens	ANTAGONIST	1	0	Histamine H1 receptor antagonist
BRD-K47278471	diphenhydramine	CHEMBL657	CHEMBL657	CHEMBL231	P35367	HRH1		SINGLE PROTEIN	Homo sapiens	ANTAGONIST	1	0	Histamine H1 receptor antagonist
BRD-K47278471	diphenhydramine	CHEMBL657	CHEMBL657	CHEMBL231	P35367	HRH1		SINGLE PROTEIN	Homo sapiens	ANTAGONIST	1	0	Histamine H1 receptor antagonist
BRD-A19195498	trimipramine	CHEMBL644	CHEMBL644	CHEMBL231	P35367	HRH1		SINGLE PROTEIN	Homo sapiens	ANTAGONIST	1	0	Histamine H1 receptor antagonist
BRD-A19195498	trimipramine	CHEMBL644	CHEMBL644	CHEMBL217	P14416	DRD2		SINGLE PROTEIN	Homo sapiens	ANTAGONIST	1	0	Dopamine D2 receptor antagonist
BRD-K87202646	isoniazid	CHEMBL64	CHEMBL64	CHEMBL1849	P9WGR1	inhA		SINGLE PROTEIN	Mycobacterium tuberculosis	INHIBITOR	1	0	Enoyl-[acyl-carrier-protein] reductase inhibitor
BRD-A29260609	acebutolol	CHEMBL642	CHEMBL642	CHEMBL213	P08588	ADRB1		SINGLE PROTEIN	Homo sapiens	ANTAGONIST	1	0	Beta-1 adrenergic receptor antagonist
BRD-A89175223	bisoprolol	CHEMBL645	CHEMBL645	CHEMBL213	P08588	ADRB1		SINGLE PROTEIN	Homo sapiens	ANTAGONIST	1	0	Beta-1 adrenergic receptor antagonist
BRD-A26334849	propafenone	CHEMBL631	CHEMBL631	CHEMBL213	P08588	ADRB1		SINGLE PROTEIN	Homo sapiens	ANTAGONIST	1	0	Beta-1 adrenergic receptor antagonist
BRD-A51714012	venlafaxine	CHEMBL637	CHEMBL637	CHEMBL228	P31645	SLC6A4		SINGLE PROTEIN	Homo sapiens	INHIBITOR	1	0	Serotonin transporter inhibitor
BRD-K17561142	amiodarone	CHEMBL633	CHEMBL633	CHEMBL240	Q12809	KCNH2		SINGLE PROTEIN	Homo sapiens	BLOCKER	1	0	HERG blocker
BRD-A09472452	flecainide	CHEMBL652	CHEMBL652	CHEMBL1980	Q14524	SCN5A		SINGLE PROTEIN	Homo sapiens	BLOCKER	1	0	Sodium channel protein type V alpha subunit blocker
BRD-A64977602	mirtazapine	CHEMBL654	CHEMBL654	CHEMBL224	P28223	HTR2A		SINGLE PROTEIN	Homo sapiens	ANTAGONIST	1	0	Serotonin 2a (5-HT2a) receptor antagonist
BRD-A19195498	trimipramine	CHEMBL644	CHEMBL644	CHEMBL224	P28223	HTR2A		SINGLE PROTEIN	Homo sapiens	ANTAGONIST	1	0	Serotonin 2a (5-HT2a) receptor antagonist
BRD-A64977602	mirtazapine	CHEMBL654	CHEMBL654	CHEMBL225	P28335	HTR2C		SINGLE PROTEIN	Homo sapiens	ANTAGONIST	1	0	Serotonin 2c (5-HT2c) receptor antagonist
BRD-A19195498	trimipramine	CHEMBL644	CHEMBL644	CHEMBL225	P28335	HTR2C		SINGLE PROTEIN	Homo sapiens	ANTAGONIST	1	0	Serotonin 2c (5-HT2c) receptor antagonist
BRD-K21547160	sufentanil	CHEMBL658	CHEMBL658	CHEMBL233	P35372	OPRM1		SINGLE PROTEIN	Homo sapiens	AGONIST	1	0	Mu opioid receptor agonist
BRD-K39188321	betamethasone	CHEMBL632	CHEMBL632	CHEMBL2034	P04150	NR3C1	2908	SINGLE PROTEIN	Homo sapiens	AGONIST	1	1	Glucocorticoid receptor agonist
BRD-K35240538	methylprednisolone	CHEMBL650	CHEMBL650	CHEMBL2034	P04150	NR3C1	2908	SINGLE PROTEIN	Homo sapiens	AGONIST	1	1	Glucocorticoid receptor agonist
BRD-K20141153	atomoxetine	CHEMBL641	CHEMBL641	CHEMBL222	P23975	SLC6A2		SINGLE PROTEIN	Homo sapiens	INHIBITOR	1	0	Norepinephrine transporter inhibitor
BRD-A19195498	trimipramine	CHEMBL644	CHEMBL644	CHEMBL222	P23975	SLC6A2		SINGLE PROTEIN	Homo sapiens	INHIBITOR	1	0	Norepinephrine transporter inhibitor
BRD-A51714012	venlafaxine	CHEMBL637	CHEMBL637	CHEMBL222	P23975	SLC6A2		SINGLE PROTEIN	Homo sapiens	INHIBITOR	1	0	Norepinephrine transporter inhibitor
BRD-A64977602	mirtazapine	CHEMBL654	CHEMBL654	CHEMBL2095158	P08913	ADRA2A		PROTEIN FAMILY	Homo sapiens	ANTAGONIST	1	0	Adrenergic receptor alpha-2 antagonist
BRD-A64977602	mirtazapine	CHEMBL654	CHEMBL654	CHEMBL2095158	P18825	ADRA2C		PROTEIN FAMILY	Homo sapiens	ANTAGONIST	1	0	Adrenergic receptor alpha-2 antagonist
BRD-A64977602	mirtazapine	CHEMBL654	CHEMBL654	CHEMBL2095158	P18089	ADRA2B		PROTEIN FAMILY	Homo sapiens	ANTAGONIST	1	0	Adrenergic receptor alpha-2 antagonist
BRD-A19195498	trimipramine	CHEMBL644	CHEMBL644	CHEMBL2094251	P35348	ADRA1A		PROTEIN FAMILY	Homo sapiens	ANTAGONIST	1	0	Adrenergic receptor alpha-1 antagonist
BRD-A19195498	trimipramine	CHEMBL644	CHEMBL644	CHEMBL2094251	P25100	ADRA1D		PROTEIN FAMILY	Homo sapiens	ANTAGONIST	1	0	Adrenergic receptor alpha-1 antagonist
BRD-A19195498	trimipramine	CHEMBL644	CHEMBL644	CHEMBL2094251	P35368	ADRA1B		PROTEIN FAMILY	Homo sapiens	ANTAGONIST	1	0	Adrenergic receptor alpha-1 antagonist
BRD-K10706131	rivastigmine	CHEMBL636	CHEMBL636	CHEMBL2095233	P06276	BCHE		SELECTIVITY GROUP	Homo sapiens	INHIBITOR	1	0	Cholinesterases; ACHE & BCHE inhibitor
BRD-K10706131	rivastigmine	CHEMBL636	CHEMBL636	CHEMBL2095233	P22303	ACHE		SELECTIVITY GROUP	Homo sapiens	INHIBITOR	1	0	Cholinesterases; ACHE & BCHE inhibitor
BRD-K10706131	rivastigmine	CHEMBL636	CHEMBL636	CHEMBL2095233	P06276	BCHE		SELECTIVITY GROUP	Homo sapiens	INHIBITOR	1	0	Cholinesterases; ACHE & BCHE inhibitor
BRD-K10706131	rivastigmine	CHEMBL636	CHEMBL636	CHEMBL2095233	P22303	ACHE		SELECTIVITY GROUP	Homo sapiens	INHIBITOR	1	0	Cholinesterases; ACHE & BCHE inhibitor
BRD-A26334849	propafenone	CHEMBL631	CHEMBL631	CHEMBL210	P07550	ADRB2	154	SINGLE PROTEIN	Homo sapiens	ANTAGONIST	1	1	Beta-2 adrenergic receptor antagonist
BRD-K06557128	voriconazole	CHEMBL638	CHEMBL638	CHEMBL1780	P10613	ERG11		SINGLE PROTEIN	Candida albicans (strain SC5314 / ATCC MYA-2876) (Yeast)	INHIBITOR	1	0	Cytochrome P450 51 inhibitor
BRD-A34817987	itraconazole	CHEMBL64391	CHEMBL64391	CHEMBL1780	P10613	ERG11		SINGLE PROTEIN	Candida albicans (strain SC5314 / ATCC MYA-2876) (Yeast)	INHIBITOR	1	0	Cytochrome P450 51 inhibitor
BRD-K00532621	midazolam	CHEMBL655	CHEMBL655	CHEMBL2093872	P14867	GABRA1		PROTEIN COMPLEX GROUP	Homo sapiens	POSITIVE ALLOSTERIC MODULATOR	1	0	GABA-A receptor; anion channel positive allosteric modulator
BRD-K00532621	midazolam	CHEMBL655	CHEMBL655	CHEMBL2093872	P47870	GABRB2		PROTEIN COMPLEX GROUP	Homo sapiens	POSITIVE ALLOSTERIC MODULATOR	1	0	GABA-A receptor; anion channel positive allosteric modulator
BRD-K00532621	midazolam	CHEMBL655	CHEMBL655	CHEMBL2093872	P18507	GABRG2		PROTEIN COMPLEX GROUP	Homo sapiens	POSITIVE ALLOSTERIC MODULATOR	1	0	GABA-A receptor; anion channel positive allosteric modulator
BRD-K00532621	midazolam	CHEMBL655	CHEMBL655	CHEMBL2093872	P28472	GABRB3		PROTEIN COMPLEX GROUP	Homo sapiens	POSITIVE ALLOSTERIC MODULATOR	1	0	GABA-A receptor; anion channel positive allosteric modulator
BRD-K00532621	midazolam	CHEMBL655	CHEMBL655	CHEMBL2093872	P48169	GABRA4		PROTEIN COMPLEX GROUP	Homo sapiens	POSITIVE ALLOSTERIC MODULATOR	1	0	GABA-A receptor; anion channel positive allosteric modulator
BRD-K00532621	midazolam	CHEMBL655	CHEMBL655	CHEMBL2093872	Q99928	GABRG3		PROTEIN COMPLEX GROUP	Homo sapiens	POSITIVE ALLOSTERIC MODULATOR	1	0	GABA-A receptor; anion channel positive allosteric modulator
BRD-K00532621	midazolam	CHEMBL655	CHEMBL655	CHEMBL2093872	Q9UN88	GABRQ		PROTEIN COMPLEX GROUP	Homo sapiens	POSITIVE ALLOSTERIC MODULATOR	1	0	GABA-A receptor; anion channel positive allosteric modulator
BRD-K00532621	midazolam	CHEMBL655	CHEMBL655	CHEMBL2093872	P34903	GABRA3		PROTEIN COMPLEX GROUP	Homo sapiens	POSITIVE ALLOSTERIC MODULATOR	1	0	GABA-A receptor; anion channel positive allosteric modulator
BRD-K00532621	midazolam	CHEMBL655	CHEMBL655	CHEMBL2093872	O00591	GABRP		PROTEIN COMPLEX GROUP	Homo sapiens	POSITIVE ALLOSTERIC MODULATOR	1	0	GABA-A receptor; anion channel positive allosteric modulator
BRD-K00532621	midazolam	CHEMBL655	CHEMBL655	CHEMBL2093872	O14764	GABRD		PROTEIN COMPLEX GROUP	Homo sapiens	POSITIVE ALLOSTERIC MODULATOR	1	0	GABA-A receptor; anion channel positive allosteric modulator
BRD-K00532621	midazolam	CHEMBL655	CHEMBL655	CHEMBL2093872	Q8N1C3	GABRG1		PROTEIN COMPLEX GROUP	Homo sapiens	POSITIVE ALLOSTERIC MODULATOR	1	0	GABA-A receptor; anion channel positive allosteric modulator
BRD-K00532621	midazolam	CHEMBL655	CHEMBL655	CHEMBL2093872	P18505	GABRB1		PROTEIN COMPLEX GROUP	Homo sapiens	POSITIVE ALLOSTERIC MODULATOR	1	0	GABA-A receptor; anion channel positive allosteric modulator
BRD-K00532621	midazolam	CHEMBL655	CHEMBL655	CHEMBL2093872	P78334	GABRE		PROTEIN COMPLEX GROUP	Homo sapiens	POSITIVE ALLOSTERIC MODULATOR	1	0	GABA-A receptor; anion channel positive allosteric modulator
BRD-K00532621	midazolam	CHEMBL655	CHEMBL655	CHEMBL2093872	P47869	GABRA2		PROTEIN COMPLEX GROUP	Homo sapiens	POSITIVE ALLOSTERIC MODULATOR	1	0	GABA-A receptor; anion channel positive allosteric modulator
BRD-K00532621	midazolam	CHEMBL655	CHEMBL655	CHEMBL2093872	P31644	GABRA5		PROTEIN COMPLEX GROUP	Homo sapiens	POSITIVE ALLOSTERIC MODULATOR	1	0	GABA-A receptor; anion channel positive allosteric modulator
BRD-K00532621	midazolam	CHEMBL655	CHEMBL655	CHEMBL2093872	Q16445	GABRA6		PROTEIN COMPLEX GROUP	Homo sapiens	POSITIVE ALLOSTERIC MODULATOR	1	0	GABA-A receptor; anion channel positive allosteric modulator
BRD-K75089421	procainamide	CHEMBL640	CHEMBL640	CHEMBL2331043	P35498	SCN1A		PROTEIN FAMILY	Homo sapiens	BLOCKER	1	0	Sodium channel alpha subunit blocker
BRD-K75089421	procainamide	CHEMBL640	CHEMBL640	CHEMBL2331043	Q14524	SCN5A		PROTEIN FAMILY	Homo sapiens	BLOCKER	1	0	Sodium channel alpha subunit blocker
BRD-K75089421	procainamide	CHEMBL640	CHEMBL640	CHEMBL2331043	P35499	SCN4A		PROTEIN FAMILY	Homo sapiens	BLOCKER	1	0	Sodium channel alpha subunit blocker
BRD-K75089421	procainamide	CHEMBL640	CHEMBL640	CHEMBL2331043	Q01118	SCN7A		PROTEIN FAMILY	Homo sapiens	BLOCKER	1	0	Sodium channel alpha subunit blocker
BRD-K75089421	procainamide	CHEMBL640	CHEMBL640	CHEMBL2331043	Q99250	SCN2A		PROTEIN FAMILY	Homo sapiens	BLOCKER	1	0	Sodium channel alpha subunit blocker
BRD-K75089421	procainamide	CHEMBL640	CHEMBL640	CHEMBL2331043	Q15858	SCN9A		PROTEIN FAMILY	Homo sapiens	BLOCKER	1	0	Sodium channel alpha subunit blocker
BRD-K75089421	procainamide	CHEMBL640	CHEMBL640	CHEMBL2331043	Q9NY46	SCN3A		PROTEIN FAMILY	Homo sapiens	BLOCKER	1	0	Sodium channel alpha subunit blocker
BRD-K75089421	procainamide	CHEMBL640	CHEMBL640	CHEMBL2331043	Q9UI33	SCN11A		PROTEIN FAMILY	Homo sapiens	BLOCKER	1	0	Sodium channel alpha subunit blocker
BRD-K75089421	procainamide	CHEMBL640	CHEMBL640	CHEMBL2331043	Q9UQD0	SCN8A		PROTEIN FAMILY	Homo sapiens	BLOCKER	1	0	Sodium channel alpha subunit blocker
BRD-K75089421	procainamide	CHEMBL640	CHEMBL640	CHEMBL2331043	Q9Y5Y9	SCN10A		PROTEIN FAMILY	Homo sapiens	BLOCKER	1	0	Sodium channel alpha subunit blocker
BRD-A26334849	propafenone	CHEMBL631	CHEMBL631	CHEMBL2331043	P35498	SCN1A		PROTEIN FAMILY	Homo sapiens	BLOCKER	1	0	Sodium channel alpha subunit blocker
BRD-A26334849	propafenone	CHEMBL631	CHEMBL631	CHEMBL2331043	Q14524	SCN5A		PROTEIN FAMILY	Homo sapiens	BLOCKER	1	0	Sodium channel alpha subunit blocker
BRD-A26334849	propafenone	CHEMBL631	CHEMBL631	CHEMBL2331043	P35499	SCN4A		PROTEIN FAMILY	Homo sapiens	BLOCKER	1	0	Sodium channel alpha subunit blocker
BRD-A26334849	propafenone	CHEMBL631	CHEMBL631	CHEMBL2331043	Q01118	SCN7A		PROTEIN FAMILY	Homo sapiens	BLOCKER	1	0	Sodium channel alpha subunit blocker
BRD-A26334849	propafenone	CHEMBL631	CHEMBL631	CHEMBL2331043	Q99250	SCN2A		PROTEIN FAMILY	Homo sapiens	BLOCKER	1	0	Sodium channel alpha subunit blocker
BRD-A26334849	propafenone	CHEMBL631	CHEMBL631	CHEMBL2331043	Q15858	SCN9A		PROTEIN FAMILY	Homo sapiens	BLOCKER	1	0	Sodium channel alpha subunit blocker
BRD-A26334849	propafenone	CHEMBL631	CHEMBL631	CHEMBL2331043	Q9NY46	SCN3A		PROTEIN FAMILY	Homo sapiens	BLOCKER	1	0	Sodium channel alpha subunit blocker
BRD-A26334849	propafenone	CHEMBL631	CHEMBL631	CHEMBL2331043	Q9UI33	SCN11A		PROTEIN FAMILY	Homo sapiens	BLOCKER	1	0	Sodium channel alpha subunit blocker
BRD-A26334849	propafenone	CHEMBL631	CHEMBL631	CHEMBL2331043	Q9UQD0	SCN8A		PROTEIN FAMILY	Homo sapiens	BLOCKER	1	0	Sodium channel alpha subunit blocker
BRD-A26334849	propafenone	CHEMBL631	CHEMBL631	CHEMBL2331043	Q9Y5Y9	SCN10A		PROTEIN FAMILY	Homo sapiens	BLOCKER	1	0	Sodium channel alpha subunit blocker
BRD-K00532621	midazolam	CHEMBL655	CHEMBL655	CHEMBL2093872	P14867	GABRA1		PROTEIN COMPLEX GROUP	Homo sapiens	POSITIVE ALLOSTERIC MODULATOR	1	0	GABA-A receptor; anion channel positive allosteric modulator
BRD-K00532621	midazolam	CHEMBL655	CHEMBL655	CHEMBL2093872	P47870	GABRB2		PROTEIN COMPLEX GROUP	Homo sapiens	POSITIVE ALLOSTERIC MODULATOR	1	0	GABA-A receptor; anion channel positive allosteric modulator
BRD-K00532621	midazolam	CHEMBL655	CHEMBL655	CHEMBL2093872	P18507	GABRG2		PROTEIN COMPLEX GROUP	Homo sapiens	POSITIVE ALLOSTERIC MODULATOR	1	0	GABA-A receptor; anion channel positive allosteric modulator
BRD-K00532621	midazolam	CHEMBL655	CHEMBL655	CHEMBL2093872	P28472	GABRB3		PROTEIN COMPLEX GROUP	Homo sapiens	POSITIVE ALLOSTERIC MODULATOR	1	0	GABA-A receptor; anion channel positive allosteric modulator
BRD-K00532621	midazolam	CHEMBL655	CHEMBL655	CHEMBL2093872	P48169	GABRA4		PROTEIN COMPLEX GROUP	Homo sapiens	POSITIVE ALLOSTERIC MODULATOR	1	0	GABA-A receptor; anion channel positive allosteric modulator
BRD-K00532621	midazolam	CHEMBL655	CHEMBL655	CHEMBL2093872	Q99928	GABRG3		PROTEIN COMPLEX GROUP	Homo sapiens	POSITIVE ALLOSTERIC MODULATOR	1	0	GABA-A receptor; anion channel positive allosteric modulator
BRD-K00532621	midazolam	CHEMBL655	CHEMBL655	CHEMBL2093872	Q9UN88	GABRQ		PROTEIN COMPLEX GROUP	Homo sapiens	POSITIVE ALLOSTERIC MODULATOR	1	0	GABA-A receptor; anion channel positive allosteric modulator
BRD-K00532621	midazolam	CHEMBL655	CHEMBL655	CHEMBL2093872	P34903	GABRA3		PROTEIN COMPLEX GROUP	Homo sapiens	POSITIVE ALLOSTERIC MODULATOR	1	0	GABA-A receptor; anion channel positive allosteric modulator
BRD-K00532621	midazolam	CHEMBL655	CHEMBL655	CHEMBL2093872	O00591	GABRP		PROTEIN COMPLEX GROUP	Homo sapiens	POSITIVE ALLOSTERIC MODULATOR	1	0	GABA-A receptor; anion channel positive allosteric modulator
BRD-K00532621	midazolam	CHEMBL655	CHEMBL655	CHEMBL2093872	O14764	GABRD		PROTEIN COMPLEX GROUP	Homo sapiens	POSITIVE ALLOSTERIC MODULATOR	1	0	GABA-A receptor; anion channel positive allosteric modulator
BRD-K00532621	midazolam	CHEMBL655	CHEMBL655	CHEMBL2093872	Q8N1C3	GABRG1		PROTEIN COMPLEX GROUP	Homo sapiens	POSITIVE ALLOSTERIC MODULATOR	1	0	GABA-A receptor; anion channel positive allosteric modulator
BRD-K00532621	midazolam	CHEMBL655	CHEMBL655	CHEMBL2093872	P18505	GABRB1		PROTEIN COMPLEX GROUP	Homo sapiens	POSITIVE ALLOSTERIC MODULATOR	1	0	GABA-A receptor; anion channel positive allosteric modulator
BRD-K00532621	midazolam	CHEMBL655	CHEMBL655	CHEMBL2093872	P78334	GABRE		PROTEIN COMPLEX GROUP	Homo sapiens	POSITIVE ALLOSTERIC MODULATOR	1	0	GABA-A receptor; anion channel positive allosteric modulator
BRD-K00532621	midazolam	CHEMBL655	CHEMBL655	CHEMBL2093872	P47869	GABRA2		PROTEIN COMPLEX GROUP	Homo sapiens	POSITIVE ALLOSTERIC MODULATOR	1	0	GABA-A receptor; anion channel positive allosteric modulator
BRD-K00532621	midazolam	CHEMBL655	CHEMBL655	CHEMBL2093872	P31644	GABRA5		PROTEIN COMPLEX GROUP	Homo sapiens	POSITIVE ALLOSTERIC MODULATOR	1	0	GABA-A receptor; anion channel positive allosteric modulator
BRD-K00532621	midazolam	CHEMBL655	CHEMBL655	CHEMBL2093872	Q16445	GABRA6		PROTEIN COMPLEX GROUP	Homo sapiens	POSITIVE ALLOSTERIC MODULATOR	1	0	GABA-A receptor; anion channel positive allosteric modulator
BRD-K82381502	acetylcholine	CHEMBL667	CHEMBL667	CHEMBL245	P20309	CHRM3		SINGLE PROTEIN	Homo sapiens	AGONIST	1	0	Muscarinic acetylcholine receptor M3 agonist
BRD-K42098891	protriptyline	CHEMBL668	CHEMBL668	CHEMBL228	P31645	SLC6A4		SINGLE PROTEIN	Homo sapiens	INHIBITOR	1	0	Serotonin transporter inhibitor
BRD-K50388907	fenofibrate	CHEMBL672	CHEMBL672	CHEMBL239	Q07869	PPARA		SINGLE PROTEIN	Homo sapiens	AGONIST	1	0	Peroxisome proliferator-activated receptor alpha agonist
BRD-K42348709	cyclobenzaprine	CHEMBL669	CHEMBL669	CHEMBL224	P28223	HTR2A		SINGLE PROTEIN	Homo sapiens	ANTAGONIST	1	0	Serotonin 2a (5-HT2a) receptor antagonist
BRD-K42348709	cyclobenzaprine	CHEMBL669	CHEMBL669	CHEMBL225	P28335	HTR2C		SINGLE PROTEIN	Homo sapiens	ANTAGONIST	1	0	Serotonin 2c (5-HT2c) receptor antagonist
BRD-K49481516	galantamine	CHEMBL659	CHEMBL659	CHEMBL220	P22303	ACHE		SINGLE PROTEIN	Homo sapiens	INHIBITOR	1	0	Acetylcholinesterase inhibitor
BRD-K48195008	ethinylestradiol	CHEMBL691	CHEMBL691	CHEMBL206	P03372	ESR1		SINGLE PROTEIN	Homo sapiens	AGONIST	1	0	Estrogen receptor alpha agonist
BRD-K42098891	protriptyline	CHEMBL668	CHEMBL668	CHEMBL222	P23975	SLC6A2		SINGLE PROTEIN	Homo sapiens	INHIBITOR	1	0	Norepinephrine transporter inhibitor
BRD-K91290917	amodiaquine	CHEMBL682	CHEMBL682	CHEMBL613897				SMALL MOLECULE	Plasmodium falciparum	INHIBITOR	1	0	Ferriprotoporphyrin IX inhibitor
BRD-K70330367	amantadine	CHEMBL660	CHEMBL660	CHEMBL2094124	Q05586	GRIN1		PROTEIN COMPLEX GROUP	Homo sapiens	ANTAGONIST	1	0	Glutamate [NMDA] receptor antagonist
BRD-K70330367	amantadine	CHEMBL660	CHEMBL660	CHEMBL2094124	Q12879	GRIN2A		PROTEIN COMPLEX GROUP	Homo sapiens	ANTAGONIST	1	0	Glutamate [NMDA] receptor antagonist
BRD-K70330367	amantadine	CHEMBL660	CHEMBL660	CHEMBL2094124	Q13224	GRIN2B		PROTEIN COMPLEX GROUP	Homo sapiens	ANTAGONIST	1	0	Glutamate [NMDA] receptor antagonist
BRD-K70330367	amantadine	CHEMBL660	CHEMBL660	CHEMBL2094124	O15399	GRIN2D		PROTEIN COMPLEX GROUP	Homo sapiens	ANTAGONIST	1	0	Glutamate [NMDA] receptor antagonist
BRD-K70330367	amantadine	CHEMBL660	CHEMBL660	CHEMBL2094124	O60391	GRIN3B		PROTEIN COMPLEX GROUP	Homo sapiens	ANTAGONIST	1	0	Glutamate [NMDA] receptor antagonist
BRD-K70330367	amantadine	CHEMBL660	CHEMBL660	CHEMBL2094124	Q14957	GRIN2C		PROTEIN COMPLEX GROUP	Homo sapiens	ANTAGONIST	1	0	Glutamate [NMDA] receptor antagonist
BRD-K70330367	amantadine	CHEMBL660	CHEMBL660	CHEMBL2094124	Q8TCU5	GRIN3A		PROTEIN COMPLEX GROUP	Homo sapiens	ANTAGONIST	1	0	Glutamate [NMDA] receptor antagonist
BRD-K92778217	mefenamic-acid	CHEMBL686	CHEMBL686	CHEMBL2094253	P35354	PTGS2	5743	PROTEIN FAMILY	Homo sapiens	INHIBITOR	1	1	Cyclooxygenase inhibitor
BRD-K92778217	mefenamic-acid	CHEMBL686	CHEMBL686	CHEMBL2094253	P23219	PTGS1		PROTEIN FAMILY	Homo sapiens	INHIBITOR	1	0	Cyclooxygenase inhibitor
BRD-K83597974	pargyline	CHEMBL673	CHEMBL673	CHEMBL2095205	P21397	MAOA		PROTEIN FAMILY	Homo sapiens	INHIBITOR	1	0	Monoamine oxidase inhibitor
BRD-K83597974	pargyline	CHEMBL673	CHEMBL673	CHEMBL2095205	P27338	MAOB		PROTEIN FAMILY	Homo sapiens	INHIBITOR	1	0	Monoamine oxidase inhibitor
BRD-K70330367	amantadine	CHEMBL660	CHEMBL660	CHEMBL1932894	P06821	M		SINGLE PROTEIN	Influenza A virus	INHIBITOR	1	0	Matrix protein 2 inhibitor
BRD-K45542189	diethylcarbamazine	CHEMBL684	CHEMBL684	CHEMBL2364676	A0A1I7W5Q0			PROTEIN COMPLEX GROUP	Onchocercidae	POSITIVE MODULATOR	1	0	Nematode GABA-A receptor positive modulator
BRD-K45542189	diethylcarbamazine	CHEMBL684	CHEMBL684	CHEMBL2364676	A0A1I7W5G9			PROTEIN COMPLEX GROUP	Onchocercidae	POSITIVE MODULATOR	1	0	Nematode GABA-A receptor positive modulator
BRD-K77987382	mebendazole	CHEMBL685	CHEMBL685	CHEMBL2364704	C4PKY4			PROTEIN COMPLEX GROUP	Taeniidae	INHIBITOR	1	0	Tubulin inhibitor
BRD-K77987382	mebendazole	CHEMBL685	CHEMBL685	CHEMBL2364704	C4PKZ2			PROTEIN COMPLEX GROUP	Taeniidae	INHIBITOR	1	0	Tubulin inhibitor
BRD-K77987382	mebendazole	CHEMBL685	CHEMBL685	CHEMBL2364704	C4PKZ6			PROTEIN COMPLEX GROUP	Taeniidae	INHIBITOR	1	0	Tubulin inhibitor
BRD-K77987382	mebendazole	CHEMBL685	CHEMBL685	CHEMBL2364705	F1L5G6			PROTEIN COMPLEX GROUP	Nematoda	INHIBITOR	1	0	Tubulin inhibitor
BRD-K77987382	mebendazole	CHEMBL685	CHEMBL685	CHEMBL2364705	F1L7Y0			PROTEIN COMPLEX GROUP	Nematoda	INHIBITOR	1	0	Tubulin inhibitor
BRD-K77987382	mebendazole	CHEMBL685	CHEMBL685	CHEMBL2364705	F1L005			PROTEIN COMPLEX GROUP	Nematoda	INHIBITOR	1	0	Tubulin inhibitor
BRD-K77987382	mebendazole	CHEMBL685	CHEMBL685	CHEMBL2364705	F1LCS0			PROTEIN COMPLEX GROUP	Nematoda	INHIBITOR	1	0	Tubulin inhibitor
BRD-K77987382	mebendazole	CHEMBL685	CHEMBL685	CHEMBL2364705	F1L4P8			PROTEIN COMPLEX GROUP	Nematoda	INHIBITOR	1	0	Tubulin inhibitor
BRD-K77987382	mebendazole	CHEMBL685	CHEMBL685	CHEMBL2364705	F1L7U3			PROTEIN COMPLEX GROUP	Nematoda	INHIBITOR	1	0	Tubulin inhibitor
BRD-K77987382	mebendazole	CHEMBL685	CHEMBL685	CHEMBL2364705	F1L8A5			PROTEIN COMPLEX GROUP	Nematoda	INHIBITOR	1	0	Tubulin inhibitor
BRD-K32398298	alprazolam	CHEMBL661	CHEMBL661	CHEMBL2093872	P14867	GABRA1		PROTEIN COMPLEX GROUP	Homo sapiens	POSITIVE ALLOSTERIC MODULATOR	1	0	GABA-A receptor; anion channel positive allosteric modulator
BRD-K32398298	alprazolam	CHEMBL661	CHEMBL661	CHEMBL2093872	P47870	GABRB2		PROTEIN COMPLEX GROUP	Homo sapiens	POSITIVE ALLOSTERIC MODULATOR	1	0	GABA-A receptor; anion channel positive allosteric modulator
BRD-K32398298	alprazolam	CHEMBL661	CHEMBL661	CHEMBL2093872	P18507	GABRG2		PROTEIN COMPLEX GROUP	Homo sapiens	POSITIVE ALLOSTERIC MODULATOR	1	0	GABA-A receptor; anion channel positive allosteric modulator
BRD-K32398298	alprazolam	CHEMBL661	CHEMBL661	CHEMBL2093872	P28472	GABRB3		PROTEIN COMPLEX GROUP	Homo sapiens	POSITIVE ALLOSTERIC MODULATOR	1	0	GABA-A receptor; anion channel positive allosteric modulator
BRD-K32398298	alprazolam	CHEMBL661	CHEMBL661	CHEMBL2093872	P48169	GABRA4		PROTEIN COMPLEX GROUP	Homo sapiens	POSITIVE ALLOSTERIC MODULATOR	1	0	GABA-A receptor; anion channel positive allosteric modulator
BRD-K32398298	alprazolam	CHEMBL661	CHEMBL661	CHEMBL2093872	Q99928	GABRG3		PROTEIN COMPLEX GROUP	Homo sapiens	POSITIVE ALLOSTERIC MODULATOR	1	0	GABA-A receptor; anion channel positive allosteric modulator
BRD-K32398298	alprazolam	CHEMBL661	CHEMBL661	CHEMBL2093872	Q9UN88	GABRQ		PROTEIN COMPLEX GROUP	Homo sapiens	POSITIVE ALLOSTERIC MODULATOR	1	0	GABA-A receptor; anion channel positive allosteric modulator
BRD-K32398298	alprazolam	CHEMBL661	CHEMBL661	CHEMBL2093872	P34903	GABRA3		PROTEIN COMPLEX GROUP	Homo sapiens	POSITIVE ALLOSTERIC MODULATOR	1	0	GABA-A receptor; anion channel positive allosteric modulator
BRD-K32398298	alprazolam	CHEMBL661	CHEMBL661	CHEMBL2093872	O00591	GABRP		PROTEIN COMPLEX GROUP	Homo sapiens	POSITIVE ALLOSTERIC MODULATOR	1	0	GABA-A receptor; anion channel positive allosteric modulator
BRD-K32398298	alprazolam	CHEMBL661	CHEMBL661	CHEMBL2093872	O14764	GABRD		PROTEIN COMPLEX GROUP	Homo sapiens	POSITIVE ALLOSTERIC MODULATOR	1	0	GABA-A receptor; anion channel positive allosteric modulator
BRD-K32398298	alprazolam	CHEMBL661	CHEMBL661	CHEMBL2093872	Q8N1C3	GABRG1		PROTEIN COMPLEX GROUP	Homo sapiens	POSITIVE ALLOSTERIC MODULATOR	1	0	GABA-A receptor; anion channel positive allosteric modulator
BRD-K32398298	alprazolam	CHEMBL661	CHEMBL661	CHEMBL2093872	P18505	GABRB1		PROTEIN COMPLEX GROUP	Homo sapiens	POSITIVE ALLOSTERIC MODULATOR	1	0	GABA-A receptor; anion channel positive allosteric modulator
BRD-K32398298	alprazolam	CHEMBL661	CHEMBL661	CHEMBL2093872	P78334	GABRE		PROTEIN COMPLEX GROUP	Homo sapiens	POSITIVE ALLOSTERIC MODULATOR	1	0	GABA-A receptor; anion channel positive allosteric modulator
BRD-K32398298	alprazolam	CHEMBL661	CHEMBL661	CHEMBL2093872	P47869	GABRA2		PROTEIN COMPLEX GROUP	Homo sapiens	POSITIVE ALLOSTERIC MODULATOR	1	0	GABA-A receptor; anion channel positive allosteric modulator
BRD-K32398298	alprazolam	CHEMBL661	CHEMBL661	CHEMBL2093872	P31644	GABRA5		PROTEIN COMPLEX GROUP	Homo sapiens	POSITIVE ALLOSTERIC MODULATOR	1	0	GABA-A receptor; anion channel positive allosteric modulator
BRD-K32398298	alprazolam	CHEMBL661	CHEMBL661	CHEMBL2093872	Q16445	GABRA6		PROTEIN COMPLEX GROUP	Homo sapiens	POSITIVE ALLOSTERIC MODULATOR	1	0	GABA-A receptor; anion channel positive allosteric modulator
BRD-K55055802	BRD-K55055802	CHEMBL681	CHEMBL681	CHEMBL2093872	P14867	GABRA1		PROTEIN COMPLEX GROUP	Homo sapiens	POSITIVE MODULATOR	1	0	GABA-A receptor; anion channel positive modulator
BRD-K55055802	BRD-K55055802	CHEMBL681	CHEMBL681	CHEMBL2093872	P47870	GABRB2		PROTEIN COMPLEX GROUP	Homo sapiens	POSITIVE MODULATOR	1	0	GABA-A receptor; anion channel positive modulator
BRD-K55055802	BRD-K55055802	CHEMBL681	CHEMBL681	CHEMBL2093872	P18507	GABRG2		PROTEIN COMPLEX GROUP	Homo sapiens	POSITIVE MODULATOR	1	0	GABA-A receptor; anion channel positive modulator
BRD-K55055802	BRD-K55055802	CHEMBL681	CHEMBL681	CHEMBL2093872	P28472	GABRB3		PROTEIN COMPLEX GROUP	Homo sapiens	POSITIVE MODULATOR	1	0	GABA-A receptor; anion channel positive modulator
BRD-K55055802	BRD-K55055802	CHEMBL681	CHEMBL681	CHEMBL2093872	P48169	GABRA4		PROTEIN COMPLEX GROUP	Homo sapiens	POSITIVE MODULATOR	1	0	GABA-A receptor; anion channel positive modulator
BRD-K55055802	BRD-K55055802	CHEMBL681	CHEMBL681	CHEMBL2093872	Q99928	GABRG3		PROTEIN COMPLEX GROUP	Homo sapiens	POSITIVE MODULATOR	1	0	GABA-A receptor; anion channel positive modulator
BRD-K55055802	BRD-K55055802	CHEMBL681	CHEMBL681	CHEMBL2093872	Q9UN88	GABRQ		PROTEIN COMPLEX GROUP	Homo sapiens	POSITIVE MODULATOR	1	0	GABA-A receptor; anion channel positive modulator
BRD-K55055802	BRD-K55055802	CHEMBL681	CHEMBL681	CHEMBL2093872	P34903	GABRA3		PROTEIN COMPLEX GROUP	Homo sapiens	POSITIVE MODULATOR	1	0	GABA-A receptor; anion channel positive modulator
BRD-K55055802	BRD-K55055802	CHEMBL681	CHEMBL681	CHEMBL2093872	O00591	GABRP		PROTEIN COMPLEX GROUP	Homo sapiens	POSITIVE MODULATOR	1	0	GABA-A receptor; anion channel positive modulator
BRD-K55055802	BRD-K55055802	CHEMBL681	CHEMBL681	CHEMBL2093872	O14764	GABRD		PROTEIN COMPLEX GROUP	Homo sapiens	POSITIVE MODULATOR	1	0	GABA-A receptor; anion channel positive modulator
BRD-K55055802	BRD-K55055802	CHEMBL681	CHEMBL681	CHEMBL2093872	Q8N1C3	GABRG1		PROTEIN COMPLEX GROUP	Homo sapiens	POSITIVE MODULATOR	1	0	GABA-A receptor; anion channel positive modulator
BRD-K55055802	BRD-K55055802	CHEMBL681	CHEMBL681	CHEMBL2093872	P18505	GABRB1		PROTEIN COMPLEX GROUP	Homo sapiens	POSITIVE MODULATOR	1	0	GABA-A receptor; anion channel positive modulator
BRD-K55055802	BRD-K55055802	CHEMBL681	CHEMBL681	CHEMBL2093872	P78334	GABRE		PROTEIN COMPLEX GROUP	Homo sapiens	POSITIVE MODULATOR	1	0	GABA-A receptor; anion channel positive modulator
BRD-K55055802	BRD-K55055802	CHEMBL681	CHEMBL681	CHEMBL2093872	P47869	GABRA2		PROTEIN COMPLEX GROUP	Homo sapiens	POSITIVE MODULATOR	1	0	GABA-A receptor; anion channel positive modulator
BRD-K55055802	BRD-K55055802	CHEMBL681	CHEMBL681	CHEMBL2093872	P31644	GABRA5		PROTEIN COMPLEX GROUP	Homo sapiens	POSITIVE MODULATOR	1	0	GABA-A receptor; anion channel positive modulator
BRD-K55055802	BRD-K55055802	CHEMBL681	CHEMBL681	CHEMBL2093872	Q16445	GABRA6		PROTEIN COMPLEX GROUP	Homo sapiens	POSITIVE MODULATOR	1	0	GABA-A receptor; anion channel positive modulator
BRD-K20338176	cefaclor	CHEMBL680	CHEMBL680	CHEMBL2354204	P24228	dacB		PROTEIN FAMILY	Bacteria	INHIBITOR	1	0	Bacterial penicillin-binding protein inhibitor
BRD-K20338176	cefaclor	CHEMBL680	CHEMBL680	CHEMBL2354204	P0AD68	ftsI		PROTEIN FAMILY	Bacteria	INHIBITOR	1	0	Bacterial penicillin-binding protein inhibitor
BRD-K20338176	cefaclor	CHEMBL680	CHEMBL680	CHEMBL2354204	P02918	mrcA		PROTEIN FAMILY	Bacteria	INHIBITOR	1	0	Bacterial penicillin-binding protein inhibitor
BRD-K20338176	cefaclor	CHEMBL680	CHEMBL680	CHEMBL2354204	P02919	mrcB		PROTEIN FAMILY	Bacteria	INHIBITOR	1	0	Bacterial penicillin-binding protein inhibitor
BRD-K20338176	cefaclor	CHEMBL680	CHEMBL680	CHEMBL2354204	P0AEB2	dacA		PROTEIN FAMILY	Bacteria	INHIBITOR	1	0	Bacterial penicillin-binding protein inhibitor
BRD-K20338176	cefaclor	CHEMBL680	CHEMBL680	CHEMBL2354204	P0AD65	mrdA		PROTEIN FAMILY	Bacteria	INHIBITOR	1	0	Bacterial penicillin-binding protein inhibitor
BRD-K20338176	cefaclor	CHEMBL680	CHEMBL680	CHEMBL2354204	P08506	dacC		PROTEIN FAMILY	Bacteria	INHIBITOR	1	0	Bacterial penicillin-binding protein inhibitor
BRD-K09631521	thiotepa	CHEMBL671	CHEMBL671	CHEMBL2311221				NUCLEIC-ACID	Homo sapiens	INHIBITOR	1	0	DNA inhibitor
BRD-K63126190	epinephrine	CHEMBL679	CHEMBL679	CHEMBL2331074	P35348	ADRA1A		PROTEIN FAMILY	Homo sapiens	AGONIST	1	0	Adrenergic receptor agonist
BRD-K63126190	epinephrine	CHEMBL679	CHEMBL679	CHEMBL2331074	P08913	ADRA2A		PROTEIN FAMILY	Homo sapiens	AGONIST	1	0	Adrenergic receptor agonist
BRD-K63126190	epinephrine	CHEMBL679	CHEMBL679	CHEMBL2331074	P08588	ADRB1		PROTEIN FAMILY	Homo sapiens	AGONIST	1	0	Adrenergic receptor agonist
BRD-K63126190	epinephrine	CHEMBL679	CHEMBL679	CHEMBL2331074	P07550	ADRB2	154	PROTEIN FAMILY	Homo sapiens	AGONIST	1	1	Adrenergic receptor agonist
BRD-K63126190	epinephrine	CHEMBL679	CHEMBL679	CHEMBL2331074	P18825	ADRA2C		PROTEIN FAMILY	Homo sapiens	AGONIST	1	0	Adrenergic receptor agonist
BRD-K63126190	epinephrine	CHEMBL679	CHEMBL679	CHEMBL2331074	P25100	ADRA1D		PROTEIN FAMILY	Homo sapiens	AGONIST	1	0	Adrenergic receptor agonist
BRD-K63126190	epinephrine	CHEMBL679	CHEMBL679	CHEMBL2331074	P35368	ADRA1B		PROTEIN FAMILY	Homo sapiens	AGONIST	1	0	Adrenergic receptor agonist
BRD-K63126190	epinephrine	CHEMBL679	CHEMBL679	CHEMBL2331074	P18089	ADRA2B		PROTEIN FAMILY	Homo sapiens	AGONIST	1	0	Adrenergic receptor agonist
BRD-K63126190	epinephrine	CHEMBL679	CHEMBL679	CHEMBL2331074	P13945	ADRB3		PROTEIN FAMILY	Homo sapiens	AGONIST	1	0	Adrenergic receptor agonist
BRD-K63126190	epinephrine	CHEMBL679	CHEMBL679	CHEMBL2331074	P35348	ADRA1A		PROTEIN FAMILY	Homo sapiens	AGONIST	1	0	Adrenergic receptor agonist
BRD-K63126190	epinephrine	CHEMBL679	CHEMBL679	CHEMBL2331074	P08913	ADRA2A		PROTEIN FAMILY	Homo sapiens	AGONIST	1	0	Adrenergic receptor agonist
BRD-K63126190	epinephrine	CHEMBL679	CHEMBL679	CHEMBL2331074	P08588	ADRB1		PROTEIN FAMILY	Homo sapiens	AGONIST	1	0	Adrenergic receptor agonist
BRD-K63126190	epinephrine	CHEMBL679	CHEMBL679	CHEMBL2331074	P07550	ADRB2	154	PROTEIN FAMILY	Homo sapiens	AGONIST	1	1	Adrenergic receptor agonist
BRD-K63126190	epinephrine	CHEMBL679	CHEMBL679	CHEMBL2331074	P18825	ADRA2C		PROTEIN FAMILY	Homo sapiens	AGONIST	1	0	Adrenergic receptor agonist
BRD-K63126190	epinephrine	CHEMBL679	CHEMBL679	CHEMBL2331074	P25100	ADRA1D		PROTEIN FAMILY	Homo sapiens	AGONIST	1	0	Adrenergic receptor agonist
BRD-K63126190	epinephrine	CHEMBL679	CHEMBL679	CHEMBL2331074	P35368	ADRA1B		PROTEIN FAMILY	Homo sapiens	AGONIST	1	0	Adrenergic receptor agonist
BRD-K63126190	epinephrine	CHEMBL679	CHEMBL679	CHEMBL2331074	P18089	ADRA2B		PROTEIN FAMILY	Homo sapiens	AGONIST	1	0	Adrenergic receptor agonist
BRD-K63126190	epinephrine	CHEMBL679	CHEMBL679	CHEMBL2331074	P13945	ADRB3		PROTEIN FAMILY	Homo sapiens	AGONIST	1	0	Adrenergic receptor agonist
BRD-A99633051	ethosuximide	CHEMBL696	CHEMBL696	CHEMBL2362995	O95180	CACNA1H		PROTEIN FAMILY	Homo sapiens	BLOCKER	1	0	Voltage-gated T-type calcium channel blocker
BRD-A99633051	ethosuximide	CHEMBL696	CHEMBL696	CHEMBL2362995	O43497	CACNA1G		PROTEIN FAMILY	Homo sapiens	BLOCKER	1	0	Voltage-gated T-type calcium channel blocker
BRD-A99633051	ethosuximide	CHEMBL696	CHEMBL696	CHEMBL2362995	Q9P0X4	CACNA1I		PROTEIN FAMILY	Homo sapiens	BLOCKER	1	0	Voltage-gated T-type calcium channel blocker
BRD-K16606819	trimethadione	CHEMBL695	CHEMBL695	CHEMBL2362995	O95180	CACNA1H		PROTEIN FAMILY	Homo sapiens	BLOCKER	1	0	Voltage-gated T-type calcium channel blocker
BRD-K16606819	trimethadione	CHEMBL695	CHEMBL695	CHEMBL2362995	O43497	CACNA1G		PROTEIN FAMILY	Homo sapiens	BLOCKER	1	0	Voltage-gated T-type calcium channel blocker
BRD-K16606819	trimethadione	CHEMBL695	CHEMBL695	CHEMBL2362995	Q9P0X4	CACNA1I		PROTEIN FAMILY	Homo sapiens	BLOCKER	1	0	Voltage-gated T-type calcium channel blocker
BRD-K23677682	voreloxin	CHEMBL68117	CHEMBL68117	CHEMBL2094255	P11388	TOP2A	7153	PROTEIN FAMILY	Homo sapiens	INHIBITOR	1	1	DNA topoisomerase II inhibitor
BRD-K23677682	voreloxin	CHEMBL68117	CHEMBL68117	CHEMBL2094255	Q02880	TOP2B		PROTEIN FAMILY	Homo sapiens	INHIBITOR	1	0	DNA topoisomerase II inhibitor
BRD-K23677682	voreloxin	CHEMBL68117	CHEMBL68117	CHEMBL2311221				NUCLEIC-ACID	Homo sapiens	INHIBITOR	1	0	DNA inhibitor
BRD-K19352500	prochlorperazine	CHEMBL728	CHEMBL728	CHEMBL217	P14416	DRD2		SINGLE PROTEIN	Homo sapiens	ANTAGONIST	1	0	Dopamine D2 receptor antagonist
BRD-K55127134	fluphenazine	CHEMBL726	CHEMBL726	CHEMBL217	P14416	DRD2		SINGLE PROTEIN	Homo sapiens	ANTAGONIST	1	0	Dopamine D2 receptor antagonist
BRD-K19352500	prochlorperazine	CHEMBL728	CHEMBL728	CHEMBL217	P14416	DRD2		SINGLE PROTEIN	Homo sapiens	ANTAGONIST	1	0	Dopamine D2 receptor antagonist
BRD-K01095011	finasteride	CHEMBL710	CHEMBL710	CHEMBL1856	P31213	SRD5A2		SINGLE PROTEIN	Homo sapiens	INHIBITOR	1	0	Steroid 5-alpha-reductase 2 inhibitor
BRD-K28849549	mesalazine	CHEMBL704	CHEMBL704	CHEMBL215	P09917	ALOX5		SINGLE PROTEIN	Homo sapiens	INHIBITOR	1	0	Arachidonate 5-lipoxygenase inhibitor
BRD-K28849549	mesalazine	CHEMBL704	CHEMBL704	CHEMBL235	P37231	PPARG	5468	SINGLE PROTEIN	Homo sapiens	AGONIST	1	1	Peroxisome proliferator-activated receptor gamma agonist
BRD-K70592963	phenindione	CHEMBL711	CHEMBL711	CHEMBL1930	Q9BQB6	VKORC1		SINGLE PROTEIN	Homo sapiens	INHIBITOR	1	0	Vitamin k epoxide reductase complex subunit 1 isoform 1 inhibitor
BRD-K15262564	mupirocin	CHEMBL719	CHEMBL719	CHEMBL1982	P41972	ileS		SINGLE PROTEIN	Staphylococcus aureus	INHIBITOR	1	0	Isoleucyl-tRNA synthetase inhibitor
BRD-K15262564	mupirocin	CHEMBL719	CHEMBL719	CHEMBL1982	P41972	ileS		SINGLE PROTEIN	Staphylococcus aureus	INHIBITOR	1	0	Isoleucyl-tRNA synthetase inhibitor
BRD-K89997465	chlorpromazine	CHEMBL71	CHEMBL71	CHEMBL224	P28223	HTR2A		SINGLE PROTEIN	Homo sapiens	ANTAGONIST	1	0	Serotonin 2a (5-HT2a) receptor antagonist
BRD-K89997465	chlorpromazine	CHEMBL71	CHEMBL71	CHEMBL224	P28223	HTR2A		SINGLE PROTEIN	Homo sapiens	ANTAGONIST	1	0	Serotonin 2a (5-HT2a) receptor antagonist
BRD-K18895904	olanzapine	CHEMBL715	CHEMBL715	CHEMBL224	P28223	HTR2A		SINGLE PROTEIN	Homo sapiens	ANTAGONIST	1	0	Serotonin 2a (5-HT2a) receptor antagonist
BRD-K18895904	olanzapine	CHEMBL715	CHEMBL715	CHEMBL224	P28223	HTR2A		SINGLE PROTEIN	Homo sapiens	ANTAGONIST	1	0	Serotonin 2a (5-HT2a) receptor antagonist
BRD-K68867920	quetiapine	CHEMBL716	CHEMBL716	CHEMBL224	P28223	HTR2A		SINGLE PROTEIN	Homo sapiens	ANTAGONIST	1	0	Serotonin 2a (5-HT2a) receptor antagonist
BRD-K29582115	ziprasidone	CHEMBL708	CHEMBL708	CHEMBL224	P28223	HTR2A		SINGLE PROTEIN	Homo sapiens	ANTAGONIST	1	0	Serotonin 2a (5-HT2a) receptor antagonist
BRD-K29582115	ziprasidone	CHEMBL708	CHEMBL708	CHEMBL224	P28223	HTR2A		SINGLE PROTEIN	Homo sapiens	ANTAGONIST	1	0	Serotonin 2a (5-HT2a) receptor antagonist
BRD-K18895904	olanzapine	CHEMBL715	CHEMBL715	CHEMBL225	P28335	HTR2C		SINGLE PROTEIN	Homo sapiens	ANTAGONIST	1	0	Serotonin 2c (5-HT2c) receptor antagonist
BRD-K18895904	olanzapine	CHEMBL715	CHEMBL715	CHEMBL225	P28335	HTR2C		SINGLE PROTEIN	Homo sapiens	ANTAGONIST	1	0	Serotonin 2c (5-HT2c) receptor antagonist
BRD-K68867920	quetiapine	CHEMBL716	CHEMBL716	CHEMBL225	P28335	HTR2C		SINGLE PROTEIN	Homo sapiens	ANTAGONIST	1	0	Serotonin 2c (5-HT2c) receptor antagonist
BRD-K29582115	ziprasidone	CHEMBL708	CHEMBL708	CHEMBL225	P28335	HTR2C		SINGLE PROTEIN	Homo sapiens	ANTAGONIST	1	0	Serotonin 2c (5-HT2c) receptor antagonist
BRD-K29582115	ziprasidone	CHEMBL708	CHEMBL708	CHEMBL225	P28335	HTR2C		SINGLE PROTEIN	Homo sapiens	ANTAGONIST	1	0	Serotonin 2c (5-HT2c) receptor antagonist
BRD-K60762818	desipramine	CHEMBL72	CHEMBL72	CHEMBL222	P23975	SLC6A2		SINGLE PROTEIN	Homo sapiens	INHIBITOR	1	0	Norepinephrine transporter inhibitor
BRD-K82216340	medroxyprogesterone	CHEMBL717	CHEMBL717	CHEMBL208	P06401	PGR		SINGLE PROTEIN	Homo sapiens	AGONIST	1	0	Progesterone receptor agonist
BRD-A10977446	carvedilol	CHEMBL723	CHEMBL723	CHEMBL2094118	P08588	ADRB1		PROTEIN FAMILY	Homo sapiens	ANTAGONIST	1	0	Adrenergic receptor beta antagonist
BRD-A10977446	carvedilol	CHEMBL723	CHEMBL723	CHEMBL2094118	P07550	ADRB2	154	PROTEIN FAMILY	Homo sapiens	ANTAGONIST	1	1	Adrenergic receptor beta antagonist
BRD-A10977446	carvedilol	CHEMBL723	CHEMBL723	CHEMBL2094118	P13945	ADRB3		PROTEIN FAMILY	Homo sapiens	ANTAGONIST	1	0	Adrenergic receptor beta antagonist
BRD-A10977446	carvedilol	CHEMBL723	CHEMBL723	CHEMBL2094118	P08588	ADRB1		PROTEIN FAMILY	Homo sapiens	ANTAGONIST	1	0	Adrenergic receptor beta antagonist
BRD-A10977446	carvedilol	CHEMBL723	CHEMBL723	CHEMBL2094118	P07550	ADRB2	154	PROTEIN FAMILY	Homo sapiens	ANTAGONIST	1	1	Adrenergic receptor beta antagonist
BRD-A10977446	carvedilol	CHEMBL723	CHEMBL723	CHEMBL2094118	P13945	ADRB3		PROTEIN FAMILY	Homo sapiens	ANTAGONIST	1	0	Adrenergic receptor beta antagonist
BRD-A10977446	carvedilol	CHEMBL723	CHEMBL723	CHEMBL2094251	P35348	ADRA1A		PROTEIN FAMILY	Homo sapiens	ANTAGONIST	1	0	Adrenergic receptor alpha-1 antagonist
BRD-A10977446	carvedilol	CHEMBL723	CHEMBL723	CHEMBL2094251	P25100	ADRA1D		PROTEIN FAMILY	Homo sapiens	ANTAGONIST	1	0	Adrenergic receptor alpha-1 antagonist
BRD-A10977446	carvedilol	CHEMBL723	CHEMBL723	CHEMBL2094251	P35368	ADRA1B		PROTEIN FAMILY	Homo sapiens	ANTAGONIST	1	0	Adrenergic receptor alpha-1 antagonist
BRD-A09056319	alfuzosin	CHEMBL709	CHEMBL709	CHEMBL2094251	P35348	ADRA1A		PROTEIN FAMILY	Homo sapiens	AGONIST	1	0	Adrenergic receptor alpha-1 agonist
BRD-A09056319	alfuzosin	CHEMBL709	CHEMBL709	CHEMBL2094251	P25100	ADRA1D		PROTEIN FAMILY	Homo sapiens	AGONIST	1	0	Adrenergic receptor alpha-1 agonist
BRD-A09056319	alfuzosin	CHEMBL709	CHEMBL709	CHEMBL2094251	P35368	ADRA1B		PROTEIN FAMILY	Homo sapiens	AGONIST	1	0	Adrenergic receptor alpha-1 agonist
BRD-A13188892	doxazosin	CHEMBL707	CHEMBL707	CHEMBL2094251	P35348	ADRA1A		PROTEIN FAMILY	Homo sapiens	ANTAGONIST	1	0	Adrenergic receptor alpha-1 antagonist
BRD-A13188892	doxazosin	CHEMBL707	CHEMBL707	CHEMBL2094251	P25100	ADRA1D		PROTEIN FAMILY	Homo sapiens	ANTAGONIST	1	0	Adrenergic receptor alpha-1 antagonist
BRD-A13188892	doxazosin	CHEMBL707	CHEMBL707	CHEMBL2094251	P35368	ADRA1B		PROTEIN FAMILY	Homo sapiens	ANTAGONIST	1	0	Adrenergic receptor alpha-1 antagonist
BRD-A10977446	carvedilol	CHEMBL723	CHEMBL723	CHEMBL2094251	P35348	ADRA1A		PROTEIN FAMILY	Homo sapiens	ANTAGONIST	1	0	Adrenergic receptor alpha-1 antagonist
BRD-A10977446	carvedilol	CHEMBL723	CHEMBL723	CHEMBL2094251	P25100	ADRA1D		PROTEIN FAMILY	Homo sapiens	ANTAGONIST	1	0	Adrenergic receptor alpha-1 antagonist
BRD-A10977446	carvedilol	CHEMBL723	CHEMBL723	CHEMBL2094251	P35368	ADRA1B		PROTEIN FAMILY	Homo sapiens	ANTAGONIST	1	0	Adrenergic receptor alpha-1 antagonist
BRD-K28849549	mesalazine	CHEMBL704	CHEMBL704	CHEMBL2094253	P35354	PTGS2	5743	PROTEIN FAMILY	Homo sapiens	INHIBITOR	1	1	Cyclooxygenase inhibitor
BRD-K28849549	mesalazine	CHEMBL704	CHEMBL704	CHEMBL2094253	P23219	PTGS1		PROTEIN FAMILY	Homo sapiens	INHIBITOR	1	0	Cyclooxygenase inhibitor
BRD-K49350383	thioguanine	CHEMBL727	CHEMBL727	CHEMBL2111369	P20839	IMPDH1		PROTEIN FAMILY	Homo sapiens	INHIBITOR	1	0	Inosine-5'-monophosphate dehydrogenase (IMPDH) inhibitor
BRD-K49350383	thioguanine	CHEMBL727	CHEMBL727	CHEMBL2111369	P12268	IMPDH2		PROTEIN FAMILY	Homo sapiens	INHIBITOR	1	0	Inosine-5'-monophosphate dehydrogenase (IMPDH) inhibitor
BRD-A09533288	verapamil	CHEMBL6966	CHEMBL6966	CHEMBL2095229	Q13936	CACNA1C		PROTEIN FAMILY	Homo sapiens	BLOCKER	1	0	Voltage-gated L-type calcium channel blocker
BRD-A09533288	verapamil	CHEMBL6966	CHEMBL6966	CHEMBL2095229	Q13698	CACNA1S		PROTEIN FAMILY	Homo sapiens	BLOCKER	1	0	Voltage-gated L-type calcium channel blocker
BRD-A09533288	verapamil	CHEMBL6966	CHEMBL6966	CHEMBL2095229	Q01668	CACNA1D		PROTEIN FAMILY	Homo sapiens	BLOCKER	1	0	Voltage-gated L-type calcium channel blocker
BRD-A09533288	verapamil	CHEMBL6966	CHEMBL6966	CHEMBL2095229	O60840	CACNA1F		PROTEIN FAMILY	Homo sapiens	BLOCKER	1	0	Voltage-gated L-type calcium channel blocker
BRD-A84174873	baclofen	CHEMBL701	CHEMBL701	CHEMBL2111463	Q9UBS5	GABBR1		PROTEIN COMPLEX	Homo sapiens	AGONIST	1	0	GABA-B receptor agonist
BRD-A84174873	baclofen	CHEMBL701	CHEMBL701	CHEMBL2111463	O75899	GABBR2		PROTEIN COMPLEX	Homo sapiens	AGONIST	1	0	GABA-B receptor agonist
BRD-A88254928	salbutamol	CHEMBL714	CHEMBL714	CHEMBL210	P07550	ADRB2	154	SINGLE PROTEIN	Homo sapiens	AGONIST	1	1	Beta-2 adrenergic receptor agonist
BRD-A88254928	salbutamol	CHEMBL714	CHEMBL714	CHEMBL210	P07550	ADRB2	154	SINGLE PROTEIN	Homo sapiens	AGONIST	1	1	Beta-2 adrenergic receptor agonist
BRD-K99451608	lopinavir	CHEMBL729	CHEMBL729	CHEMBL243	Q72874	pol		SINGLE PROTEIN	Human immunodeficiency virus 1	INHIBITOR	1	0	Human immunodeficiency virus type 1 protease inhibitor
BRD-K35483542	alitretinoin	CHEMBL705	CHEMBL705	CHEMBL2363071	P28702	RXRB		PROTEIN FAMILY	Homo sapiens	AGONIST	1	0	Retinoid receptor agonist
BRD-K35483542	alitretinoin	CHEMBL705	CHEMBL705	CHEMBL2363071	P13631	RARG		PROTEIN FAMILY	Homo sapiens	AGONIST	1	0	Retinoid receptor agonist
BRD-K35483542	alitretinoin	CHEMBL705	CHEMBL705	CHEMBL2363071	P48443	RXRG		PROTEIN FAMILY	Homo sapiens	AGONIST	1	0	Retinoid receptor agonist
BRD-K35483542	alitretinoin	CHEMBL705	CHEMBL705	CHEMBL2363071	P10826	RARB		PROTEIN FAMILY	Homo sapiens	AGONIST	1	0	Retinoid receptor agonist
BRD-K35483542	alitretinoin	CHEMBL705	CHEMBL705	CHEMBL2363071	P10276	RARA		PROTEIN FAMILY	Homo sapiens	AGONIST	1	0	Retinoid receptor agonist
BRD-K35483542	alitretinoin	CHEMBL705	CHEMBL705	CHEMBL2363071	P19793	RXRA		PROTEIN FAMILY	Homo sapiens	AGONIST	1	0	Retinoid receptor agonist
BRD-K41406082	sulfapyridine	CHEMBL700	CHEMBL700	CHEMBL2364668	P0AC13	folP		SINGLE PROTEIN	Bacteria	INHIBITOR	1	0	Bacterial dihydropteroate synthase inhibitor
BRD-K15262564	mupirocin	CHEMBL719	CHEMBL719	CHEMBL2364671	Q99YW3	ileS		SINGLE PROTEIN	Streptococcus pyogenes	INHIBITOR	1	0	Isoleucyl-tRNA synthetase inhibitor
BRD-K15262564	mupirocin	CHEMBL719	CHEMBL719	CHEMBL2364671	Q99YW3	ileS		SINGLE PROTEIN	Streptococcus pyogenes	INHIBITOR	1	0	Isoleucyl-tRNA synthetase inhibitor
BRD-K86873305	piperacillin	CHEMBL702	CHEMBL702	CHEMBL2354204	P24228	dacB		PROTEIN FAMILY	Bacteria	INHIBITOR	1	0	Bacterial penicillin-binding protein inhibitor
BRD-K86873305	piperacillin	CHEMBL702	CHEMBL702	CHEMBL2354204	P0AD68	ftsI		PROTEIN FAMILY	Bacteria	INHIBITOR	1	0	Bacterial penicillin-binding protein inhibitor
BRD-K86873305	piperacillin	CHEMBL702	CHEMBL702	CHEMBL2354204	P02918	mrcA		PROTEIN FAMILY	Bacteria	INHIBITOR	1	0	Bacterial penicillin-binding protein inhibitor
BRD-K86873305	piperacillin	CHEMBL702	CHEMBL702	CHEMBL2354204	P02919	mrcB		PROTEIN FAMILY	Bacteria	INHIBITOR	1	0	Bacterial penicillin-binding protein inhibitor
BRD-K86873305	piperacillin	CHEMBL702	CHEMBL702	CHEMBL2354204	P0AEB2	dacA		PROTEIN FAMILY	Bacteria	INHIBITOR	1	0	Bacterial penicillin-binding protein inhibitor
BRD-K86873305	piperacillin	CHEMBL702	CHEMBL702	CHEMBL2354204	P0AD65	mrdA		PROTEIN FAMILY	Bacteria	INHIBITOR	1	0	Bacterial penicillin-binding protein inhibitor
BRD-K86873305	piperacillin	CHEMBL702	CHEMBL702	CHEMBL2354204	P08506	dacC		PROTEIN FAMILY	Bacteria	INHIBITOR	1	0	Bacterial penicillin-binding protein inhibitor
BRD-K49350383	thioguanine	CHEMBL727	CHEMBL727	CHEMBL2311221				NUCLEIC-ACID	Homo sapiens	INHIBITOR	1	0	DNA inhibitor
BRD-K08206212	entecavir	CHEMBL713	CHEMBL713	CHEMBL2362994	Q9IF40			SINGLE PROTEIN	Hepatitis B virus	INHIBITOR	1	0	DNA polymerase/reverse transcriptase inhibitor
BRD-K45071273	tetracaine	CHEMBL698	CHEMBL698	CHEMBL2331043	P35498	SCN1A		PROTEIN FAMILY	Homo sapiens	BLOCKER	1	0	Sodium channel alpha subunit blocker
BRD-K45071273	tetracaine	CHEMBL698	CHEMBL698	CHEMBL2331043	Q14524	SCN5A		PROTEIN FAMILY	Homo sapiens	BLOCKER	1	0	Sodium channel alpha subunit blocker
BRD-K45071273	tetracaine	CHEMBL698	CHEMBL698	CHEMBL2331043	P35499	SCN4A		PROTEIN FAMILY	Homo sapiens	BLOCKER	1	0	Sodium channel alpha subunit blocker
BRD-K45071273	tetracaine	CHEMBL698	CHEMBL698	CHEMBL2331043	Q01118	SCN7A		PROTEIN FAMILY	Homo sapiens	BLOCKER	1	0	Sodium channel alpha subunit blocker
BRD-K45071273	tetracaine	CHEMBL698	CHEMBL698	CHEMBL2331043	Q99250	SCN2A		PROTEIN FAMILY	Homo sapiens	BLOCKER	1	0	Sodium channel alpha subunit blocker
BRD-K45071273	tetracaine	CHEMBL698	CHEMBL698	CHEMBL2331043	Q15858	SCN9A		PROTEIN FAMILY	Homo sapiens	BLOCKER	1	0	Sodium channel alpha subunit blocker
BRD-K45071273	tetracaine	CHEMBL698	CHEMBL698	CHEMBL2331043	Q9NY46	SCN3A		PROTEIN FAMILY	Homo sapiens	BLOCKER	1	0	Sodium channel alpha subunit blocker
BRD-K45071273	tetracaine	CHEMBL698	CHEMBL698	CHEMBL2331043	Q9UI33	SCN11A		PROTEIN FAMILY	Homo sapiens	BLOCKER	1	0	Sodium channel alpha subunit blocker
BRD-K45071273	tetracaine	CHEMBL698	CHEMBL698	CHEMBL2331043	Q9UQD0	SCN8A		PROTEIN FAMILY	Homo sapiens	BLOCKER	1	0	Sodium channel alpha subunit blocker
BRD-K45071273	tetracaine	CHEMBL698	CHEMBL698	CHEMBL2331043	Q9Y5Y9	SCN10A		PROTEIN FAMILY	Homo sapiens	BLOCKER	1	0	Sodium channel alpha subunit blocker
BRD-K89997465	chlorpromazine	CHEMBL71	CHEMBL71	CHEMBL2331075	P14416	DRD2		PROTEIN FAMILY	Homo sapiens	ANTAGONIST	1	0	D2-like dopamine receptor antagonist
BRD-K89997465	chlorpromazine	CHEMBL71	CHEMBL71	CHEMBL2331075	P35462	DRD3		PROTEIN FAMILY	Homo sapiens	ANTAGONIST	1	0	D2-like dopamine receptor antagonist
BRD-K89997465	chlorpromazine	CHEMBL71	CHEMBL71	CHEMBL2331075	P21917	DRD4		PROTEIN FAMILY	Homo sapiens	ANTAGONIST	1	0	D2-like dopamine receptor antagonist
BRD-K89997465	chlorpromazine	CHEMBL71	CHEMBL71	CHEMBL2331075	P14416	DRD2		PROTEIN FAMILY	Homo sapiens	ANTAGONIST	1	0	D2-like dopamine receptor antagonist
BRD-K89997465	chlorpromazine	CHEMBL71	CHEMBL71	CHEMBL2331075	P35462	DRD3		PROTEIN FAMILY	Homo sapiens	ANTAGONIST	1	0	D2-like dopamine receptor antagonist
BRD-K89997465	chlorpromazine	CHEMBL71	CHEMBL71	CHEMBL2331075	P21917	DRD4		PROTEIN FAMILY	Homo sapiens	ANTAGONIST	1	0	D2-like dopamine receptor antagonist
BRD-K18895904	olanzapine	CHEMBL715	CHEMBL715	CHEMBL2331075	P14416	DRD2		PROTEIN FAMILY	Homo sapiens	ANTAGONIST	1	0	D2-like dopamine receptor antagonist
BRD-K18895904	olanzapine	CHEMBL715	CHEMBL715	CHEMBL2331075	P35462	DRD3		PROTEIN FAMILY	Homo sapiens	ANTAGONIST	1	0	D2-like dopamine receptor antagonist
BRD-K18895904	olanzapine	CHEMBL715	CHEMBL715	CHEMBL2331075	P21917	DRD4		PROTEIN FAMILY	Homo sapiens	ANTAGONIST	1	0	D2-like dopamine receptor antagonist
BRD-K18895904	olanzapine	CHEMBL715	CHEMBL715	CHEMBL2331075	P14416	DRD2		PROTEIN FAMILY	Homo sapiens	ANTAGONIST	1	0	D2-like dopamine receptor antagonist
BRD-K18895904	olanzapine	CHEMBL715	CHEMBL715	CHEMBL2331075	P35462	DRD3		PROTEIN FAMILY	Homo sapiens	ANTAGONIST	1	0	D2-like dopamine receptor antagonist
BRD-K18895904	olanzapine	CHEMBL715	CHEMBL715	CHEMBL2331075	P21917	DRD4		PROTEIN FAMILY	Homo sapiens	ANTAGONIST	1	0	D2-like dopamine receptor antagonist
BRD-K68867920	quetiapine	CHEMBL716	CHEMBL716	CHEMBL217	P14416	DRD2		SINGLE PROTEIN	Homo sapiens	ANTAGONIST	1	0	Dopamine D2 receptor antagonist
BRD-K29582115	ziprasidone	CHEMBL708	CHEMBL708	CHEMBL217	P14416	DRD2		SINGLE PROTEIN	Homo sapiens	ANTAGONIST	1	0	Dopamine D2 receptor antagonist
BRD-K29582115	ziprasidone	CHEMBL708	CHEMBL708	CHEMBL217	P14416	DRD2		SINGLE PROTEIN	Homo sapiens	ANTAGONIST	1	0	Dopamine D2 receptor antagonist
BRD-K19352500	prochlorperazine	CHEMBL728	CHEMBL728	CHEMBL217	P14416	DRD2		SINGLE PROTEIN	Homo sapiens	ANTAGONIST	1	0	Dopamine D2 receptor antagonist
BRD-K45071273	tetracaine	CHEMBL698	CHEMBL698	CHEMBL2331043	P35498	SCN1A		PROTEIN FAMILY	Homo sapiens	BLOCKER	1	0	Sodium channel alpha subunit blocker
BRD-K45071273	tetracaine	CHEMBL698	CHEMBL698	CHEMBL2331043	Q14524	SCN5A		PROTEIN FAMILY	Homo sapiens	BLOCKER	1	0	Sodium channel alpha subunit blocker
BRD-K45071273	tetracaine	CHEMBL698	CHEMBL698	CHEMBL2331043	P35499	SCN4A		PROTEIN FAMILY	Homo sapiens	BLOCKER	1	0	Sodium channel alpha subunit blocker
BRD-K45071273	tetracaine	CHEMBL698	CHEMBL698	CHEMBL2331043	Q01118	SCN7A		PROTEIN FAMILY	Homo sapiens	BLOCKER	1	0	Sodium channel alpha subunit blocker
BRD-K45071273	tetracaine	CHEMBL698	CHEMBL698	CHEMBL2331043	Q99250	SCN2A		PROTEIN FAMILY	Homo sapiens	BLOCKER	1	0	Sodium channel alpha subunit blocker
BRD-K45071273	tetracaine	CHEMBL698	CHEMBL698	CHEMBL2331043	Q15858	SCN9A		PROTEIN FAMILY	Homo sapiens	BLOCKER	1	0	Sodium channel alpha subunit blocker
BRD-K45071273	tetracaine	CHEMBL698	CHEMBL698	CHEMBL2331043	Q9NY46	SCN3A		PROTEIN FAMILY	Homo sapiens	BLOCKER	1	0	Sodium channel alpha subunit blocker
BRD-K45071273	tetracaine	CHEMBL698	CHEMBL698	CHEMBL2331043	Q9UI33	SCN11A		PROTEIN FAMILY	Homo sapiens	BLOCKER	1	0	Sodium channel alpha subunit blocker
BRD-K45071273	tetracaine	CHEMBL698	CHEMBL698	CHEMBL2331043	Q9UQD0	SCN8A		PROTEIN FAMILY	Homo sapiens	BLOCKER	1	0	Sodium channel alpha subunit blocker
BRD-K45071273	tetracaine	CHEMBL698	CHEMBL698	CHEMBL2331043	Q9Y5Y9	SCN10A		PROTEIN FAMILY	Homo sapiens	BLOCKER	1	0	Sodium channel alpha subunit blocker
BRD-K12885236	dapivirine	CHEMBL70663	CHEMBL70663	CHEMBL247	Q72547	pol		SINGLE PROTEIN	Human immunodeficiency virus 1	INHIBITOR	1	0	Human immunodeficiency virus type 1 reverse transcriptase inhibitor
BRD-A41304429	practolol	CHEMBL6995	CHEMBL6995	CHEMBL213	P08588	ADRB1		SINGLE PROTEIN	Homo sapiens	INHIBITOR	1	0	Beta-1 adrenergic receptor inhibitor
BRD-K46211610	tolazoline	CHEMBL770	CHEMBL770	CHEMBL231	P35367	HRH1		SINGLE PROTEIN	Homo sapiens	AGONIST	1	0	Histamine H1 receptor agonist
BRD-A07395371	esmolol	CHEMBL768	CHEMBL768	CHEMBL213	P08588	ADRB1		SINGLE PROTEIN	Homo sapiens	ANTAGONIST	1	0	Beta-1 adrenergic receptor antagonist
BRD-K46211610	tolazoline	CHEMBL770	CHEMBL770	CHEMBL1941	P25021	HRH2		SINGLE PROTEIN	Homo sapiens	AGONIST	1	0	Histamine H2 receptor agonist
BRD-K85518562	cilastatin	CHEMBL766	CHEMBL766	CHEMBL1989	P16444	DPEP1		SINGLE PROTEIN	Homo sapiens	INHIBITOR	1	0	Renal dipeptidase inhibitor
BRD-K87226815	cycloserine-(d)	CHEMBL771	CHEMBL771	CHEMBL2030	P9WP31	ddl		SINGLE PROTEIN	Mycobacterium tuberculosis	INHIBITOR	1	0	D-alanylalanine synthetase inhibitor
BRD-K62676709	guanethidine	CHEMBL765	CHEMBL765	CHEMBL222	P23975	SLC6A2		SINGLE PROTEIN	Homo sapiens	SUBSTRATE	1	0	Norepinephrine transporter substrate
BRD-A91699651	chloroquine	CHEMBL76	CHEMBL76	CHEMBL613897				SMALL MOLECULE	Plasmodium falciparum	INHIBITOR	1	0	Ferriprotoporphyrin IX inhibitor
BRD-A91699651	chloroquine	CHEMBL76	CHEMBL76	CHEMBL613897				SMALL MOLECULE	Plasmodium falciparum	BINDING AGENT	1	0	Ferriprotoporphyrin IX binding agent
BRD-K62200014	anagrelide	CHEMBL760	CHEMBL760	CHEMBL2094125	Q14432	PDE3A		PROTEIN FAMILY	Homo sapiens	INHIBITOR	1	0	Phosphodiesterase 3 inhibitor
BRD-K62200014	anagrelide	CHEMBL760	CHEMBL760	CHEMBL2094125	Q13370	PDE3B		PROTEIN FAMILY	Homo sapiens	INHIBITOR	1	0	Phosphodiesterase 3 inhibitor
BRD-K77641333	naphazoline	CHEMBL761	CHEMBL761	CHEMBL2095203	P35348	ADRA1A		PROTEIN FAMILY	Homo sapiens	AGONIST	1	0	Adrenergic receptor alpha agonist
BRD-K77641333	naphazoline	CHEMBL761	CHEMBL761	CHEMBL2095203	P08913	ADRA2A		PROTEIN FAMILY	Homo sapiens	AGONIST	1	0	Adrenergic receptor alpha agonist
BRD-K77641333	naphazoline	CHEMBL761	CHEMBL761	CHEMBL2095203	P18825	ADRA2C		PROTEIN FAMILY	Homo sapiens	AGONIST	1	0	Adrenergic receptor alpha agonist
BRD-K77641333	naphazoline	CHEMBL761	CHEMBL761	CHEMBL2095203	P25100	ADRA1D		PROTEIN FAMILY	Homo sapiens	AGONIST	1	0	Adrenergic receptor alpha agonist
BRD-K77641333	naphazoline	CHEMBL761	CHEMBL761	CHEMBL2095203	P35368	ADRA1B		PROTEIN FAMILY	Homo sapiens	AGONIST	1	0	Adrenergic receptor alpha agonist
BRD-K77641333	naphazoline	CHEMBL761	CHEMBL761	CHEMBL2095203	P18089	ADRA2B		PROTEIN FAMILY	Homo sapiens	AGONIST	1	0	Adrenergic receptor alpha agonist
BRD-K16195444	oxymetazoline	CHEMBL762	CHEMBL762	CHEMBL2095203	P35348	ADRA1A		PROTEIN FAMILY	Homo sapiens	AGONIST	1	0	Adrenergic receptor alpha agonist
BRD-K16195444	oxymetazoline	CHEMBL762	CHEMBL762	CHEMBL2095203	P08913	ADRA2A		PROTEIN FAMILY	Homo sapiens	AGONIST	1	0	Adrenergic receptor alpha agonist
BRD-K16195444	oxymetazoline	CHEMBL762	CHEMBL762	CHEMBL2095203	P18825	ADRA2C		PROTEIN FAMILY	Homo sapiens	AGONIST	1	0	Adrenergic receptor alpha agonist
BRD-K16195444	oxymetazoline	CHEMBL762	CHEMBL762	CHEMBL2095203	P25100	ADRA1D		PROTEIN FAMILY	Homo sapiens	AGONIST	1	0	Adrenergic receptor alpha agonist
BRD-K16195444	oxymetazoline	CHEMBL762	CHEMBL762	CHEMBL2095203	P35368	ADRA1B		PROTEIN FAMILY	Homo sapiens	AGONIST	1	0	Adrenergic receptor alpha agonist
BRD-K16195444	oxymetazoline	CHEMBL762	CHEMBL762	CHEMBL2095203	P18089	ADRA2B		PROTEIN FAMILY	Homo sapiens	AGONIST	1	0	Adrenergic receptor alpha agonist
BRD-A67799922	phenoxybenzamine	CHEMBL753	CHEMBL753	CHEMBL2095203	P35348	ADRA1A		PROTEIN FAMILY	Homo sapiens	ANTAGONIST	1	0	Adrenergic receptor alpha antagonist
BRD-A67799922	phenoxybenzamine	CHEMBL753	CHEMBL753	CHEMBL2095203	P08913	ADRA2A		PROTEIN FAMILY	Homo sapiens	ANTAGONIST	1	0	Adrenergic receptor alpha antagonist
BRD-A67799922	phenoxybenzamine	CHEMBL753	CHEMBL753	CHEMBL2095203	P18825	ADRA2C		PROTEIN FAMILY	Homo sapiens	ANTAGONIST	1	0	Adrenergic receptor alpha antagonist
BRD-A67799922	phenoxybenzamine	CHEMBL753	CHEMBL753	CHEMBL2095203	P25100	ADRA1D		PROTEIN FAMILY	Homo sapiens	ANTAGONIST	1	0	Adrenergic receptor alpha antagonist
BRD-A67799922	phenoxybenzamine	CHEMBL753	CHEMBL753	CHEMBL2095203	P35368	ADRA1B		PROTEIN FAMILY	Homo sapiens	ANTAGONIST	1	0	Adrenergic receptor alpha antagonist
BRD-A67799922	phenoxybenzamine	CHEMBL753	CHEMBL753	CHEMBL2095203	P18089	ADRA2B		PROTEIN FAMILY	Homo sapiens	ANTAGONIST	1	0	Adrenergic receptor alpha antagonist
BRD-K46211610	tolazoline	CHEMBL770	CHEMBL770	CHEMBL2095203	P35348	ADRA1A		PROTEIN FAMILY	Homo sapiens	ANTAGONIST	1	0	Adrenergic receptor alpha antagonist
BRD-K46211610	tolazoline	CHEMBL770	CHEMBL770	CHEMBL2095203	P08913	ADRA2A		PROTEIN FAMILY	Homo sapiens	ANTAGONIST	1	0	Adrenergic receptor alpha antagonist
BRD-K46211610	tolazoline	CHEMBL770	CHEMBL770	CHEMBL2095203	P18825	ADRA2C		PROTEIN FAMILY	Homo sapiens	ANTAGONIST	1	0	Adrenergic receptor alpha antagonist
BRD-K46211610	tolazoline	CHEMBL770	CHEMBL770	CHEMBL2095203	P25100	ADRA1D		PROTEIN FAMILY	Homo sapiens	ANTAGONIST	1	0	Adrenergic receptor alpha antagonist
BRD-K46211610	tolazoline	CHEMBL770	CHEMBL770	CHEMBL2095203	P35368	ADRA1B		PROTEIN FAMILY	Homo sapiens	ANTAGONIST	1	0	Adrenergic receptor alpha antagonist
BRD-K46211610	tolazoline	CHEMBL770	CHEMBL770	CHEMBL2095203	P18089	ADRA2B		PROTEIN FAMILY	Homo sapiens	ANTAGONIST	1	0	Adrenergic receptor alpha antagonist
BRD-K21806131	tegaserod	CHEMBL76370	CHEMBL76370	CHEMBL1875	Q13639	HTR4		SINGLE PROTEIN	Homo sapiens	PARTIAL AGONIST	1	0	Serotonin 4 (5-HT4) receptor partial agonist
BRD-A07395371	esmolol	CHEMBL768	CHEMBL768	CHEMBL210	P07550	ADRB2	154	SINGLE PROTEIN	Homo sapiens	ANTAGONIST	1	1	Beta-2 adrenergic receptor antagonist
BRD-K87226815	cycloserine-(d)	CHEMBL771	CHEMBL771	CHEMBL2031	P9WQA9	alr		SINGLE PROTEIN	Mycobacterium tuberculosis	INHIBITOR	1	0	Alanine racemase inhibitor
BRD-K95921201	reserpine	CHEMBL772	CHEMBL772	CHEMBL1893	Q05940	SLC18A2		SINGLE PROTEIN	Homo sapiens	INHIBITOR	1	0	Synaptic vesicular amine transporter inhibitor
BRD-K21283037	riluzole	CHEMBL744	CHEMBL744	CHEMBL2331043	P35498	SCN1A		PROTEIN FAMILY	Homo sapiens	BLOCKER	1	0	Sodium channel alpha subunit blocker
BRD-K21283037	riluzole	CHEMBL744	CHEMBL744	CHEMBL2331043	Q14524	SCN5A		PROTEIN FAMILY	Homo sapiens	BLOCKER	1	0	Sodium channel alpha subunit blocker
BRD-K21283037	riluzole	CHEMBL744	CHEMBL744	CHEMBL2331043	P35499	SCN4A		PROTEIN FAMILY	Homo sapiens	BLOCKER	1	0	Sodium channel alpha subunit blocker
BRD-K21283037	riluzole	CHEMBL744	CHEMBL744	CHEMBL2331043	Q01118	SCN7A		PROTEIN FAMILY	Homo sapiens	BLOCKER	1	0	Sodium channel alpha subunit blocker
BRD-K21283037	riluzole	CHEMBL744	CHEMBL744	CHEMBL2331043	Q99250	SCN2A		PROTEIN FAMILY	Homo sapiens	BLOCKER	1	0	Sodium channel alpha subunit blocker
BRD-K21283037	riluzole	CHEMBL744	CHEMBL744	CHEMBL2331043	Q15858	SCN9A		PROTEIN FAMILY	Homo sapiens	BLOCKER	1	0	Sodium channel alpha subunit blocker
BRD-K21283037	riluzole	CHEMBL744	CHEMBL744	CHEMBL2331043	Q9NY46	SCN3A		PROTEIN FAMILY	Homo sapiens	BLOCKER	1	0	Sodium channel alpha subunit blocker
BRD-K21283037	riluzole	CHEMBL744	CHEMBL744	CHEMBL2331043	Q9UI33	SCN11A		PROTEIN FAMILY	Homo sapiens	BLOCKER	1	0	Sodium channel alpha subunit blocker
BRD-K21283037	riluzole	CHEMBL744	CHEMBL744	CHEMBL2331043	Q9UQD0	SCN8A		PROTEIN FAMILY	Homo sapiens	BLOCKER	1	0	Sodium channel alpha subunit blocker
BRD-K21283037	riluzole	CHEMBL744	CHEMBL744	CHEMBL2331043	Q9Y5Y9	SCN10A		PROTEIN FAMILY	Homo sapiens	BLOCKER	1	0	Sodium channel alpha subunit blocker
BRD-K93460210	lamotrigine	CHEMBL741	CHEMBL741	CHEMBL2331043	P35498	SCN1A		PROTEIN FAMILY	Homo sapiens	BLOCKER	1	0	Sodium channel alpha subunit blocker
BRD-K93460210	lamotrigine	CHEMBL741	CHEMBL741	CHEMBL2331043	Q14524	SCN5A		PROTEIN FAMILY	Homo sapiens	BLOCKER	1	0	Sodium channel alpha subunit blocker
BRD-K93460210	lamotrigine	CHEMBL741	CHEMBL741	CHEMBL2331043	P35499	SCN4A		PROTEIN FAMILY	Homo sapiens	BLOCKER	1	0	Sodium channel alpha subunit blocker
BRD-K93460210	lamotrigine	CHEMBL741	CHEMBL741	CHEMBL2331043	Q01118	SCN7A		PROTEIN FAMILY	Homo sapiens	BLOCKER	1	0	Sodium channel alpha subunit blocker
BRD-K93460210	lamotrigine	CHEMBL741	CHEMBL741	CHEMBL2331043	Q99250	SCN2A		PROTEIN FAMILY	Homo sapiens	BLOCKER	1	0	Sodium channel alpha subunit blocker
BRD-K93460210	lamotrigine	CHEMBL741	CHEMBL741	CHEMBL2331043	Q15858	SCN9A		PROTEIN FAMILY	Homo sapiens	BLOCKER	1	0	Sodium channel alpha subunit blocker
BRD-K93460210	lamotrigine	CHEMBL741	CHEMBL741	CHEMBL2331043	Q9NY46	SCN3A		PROTEIN FAMILY	Homo sapiens	BLOCKER	1	0	Sodium channel alpha subunit blocker
BRD-K93460210	lamotrigine	CHEMBL741	CHEMBL741	CHEMBL2331043	Q9UI33	SCN11A		PROTEIN FAMILY	Homo sapiens	BLOCKER	1	0	Sodium channel alpha subunit blocker
BRD-K93460210	lamotrigine	CHEMBL741	CHEMBL741	CHEMBL2331043	Q9UQD0	SCN8A		PROTEIN FAMILY	Homo sapiens	BLOCKER	1	0	Sodium channel alpha subunit blocker
BRD-K93460210	lamotrigine	CHEMBL741	CHEMBL741	CHEMBL2331043	Q9Y5Y9	SCN10A		PROTEIN FAMILY	Homo sapiens	BLOCKER	1	0	Sodium channel alpha subunit blocker
BRD-K48300629	zonisamide	CHEMBL750	CHEMBL750	CHEMBL2331043	P35498	SCN1A		PROTEIN FAMILY	Homo sapiens	BLOCKER	1	0	Sodium channel alpha subunit blocker
BRD-K48300629	zonisamide	CHEMBL750	CHEMBL750	CHEMBL2331043	Q14524	SCN5A		PROTEIN FAMILY	Homo sapiens	BLOCKER	1	0	Sodium channel alpha subunit blocker
BRD-K48300629	zonisamide	CHEMBL750	CHEMBL750	CHEMBL2331043	P35499	SCN4A		PROTEIN FAMILY	Homo sapiens	BLOCKER	1	0	Sodium channel alpha subunit blocker
BRD-K48300629	zonisamide	CHEMBL750	CHEMBL750	CHEMBL2331043	Q01118	SCN7A		PROTEIN FAMILY	Homo sapiens	BLOCKER	1	0	Sodium channel alpha subunit blocker
BRD-K48300629	zonisamide	CHEMBL750	CHEMBL750	CHEMBL2331043	Q99250	SCN2A		PROTEIN FAMILY	Homo sapiens	BLOCKER	1	0	Sodium channel alpha subunit blocker
BRD-K48300629	zonisamide	CHEMBL750	CHEMBL750	CHEMBL2331043	Q15858	SCN9A		PROTEIN FAMILY	Homo sapiens	BLOCKER	1	0	Sodium channel alpha subunit blocker
BRD-K48300629	zonisamide	CHEMBL750	CHEMBL750	CHEMBL2331043	Q9NY46	SCN3A		PROTEIN FAMILY	Homo sapiens	BLOCKER	1	0	Sodium channel alpha subunit blocker
BRD-K48300629	zonisamide	CHEMBL750	CHEMBL750	CHEMBL2331043	Q9UI33	SCN11A		PROTEIN FAMILY	Homo sapiens	BLOCKER	1	0	Sodium channel alpha subunit blocker
BRD-K48300629	zonisamide	CHEMBL750	CHEMBL750	CHEMBL2331043	Q9UQD0	SCN8A		PROTEIN FAMILY	Homo sapiens	BLOCKER	1	0	Sodium channel alpha subunit blocker
BRD-K48300629	zonisamide	CHEMBL750	CHEMBL750	CHEMBL2331043	Q9Y5Y9	SCN10A		PROTEIN FAMILY	Homo sapiens	BLOCKER	1	0	Sodium channel alpha subunit blocker
BRD-K06181161	pentoxyverine	CHEMBL73234	CHEMBL73234	CHEMBL287	Q99720	SIGMAR1		SINGLE PROTEIN	Homo sapiens	AGONIST	1	0	Sigma opioid receptor agonist
BRD-A19633847	perhexiline	CHEMBL75880	CHEMBL75880	CHEMBL2216739	Q92523	CPT1B		SINGLE PROTEIN	Homo sapiens	INHIBITOR	1	0	Carnitine O-palmitoyltransferase 1, muscle isoform inhibitor
BRD-K43764301	dexketoprofen	CHEMBL75435	CHEMBL75435	CHEMBL2094253	P35354	PTGS2	5743	PROTEIN FAMILY	Homo sapiens	INHIBITOR	1	1	Cyclooxygenase inhibitor
BRD-K43764301	dexketoprofen	CHEMBL75435	CHEMBL75435	CHEMBL2094253	P23219	PTGS1		PROTEIN FAMILY	Homo sapiens	INHIBITOR	1	0	Cyclooxygenase inhibitor
BRD-A19633847	perhexiline	CHEMBL75880	CHEMBL75880	CHEMBL3238	P23786	CPT2		SINGLE PROTEIN	Homo sapiens	INHIBITOR	1	0	Carnitine palmitoyltransferase 2 inhibitor
BRD-A19633847	perhexiline	CHEMBL75880	CHEMBL75880	CHEMBL2842	P42345	MTOR		SINGLE PROTEIN	Homo sapiens	INHIBITOR	1	0	Serine/threonine-protein kinase mTOR inhibitor
BRD-K85518562	cilastatin	CHEMBL766	CHEMBL766	CHEMBL1989	P16444	DPEP1		SINGLE PROTEIN	Homo sapiens	INHIBITOR	1	0	Renal dipeptidase inhibitor
BRD-A67616246	levomequitazine	CHEMBL73451	CHEMBL73451	CHEMBL231	P35367	HRH1		SINGLE PROTEIN	Homo sapiens	ANTAGONIST	1	0	Histamine H1 receptor antagonist
BRD-K69470111	montelukast	CHEMBL787	CHEMBL787	CHEMBL1798	Q9Y271	CYSLTR1		SINGLE PROTEIN	Homo sapiens	ANTAGONIST	1	0	Cysteinyl leukotriene receptor 1 antagonist
BRD-A68723818	brompheniramine	CHEMBL811	CHEMBL811	CHEMBL231	P35367	HRH1		SINGLE PROTEIN	Homo sapiens	ANTAGONIST	1	0	Histamine H1 receptor antagonist
BRD-K93645900	tadalafil	CHEMBL779	CHEMBL779	CHEMBL1827	O76074	PDE5A		SINGLE PROTEIN	Homo sapiens	INHIBITOR	1	0	Phosphodiesterase 5A inhibitor
BRD-K67977190	eprosartan	CHEMBL813	CHEMBL813	CHEMBL227	P30556	AGTR1		SINGLE PROTEIN	Homo sapiens	ANTAGONIST	1	0	Type-1 angiotensin II receptor antagonist
BRD-K82036761	sertraline	CHEMBL809	CHEMBL809	CHEMBL228	P31645	SLC6A4		SINGLE PROTEIN	Homo sapiens	INHIBITOR	1	0	Serotonin transporter inhibitor
BRD-K63828191	raloxifene	CHEMBL81	CHEMBL81	CHEMBL242	Q92731	ESR2		SINGLE PROTEIN	Homo sapiens	MODULATOR	1	0	Estrogen receptor beta modulator
BRD-K67511046	naloxone	CHEMBL80	CHEMBL80	CHEMBL2095181	P41145	OPRK1		PROTEIN FAMILY	Homo sapiens	ANTAGONIST	1	0	Opioid receptors; mu/kappa/delta antagonist
BRD-K67511046	naloxone	CHEMBL80	CHEMBL80	CHEMBL2095181	P41143	OPRD1		PROTEIN FAMILY	Homo sapiens	ANTAGONIST	1	0	Opioid receptors; mu/kappa/delta antagonist
BRD-K67511046	naloxone	CHEMBL80	CHEMBL80	CHEMBL2095181	P35372	OPRM1		PROTEIN FAMILY	Homo sapiens	ANTAGONIST	1	0	Opioid receptors; mu/kappa/delta antagonist
BRD-A79803969	memantine	CHEMBL807	CHEMBL807	CHEMBL2094124	Q05586	GRIN1		PROTEIN COMPLEX GROUP	Homo sapiens	NEGATIVE ALLOSTERIC MODULATOR	1	0	Glutamate [NMDA] receptor negative allosteric modulator
BRD-A79803969	memantine	CHEMBL807	CHEMBL807	CHEMBL2094124	Q12879	GRIN2A		PROTEIN COMPLEX GROUP	Homo sapiens	NEGATIVE ALLOSTERIC MODULATOR	1	0	Glutamate [NMDA] receptor negative allosteric modulator
BRD-A79803969	memantine	CHEMBL807	CHEMBL807	CHEMBL2094124	Q13224	GRIN2B		PROTEIN COMPLEX GROUP	Homo sapiens	NEGATIVE ALLOSTERIC MODULATOR	1	0	Glutamate [NMDA] receptor negative allosteric modulator
BRD-A79803969	memantine	CHEMBL807	CHEMBL807	CHEMBL2094124	O15399	GRIN2D		PROTEIN COMPLEX GROUP	Homo sapiens	NEGATIVE ALLOSTERIC MODULATOR	1	0	Glutamate [NMDA] receptor negative allosteric modulator
BRD-A79803969	memantine	CHEMBL807	CHEMBL807	CHEMBL2094124	O60391	GRIN3B		PROTEIN COMPLEX GROUP	Homo sapiens	NEGATIVE ALLOSTERIC MODULATOR	1	0	Glutamate [NMDA] receptor negative allosteric modulator
BRD-A79803969	memantine	CHEMBL807	CHEMBL807	CHEMBL2094124	Q14957	GRIN2C		PROTEIN COMPLEX GROUP	Homo sapiens	NEGATIVE ALLOSTERIC MODULATOR	1	0	Glutamate [NMDA] receptor negative allosteric modulator
BRD-A79803969	memantine	CHEMBL807	CHEMBL807	CHEMBL2094124	Q8TCU5	GRIN3A		PROTEIN COMPLEX GROUP	Homo sapiens	NEGATIVE ALLOSTERIC MODULATOR	1	0	Glutamate [NMDA] receptor negative allosteric modulator
BRD-K06902185	minoxidil	CHEMBL802	CHEMBL802	CHEMBL2095198	Q14654	KCNJ11		PROTEIN COMPLEX	Homo sapiens	OPENER	1	0	Sulfonylurea receptor 2, Kir6.2 opener
BRD-K06902185	minoxidil	CHEMBL802	CHEMBL802	CHEMBL2095198	O60706	ABCC9		PROTEIN COMPLEX	Homo sapiens	OPENER	1	0	Sulfonylurea receptor 2, Kir6.2 opener
BRD-K14888893	minoxidil	CHEMBL802	CHEMBL802	CHEMBL2095198	Q14654	KCNJ11		PROTEIN COMPLEX	Homo sapiens	OPENER	1	0	Sulfonylurea receptor 2, Kir6.2 opener
BRD-K14888893	minoxidil	CHEMBL802	CHEMBL802	CHEMBL2095198	O60706	ABCC9		PROTEIN COMPLEX	Homo sapiens	OPENER	1	0	Sulfonylurea receptor 2, Kir6.2 opener
BRD-K85119730	tolbutamide	CHEMBL782	CHEMBL782	CHEMBL2096972	Q14654	KCNJ11		PROTEIN COMPLEX	Homo sapiens	BLOCKER	1	0	Sulfonylurea receptor 1, Kir6.2 blocker
BRD-K85119730	tolbutamide	CHEMBL782	CHEMBL782	CHEMBL2096972	Q09428	ABCC8		PROTEIN COMPLEX	Homo sapiens	BLOCKER	1	0	Sulfonylurea receptor 1, Kir6.2 blocker
BRD-K44353683	nateglinide	CHEMBL783	CHEMBL783	CHEMBL2096972	Q14654	KCNJ11		PROTEIN COMPLEX	Homo sapiens	BLOCKER	1	0	Sulfonylurea receptor 1, Kir6.2 blocker
BRD-K44353683	nateglinide	CHEMBL783	CHEMBL783	CHEMBL2096972	Q09428	ABCC8		PROTEIN COMPLEX	Homo sapiens	BLOCKER	1	0	Sulfonylurea receptor 1, Kir6.2 blocker
BRD-K85119730	tolbutamide	CHEMBL782	CHEMBL782	CHEMBL2096972	Q14654	KCNJ11		PROTEIN COMPLEX	Homo sapiens	BLOCKER	1	0	Sulfonylurea receptor 1, Kir6.2 blocker
BRD-K85119730	tolbutamide	CHEMBL782	CHEMBL782	CHEMBL2096972	Q09428	ABCC8		PROTEIN COMPLEX	Homo sapiens	BLOCKER	1	0	Sulfonylurea receptor 1, Kir6.2 blocker
BRD-K28307902	flutamide	CHEMBL806	CHEMBL806	CHEMBL1871	P10275	AR		SINGLE PROTEIN	Homo sapiens	ANTAGONIST	1	0	Androgen Receptor antagonist
BRD-A07780951	orciprenaline	CHEMBL776	CHEMBL776	CHEMBL210	P07550	ADRB2	154	SINGLE PROTEIN	Homo sapiens	AGONIST	1	1	Beta-2 adrenergic receptor agonist
BRD-M02190957	orciprenaline	CHEMBL1628446	CHEMBL776	CHEMBL210	P07550	ADRB2	154	SINGLE PROTEIN	Homo sapiens	AGONIST	1	1	Beta-2 adrenergic receptor agonist
BRD-K67017579	cilostazol	CHEMBL799	CHEMBL799	CHEMBL241	Q14432	PDE3A		SINGLE PROTEIN	Homo sapiens	INHIBITOR	1	0	Phosphodiesterase 3A inhibitor
BRD-A51820102	econazole	CHEMBL808	CHEMBL808	CHEMBL1780	P10613	ERG11		SINGLE PROTEIN	Candida albicans (strain SC5314 / ATCC MYA-2876) (Yeast)	INHIBITOR	1	0	Cytochrome P450 51 inhibitor
BRD-A68464583	mazindol	CHEMBL781	CHEMBL781	CHEMBL2363064	P31645	SLC6A4		PROTEIN FAMILY	Homo sapiens	INHIBITOR	1	0	Monoamine transporter inhibitor
BRD-A68464583	mazindol	CHEMBL781	CHEMBL781	CHEMBL2363064	Q01959	SLC6A3		PROTEIN FAMILY	Homo sapiens	INHIBITOR	1	0	Monoamine transporter inhibitor
BRD-A68464583	mazindol	CHEMBL781	CHEMBL781	CHEMBL2363064	P23975	SLC6A2		PROTEIN FAMILY	Homo sapiens	INHIBITOR	1	0	Monoamine transporter inhibitor
BRD-K40621224	pentetic-acid	CHEMBL780	CHEMBL780	CHEMBL2366037				METAL		CHELATING AGENT	1	0	Radioactive metals chelating agent
BRD-K40621224	pentetic-acid	CHEMBL780	CHEMBL780	CHEMBL2366037				METAL		CHELATING AGENT	1	0	Radioactive metals chelating agent
BRD-K52256627	chlorhexidine	CHEMBL790	CHEMBL790	CHEMBL2364031				SUBCELLULAR	Bacteria	INHIBITOR	1	0	Cell membrane inhibitor
BRD-K32107296	temozolomide	CHEMBL810	CHEMBL810	CHEMBL2311221				NUCLEIC-ACID	Homo sapiens	INHIBITOR	1	0	DNA inhibitor
BRD-K33106058	cytarabine	CHEMBL803	CHEMBL803	CHEMBL2311221				NUCLEIC-ACID	Homo sapiens	INHIBITOR	1	0	DNA inhibitor
BRD-K33106058	cytarabine	CHEMBL803	CHEMBL803	CHEMBL2311222				NUCLEIC-ACID	Homo sapiens	INHIBITOR	1	0	RNA inhibitor
BRD-K04804440	ciprofloxacin	CHEMBL8	CHEMBL8	CHEMBL2311224	P0AES6	gyrB		PROTEIN COMPLEX	Bacteria	INHIBITOR	1	0	Bacterial DNA gyrase inhibitor
BRD-K04804440	ciprofloxacin	CHEMBL8	CHEMBL8	CHEMBL2311224	P0AES4	gyrA		PROTEIN COMPLEX	Bacteria	INHIBITOR	1	0	Bacterial DNA gyrase inhibitor
BRD-K04804440	ciprofloxacin	CHEMBL8	CHEMBL8	CHEMBL2311224	P0AES6	gyrB		PROTEIN COMPLEX	Bacteria	INHIBITOR	1	0	Bacterial DNA gyrase inhibitor
BRD-K04804440	ciprofloxacin	CHEMBL8	CHEMBL8	CHEMBL2311224	P0AES4	gyrA		PROTEIN COMPLEX	Bacteria	INHIBITOR	1	0	Bacterial DNA gyrase inhibitor
BRD-K33106058	cytarabine	CHEMBL803	CHEMBL803	CHEMBL2363042	P09884	POLA1		PROTEIN FAMILY	Homo sapiens	INHIBITOR	1	0	DNA polymerase (alpha/delta/epsilon) inhibitor
BRD-K33106058	cytarabine	CHEMBL803	CHEMBL803	CHEMBL2363042	Q9HCU8	POLD4	57804	PROTEIN FAMILY	Homo sapiens	INHIBITOR	1	1	DNA polymerase (alpha/delta/epsilon) inhibitor
BRD-K33106058	cytarabine	CHEMBL803	CHEMBL803	CHEMBL2363042	Q15054	POLD3		PROTEIN FAMILY	Homo sapiens	INHIBITOR	1	0	DNA polymerase (alpha/delta/epsilon) inhibitor
BRD-K33106058	cytarabine	CHEMBL803	CHEMBL803	CHEMBL2363042	P28340	POLD1		PROTEIN FAMILY	Homo sapiens	INHIBITOR	1	0	DNA polymerase (alpha/delta/epsilon) inhibitor
BRD-K33106058	cytarabine	CHEMBL803	CHEMBL803	CHEMBL2363042	P49005	POLD2		PROTEIN FAMILY	Homo sapiens	INHIBITOR	1	0	DNA polymerase (alpha/delta/epsilon) inhibitor
BRD-K33106058	cytarabine	CHEMBL803	CHEMBL803	CHEMBL2363042	Q07864	POLE		PROTEIN FAMILY	Homo sapiens	INHIBITOR	1	0	DNA polymerase (alpha/delta/epsilon) inhibitor
BRD-K33106058	cytarabine	CHEMBL803	CHEMBL803	CHEMBL2363042	Q14181	POLA2		PROTEIN FAMILY	Homo sapiens	INHIBITOR	1	0	DNA polymerase (alpha/delta/epsilon) inhibitor
BRD-K33106058	cytarabine	CHEMBL803	CHEMBL803	CHEMBL2363042	P49642	PRIM1		PROTEIN FAMILY	Homo sapiens	INHIBITOR	1	0	DNA polymerase (alpha/delta/epsilon) inhibitor
BRD-K33106058	cytarabine	CHEMBL803	CHEMBL803	CHEMBL2363042	P49643	PRIM2		PROTEIN FAMILY	Homo sapiens	INHIBITOR	1	0	DNA polymerase (alpha/delta/epsilon) inhibitor
BRD-K33106058	cytarabine	CHEMBL803	CHEMBL803	CHEMBL2363042	P56282	POLE2	5427	PROTEIN FAMILY	Homo sapiens	INHIBITOR	1	1	DNA polymerase (alpha/delta/epsilon) inhibitor
BRD-K33106058	cytarabine	CHEMBL803	CHEMBL803	CHEMBL2363042	Q9NRF9	POLE3		PROTEIN FAMILY	Homo sapiens	INHIBITOR	1	0	DNA polymerase (alpha/delta/epsilon) inhibitor
BRD-K76634210	idoxuridine	CHEMBL788	CHEMBL788	CHEMBL2366042				NUCLEIC-ACID	Human alphaherpesvirus 1	INHIBITOR	1	0	DNA inhibitor
BRD-K52662033	lidocaine	CHEMBL79	CHEMBL79	CHEMBL2331043	P35498	SCN1A		PROTEIN FAMILY	Homo sapiens	BLOCKER	1	0	Sodium channel alpha subunit blocker
BRD-K52662033	lidocaine	CHEMBL79	CHEMBL79	CHEMBL2331043	Q14524	SCN5A		PROTEIN FAMILY	Homo sapiens	BLOCKER	1	0	Sodium channel alpha subunit blocker
BRD-K52662033	lidocaine	CHEMBL79	CHEMBL79	CHEMBL2331043	P35499	SCN4A		PROTEIN FAMILY	Homo sapiens	BLOCKER	1	0	Sodium channel alpha subunit blocker
BRD-K52662033	lidocaine	CHEMBL79	CHEMBL79	CHEMBL2331043	Q01118	SCN7A		PROTEIN FAMILY	Homo sapiens	BLOCKER	1	0	Sodium channel alpha subunit blocker
BRD-K52662033	lidocaine	CHEMBL79	CHEMBL79	CHEMBL2331043	Q99250	SCN2A		PROTEIN FAMILY	Homo sapiens	BLOCKER	1	0	Sodium channel alpha subunit blocker
BRD-K52662033	lidocaine	CHEMBL79	CHEMBL79	CHEMBL2331043	Q15858	SCN9A		PROTEIN FAMILY	Homo sapiens	BLOCKER	1	0	Sodium channel alpha subunit blocker
BRD-K52662033	lidocaine	CHEMBL79	CHEMBL79	CHEMBL2331043	Q9NY46	SCN3A		PROTEIN FAMILY	Homo sapiens	BLOCKER	1	0	Sodium channel alpha subunit blocker
BRD-K52662033	lidocaine	CHEMBL79	CHEMBL79	CHEMBL2331043	Q9UI33	SCN11A		PROTEIN FAMILY	Homo sapiens	BLOCKER	1	0	Sodium channel alpha subunit blocker
BRD-K52662033	lidocaine	CHEMBL79	CHEMBL79	CHEMBL2331043	Q9UQD0	SCN8A		PROTEIN FAMILY	Homo sapiens	BLOCKER	1	0	Sodium channel alpha subunit blocker
BRD-K52662033	lidocaine	CHEMBL79	CHEMBL79	CHEMBL2331043	Q9Y5Y9	SCN10A		PROTEIN FAMILY	Homo sapiens	BLOCKER	1	0	Sodium channel alpha subunit blocker
BRD-K52662033	lidocaine	CHEMBL79	CHEMBL79	CHEMBL2331043	P35498	SCN1A		PROTEIN FAMILY	Homo sapiens	BLOCKER	1	0	Sodium channel alpha subunit blocker
BRD-K52662033	lidocaine	CHEMBL79	CHEMBL79	CHEMBL2331043	Q14524	SCN5A		PROTEIN FAMILY	Homo sapiens	BLOCKER	1	0	Sodium channel alpha subunit blocker
BRD-K52662033	lidocaine	CHEMBL79	CHEMBL79	CHEMBL2331043	P35499	SCN4A		PROTEIN FAMILY	Homo sapiens	BLOCKER	1	0	Sodium channel alpha subunit blocker
BRD-K52662033	lidocaine	CHEMBL79	CHEMBL79	CHEMBL2331043	Q01118	SCN7A		PROTEIN FAMILY	Homo sapiens	BLOCKER	1	0	Sodium channel alpha subunit blocker
BRD-K52662033	lidocaine	CHEMBL79	CHEMBL79	CHEMBL2331043	Q99250	SCN2A		PROTEIN FAMILY	Homo sapiens	BLOCKER	1	0	Sodium channel alpha subunit blocker
BRD-K52662033	lidocaine	CHEMBL79	CHEMBL79	CHEMBL2331043	Q15858	SCN9A		PROTEIN FAMILY	Homo sapiens	BLOCKER	1	0	Sodium channel alpha subunit blocker
BRD-K52662033	lidocaine	CHEMBL79	CHEMBL79	CHEMBL2331043	Q9NY46	SCN3A		PROTEIN FAMILY	Homo sapiens	BLOCKER	1	0	Sodium channel alpha subunit blocker
BRD-K52662033	lidocaine	CHEMBL79	CHEMBL79	CHEMBL2331043	Q9UI33	SCN11A		PROTEIN FAMILY	Homo sapiens	BLOCKER	1	0	Sodium channel alpha subunit blocker
BRD-K52662033	lidocaine	CHEMBL79	CHEMBL79	CHEMBL2331043	Q9UQD0	SCN8A		PROTEIN FAMILY	Homo sapiens	BLOCKER	1	0	Sodium channel alpha subunit blocker
BRD-K52662033	lidocaine	CHEMBL79	CHEMBL79	CHEMBL2331043	Q9Y5Y9	SCN10A		PROTEIN FAMILY	Homo sapiens	BLOCKER	1	0	Sodium channel alpha subunit blocker
BRD-A18043272	phensuximide	CHEMBL797	CHEMBL797	CHEMBL2362995	O95180	CACNA1H		PROTEIN FAMILY	Homo sapiens	BLOCKER	1	0	Voltage-gated T-type calcium channel blocker
BRD-A18043272	phensuximide	CHEMBL797	CHEMBL797	CHEMBL2362995	O43497	CACNA1G		PROTEIN FAMILY	Homo sapiens	BLOCKER	1	0	Voltage-gated T-type calcium channel blocker
BRD-A18043272	phensuximide	CHEMBL797	CHEMBL797	CHEMBL2362995	Q9P0X4	CACNA1I		PROTEIN FAMILY	Homo sapiens	BLOCKER	1	0	Voltage-gated T-type calcium channel blocker
BRD-K04804440	ciprofloxacin	CHEMBL8	CHEMBL8	CHEMBL2363076	P0AFI2	parC		PROTEIN COMPLEX	Bacteria	INHIBITOR	1	0	Topoisomerase IV inhibitor
BRD-K04804440	ciprofloxacin	CHEMBL8	CHEMBL8	CHEMBL2363076	P20083	parE		PROTEIN COMPLEX	Bacteria	INHIBITOR	1	0	Topoisomerase IV inhibitor
BRD-K04804440	ciprofloxacin	CHEMBL8	CHEMBL8	CHEMBL2363076	P0AFI2	parC		PROTEIN COMPLEX	Bacteria	INHIBITOR	1	0	Topoisomerase IV inhibitor
BRD-K04804440	ciprofloxacin	CHEMBL8	CHEMBL8	CHEMBL2363076	P20083	parE		PROTEIN COMPLEX	Bacteria	INHIBITOR	1	0	Topoisomerase IV inhibitor
BRD-K41772907	tolimidone	CHEMBL8030	CHEMBL8030	CHEMBL3905	P07948	LYN	4067	SINGLE PROTEIN	Homo sapiens	POSITIVE ALLOSTERIC MODULATOR	1	1	Tyrosine-protein kinase Lyn positive allosteric modulator
BRD-K67511046	naloxone	CHEMBL80	CHEMBL80	CHEMBL2095181	P41145	OPRK1		PROTEIN FAMILY	Homo sapiens	ANTAGONIST	1	0	Opioid receptors; mu/kappa/delta antagonist
BRD-K67511046	naloxone	CHEMBL80	CHEMBL80	CHEMBL2095181	P41143	OPRD1		PROTEIN FAMILY	Homo sapiens	ANTAGONIST	1	0	Opioid receptors; mu/kappa/delta antagonist
BRD-K67511046	naloxone	CHEMBL80	CHEMBL80	CHEMBL2095181	P35372	OPRM1		PROTEIN FAMILY	Homo sapiens	ANTAGONIST	1	0	Opioid receptors; mu/kappa/delta antagonist
BRD-K63828191	raloxifene	CHEMBL81	CHEMBL81	CHEMBL206	P03372	ESR1		SINGLE PROTEIN	Homo sapiens	MODULATOR	1	0	Estrogen receptor modulator
BRD-K49807096	benazepril	CHEMBL838	CHEMBL838	CHEMBL1808	P12821	ACE		SINGLE PROTEIN	Homo sapiens	INHIBITOR	1	0	Angiotensin-converting enzyme inhibitor
BRD-A49225603	alimemazine	CHEMBL829	CHEMBL829	CHEMBL231	P35367	HRH1		SINGLE PROTEIN	Homo sapiens	ANTAGONIST	1	0	Histamine H1 receptor antagonist
BRD-M58473998	alimemazine	CHEMBL4785767	CHEMBL829	CHEMBL231	P35367	HRH1		SINGLE PROTEIN	Homo sapiens	ANTAGONIST	1	0	Histamine H1 receptor antagonist
BRD-K88682005	chlorothiazide	CHEMBL842	CHEMBL842	CHEMBL1876	P55017	SLC12A3		SINGLE PROTEIN	Homo sapiens	INHIBITOR	1	0	Thiazide-sensitive sodium-chloride cotransporter inhibitor
BRD-K88682005	chlorothiazide	CHEMBL842	CHEMBL842	CHEMBL1876	P55017	SLC12A3		SINGLE PROTEIN	Homo sapiens	INHIBITOR	1	0	Thiazide-sensitive sodium-chloride cotransporter inhibitor
BRD-K53517854	fluvoxamine	CHEMBL814	CHEMBL814	CHEMBL228	P31645	SLC6A4		SINGLE PROTEIN	Homo sapiens	INHIBITOR	1	0	Serotonin transporter inhibitor
BRD-K39915878	loxapine	CHEMBL831	CHEMBL831	CHEMBL224	P28223	HTR2A		SINGLE PROTEIN	Homo sapiens	ANTAGONIST	1	0	Serotonin 2a (5-HT2a) receptor antagonist
BRD-K39915878	loxapine	CHEMBL831	CHEMBL831	CHEMBL224	P28223	HTR2A		SINGLE PROTEIN	Homo sapiens	ANTAGONIST	1	0	Serotonin 2a (5-HT2a) receptor antagonist
BRD-K39915878	loxapine	CHEMBL831	CHEMBL831	CHEMBL224	P28223	HTR2A		SINGLE PROTEIN	Homo sapiens	ANTAGONIST	1	0	Serotonin 2a (5-HT2a) receptor antagonist
BRD-K39915878	loxapine	CHEMBL831	CHEMBL831	CHEMBL225	P28335	HTR2C		SINGLE PROTEIN	Homo sapiens	ANTAGONIST	1	0	Serotonin 2c (5-HT2c) receptor antagonist
BRD-K39915878	loxapine	CHEMBL831	CHEMBL831	CHEMBL225	P28335	HTR2C		SINGLE PROTEIN	Homo sapiens	ANTAGONIST	1	0	Serotonin 2c (5-HT2c) receptor antagonist
BRD-K39915878	loxapine	CHEMBL831	CHEMBL831	CHEMBL225	P28335	HTR2C		SINGLE PROTEIN	Homo sapiens	ANTAGONIST	1	0	Serotonin 2c (5-HT2c) receptor antagonist
BRD-K81672972	dinoprost	CHEMBL815	CHEMBL815	CHEMBL1987	P43088	PTGFR		SINGLE PROTEIN	Homo sapiens	AGONIST	1	0	Prostanoid FP receptor agonist
BRD-K61250553	loperamide	CHEMBL841	CHEMBL841	CHEMBL233	P35372	OPRM1		SINGLE PROTEIN	Homo sapiens	AGONIST	1	0	Mu opioid receptor agonist
BRD-K93754473	tamoxifen	CHEMBL83	CHEMBL83	CHEMBL206	P03372	ESR1		SINGLE PROTEIN	Homo sapiens	MODULATOR	1	0	Estrogen receptor alpha modulator
BRD-A36217750	sulfinpyrazone	CHEMBL832	CHEMBL832	CHEMBL6120	Q96S37	SLC22A12		SINGLE PROTEIN	Homo sapiens	INHIBITOR	1	0	Solute carrier family 22 member 12 inhibitor
BRD-A42167015	carteolol	CHEMBL839	CHEMBL839	CHEMBL2094118	P08588	ADRB1		PROTEIN FAMILY	Homo sapiens	ANTAGONIST	1	0	Adrenergic receptor beta antagonist
BRD-A42167015	carteolol	CHEMBL839	CHEMBL839	CHEMBL2094118	P07550	ADRB2	154	PROTEIN FAMILY	Homo sapiens	ANTAGONIST	1	1	Adrenergic receptor beta antagonist
BRD-A42167015	carteolol	CHEMBL839	CHEMBL839	CHEMBL2094118	P13945	ADRB3		PROTEIN FAMILY	Homo sapiens	ANTAGONIST	1	0	Adrenergic receptor beta antagonist
BRD-K74339692	tamsulosin	CHEMBL836	CHEMBL836	CHEMBL2094251	P35348	ADRA1A		PROTEIN FAMILY	Homo sapiens	ANTAGONIST	1	0	Adrenergic receptor alpha-1 antagonist
BRD-K74339692	tamsulosin	CHEMBL836	CHEMBL836	CHEMBL2094251	P25100	ADRA1D		PROTEIN FAMILY	Homo sapiens	ANTAGONIST	1	0	Adrenergic receptor alpha-1 antagonist
BRD-K74339692	tamsulosin	CHEMBL836	CHEMBL836	CHEMBL2094251	P35368	ADRA1B		PROTEIN FAMILY	Homo sapiens	ANTAGONIST	1	0	Adrenergic receptor alpha-1 antagonist
BRD-K32164935	tolazamide	CHEMBL817	CHEMBL817	CHEMBL2096972	Q14654	KCNJ11		PROTEIN COMPLEX	Homo sapiens	BLOCKER	1	0	Sulfonylurea receptor 1, Kir6.2 blocker
BRD-K32164935	tolazamide	CHEMBL817	CHEMBL817	CHEMBL2096972	Q09428	ABCC8		PROTEIN COMPLEX	Homo sapiens	BLOCKER	1	0	Sulfonylurea receptor 1, Kir6.2 blocker
BRD-A96292436	eflornithine	CHEMBL830	CHEMBL830	CHEMBL1869	P11926	ODC1		SINGLE PROTEIN	Homo sapiens	INHIBITOR	1	0	Ornithine decarboxylase inhibitor
BRD-A59174698	ritodrine	CHEMBL83063	CHEMBL83063	CHEMBL210	P07550	ADRB2	154	SINGLE PROTEIN	Homo sapiens	AGONIST	1	1	Beta-2 adrenergic receptor agonist
BRD-K68132782	terbinafine	CHEMBL822	CHEMBL822	CHEMBL2364679	Q4JEY0			SINGLE PROTEIN	Trichophyton	INHIBITOR	1	0	Squalene monooxygenase inhibitor
BRD-K68132782	terbinafine	CHEMBL822	CHEMBL822	CHEMBL2364679	Q4JEY0			SINGLE PROTEIN	Trichophyton	INHIBITOR	1	0	Squalene monooxygenase inhibitor
BRD-K00603606	ticlopidine	CHEMBL833	CHEMBL833	CHEMBL2001	Q9H244	P2RY12		SINGLE PROTEIN	Homo sapiens	ANTAGONIST	1	0	Purinergic receptor P2Y12 antagonist
BRD-K78113049	enoxacin	CHEMBL826	CHEMBL826	CHEMBL2363077	P48374	parC		PROTEIN COMPLEX	Neisseria gonorrhoeae	INHIBITOR	1	0	Topoisomerase IV inhibitor
BRD-K78113049	enoxacin	CHEMBL826	CHEMBL826	CHEMBL2363077	Q5EP76	topB		PROTEIN COMPLEX	Neisseria gonorrhoeae	INHIBITOR	1	0	Topoisomerase IV inhibitor
BRD-K96786677	oxacillin	CHEMBL819	CHEMBL819	CHEMBL2362972	P72355	pbp4		PROTEIN FAMILY	Staphylococcus aureus	INHIBITOR	1	0	Penicillin-binding protein inhibitor
BRD-K96786677	oxacillin	CHEMBL819	CHEMBL819	CHEMBL2362972	Q9XDB3	pbpF		PROTEIN FAMILY	Staphylococcus aureus	INHIBITOR	1	0	Penicillin-binding protein inhibitor
BRD-K96786677	oxacillin	CHEMBL819	CHEMBL819	CHEMBL2362972	Q53707	mecA		PROTEIN FAMILY	Staphylococcus aureus	INHIBITOR	1	0	Penicillin-binding protein inhibitor
BRD-K96786677	oxacillin	CHEMBL819	CHEMBL819	CHEMBL2362972	Q53729	pbp2		PROTEIN FAMILY	Staphylococcus aureus	INHIBITOR	1	0	Penicillin-binding protein inhibitor
BRD-K96786677	oxacillin	CHEMBL819	CHEMBL819	CHEMBL2362972	Q53725	pbpA		PROTEIN FAMILY	Staphylococcus aureus	INHIBITOR	1	0	Penicillin-binding protein inhibitor
BRD-K55696337	topotecan	CHEMBL84	CHEMBL84	CHEMBL1781	P11387	TOP1		SINGLE PROTEIN	Homo sapiens	INHIBITOR	1	0	DNA topoisomerase I inhibitor
BRD-K23204545	busulfan	CHEMBL820	CHEMBL820	CHEMBL2311221				NUCLEIC-ACID	Homo sapiens	INHIBITOR	1	0	DNA inhibitor
BRD-K78113049	enoxacin	CHEMBL826	CHEMBL826	CHEMBL2311244	P48371	gyrA		PROTEIN COMPLEX	Neisseria gonorrhoeae	INHIBITOR	1	0	DNA gyrase inhibitor
BRD-K78113049	enoxacin	CHEMBL826	CHEMBL826	CHEMBL2311244	P22118	gyrB		PROTEIN COMPLEX	Neisseria gonorrhoeae	INHIBITOR	1	0	DNA gyrase inhibitor
BRD-K39915878	loxapine	CHEMBL831	CHEMBL831	CHEMBL2331075	P14416	DRD2		PROTEIN FAMILY	Homo sapiens	ANTAGONIST	1	0	D2-like dopamine receptor antagonist
BRD-K39915878	loxapine	CHEMBL831	CHEMBL831	CHEMBL2331075	P35462	DRD3		PROTEIN FAMILY	Homo sapiens	ANTAGONIST	1	0	D2-like dopamine receptor antagonist
BRD-K39915878	loxapine	CHEMBL831	CHEMBL831	CHEMBL2331075	P21917	DRD4		PROTEIN FAMILY	Homo sapiens	ANTAGONIST	1	0	D2-like dopamine receptor antagonist
BRD-K39915878	loxapine	CHEMBL831	CHEMBL831	CHEMBL2331075	P14416	DRD2		PROTEIN FAMILY	Homo sapiens	ANTAGONIST	1	0	D2-like dopamine receptor antagonist
BRD-K39915878	loxapine	CHEMBL831	CHEMBL831	CHEMBL2331075	P35462	DRD3		PROTEIN FAMILY	Homo sapiens	ANTAGONIST	1	0	D2-like dopamine receptor antagonist
BRD-K39915878	loxapine	CHEMBL831	CHEMBL831	CHEMBL2331075	P21917	DRD4		PROTEIN FAMILY	Homo sapiens	ANTAGONIST	1	0	D2-like dopamine receptor antagonist
BRD-K39915878	loxapine	CHEMBL831	CHEMBL831	CHEMBL2331075	P14416	DRD2		PROTEIN FAMILY	Homo sapiens	ANTAGONIST	1	0	D2-like dopamine receptor antagonist
BRD-K39915878	loxapine	CHEMBL831	CHEMBL831	CHEMBL2331075	P35462	DRD3		PROTEIN FAMILY	Homo sapiens	ANTAGONIST	1	0	D2-like dopamine receptor antagonist
BRD-K39915878	loxapine	CHEMBL831	CHEMBL831	CHEMBL2331075	P21917	DRD4		PROTEIN FAMILY	Homo sapiens	ANTAGONIST	1	0	D2-like dopamine receptor antagonist
BRD-K84748119	vicriviroc	CHEMBL82301	CHEMBL82301	CHEMBL274	P51681	CCR5		SINGLE PROTEIN	Homo sapiens	ANTAGONIST	1	0	C-C chemokine receptor type 5 antagonist
BRD-M72442222	vicriviroc	CHEMBL82301	CHEMBL82301	CHEMBL274	P51681	CCR5		SINGLE PROTEIN	Homo sapiens	ANTAGONIST	1	0	C-C chemokine receptor type 5 antagonist
BRD-K43860855	iobenguane	CHEMBL818	CHEMBL818	CHEMBL222	P23975	SLC6A2		SINGLE PROTEIN	Homo sapiens	SUBSTRATE	1	0	Norepinephrine transporter substrate
BRD-K57432881	tiapride	CHEMBL84158	CHEMBL84158	CHEMBL234	P35462	DRD3		SINGLE PROTEIN	Homo sapiens	ANTAGONIST	1	0	Dopamine D3 receptor antagonist
BRD-K57432881	tiapride	CHEMBL84158	CHEMBL84158	CHEMBL217	P14416	DRD2		SINGLE PROTEIN	Homo sapiens	ANTAGONIST	1	0	Dopamine D2 receptor antagonist
BRD-K89561498	SN-38	CHEMBL837	CHEMBL837	CHEMBL1781	P11387	TOP1		SINGLE PROTEIN	Homo sapiens	INHIBITOR	1	0	DNA topoisomerase I inhibitor
BRD-K15014948	tranexamic-acid	CHEMBL877	CHEMBL877	CHEMBL1801	P00747	PLG		SINGLE PROTEIN	Homo sapiens	INHIBITOR	1	0	Plasminogen inhibitor
BRD-A29426959	carbinoxamine	CHEMBL864	CHEMBL864	CHEMBL231	P35367	HRH1		SINGLE PROTEIN	Homo sapiens	ANTAGONIST	1	0	Histamine H1 receptor antagonist
BRD-K11742128	triprolidine	CHEMBL855	CHEMBL855	CHEMBL231	P35367	HRH1		SINGLE PROTEIN	Homo sapiens	ANTAGONIST	1	0	Histamine H1 receptor antagonist
BRD-K75641298	metoclopramide	CHEMBL86	CHEMBL86	CHEMBL217	P14416	DRD2		SINGLE PROTEIN	Homo sapiens	ANTAGONIST	1	0	Dopamine D2 receptor antagonist
BRD-A31800922	procyclidine	CHEMBL86715	CHEMBL86715	CHEMBL216	P11229	CHRM1		SINGLE PROTEIN	Homo sapiens	ANTAGONIST	1	0	Muscarinic acetylcholine receptor M1 antagonist
BRD-A61793559	metolazone	CHEMBL878	CHEMBL878	CHEMBL1876	P55017	SLC12A3		SINGLE PROTEIN	Homo sapiens	INHIBITOR	1	0	Thiazide-sensitive sodium-chloride cotransporter inhibitor
BRD-K75641298	metoclopramide	CHEMBL86	CHEMBL86	CHEMBL1899	P46098	HTR3A		SINGLE PROTEIN	Homo sapiens	ANTAGONIST	1	0	Serotonin 3a (5-HT3a) receptor antagonist
BRD-K27316855	calcitriol	CHEMBL846	CHEMBL846	CHEMBL1977	P11473	VDR		SINGLE PROTEIN	Homo sapiens	AGONIST	1	0	Vitamin D receptor agonist
BRD-K53857191	risperidone	CHEMBL85	CHEMBL85	CHEMBL224	P28223	HTR2A		SINGLE PROTEIN	Homo sapiens	ANTAGONIST	1	0	Serotonin 2a (5-HT2a) receptor antagonist
BRD-K53857191	risperidone	CHEMBL85	CHEMBL85	CHEMBL225	P28335	HTR2C		SINGLE PROTEIN	Homo sapiens	ANTAGONIST	1	0	Serotonin 2c (5-HT2c) receptor antagonist
BRD-K85925969	zalcitabine	CHEMBL853	CHEMBL853	CHEMBL247	Q72547	pol		SINGLE PROTEIN	Human immunodeficiency virus 1	INHIBITOR	1	0	Human immunodeficiency virus type 1 reverse transcriptase inhibitor
BRD-K75527158	alendronic-acid	CHEMBL870	CHEMBL870	CHEMBL1782	P14324	FDPS		SINGLE PROTEIN	Homo sapiens	INHIBITOR	1	0	Farnesyl diphosphate synthase inhibitor
BRD-K68264559	brimonidine	CHEMBL844	CHEMBL844	CHEMBL2095158	P08913	ADRA2A		PROTEIN FAMILY	Homo sapiens	AGONIST	1	0	Adrenergic receptor alpha-2 agonist
BRD-K68264559	brimonidine	CHEMBL844	CHEMBL844	CHEMBL2095158	P18825	ADRA2C		PROTEIN FAMILY	Homo sapiens	AGONIST	1	0	Adrenergic receptor alpha-2 agonist
BRD-K68264559	brimonidine	CHEMBL844	CHEMBL844	CHEMBL2095158	P18089	ADRA2B		PROTEIN FAMILY	Homo sapiens	AGONIST	1	0	Adrenergic receptor alpha-2 agonist
BRD-K32830106	guanfacine	CHEMBL862	CHEMBL862	CHEMBL2095158	P08913	ADRA2A		PROTEIN FAMILY	Homo sapiens	AGONIST	1	0	Adrenergic receptor alpha-2 agonist
BRD-K32830106	guanfacine	CHEMBL862	CHEMBL862	CHEMBL2095158	P18825	ADRA2C		PROTEIN FAMILY	Homo sapiens	AGONIST	1	0	Adrenergic receptor alpha-2 agonist
BRD-K32830106	guanfacine	CHEMBL862	CHEMBL862	CHEMBL2095158	P18089	ADRA2B		PROTEIN FAMILY	Homo sapiens	AGONIST	1	0	Adrenergic receptor alpha-2 agonist
BRD-K63750851	mycophenolic-acid	CHEMBL866	CHEMBL866	CHEMBL2111369	P20839	IMPDH1		PROTEIN FAMILY	Homo sapiens	INHIBITOR	1	0	Inosine-5'-monophosphate dehydrogenase (IMPDH) inhibitor
BRD-K63750851	mycophenolic-acid	CHEMBL866	CHEMBL866	CHEMBL2111369	P12268	IMPDH2		PROTEIN FAMILY	Homo sapiens	INHIBITOR	1	0	Inosine-5'-monophosphate dehydrogenase (IMPDH) inhibitor
BRD-K75641298	metoclopramide	CHEMBL86	CHEMBL86	CHEMBL1875	Q13639	HTR4		SINGLE PROTEIN	Homo sapiens	AGONIST	1	0	Serotonin 4 (5-HT4) receptor agonist
BRD-K41731458	triclosan	CHEMBL849	CHEMBL849	CHEMBL2364678	P0AEK4	fabI		SINGLE PROTEIN	Bacteria	INHIBITOR	1	0	Bacterial enoyl-[acyl-carrier-protein] reductase inhibitor
BRD-K12994359	valdecoxib	CHEMBL865	CHEMBL865	CHEMBL230	P35354	PTGS2	5743	SINGLE PROTEIN	Homo sapiens	INHIBITOR	1	1	Cyclooxygenase-2 inhibitor
BRD-K32247306	primidone	CHEMBL856	CHEMBL856	CHEMBL2093872	P14867	GABRA1		PROTEIN COMPLEX GROUP	Homo sapiens	POSITIVE ALLOSTERIC MODULATOR	1	0	GABA-A receptor; anion channel positive allosteric modulator
BRD-K32247306	primidone	CHEMBL856	CHEMBL856	CHEMBL2093872	P47870	GABRB2		PROTEIN COMPLEX GROUP	Homo sapiens	POSITIVE ALLOSTERIC MODULATOR	1	0	GABA-A receptor; anion channel positive allosteric modulator
BRD-K32247306	primidone	CHEMBL856	CHEMBL856	CHEMBL2093872	P18507	GABRG2		PROTEIN COMPLEX GROUP	Homo sapiens	POSITIVE ALLOSTERIC MODULATOR	1	0	GABA-A receptor; anion channel positive allosteric modulator
BRD-K32247306	primidone	CHEMBL856	CHEMBL856	CHEMBL2093872	P28472	GABRB3		PROTEIN COMPLEX GROUP	Homo sapiens	POSITIVE ALLOSTERIC MODULATOR	1	0	GABA-A receptor; anion channel positive allosteric modulator
BRD-K32247306	primidone	CHEMBL856	CHEMBL856	CHEMBL2093872	P48169	GABRA4		PROTEIN COMPLEX GROUP	Homo sapiens	POSITIVE ALLOSTERIC MODULATOR	1	0	GABA-A receptor; anion channel positive allosteric modulator
BRD-K32247306	primidone	CHEMBL856	CHEMBL856	CHEMBL2093872	Q99928	GABRG3		PROTEIN COMPLEX GROUP	Homo sapiens	POSITIVE ALLOSTERIC MODULATOR	1	0	GABA-A receptor; anion channel positive allosteric modulator
BRD-K32247306	primidone	CHEMBL856	CHEMBL856	CHEMBL2093872	Q9UN88	GABRQ		PROTEIN COMPLEX GROUP	Homo sapiens	POSITIVE ALLOSTERIC MODULATOR	1	0	GABA-A receptor; anion channel positive allosteric modulator
BRD-K32247306	primidone	CHEMBL856	CHEMBL856	CHEMBL2093872	P34903	GABRA3		PROTEIN COMPLEX GROUP	Homo sapiens	POSITIVE ALLOSTERIC MODULATOR	1	0	GABA-A receptor; anion channel positive allosteric modulator
BRD-K32247306	primidone	CHEMBL856	CHEMBL856	CHEMBL2093872	O00591	GABRP		PROTEIN COMPLEX GROUP	Homo sapiens	POSITIVE ALLOSTERIC MODULATOR	1	0	GABA-A receptor; anion channel positive allosteric modulator
BRD-K32247306	primidone	CHEMBL856	CHEMBL856	CHEMBL2093872	O14764	GABRD		PROTEIN COMPLEX GROUP	Homo sapiens	POSITIVE ALLOSTERIC MODULATOR	1	0	GABA-A receptor; anion channel positive allosteric modulator
BRD-K32247306	primidone	CHEMBL856	CHEMBL856	CHEMBL2093872	Q8N1C3	GABRG1		PROTEIN COMPLEX GROUP	Homo sapiens	POSITIVE ALLOSTERIC MODULATOR	1	0	GABA-A receptor; anion channel positive allosteric modulator
BRD-K32247306	primidone	CHEMBL856	CHEMBL856	CHEMBL2093872	P18505	GABRB1		PROTEIN COMPLEX GROUP	Homo sapiens	POSITIVE ALLOSTERIC MODULATOR	1	0	GABA-A receptor; anion channel positive allosteric modulator
BRD-K32247306	primidone	CHEMBL856	CHEMBL856	CHEMBL2093872	P78334	GABRE		PROTEIN COMPLEX GROUP	Homo sapiens	POSITIVE ALLOSTERIC MODULATOR	1	0	GABA-A receptor; anion channel positive allosteric modulator
BRD-K32247306	primidone	CHEMBL856	CHEMBL856	CHEMBL2093872	P47869	GABRA2		PROTEIN COMPLEX GROUP	Homo sapiens	POSITIVE ALLOSTERIC MODULATOR	1	0	GABA-A receptor; anion channel positive allosteric modulator
BRD-K32247306	primidone	CHEMBL856	CHEMBL856	CHEMBL2093872	P31644	GABRA5		PROTEIN COMPLEX GROUP	Homo sapiens	POSITIVE ALLOSTERIC MODULATOR	1	0	GABA-A receptor; anion channel positive allosteric modulator
BRD-K32247306	primidone	CHEMBL856	CHEMBL856	CHEMBL2093872	Q16445	GABRA6		PROTEIN COMPLEX GROUP	Homo sapiens	POSITIVE ALLOSTERIC MODULATOR	1	0	GABA-A receptor; anion channel positive allosteric modulator
BRD-K07612980	sparfloxacin	CHEMBL850	CHEMBL850	CHEMBL2363076	P0AFI2	parC		PROTEIN COMPLEX	Bacteria	INHIBITOR	1	0	Topoisomerase IV inhibitor
BRD-K07612980	sparfloxacin	CHEMBL850	CHEMBL850	CHEMBL2363076	P20083	parE		PROTEIN COMPLEX	Bacteria	INHIBITOR	1	0	Topoisomerase IV inhibitor
BRD-K79092138	nitrofural	CHEMBL869	CHEMBL869	CHEMBL2364041				NUCLEIC-ACID	Bacteria	INHIBITOR	1	0	DNA inhibitor
BRD-K07612980	sparfloxacin	CHEMBL850	CHEMBL850	CHEMBL2311224	P0AES6	gyrB		PROTEIN COMPLEX	Bacteria	INHIBITOR	1	0	Bacterial DNA gyrase inhibitor
BRD-K07612980	sparfloxacin	CHEMBL850	CHEMBL850	CHEMBL2311224	P0AES4	gyrA		PROTEIN COMPLEX	Bacteria	INHIBITOR	1	0	Bacterial DNA gyrase inhibitor
BRD-K37949327	etidronic-acid	CHEMBL871	CHEMBL871	CHEMBL2366048				SMALL MOLECULE	Homo sapiens	INHIBITOR	1	0	ATP inhibitor
BRD-K32247306	primidone	CHEMBL856	CHEMBL856	CHEMBL2331043	P35498	SCN1A		PROTEIN FAMILY	Homo sapiens	BLOCKER	1	0	Sodium channel alpha subunit blocker
BRD-K32247306	primidone	CHEMBL856	CHEMBL856	CHEMBL2331043	Q14524	SCN5A		PROTEIN FAMILY	Homo sapiens	BLOCKER	1	0	Sodium channel alpha subunit blocker
BRD-K32247306	primidone	CHEMBL856	CHEMBL856	CHEMBL2331043	P35499	SCN4A		PROTEIN FAMILY	Homo sapiens	BLOCKER	1	0	Sodium channel alpha subunit blocker
BRD-K32247306	primidone	CHEMBL856	CHEMBL856	CHEMBL2331043	Q01118	SCN7A		PROTEIN FAMILY	Homo sapiens	BLOCKER	1	0	Sodium channel alpha subunit blocker
BRD-K32247306	primidone	CHEMBL856	CHEMBL856	CHEMBL2331043	Q99250	SCN2A		PROTEIN FAMILY	Homo sapiens	BLOCKER	1	0	Sodium channel alpha subunit blocker
BRD-K32247306	primidone	CHEMBL856	CHEMBL856	CHEMBL2331043	Q15858	SCN9A		PROTEIN FAMILY	Homo sapiens	BLOCKER	1	0	Sodium channel alpha subunit blocker
BRD-K32247306	primidone	CHEMBL856	CHEMBL856	CHEMBL2331043	Q9NY46	SCN3A		PROTEIN FAMILY	Homo sapiens	BLOCKER	1	0	Sodium channel alpha subunit blocker
BRD-K32247306	primidone	CHEMBL856	CHEMBL856	CHEMBL2331043	Q9UI33	SCN11A		PROTEIN FAMILY	Homo sapiens	BLOCKER	1	0	Sodium channel alpha subunit blocker
BRD-K32247306	primidone	CHEMBL856	CHEMBL856	CHEMBL2331043	Q9UQD0	SCN8A		PROTEIN FAMILY	Homo sapiens	BLOCKER	1	0	Sodium channel alpha subunit blocker
BRD-K32247306	primidone	CHEMBL856	CHEMBL856	CHEMBL2331043	Q9Y5Y9	SCN10A		PROTEIN FAMILY	Homo sapiens	BLOCKER	1	0	Sodium channel alpha subunit blocker
BRD-A83937277	mephenytoin	CHEMBL861	CHEMBL861	CHEMBL2331043	P35498	SCN1A		PROTEIN FAMILY	Homo sapiens	BLOCKER	1	0	Sodium channel alpha subunit blocker
BRD-A83937277	mephenytoin	CHEMBL861	CHEMBL861	CHEMBL2331043	Q14524	SCN5A		PROTEIN FAMILY	Homo sapiens	BLOCKER	1	0	Sodium channel alpha subunit blocker
BRD-A83937277	mephenytoin	CHEMBL861	CHEMBL861	CHEMBL2331043	P35499	SCN4A		PROTEIN FAMILY	Homo sapiens	BLOCKER	1	0	Sodium channel alpha subunit blocker
BRD-A83937277	mephenytoin	CHEMBL861	CHEMBL861	CHEMBL2331043	Q01118	SCN7A		PROTEIN FAMILY	Homo sapiens	BLOCKER	1	0	Sodium channel alpha subunit blocker
BRD-A83937277	mephenytoin	CHEMBL861	CHEMBL861	CHEMBL2331043	Q99250	SCN2A		PROTEIN FAMILY	Homo sapiens	BLOCKER	1	0	Sodium channel alpha subunit blocker
BRD-A83937277	mephenytoin	CHEMBL861	CHEMBL861	CHEMBL2331043	Q15858	SCN9A		PROTEIN FAMILY	Homo sapiens	BLOCKER	1	0	Sodium channel alpha subunit blocker
BRD-A83937277	mephenytoin	CHEMBL861	CHEMBL861	CHEMBL2331043	Q9NY46	SCN3A		PROTEIN FAMILY	Homo sapiens	BLOCKER	1	0	Sodium channel alpha subunit blocker
BRD-A83937277	mephenytoin	CHEMBL861	CHEMBL861	CHEMBL2331043	Q9UI33	SCN11A		PROTEIN FAMILY	Homo sapiens	BLOCKER	1	0	Sodium channel alpha subunit blocker
BRD-A83937277	mephenytoin	CHEMBL861	CHEMBL861	CHEMBL2331043	Q9UQD0	SCN8A		PROTEIN FAMILY	Homo sapiens	BLOCKER	1	0	Sodium channel alpha subunit blocker
BRD-A83937277	mephenytoin	CHEMBL861	CHEMBL861	CHEMBL2331043	Q9Y5Y9	SCN10A		PROTEIN FAMILY	Homo sapiens	BLOCKER	1	0	Sodium channel alpha subunit blocker
BRD-K53857191	risperidone	CHEMBL85	CHEMBL85	CHEMBL217	P14416	DRD2		SINGLE PROTEIN	Homo sapiens	ANTAGONIST	1	0	Dopamine D2 receptor antagonist
BRD-A17883755	lenalidomide	CHEMBL848	CHEMBL848	CHEMBL3833061	Q96SW2	CRBN		PROTEIN COMPLEX	Homo sapiens	INHIBITOR	1	0	CRL4(CRBN) E3 ubiquitin ligase inhibitor
BRD-A17883755	lenalidomide	CHEMBL848	CHEMBL848	CHEMBL3833061	Q16531	DDB1		PROTEIN COMPLEX	Homo sapiens	INHIBITOR	1	0	CRL4(CRBN) E3 ubiquitin ligase inhibitor
BRD-A17883755	lenalidomide	CHEMBL848	CHEMBL848	CHEMBL3833061	Q13619	CUL4A		PROTEIN COMPLEX	Homo sapiens	INHIBITOR	1	0	CRL4(CRBN) E3 ubiquitin ligase inhibitor
BRD-A17883755	lenalidomide	CHEMBL848	CHEMBL848	CHEMBL3833061	P62877	RBX1		PROTEIN COMPLEX	Homo sapiens	INHIBITOR	1	0	CRL4(CRBN) E3 ubiquitin ligase inhibitor
BRD-K07237224	moclobemide	CHEMBL86304	CHEMBL86304	CHEMBL1951	P21397	MAOA		SINGLE PROTEIN	Homo sapiens	INHIBITOR	1	0	Monoamine oxidase A inhibitor
BRD-K31841515	oxypurinol	CHEMBL859	CHEMBL859	CHEMBL1929	P47989	XDH		SINGLE PROTEIN	Homo sapiens	INHIBITOR	1	0	Xanthine dehydrogenase inhibitor
BRD-K63750851	mycophenolic-acid	CHEMBL866	CHEMBL866	CHEMBL2111369	P20839	IMPDH1		PROTEIN FAMILY	Homo sapiens	INHIBITOR	1	0	Inosine-5'-monophosphate dehydrogenase (IMPDH) inhibitor
BRD-K63750851	mycophenolic-acid	CHEMBL866	CHEMBL866	CHEMBL2111369	P12268	IMPDH2		PROTEIN FAMILY	Homo sapiens	INHIBITOR	1	0	Inosine-5'-monophosphate dehydrogenase (IMPDH) inhibitor
BRD-A17883755	lenalidomide	CHEMBL848	CHEMBL848	CHEMBL3833061	Q96SW2	CRBN		PROTEIN COMPLEX	Homo sapiens	MODULATOR	1	0	CRL4(CRBN) E3 ubiquitin ligase modulator
BRD-A17883755	lenalidomide	CHEMBL848	CHEMBL848	CHEMBL3833061	Q16531	DDB1		PROTEIN COMPLEX	Homo sapiens	MODULATOR	1	0	CRL4(CRBN) E3 ubiquitin ligase modulator
BRD-A17883755	lenalidomide	CHEMBL848	CHEMBL848	CHEMBL3833061	Q13619	CUL4A		PROTEIN COMPLEX	Homo sapiens	MODULATOR	1	0	CRL4(CRBN) E3 ubiquitin ligase modulator
BRD-A17883755	lenalidomide	CHEMBL848	CHEMBL848	CHEMBL3833061	P62877	RBX1		PROTEIN COMPLEX	Homo sapiens	MODULATOR	1	0	CRL4(CRBN) E3 ubiquitin ligase modulator
BRD-A73368467	fexofenadine	CHEMBL914	CHEMBL914	CHEMBL231	P35367	HRH1		SINGLE PROTEIN	Homo sapiens	ANTAGONIST	1	0	Histamine H1 receptor antagonist
BRD-K01674964	histamine	CHEMBL90	CHEMBL90	CHEMBL231	P35367	HRH1		SINGLE PROTEIN	Homo sapiens	AGONIST	1	0	Histamine H1 receptor agonist
BRD-A62428732	hydroxyzine	CHEMBL896	CHEMBL896	CHEMBL231	P35367	HRH1		SINGLE PROTEIN	Homo sapiens	ANTAGONIST	1	0	Histamine H1 receptor antagonist
BRD-A53576514	orphenadrine	CHEMBL900	CHEMBL900	CHEMBL231	P35367	HRH1		SINGLE PROTEIN	Homo sapiens	ANTAGONIST	1	0	Histamine H1 receptor antagonist
BRD-A53576514	orphenadrine	CHEMBL900	CHEMBL900	CHEMBL231	P35367	HRH1		SINGLE PROTEIN	Homo sapiens	ANTAGONIST	1	0	Histamine H1 receptor antagonist
BRD-A78322124	dobutamine	CHEMBL926	CHEMBL926	CHEMBL213	P08588	ADRB1		SINGLE PROTEIN	Homo sapiens	AGONIST	1	0	Beta-1 adrenergic receptor agonist
BRD-K75699339	rizatriptan	CHEMBL905	CHEMBL905	CHEMBL1898	P28222	HTR1B		SINGLE PROTEIN	Homo sapiens	AGONIST	1	0	Serotonin 1b (5-HT1b) receptor agonist
BRD-K00673382	famotidine	CHEMBL902	CHEMBL902	CHEMBL1941	P25021	HRH2		SINGLE PROTEIN	Homo sapiens	ANTAGONIST	1	0	Histamine H2 receptor antagonist
BRD-K47832606	floxuridine	CHEMBL917	CHEMBL917	CHEMBL1952	P04818	TYMS		SINGLE PROTEIN	Homo sapiens	INHIBITOR	1	0	Thymidylate synthase inhibitor
BRD-K75699339	rizatriptan	CHEMBL905	CHEMBL905	CHEMBL1983	P28221	HTR1D		SINGLE PROTEIN	Homo sapiens	AGONIST	1	0	Serotonin 1d (5-HT1d) receptor agonist
BRD-A05186015	bupropion	CHEMBL894	CHEMBL894	CHEMBL238	Q01959	SLC6A3		SINGLE PROTEIN	Homo sapiens	INHIBITOR	1	0	Dopamine transporter inhibitor
BRD-A05186015	bupropion	CHEMBL894	CHEMBL894	CHEMBL238	Q01959	SLC6A3		SINGLE PROTEIN	Homo sapiens	INHIBITOR	1	0	Dopamine transporter inhibitor
BRD-K61452026	emtricitabine	CHEMBL885	CHEMBL885	CHEMBL247	Q72547	pol		SINGLE PROTEIN	Human immunodeficiency virus 1	INHIBITOR	1	0	Human immunodeficiency virus type 1 reverse transcriptase inhibitor
BRD-K58114536	rasagiline	CHEMBL887	CHEMBL887	CHEMBL2039	P27338	MAOB		SINGLE PROTEIN	Homo sapiens	INHIBITOR	1	0	Monoamine oxidase B inhibitor
BRD-A05186015	bupropion	CHEMBL894	CHEMBL894	CHEMBL222	P23975	SLC6A2		SINGLE PROTEIN	Homo sapiens	INHIBITOR	1	0	Norepinephrine transporter inhibitor
BRD-A05186015	bupropion	CHEMBL894	CHEMBL894	CHEMBL222	P23975	SLC6A2		SINGLE PROTEIN	Homo sapiens	INHIBITOR	1	0	Norepinephrine transporter inhibitor
BRD-A53576514	orphenadrine	CHEMBL900	CHEMBL900	CHEMBL222	P23975	SLC6A2		SINGLE PROTEIN	Homo sapiens	INHIBITOR	1	0	Norepinephrine transporter inhibitor
BRD-A53576514	orphenadrine	CHEMBL900	CHEMBL900	CHEMBL222	P23975	SLC6A2		SINGLE PROTEIN	Homo sapiens	INHIBITOR	1	0	Norepinephrine transporter inhibitor
BRD-K95237249	probenecid	CHEMBL897	CHEMBL897	CHEMBL1641347	Q4U2R8	SLC22A6		SINGLE PROTEIN	Homo sapiens	INHIBITOR	1	0	Solute carrier family 22 member 6 inhibitor
BRD-K95237249	probenecid	CHEMBL897	CHEMBL897	CHEMBL1641348	Q8TCC7	SLC22A8		SINGLE PROTEIN	Homo sapiens	INHIBITOR	1	0	Solute carrier family 22 member 8 inhibitor
BRD-K95237249	probenecid	CHEMBL897	CHEMBL897	CHEMBL2073677	Q9NSA0	SLC22A11		SINGLE PROTEIN	Homo sapiens	INHIBITOR	1	0	Solute carrier family 22 member 11 inhibitor
BRD-K37872686	tirofiban	CHEMBL916	CHEMBL916	CHEMBL2093869	P05106	ITGB3		PROTEIN COMPLEX	Homo sapiens	INHIBITOR	1	0	Integrin alpha-IIb/beta-3 inhibitor
BRD-K37872686	tirofiban	CHEMBL916	CHEMBL916	CHEMBL2093869	P08514	ITGA2B		PROTEIN COMPLEX	Homo sapiens	INHIBITOR	1	0	Integrin alpha-IIb/beta-3 inhibitor
BRD-K66404838	nalbuphine	CHEMBL895	CHEMBL895	CHEMBL2095181	P41145	OPRK1		PROTEIN FAMILY	Homo sapiens	AGONIST	1	0	Opioid receptors; mu/kappa/delta agonist
BRD-K66404838	nalbuphine	CHEMBL895	CHEMBL895	CHEMBL2095181	P41143	OPRD1		PROTEIN FAMILY	Homo sapiens	AGONIST	1	0	Opioid receptors; mu/kappa/delta agonist
BRD-K66404838	nalbuphine	CHEMBL895	CHEMBL895	CHEMBL2095181	P35372	OPRM1		PROTEIN FAMILY	Homo sapiens	AGONIST	1	0	Opioid receptors; mu/kappa/delta agonist
BRD-A53576514	orphenadrine	CHEMBL900	CHEMBL900	CHEMBL2094124	Q05586	GRIN1		PROTEIN COMPLEX GROUP	Homo sapiens	ANTAGONIST	1	0	Glutamate [NMDA] receptor antagonist
BRD-A53576514	orphenadrine	CHEMBL900	CHEMBL900	CHEMBL2094124	Q12879	GRIN2A		PROTEIN COMPLEX GROUP	Homo sapiens	ANTAGONIST	1	0	Glutamate [NMDA] receptor antagonist
BRD-A53576514	orphenadrine	CHEMBL900	CHEMBL900	CHEMBL2094124	Q13224	GRIN2B		PROTEIN COMPLEX GROUP	Homo sapiens	ANTAGONIST	1	0	Glutamate [NMDA] receptor antagonist
BRD-A53576514	orphenadrine	CHEMBL900	CHEMBL900	CHEMBL2094124	O15399	GRIN2D		PROTEIN COMPLEX GROUP	Homo sapiens	ANTAGONIST	1	0	Glutamate [NMDA] receptor antagonist
BRD-A53576514	orphenadrine	CHEMBL900	CHEMBL900	CHEMBL2094124	O60391	GRIN3B		PROTEIN COMPLEX GROUP	Homo sapiens	ANTAGONIST	1	0	Glutamate [NMDA] receptor antagonist
BRD-A53576514	orphenadrine	CHEMBL900	CHEMBL900	CHEMBL2094124	Q14957	GRIN2C		PROTEIN COMPLEX GROUP	Homo sapiens	ANTAGONIST	1	0	Glutamate [NMDA] receptor antagonist
BRD-A53576514	orphenadrine	CHEMBL900	CHEMBL900	CHEMBL2094124	Q8TCU5	GRIN3A		PROTEIN COMPLEX GROUP	Homo sapiens	ANTAGONIST	1	0	Glutamate [NMDA] receptor antagonist
BRD-A53576514	orphenadrine	CHEMBL900	CHEMBL900	CHEMBL2094124	Q05586	GRIN1		PROTEIN COMPLEX GROUP	Homo sapiens	ANTAGONIST	1	0	Glutamate [NMDA] receptor antagonist
BRD-A53576514	orphenadrine	CHEMBL900	CHEMBL900	CHEMBL2094124	Q12879	GRIN2A		PROTEIN COMPLEX GROUP	Homo sapiens	ANTAGONIST	1	0	Glutamate [NMDA] receptor antagonist
BRD-A53576514	orphenadrine	CHEMBL900	CHEMBL900	CHEMBL2094124	Q13224	GRIN2B		PROTEIN COMPLEX GROUP	Homo sapiens	ANTAGONIST	1	0	Glutamate [NMDA] receptor antagonist
BRD-A53576514	orphenadrine	CHEMBL900	CHEMBL900	CHEMBL2094124	O15399	GRIN2D		PROTEIN COMPLEX GROUP	Homo sapiens	ANTAGONIST	1	0	Glutamate [NMDA] receptor antagonist
BRD-A53576514	orphenadrine	CHEMBL900	CHEMBL900	CHEMBL2094124	O60391	GRIN3B		PROTEIN COMPLEX GROUP	Homo sapiens	ANTAGONIST	1	0	Glutamate [NMDA] receptor antagonist
BRD-A53576514	orphenadrine	CHEMBL900	CHEMBL900	CHEMBL2094124	Q14957	GRIN2C		PROTEIN COMPLEX GROUP	Homo sapiens	ANTAGONIST	1	0	Glutamate [NMDA] receptor antagonist
BRD-A53576514	orphenadrine	CHEMBL900	CHEMBL900	CHEMBL2094124	Q8TCU5	GRIN3A		PROTEIN COMPLEX GROUP	Homo sapiens	ANTAGONIST	1	0	Glutamate [NMDA] receptor antagonist
BRD-K22031190	diflunisal	CHEMBL898	CHEMBL898	CHEMBL2094253	P35354	PTGS2	5743	PROTEIN FAMILY	Homo sapiens	INHIBITOR	1	1	Cyclooxygenase inhibitor
BRD-K22031190	diflunisal	CHEMBL898	CHEMBL898	CHEMBL2094253	P23219	PTGS1		PROTEIN FAMILY	Homo sapiens	INHIBITOR	1	0	Cyclooxygenase inhibitor
BRD-K15108141	gemcitabine	CHEMBL888	CHEMBL888	CHEMBL2095215	P23921	RRM1		PROTEIN COMPLEX GROUP	Homo sapiens	INHIBITOR	1	0	Ribonucleoside-diphosphate reductase RR1 inhibitor
BRD-K15108141	gemcitabine	CHEMBL888	CHEMBL888	CHEMBL2095215	Q7LG56	RRM2B		PROTEIN COMPLEX GROUP	Homo sapiens	INHIBITOR	1	0	Ribonucleoside-diphosphate reductase RR1 inhibitor
BRD-K15108141	gemcitabine	CHEMBL888	CHEMBL888	CHEMBL2095215	P31350	RRM2		PROTEIN COMPLEX GROUP	Homo sapiens	INHIBITOR	1	0	Ribonucleoside-diphosphate reductase RR1 inhibitor
BRD-A78322124	dobutamine	CHEMBL926	CHEMBL926	CHEMBL210	P07550	ADRB2	154	SINGLE PROTEIN	Homo sapiens	AGONIST	1	1	Beta-2 adrenergic receptor agonist
BRD-A07893380	vigabatrin	CHEMBL89598	CHEMBL89598	CHEMBL2044	P80404	ABAT		SINGLE PROTEIN	Homo sapiens	INHIBITOR	1	0	Gamma-amino-N-butyrate transaminase inhibitor
BRD-A82396632	miconazole	CHEMBL91	CHEMBL91	CHEMBL1780	P10613	ERG11		SINGLE PROTEIN	Candida albicans (strain SC5314 / ATCC MYA-2876) (Yeast)	INHIBITOR	1	0	Cytochrome P450 51 inhibitor
BRD-A82396632	miconazole	CHEMBL91	CHEMBL91	CHEMBL1780	P10613	ERG11		SINGLE PROTEIN	Candida albicans (strain SC5314 / ATCC MYA-2876) (Yeast)	INHIBITOR	1	0	Cytochrome P450 51 inhibitor
BRD-K45033733	famciclovir	CHEMBL880	CHEMBL880	CHEMBL1872	P04293			SINGLE PROTEIN	Herpes simplex virus (type 1 / strain 17)	INHIBITOR	1	0	Human herpesvirus 1 DNA polymerase inhibitor
BRD-K44876623	zolpidem	CHEMBL911	CHEMBL911	CHEMBL2111392	P14867	GABRA1		PROTEIN COMPLEX	Homo sapiens	POSITIVE ALLOSTERIC MODULATOR	1	0	GABA A receptor alpha-1/beta-1/gamma-2 positive allosteric modulator
BRD-K44876623	zolpidem	CHEMBL911	CHEMBL911	CHEMBL2111392	P18507	GABRG2		PROTEIN COMPLEX	Homo sapiens	POSITIVE ALLOSTERIC MODULATOR	1	0	GABA A receptor alpha-1/beta-1/gamma-2 positive allosteric modulator
BRD-K44876623	zolpidem	CHEMBL911	CHEMBL911	CHEMBL2111392	P18505	GABRB1		PROTEIN COMPLEX	Homo sapiens	POSITIVE ALLOSTERIC MODULATOR	1	0	GABA A receptor alpha-1/beta-1/gamma-2 positive allosteric modulator
BRD-K11196887	norfloxacin	CHEMBL9	CHEMBL9	CHEMBL2363076	P0AFI2	parC		PROTEIN COMPLEX	Bacteria	INHIBITOR	1	0	Topoisomerase IV inhibitor
BRD-K11196887	norfloxacin	CHEMBL9	CHEMBL9	CHEMBL2363076	P20083	parE		PROTEIN COMPLEX	Bacteria	INHIBITOR	1	0	Topoisomerase IV inhibitor
BRD-K15766189	cefdinir	CHEMBL927	CHEMBL927	CHEMBL2354204	P24228	dacB		PROTEIN FAMILY	Bacteria	INHIBITOR	1	0	Bacterial penicillin-binding protein inhibitor
BRD-K15766189	cefdinir	CHEMBL927	CHEMBL927	CHEMBL2354204	P0AD68	ftsI		PROTEIN FAMILY	Bacteria	INHIBITOR	1	0	Bacterial penicillin-binding protein inhibitor
BRD-K15766189	cefdinir	CHEMBL927	CHEMBL927	CHEMBL2354204	P02918	mrcA		PROTEIN FAMILY	Bacteria	INHIBITOR	1	0	Bacterial penicillin-binding protein inhibitor
BRD-K15766189	cefdinir	CHEMBL927	CHEMBL927	CHEMBL2354204	P02919	mrcB		PROTEIN FAMILY	Bacteria	INHIBITOR	1	0	Bacterial penicillin-binding protein inhibitor
BRD-K15766189	cefdinir	CHEMBL927	CHEMBL927	CHEMBL2354204	P0AEB2	dacA		PROTEIN FAMILY	Bacteria	INHIBITOR	1	0	Bacterial penicillin-binding protein inhibitor
BRD-K15766189	cefdinir	CHEMBL927	CHEMBL927	CHEMBL2354204	P0AD65	mrdA		PROTEIN FAMILY	Bacteria	INHIBITOR	1	0	Bacterial penicillin-binding protein inhibitor
BRD-K15766189	cefdinir	CHEMBL927	CHEMBL927	CHEMBL2354204	P08506	dacC		PROTEIN FAMILY	Bacteria	INHIBITOR	1	0	Bacterial penicillin-binding protein inhibitor
BRD-K05673000	dicloxacillin	CHEMBL893	CHEMBL893	CHEMBL2362972	P72355	pbp4		PROTEIN FAMILY	Staphylococcus aureus	INHIBITOR	1	0	Penicillin-binding protein inhibitor
BRD-K05673000	dicloxacillin	CHEMBL893	CHEMBL893	CHEMBL2362972	Q9XDB3	pbpF		PROTEIN FAMILY	Staphylococcus aureus	INHIBITOR	1	0	Penicillin-binding protein inhibitor
BRD-K05673000	dicloxacillin	CHEMBL893	CHEMBL893	CHEMBL2362972	Q53707	mecA		PROTEIN FAMILY	Staphylococcus aureus	INHIBITOR	1	0	Penicillin-binding protein inhibitor
BRD-K05673000	dicloxacillin	CHEMBL893	CHEMBL893	CHEMBL2362972	Q53729	pbp2		PROTEIN FAMILY	Staphylococcus aureus	INHIBITOR	1	0	Penicillin-binding protein inhibitor
BRD-K05673000	dicloxacillin	CHEMBL893	CHEMBL893	CHEMBL2362972	Q53725	pbpA		PROTEIN FAMILY	Staphylococcus aureus	INHIBITOR	1	0	Penicillin-binding protein inhibitor
BRD-A09722536	cyclophosphamide	CHEMBL88	CHEMBL88	CHEMBL2311221				NUCLEIC-ACID	Homo sapiens	INHIBITOR	1	0	DNA inhibitor
BRD-K11196887	norfloxacin	CHEMBL9	CHEMBL9	CHEMBL2311224	P0AES6	gyrB		PROTEIN COMPLEX	Bacteria	INHIBITOR	1	0	Bacterial DNA gyrase inhibitor
BRD-K11196887	norfloxacin	CHEMBL9	CHEMBL9	CHEMBL2311224	P0AES4	gyrA		PROTEIN COMPLEX	Bacteria	INHIBITOR	1	0	Bacterial DNA gyrase inhibitor
BRD-K15108141	gemcitabine	CHEMBL888	CHEMBL888	CHEMBL2363042	P09884	POLA1		PROTEIN FAMILY	Homo sapiens	INHIBITOR	1	0	DNA polymerase (alpha/delta/epsilon) inhibitor
BRD-K15108141	gemcitabine	CHEMBL888	CHEMBL888	CHEMBL2363042	Q9HCU8	POLD4	57804	PROTEIN FAMILY	Homo sapiens	INHIBITOR	1	1	DNA polymerase (alpha/delta/epsilon) inhibitor
BRD-K15108141	gemcitabine	CHEMBL888	CHEMBL888	CHEMBL2363042	Q15054	POLD3		PROTEIN FAMILY	Homo sapiens	INHIBITOR	1	0	DNA polymerase (alpha/delta/epsilon) inhibitor
BRD-K15108141	gemcitabine	CHEMBL888	CHEMBL888	CHEMBL2363042	P28340	POLD1		PROTEIN FAMILY	Homo sapiens	INHIBITOR	1	0	DNA polymerase (alpha/delta/epsilon) inhibitor
BRD-K15108141	gemcitabine	CHEMBL888	CHEMBL888	CHEMBL2363042	P49005	POLD2		PROTEIN FAMILY	Homo sapiens	INHIBITOR	1	0	DNA polymerase (alpha/delta/epsilon) inhibitor
BRD-K15108141	gemcitabine	CHEMBL888	CHEMBL888	CHEMBL2363042	Q07864	POLE		PROTEIN FAMILY	Homo sapiens	INHIBITOR	1	0	DNA polymerase (alpha/delta/epsilon) inhibitor
BRD-K15108141	gemcitabine	CHEMBL888	CHEMBL888	CHEMBL2363042	Q14181	POLA2		PROTEIN FAMILY	Homo sapiens	INHIBITOR	1	0	DNA polymerase (alpha/delta/epsilon) inhibitor
BRD-K15108141	gemcitabine	CHEMBL888	CHEMBL888	CHEMBL2363042	P49642	PRIM1		PROTEIN FAMILY	Homo sapiens	INHIBITOR	1	0	DNA polymerase (alpha/delta/epsilon) inhibitor
BRD-K15108141	gemcitabine	CHEMBL888	CHEMBL888	CHEMBL2363042	P49643	PRIM2		PROTEIN FAMILY	Homo sapiens	INHIBITOR	1	0	DNA polymerase (alpha/delta/epsilon) inhibitor
BRD-K15108141	gemcitabine	CHEMBL888	CHEMBL888	CHEMBL2363042	P56282	POLE2	5427	PROTEIN FAMILY	Homo sapiens	INHIBITOR	1	1	DNA polymerase (alpha/delta/epsilon) inhibitor
BRD-K15108141	gemcitabine	CHEMBL888	CHEMBL888	CHEMBL2363042	Q9NRF9	POLE3		PROTEIN FAMILY	Homo sapiens	INHIBITOR	1	0	DNA polymerase (alpha/delta/epsilon) inhibitor
BRD-A53576514	orphenadrine	CHEMBL900	CHEMBL900	CHEMBL2331043	P35498	SCN1A		PROTEIN FAMILY	Homo sapiens	BLOCKER	1	0	Sodium channel alpha subunit blocker
BRD-A53576514	orphenadrine	CHEMBL900	CHEMBL900	CHEMBL2331043	Q14524	SCN5A		PROTEIN FAMILY	Homo sapiens	BLOCKER	1	0	Sodium channel alpha subunit blocker
BRD-A53576514	orphenadrine	CHEMBL900	CHEMBL900	CHEMBL2331043	P35499	SCN4A		PROTEIN FAMILY	Homo sapiens	BLOCKER	1	0	Sodium channel alpha subunit blocker
BRD-A53576514	orphenadrine	CHEMBL900	CHEMBL900	CHEMBL2331043	Q01118	SCN7A		PROTEIN FAMILY	Homo sapiens	BLOCKER	1	0	Sodium channel alpha subunit blocker
BRD-A53576514	orphenadrine	CHEMBL900	CHEMBL900	CHEMBL2331043	Q99250	SCN2A		PROTEIN FAMILY	Homo sapiens	BLOCKER	1	0	Sodium channel alpha subunit blocker
BRD-A53576514	orphenadrine	CHEMBL900	CHEMBL900	CHEMBL2331043	Q15858	SCN9A		PROTEIN FAMILY	Homo sapiens	BLOCKER	1	0	Sodium channel alpha subunit blocker
BRD-A53576514	orphenadrine	CHEMBL900	CHEMBL900	CHEMBL2331043	Q9NY46	SCN3A		PROTEIN FAMILY	Homo sapiens	BLOCKER	1	0	Sodium channel alpha subunit blocker
BRD-A53576514	orphenadrine	CHEMBL900	CHEMBL900	CHEMBL2331043	Q9UI33	SCN11A		PROTEIN FAMILY	Homo sapiens	BLOCKER	1	0	Sodium channel alpha subunit blocker
BRD-A53576514	orphenadrine	CHEMBL900	CHEMBL900	CHEMBL2331043	Q9UQD0	SCN8A		PROTEIN FAMILY	Homo sapiens	BLOCKER	1	0	Sodium channel alpha subunit blocker
BRD-A53576514	orphenadrine	CHEMBL900	CHEMBL900	CHEMBL2331043	Q9Y5Y9	SCN10A		PROTEIN FAMILY	Homo sapiens	BLOCKER	1	0	Sodium channel alpha subunit blocker
BRD-A53576514	orphenadrine	CHEMBL900	CHEMBL900	CHEMBL2331043	P35498	SCN1A		PROTEIN FAMILY	Homo sapiens	BLOCKER	1	0	Sodium channel alpha subunit blocker
BRD-A53576514	orphenadrine	CHEMBL900	CHEMBL900	CHEMBL2331043	Q14524	SCN5A		PROTEIN FAMILY	Homo sapiens	BLOCKER	1	0	Sodium channel alpha subunit blocker
BRD-A53576514	orphenadrine	CHEMBL900	CHEMBL900	CHEMBL2331043	P35499	SCN4A		PROTEIN FAMILY	Homo sapiens	BLOCKER	1	0	Sodium channel alpha subunit blocker
BRD-A53576514	orphenadrine	CHEMBL900	CHEMBL900	CHEMBL2331043	Q01118	SCN7A		PROTEIN FAMILY	Homo sapiens	BLOCKER	1	0	Sodium channel alpha subunit blocker
BRD-A53576514	orphenadrine	CHEMBL900	CHEMBL900	CHEMBL2331043	Q99250	SCN2A		PROTEIN FAMILY	Homo sapiens	BLOCKER	1	0	Sodium channel alpha subunit blocker
BRD-A53576514	orphenadrine	CHEMBL900	CHEMBL900	CHEMBL2331043	Q15858	SCN9A		PROTEIN FAMILY	Homo sapiens	BLOCKER	1	0	Sodium channel alpha subunit blocker
BRD-A53576514	orphenadrine	CHEMBL900	CHEMBL900	CHEMBL2331043	Q9NY46	SCN3A		PROTEIN FAMILY	Homo sapiens	BLOCKER	1	0	Sodium channel alpha subunit blocker
BRD-A53576514	orphenadrine	CHEMBL900	CHEMBL900	CHEMBL2331043	Q9UI33	SCN11A		PROTEIN FAMILY	Homo sapiens	BLOCKER	1	0	Sodium channel alpha subunit blocker
BRD-A53576514	orphenadrine	CHEMBL900	CHEMBL900	CHEMBL2331043	Q9UQD0	SCN8A		PROTEIN FAMILY	Homo sapiens	BLOCKER	1	0	Sodium channel alpha subunit blocker
BRD-A53576514	orphenadrine	CHEMBL900	CHEMBL900	CHEMBL2331043	Q9Y5Y9	SCN10A		PROTEIN FAMILY	Homo sapiens	BLOCKER	1	0	Sodium channel alpha subunit blocker
BRD-A62428732	hydroxyzine	CHEMBL896	CHEMBL896	CHEMBL231	P35367	HRH1		SINGLE PROTEIN	Homo sapiens	ANTAGONIST	1	0	Histamine H1 receptor antagonist
BRD-K16295392	atrasentan	CHEMBL9194	CHEMBL9194	CHEMBL252	P25101	EDNRA		SINGLE PROTEIN	Homo sapiens	ANTAGONIST	1	0	Endothelin receptor ET-A antagonist
BRD-K88568253	iproniazid	CHEMBL92401	CHEMBL92401	CHEMBL2095205	P21397	MAOA		PROTEIN FAMILY	Homo sapiens	INHIBITOR	1	0	Monoamine oxidase inhibitor
BRD-K88568253	iproniazid	CHEMBL92401	CHEMBL92401	CHEMBL2095205	P27338	MAOB		PROTEIN FAMILY	Homo sapiens	INHIBITOR	1	0	Monoamine oxidase inhibitor
BRD-K98004573	rupatadine	CHEMBL91397	CHEMBL91397	CHEMBL250	P25105	PTAFR		SINGLE PROTEIN	Homo sapiens	ANTAGONIST	1	0	Platelet activating factor receptor antagonist
BRD-K98004573	rupatadine	CHEMBL91397	CHEMBL91397	CHEMBL231	P35367	HRH1		SINGLE PROTEIN	Homo sapiens	ANTAGONIST	1	0	Histamine H1 receptor antagonist
BRD-K58114536	rasagiline	CHEMBL887	CHEMBL887	CHEMBL2039	P27338	MAOB		SINGLE PROTEIN	Homo sapiens	INHIBITOR	1	0	Monoamine oxidase B inhibitor
BRD-K75037734	carbachol	CHEMBL965	CHEMBL965	CHEMBL245	P20309	CHRM3		SINGLE PROTEIN	Homo sapiens	AGONIST	1	0	Muscarinic acetylcholine receptor M3 agonist
BRD-K64052750	gefitinib	CHEMBL939	CHEMBL939	CHEMBL203	P00533	EGFR	1956	SINGLE PROTEIN	Homo sapiens	INHIBITOR	1	1	Epidermal growth factor receptor erbB1 inhibitor
BRD-A56359832	zileuton	CHEMBL93	CHEMBL93	CHEMBL215	P09917	ALOX5		SINGLE PROTEIN	Homo sapiens	INHIBITOR	1	0	Arachidonate 5-lipoxygenase inhibitor
BRD-K01663662	diphenidol	CHEMBL936	CHEMBL936	CHEMBL216	P11229	CHRM1		SINGLE PROTEIN	Homo sapiens	ANTAGONIST	1	0	Muscarinic acetylcholine receptor M1 antagonist
BRD-K92723993	imatinib	CHEMBL941	CHEMBL941	CHEMBL1862	P00519	ABL1	25	SINGLE PROTEIN	Homo sapiens	INHIBITOR	1	1	Tyrosine-protein kinase ABL inhibitor
BRD-K92723993	imatinib	CHEMBL941	CHEMBL941	CHEMBL1913	P09619	PDGFRB		SINGLE PROTEIN	Homo sapiens	INHIBITOR	1	0	Platelet-derived growth factor receptor beta inhibitor
BRD-K32744045	disulfiram	CHEMBL964	CHEMBL964	CHEMBL1935	P05091	ALDH2		SINGLE PROTEIN	Homo sapiens	INHIBITOR	1	0	Aldehyde dehydrogenase inhibitor
BRD-K92723993	imatinib	CHEMBL941	CHEMBL941	CHEMBL1936	P10721	KIT	3815	SINGLE PROTEIN	Homo sapiens	INHIBITOR	1	1	Stem cell growth factor receptor inhibitor
BRD-K78692225	leflunomide	CHEMBL960	CHEMBL960	CHEMBL1966	Q02127	DHODH		SINGLE PROTEIN	Homo sapiens	INHIBITOR	1	0	Dihydroorotate dehydrogenase inhibitor
BRD-K86301799	dipyridamole	CHEMBL932	CHEMBL932	CHEMBL1997	Q99808	SLC29A1		SINGLE PROTEIN	Homo sapiens	INHIBITOR	1	0	Equilibrative nucleoside transporter 1 inhibitor
BRD-K83636919	entacapone	CHEMBL953	CHEMBL953	CHEMBL2023	P21964	COMT		SINGLE PROTEIN	Homo sapiens	INHIBITOR	1	0	Catechol O-methyltransferase inhibitor
BRD-K86434416	selegiline	CHEMBL972	CHEMBL972	CHEMBL2039	P27338	MAOB		SINGLE PROTEIN	Homo sapiens	INHIBITOR	1	0	Monoamine oxidase B inhibitor
BRD-K86434416	selegiline	CHEMBL972	CHEMBL972	CHEMBL2039	P27338	MAOB		SINGLE PROTEIN	Homo sapiens	INHIBITOR	1	0	Monoamine oxidase B inhibitor
BRD-A75479906	rimantadine	CHEMBL959	CHEMBL959	CHEMBL2052	P0DOF8	M		SINGLE PROTEIN	Influenza A virus (A/Udorn/307/1972(H3N2))	INHIBITOR	1	0	Influenza virus A matrix protein M2 inhibitor
BRD-K74763371	bosentan	CHEMBL957	CHEMBL957	CHEMBL2096678	P24530	EDNRB		PROTEIN FAMILY	Homo sapiens	ANTAGONIST	1	0	Endothelin receptor, ET-A/ET-B antagonist
BRD-K74763371	bosentan	CHEMBL957	CHEMBL957	CHEMBL2096678	P25101	EDNRA		PROTEIN FAMILY	Homo sapiens	ANTAGONIST	1	0	Endothelin receptor, ET-A/ET-B antagonist
BRD-A34006693	suprofen	CHEMBL956	CHEMBL956	CHEMBL2094253	P35354	PTGS2	5743	PROTEIN FAMILY	Homo sapiens	INHIBITOR	1	1	Cyclooxygenase inhibitor
BRD-A34006693	suprofen	CHEMBL956	CHEMBL956	CHEMBL2094253	P23219	PTGS1		PROTEIN FAMILY	Homo sapiens	INHIBITOR	1	0	Cyclooxygenase inhibitor
BRD-K97181089	amiloride	CHEMBL945	CHEMBL945	CHEMBL2107836	P37088	SCNN1A		PROTEIN COMPLEX	Homo sapiens	BLOCKER	1	0	Amiloride-sensitive sodium channel, ENaC blocker
BRD-K97181089	amiloride	CHEMBL945	CHEMBL945	CHEMBL2107836	P51168	SCNN1B		PROTEIN COMPLEX	Homo sapiens	BLOCKER	1	0	Amiloride-sensitive sodium channel, ENaC blocker
BRD-K97181089	amiloride	CHEMBL945	CHEMBL945	CHEMBL2107836	P51170	SCNN1G		PROTEIN COMPLEX	Homo sapiens	BLOCKER	1	0	Amiloride-sensitive sodium channel, ENaC blocker
BRD-K81473089	tacrine	CHEMBL95	CHEMBL95	CHEMBL2095233	P06276	BCHE		SELECTIVITY GROUP	Homo sapiens	INHIBITOR	1	0	Cholinesterases; ACHE & BCHE inhibitor
BRD-K81473089	tacrine	CHEMBL95	CHEMBL95	CHEMBL2095233	P22303	ACHE		SELECTIVITY GROUP	Homo sapiens	INHIBITOR	1	0	Cholinesterases; ACHE & BCHE inhibitor
BRD-A93093700	temazepam	CHEMBL967	CHEMBL967	CHEMBL2093872	P14867	GABRA1		PROTEIN COMPLEX GROUP	Homo sapiens	POSITIVE ALLOSTERIC MODULATOR	1	0	GABA-A receptor; anion channel positive allosteric modulator
BRD-A93093700	temazepam	CHEMBL967	CHEMBL967	CHEMBL2093872	P47870	GABRB2		PROTEIN COMPLEX GROUP	Homo sapiens	POSITIVE ALLOSTERIC MODULATOR	1	0	GABA-A receptor; anion channel positive allosteric modulator
BRD-A93093700	temazepam	CHEMBL967	CHEMBL967	CHEMBL2093872	P18507	GABRG2		PROTEIN COMPLEX GROUP	Homo sapiens	POSITIVE ALLOSTERIC MODULATOR	1	0	GABA-A receptor; anion channel positive allosteric modulator
BRD-A93093700	temazepam	CHEMBL967	CHEMBL967	CHEMBL2093872	P28472	GABRB3		PROTEIN COMPLEX GROUP	Homo sapiens	POSITIVE ALLOSTERIC MODULATOR	1	0	GABA-A receptor; anion channel positive allosteric modulator
BRD-A93093700	temazepam	CHEMBL967	CHEMBL967	CHEMBL2093872	P48169	GABRA4		PROTEIN COMPLEX GROUP	Homo sapiens	POSITIVE ALLOSTERIC MODULATOR	1	0	GABA-A receptor; anion channel positive allosteric modulator
BRD-A93093700	temazepam	CHEMBL967	CHEMBL967	CHEMBL2093872	Q99928	GABRG3		PROTEIN COMPLEX GROUP	Homo sapiens	POSITIVE ALLOSTERIC MODULATOR	1	0	GABA-A receptor; anion channel positive allosteric modulator
BRD-A93093700	temazepam	CHEMBL967	CHEMBL967	CHEMBL2093872	Q9UN88	GABRQ		PROTEIN COMPLEX GROUP	Homo sapiens	POSITIVE ALLOSTERIC MODULATOR	1	0	GABA-A receptor; anion channel positive allosteric modulator
BRD-A93093700	temazepam	CHEMBL967	CHEMBL967	CHEMBL2093872	P34903	GABRA3		PROTEIN COMPLEX GROUP	Homo sapiens	POSITIVE ALLOSTERIC MODULATOR	1	0	GABA-A receptor; anion channel positive allosteric modulator
BRD-A93093700	temazepam	CHEMBL967	CHEMBL967	CHEMBL2093872	O00591	GABRP		PROTEIN COMPLEX GROUP	Homo sapiens	POSITIVE ALLOSTERIC MODULATOR	1	0	GABA-A receptor; anion channel positive allosteric modulator
BRD-A93093700	temazepam	CHEMBL967	CHEMBL967	CHEMBL2093872	O14764	GABRD		PROTEIN COMPLEX GROUP	Homo sapiens	POSITIVE ALLOSTERIC MODULATOR	1	0	GABA-A receptor; anion channel positive allosteric modulator
BRD-A93093700	temazepam	CHEMBL967	CHEMBL967	CHEMBL2093872	Q8N1C3	GABRG1		PROTEIN COMPLEX GROUP	Homo sapiens	POSITIVE ALLOSTERIC MODULATOR	1	0	GABA-A receptor; anion channel positive allosteric modulator
BRD-A93093700	temazepam	CHEMBL967	CHEMBL967	CHEMBL2093872	P18505	GABRB1		PROTEIN COMPLEX GROUP	Homo sapiens	POSITIVE ALLOSTERIC MODULATOR	1	0	GABA-A receptor; anion channel positive allosteric modulator
BRD-A93093700	temazepam	CHEMBL967	CHEMBL967	CHEMBL2093872	P78334	GABRE		PROTEIN COMPLEX GROUP	Homo sapiens	POSITIVE ALLOSTERIC MODULATOR	1	0	GABA-A receptor; anion channel positive allosteric modulator
BRD-A93093700	temazepam	CHEMBL967	CHEMBL967	CHEMBL2093872	P47869	GABRA2		PROTEIN COMPLEX GROUP	Homo sapiens	POSITIVE ALLOSTERIC MODULATOR	1	0	GABA-A receptor; anion channel positive allosteric modulator
BRD-A93093700	temazepam	CHEMBL967	CHEMBL967	CHEMBL2093872	P31644	GABRA5		PROTEIN COMPLEX GROUP	Homo sapiens	POSITIVE ALLOSTERIC MODULATOR	1	0	GABA-A receptor; anion channel positive allosteric modulator
BRD-A93093700	temazepam	CHEMBL967	CHEMBL967	CHEMBL2093872	Q16445	GABRA6		PROTEIN COMPLEX GROUP	Homo sapiens	POSITIVE ALLOSTERIC MODULATOR	1	0	GABA-A receptor; anion channel positive allosteric modulator
BRD-A21858158	praziquantel	CHEMBL976	CHEMBL976	CHEMBL2363079	Q95US7			SINGLE PROTEIN	Schistosoma mansoni	BLOCKER	1	0	Voltage-activated calcium channel beta 1 subunit blocker
BRD-A21858158	praziquantel	CHEMBL976	CHEMBL976	CHEMBL2363080	Q962H3			SINGLE PROTEIN	Schistosoma mansoni	BLOCKER	1	0	Voltage-activated calcium channel beta 2 subunit blocker
BRD-K62737565	gabapentin	CHEMBL940	CHEMBL940	CHEMBL2363032	O95180	CACNA1H		PROTEIN COMPLEX GROUP	Homo sapiens	MODULATOR	1	0	Voltage-gated calcium channel modulator
BRD-K62737565	gabapentin	CHEMBL940	CHEMBL940	CHEMBL2363032	P54289	CACNA2D1		PROTEIN COMPLEX GROUP	Homo sapiens	MODULATOR	1	0	Voltage-gated calcium channel modulator
BRD-K62737565	gabapentin	CHEMBL940	CHEMBL940	CHEMBL2363032	Q13936	CACNA1C		PROTEIN COMPLEX GROUP	Homo sapiens	MODULATOR	1	0	Voltage-gated calcium channel modulator
BRD-K62737565	gabapentin	CHEMBL940	CHEMBL940	CHEMBL2363032	Q8IZS8	CACNA2D3		PROTEIN COMPLEX GROUP	Homo sapiens	MODULATOR	1	0	Voltage-gated calcium channel modulator
BRD-K62737565	gabapentin	CHEMBL940	CHEMBL940	CHEMBL2363032	Q13698	CACNA1S		PROTEIN COMPLEX GROUP	Homo sapiens	MODULATOR	1	0	Voltage-gated calcium channel modulator
BRD-K62737565	gabapentin	CHEMBL940	CHEMBL940	CHEMBL2363032	Q9NY47	CACNA2D2		PROTEIN COMPLEX GROUP	Homo sapiens	MODULATOR	1	0	Voltage-gated calcium channel modulator
BRD-K62737565	gabapentin	CHEMBL940	CHEMBL940	CHEMBL2363032	Q01668	CACNA1D		PROTEIN COMPLEX GROUP	Homo sapiens	MODULATOR	1	0	Voltage-gated calcium channel modulator
BRD-K62737565	gabapentin	CHEMBL940	CHEMBL940	CHEMBL2363032	O00555	CACNA1A		PROTEIN COMPLEX GROUP	Homo sapiens	MODULATOR	1	0	Voltage-gated calcium channel modulator
BRD-K62737565	gabapentin	CHEMBL940	CHEMBL940	CHEMBL2363032	Q00975	CACNA1B		PROTEIN COMPLEX GROUP	Homo sapiens	MODULATOR	1	0	Voltage-gated calcium channel modulator
BRD-K62737565	gabapentin	CHEMBL940	CHEMBL940	CHEMBL2363032	O43497	CACNA1G		PROTEIN COMPLEX GROUP	Homo sapiens	MODULATOR	1	0	Voltage-gated calcium channel modulator
BRD-K62737565	gabapentin	CHEMBL940	CHEMBL940	CHEMBL2363032	Q7Z3S7	CACNA2D4		PROTEIN COMPLEX GROUP	Homo sapiens	MODULATOR	1	0	Voltage-gated calcium channel modulator
BRD-K62737565	gabapentin	CHEMBL940	CHEMBL940	CHEMBL2363032	Q9P0X4	CACNA1I		PROTEIN COMPLEX GROUP	Homo sapiens	MODULATOR	1	0	Voltage-gated calcium channel modulator
BRD-K62737565	gabapentin	CHEMBL940	CHEMBL940	CHEMBL2363032	O60840	CACNA1F		PROTEIN COMPLEX GROUP	Homo sapiens	MODULATOR	1	0	Voltage-gated calcium channel modulator
BRD-K62737565	gabapentin	CHEMBL940	CHEMBL940	CHEMBL2363032	Q15878	CACNA1E		PROTEIN COMPLEX GROUP	Homo sapiens	MODULATOR	1	0	Voltage-gated calcium channel modulator
BRD-K62737565	gabapentin	CHEMBL940	CHEMBL940	CHEMBL2363032	O00305	CACNB4		PROTEIN COMPLEX GROUP	Homo sapiens	MODULATOR	1	0	Voltage-gated calcium channel modulator
BRD-K62737565	gabapentin	CHEMBL940	CHEMBL940	CHEMBL2363032	Q08289	CACNB2		PROTEIN COMPLEX GROUP	Homo sapiens	MODULATOR	1	0	Voltage-gated calcium channel modulator
BRD-K62737565	gabapentin	CHEMBL940	CHEMBL940	CHEMBL2363032	Q02641	CACNB1		PROTEIN COMPLEX GROUP	Homo sapiens	MODULATOR	1	0	Voltage-gated calcium channel modulator
BRD-K62737565	gabapentin	CHEMBL940	CHEMBL940	CHEMBL2363032	P54284	CACNB3		PROTEIN COMPLEX GROUP	Homo sapiens	MODULATOR	1	0	Voltage-gated calcium channel modulator
BRD-K62737565	gabapentin	CHEMBL940	CHEMBL940	CHEMBL2363032	P62955	CACNG7		PROTEIN COMPLEX GROUP	Homo sapiens	MODULATOR	1	0	Voltage-gated calcium channel modulator
BRD-K62737565	gabapentin	CHEMBL940	CHEMBL940	CHEMBL2363032	Q9UF02	CACNG5		PROTEIN COMPLEX GROUP	Homo sapiens	MODULATOR	1	0	Voltage-gated calcium channel modulator
BRD-K62737565	gabapentin	CHEMBL940	CHEMBL940	CHEMBL2363032	Q9Y698	CACNG2		PROTEIN COMPLEX GROUP	Homo sapiens	MODULATOR	1	0	Voltage-gated calcium channel modulator
BRD-K62737565	gabapentin	CHEMBL940	CHEMBL940	CHEMBL2363032	Q9UBN1	CACNG4		PROTEIN COMPLEX GROUP	Homo sapiens	MODULATOR	1	0	Voltage-gated calcium channel modulator
BRD-K62737565	gabapentin	CHEMBL940	CHEMBL940	CHEMBL2363032	Q8WXS5	CACNG8		PROTEIN COMPLEX GROUP	Homo sapiens	MODULATOR	1	0	Voltage-gated calcium channel modulator
BRD-K62737565	gabapentin	CHEMBL940	CHEMBL940	CHEMBL2363032	O60359	CACNG3		PROTEIN COMPLEX GROUP	Homo sapiens	MODULATOR	1	0	Voltage-gated calcium channel modulator
BRD-K62737565	gabapentin	CHEMBL940	CHEMBL940	CHEMBL2363032	Q9BXT2	CACNG6		PROTEIN COMPLEX GROUP	Homo sapiens	MODULATOR	1	0	Voltage-gated calcium channel modulator
BRD-K62737565	gabapentin	CHEMBL940	CHEMBL940	CHEMBL2363032	Q06432	CACNG1		PROTEIN COMPLEX GROUP	Homo sapiens	MODULATOR	1	0	Voltage-gated calcium channel modulator
BRD-K86301799	dipyridamole	CHEMBL932	CHEMBL932	CHEMBL2363066	O76074	PDE5A		PROTEIN FAMILY	Homo sapiens	INHIBITOR	1	0	3',5'-cyclic phosphodiesterase inhibitor
BRD-K86301799	dipyridamole	CHEMBL932	CHEMBL932	CHEMBL2363066	P27815	PDE4A		PROTEIN FAMILY	Homo sapiens	INHIBITOR	1	0	3',5'-cyclic phosphodiesterase inhibitor
BRD-K86301799	dipyridamole	CHEMBL932	CHEMBL932	CHEMBL2363066	Q14432	PDE3A		PROTEIN FAMILY	Homo sapiens	INHIBITOR	1	0	3',5'-cyclic phosphodiesterase inhibitor
BRD-K86301799	dipyridamole	CHEMBL932	CHEMBL932	CHEMBL2363066	Q13956	PDE6H		PROTEIN FAMILY	Homo sapiens	INHIBITOR	1	0	3',5'-cyclic phosphodiesterase inhibitor
BRD-K86301799	dipyridamole	CHEMBL932	CHEMBL932	CHEMBL2363066	P18545	PDE6G		PROTEIN FAMILY	Homo sapiens	INHIBITOR	1	0	3',5'-cyclic phosphodiesterase inhibitor
BRD-K86301799	dipyridamole	CHEMBL932	CHEMBL932	CHEMBL2363066	O00408	PDE2A		PROTEIN FAMILY	Homo sapiens	INHIBITOR	1	0	3',5'-cyclic phosphodiesterase inhibitor
BRD-K86301799	dipyridamole	CHEMBL932	CHEMBL932	CHEMBL2363066	Q13946	PDE7A		PROTEIN FAMILY	Homo sapiens	INHIBITOR	1	0	3',5'-cyclic phosphodiesterase inhibitor
BRD-K86301799	dipyridamole	CHEMBL932	CHEMBL932	CHEMBL2363066	P54750	PDE1A		PROTEIN FAMILY	Homo sapiens	INHIBITOR	1	0	3',5'-cyclic phosphodiesterase inhibitor
BRD-K86301799	dipyridamole	CHEMBL932	CHEMBL932	CHEMBL2363066	O76083	PDE9A		PROTEIN FAMILY	Homo sapiens	INHIBITOR	1	0	3',5'-cyclic phosphodiesterase inhibitor
BRD-K86301799	dipyridamole	CHEMBL932	CHEMBL932	CHEMBL2363066	P35913	PDE6B		PROTEIN FAMILY	Homo sapiens	INHIBITOR	1	0	3',5'-cyclic phosphodiesterase inhibitor
BRD-K86301799	dipyridamole	CHEMBL932	CHEMBL932	CHEMBL2363066	Q08499	PDE4D		PROTEIN FAMILY	Homo sapiens	INHIBITOR	1	0	3',5'-cyclic phosphodiesterase inhibitor
BRD-K86301799	dipyridamole	CHEMBL932	CHEMBL932	CHEMBL2363066	Q07343	PDE4B		PROTEIN FAMILY	Homo sapiens	INHIBITOR	1	0	3',5'-cyclic phosphodiesterase inhibitor
BRD-K86301799	dipyridamole	CHEMBL932	CHEMBL932	CHEMBL2363066	O43924	PDE6D		PROTEIN FAMILY	Homo sapiens	INHIBITOR	1	0	3',5'-cyclic phosphodiesterase inhibitor
BRD-K86301799	dipyridamole	CHEMBL932	CHEMBL932	CHEMBL2363066	P16499	PDE6A		PROTEIN FAMILY	Homo sapiens	INHIBITOR	1	0	3',5'-cyclic phosphodiesterase inhibitor
BRD-K86301799	dipyridamole	CHEMBL932	CHEMBL932	CHEMBL2363066	Q13370	PDE3B		PROTEIN FAMILY	Homo sapiens	INHIBITOR	1	0	3',5'-cyclic phosphodiesterase inhibitor
BRD-K86301799	dipyridamole	CHEMBL932	CHEMBL932	CHEMBL2363066	P51160	PDE6C		PROTEIN FAMILY	Homo sapiens	INHIBITOR	1	0	3',5'-cyclic phosphodiesterase inhibitor
BRD-K86301799	dipyridamole	CHEMBL932	CHEMBL932	CHEMBL2363066	O95263	PDE8B		PROTEIN FAMILY	Homo sapiens	INHIBITOR	1	0	3',5'-cyclic phosphodiesterase inhibitor
BRD-K86301799	dipyridamole	CHEMBL932	CHEMBL932	CHEMBL2363066	Q9Y233	PDE10A		PROTEIN FAMILY	Homo sapiens	INHIBITOR	1	0	3',5'-cyclic phosphodiesterase inhibitor
BRD-K86301799	dipyridamole	CHEMBL932	CHEMBL932	CHEMBL2363066	Q01064	PDE1B		PROTEIN FAMILY	Homo sapiens	INHIBITOR	1	0	3',5'-cyclic phosphodiesterase inhibitor
BRD-K86301799	dipyridamole	CHEMBL932	CHEMBL932	CHEMBL2363066	Q08493	PDE4C		PROTEIN FAMILY	Homo sapiens	INHIBITOR	1	0	3',5'-cyclic phosphodiesterase inhibitor
BRD-K86301799	dipyridamole	CHEMBL932	CHEMBL932	CHEMBL2363066	Q14123	PDE1C		PROTEIN FAMILY	Homo sapiens	INHIBITOR	1	0	3',5'-cyclic phosphodiesterase inhibitor
BRD-K86301799	dipyridamole	CHEMBL932	CHEMBL932	CHEMBL2363066	O60658	PDE8A		PROTEIN FAMILY	Homo sapiens	INHIBITOR	1	0	3',5'-cyclic phosphodiesterase inhibitor
BRD-K86301799	dipyridamole	CHEMBL932	CHEMBL932	CHEMBL2363066	Q9NP56	PDE7B		PROTEIN FAMILY	Homo sapiens	INHIBITOR	1	0	3',5'-cyclic phosphodiesterase inhibitor
BRD-K68538666	aceclofenac	CHEMBL93645	CHEMBL93645	CHEMBL230	P35354	PTGS2	5743	SINGLE PROTEIN	Homo sapiens	INHIBITOR	1	1	Cyclooxygenase-2 inhibitor
BRD-A25619068	fadrozole	CHEMBL9298	CHEMBL9298	CHEMBL1978	P11511	CYP19A1		SINGLE PROTEIN	Homo sapiens	INHIBITOR	1	0	Cytochrome P450 19A1 inhibitor
BRD-K21884483	mizolastine	CHEMBL94454	CHEMBL94454	CHEMBL231	P35367	HRH1		SINGLE PROTEIN	Homo sapiens	ANTAGONIST	1	0	Histamine H1 receptor antagonist
BRD-K25650355	physostigmine	CHEMBL94	CHEMBL94	CHEMBL220	P22303	ACHE		SINGLE PROTEIN	Homo sapiens	INHIBITOR	1	0	Acetylcholinesterase inhibitor
BRD-K04218075	clomifene	CHEMBL954	CHEMBL954	CHEMBL206	P03372	ESR1		SINGLE PROTEIN	Homo sapiens	MODULATOR	1	0	Estrogen receptor alpha modulator
BRD-K48935217	epothilone	CHEMBL94657	CHEMBL94657	CHEMBL2095182	P68371	TUBB4B		PROTEIN COMPLEX GROUP	Homo sapiens	STABILISER	1	0	Tubulin stabiliser
BRD-K48935217	epothilone	CHEMBL94657	CHEMBL94657	CHEMBL2095182	Q9H4B7	TUBB1		PROTEIN COMPLEX GROUP	Homo sapiens	STABILISER	1	0	Tubulin stabiliser
BRD-K48935217	epothilone	CHEMBL94657	CHEMBL94657	CHEMBL2095182	P0DPH7	TUBA3C		PROTEIN COMPLEX GROUP	Homo sapiens	STABILISER	1	0	Tubulin stabiliser
BRD-K48935217	epothilone	CHEMBL94657	CHEMBL94657	CHEMBL2095182	P68366	TUBA4A		PROTEIN COMPLEX GROUP	Homo sapiens	STABILISER	1	0	Tubulin stabiliser
BRD-K48935217	epothilone	CHEMBL94657	CHEMBL94657	CHEMBL2095182	Q13509	TUBB3		PROTEIN COMPLEX GROUP	Homo sapiens	STABILISER	1	0	Tubulin stabiliser
BRD-K48935217	epothilone	CHEMBL94657	CHEMBL94657	CHEMBL2095182	Q71U36	TUBA1A		PROTEIN COMPLEX GROUP	Homo sapiens	STABILISER	1	0	Tubulin stabiliser
BRD-K48935217	epothilone	CHEMBL94657	CHEMBL94657	CHEMBL2095182	P04350	TUBB4A		PROTEIN COMPLEX GROUP	Homo sapiens	STABILISER	1	0	Tubulin stabiliser
BRD-K48935217	epothilone	CHEMBL94657	CHEMBL94657	CHEMBL2095182	Q3ZCM7	TUBB8		PROTEIN COMPLEX GROUP	Homo sapiens	STABILISER	1	0	Tubulin stabiliser
BRD-K48935217	epothilone	CHEMBL94657	CHEMBL94657	CHEMBL2095182	P07437	TUBB		PROTEIN COMPLEX GROUP	Homo sapiens	STABILISER	1	0	Tubulin stabiliser
BRD-K48935217	epothilone	CHEMBL94657	CHEMBL94657	CHEMBL2095182	P68363	TUBA1B		PROTEIN COMPLEX GROUP	Homo sapiens	STABILISER	1	0	Tubulin stabiliser
BRD-K48935217	epothilone	CHEMBL94657	CHEMBL94657	CHEMBL2095182	Q9BQE3	TUBA1C		PROTEIN COMPLEX GROUP	Homo sapiens	STABILISER	1	0	Tubulin stabiliser
BRD-K48935217	epothilone	CHEMBL94657	CHEMBL94657	CHEMBL2095182	Q6PEY2	TUBA3E		PROTEIN COMPLEX GROUP	Homo sapiens	STABILISER	1	0	Tubulin stabiliser
BRD-K48935217	epothilone	CHEMBL94657	CHEMBL94657	CHEMBL2095182	Q13885	TUBB2A		PROTEIN COMPLEX GROUP	Homo sapiens	STABILISER	1	0	Tubulin stabiliser
BRD-K48935217	epothilone	CHEMBL94657	CHEMBL94657	CHEMBL2095182	Q9BVA1	TUBB2B		PROTEIN COMPLEX GROUP	Homo sapiens	STABILISER	1	0	Tubulin stabiliser
BRD-K48935217	epothilone	CHEMBL94657	CHEMBL94657	CHEMBL2095182	Q9BUF5	TUBB6	84617	PROTEIN COMPLEX GROUP	Homo sapiens	STABILISER	1	1	Tubulin stabiliser
BRD-K92723993	imatinib	CHEMBL941	CHEMBL941	CHEMBL2096618	P00519	ABL1	25	CHIMERIC PROTEIN	Homo sapiens	INHIBITOR	1	1	Bcr/Abl fusion protein inhibitor
BRD-K92723993	imatinib	CHEMBL941	CHEMBL941	CHEMBL2096618	P11274	BCR		CHIMERIC PROTEIN	Homo sapiens	INHIBITOR	1	0	Bcr/Abl fusion protein inhibitor
BRD-K46862739	metyrapone	CHEMBL934	CHEMBL934	CHEMBL1908	P15538	CYP11B1		SINGLE PROTEIN	Homo sapiens	INHIBITOR	1	0	Cytochrome P450 11B1, mitochondrial inhibitor
BRD-K81418486	vorinostat	CHEMBL98	CHEMBL98	CHEMBL325	Q13547	HDAC1		SINGLE PROTEIN	Homo sapiens	INHIBITOR	1	0	Histone deacetylase 1 inhibitor
BRD-K82795137	loratadine	CHEMBL998	CHEMBL998	CHEMBL231	P35367	HRH1		SINGLE PROTEIN	Homo sapiens	ANTAGONIST	1	0	Histamine H1 receptor antagonist
BRD-K81418486	vorinostat	CHEMBL98	CHEMBL98	CHEMBL1829	O15379	HDAC3		SINGLE PROTEIN	Homo sapiens	INHIBITOR	1	0	Histone deacetylase 3 inhibitor
BRD-K81418486	vorinostat	CHEMBL98	CHEMBL98	CHEMBL1865	Q9UBN7	HDAC6	10013	SINGLE PROTEIN	Homo sapiens	INHIBITOR	1	1	Histone deacetylase 6 inhibitor
BRD-K73978287	hydrocortisone	CHEMBL977	CHEMBL977	CHEMBL2034	P04150	NR3C1	2908	SINGLE PROTEIN	Homo sapiens	AGONIST	1	1	Glucocorticoid receptor agonist
BRD-K94353609	fluocinolone	CHEMBL989	CHEMBL989	CHEMBL2034	P04150	NR3C1	2908	SINGLE PROTEIN	Homo sapiens	AGONIST	1	1	Glucocorticoid receptor agonist
BRD-K93880783	stavudine	CHEMBL991	CHEMBL991	CHEMBL247	Q72547	pol		SINGLE PROTEIN	Human immunodeficiency virus 1	INHIBITOR	1	0	Human immunodeficiency virus type 1 reverse transcriptase inhibitor
BRD-K08681769	ibandronic-acid	CHEMBL997	CHEMBL997	CHEMBL1782	P14324	FDPS		SINGLE PROTEIN	Homo sapiens	INHIBITOR	1	0	Farnesyl diphosphate synthase inhibitor
BRD-K90630139	butenafine	CHEMBL990	CHEMBL990	CHEMBL2364679	Q4JEY0			SINGLE PROTEIN	Trichophyton	INHIBITOR	1	0	Squalene monooxygenase inhibitor
BRD-K81418486	vorinostat	CHEMBL98	CHEMBL98	CHEMBL1937	Q92769	HDAC2	3066	SINGLE PROTEIN	Homo sapiens	INHIBITOR	1	1	Histone deacetylase 2 inhibitor
BRD-K70976396	cefoxitin	CHEMBL996	CHEMBL996	CHEMBL2354204	P24228	dacB		PROTEIN FAMILY	Bacteria	INHIBITOR	1	0	Bacterial penicillin-binding protein inhibitor
BRD-K70976396	cefoxitin	CHEMBL996	CHEMBL996	CHEMBL2354204	P0AD68	ftsI		PROTEIN FAMILY	Bacteria	INHIBITOR	1	0	Bacterial penicillin-binding protein inhibitor
BRD-K70976396	cefoxitin	CHEMBL996	CHEMBL996	CHEMBL2354204	P02918	mrcA		PROTEIN FAMILY	Bacteria	INHIBITOR	1	0	Bacterial penicillin-binding protein inhibitor
BRD-K70976396	cefoxitin	CHEMBL996	CHEMBL996	CHEMBL2354204	P02919	mrcB		PROTEIN FAMILY	Bacteria	INHIBITOR	1	0	Bacterial penicillin-binding protein inhibitor
BRD-K70976396	cefoxitin	CHEMBL996	CHEMBL996	CHEMBL2354204	P0AEB2	dacA		PROTEIN FAMILY	Bacteria	INHIBITOR	1	0	Bacterial penicillin-binding protein inhibitor
BRD-K70976396	cefoxitin	CHEMBL996	CHEMBL996	CHEMBL2354204	P0AD65	mrdA		PROTEIN FAMILY	Bacteria	INHIBITOR	1	0	Bacterial penicillin-binding protein inhibitor
BRD-K70976396	cefoxitin	CHEMBL996	CHEMBL996	CHEMBL2354204	P08506	dacC		PROTEIN FAMILY	Bacteria	INHIBITOR	1	0	Bacterial penicillin-binding protein inhibitor
BRD-K89375097	pirenzepine	CHEMBL9967	CHEMBL9967	CHEMBL216	P11229	CHRM1		SINGLE PROTEIN	Homo sapiens	ANTAGONIST	1	0	Muscarinic acetylcholine receptor M1 antagonist
