source	term_id	term_name	n_landmark_genes	landmark_gene_symbols
GO:BP	GO:0000070	Mitotic Sister Chromatid Segregation	22	AKAP8L,BECN1,CCNB1,CENPE,CHEK2,CHMP4A,CHMP6,EML3,KIF14,KIF2C,NCAPD2,NUP62,NUSAP1,PLK1,PSRC1,RHOA,RRS1,SMC1A,SMC3,SMC4,TENT4A,ZW10
GO:BP	GO:0000079	Regulation Of Cyclin-Dependent Protein Serine/Threonine Kinase Activity	23	AKT1,CCNA1,CCNA2,CCNB1,CCNB2,CCND1,CCND3,CCNE2,CCNF,CCNH,CDC25A,CDK5R1,CDK7,CDKN1A,CDKN1B,CDKN2A,CEBPA,EGFR,GADD45A,MNAT1,PLK1,PSMD10,PSRC1
GO:BP	GO:0000082	G1/S Transition Of Mitotic Cell Cycle	13	CCND1,CCND3,CCNE2,CDC25A,CDK2,CDK4,CDK6,CDKN1A,CDKN1B,E2F2,EIF4EBP1,MYC,TFDP1
GO:BP	GO:0000086	G2/M Transition Of Mitotic Cell Cycle	12	ARPP19,AURKA,CCNA2,CCNB1,CDC25A,CDC25B,CDK1,CDK2,CHEK2,MELK,PLK1,UBE2A
GO:BP	GO:0000165	MAPK Cascade	16	CCL2,CDK1,DUSP6,EGF,IKBKB,IL1B,MAP2K5,MAP3K4,MAP4K4,MAPK13,MAPKAPK2,MEF2C,MYC,NRAS,PAK1,ZFP36
GO:BP	GO:0000209	Protein Polyubiquitination	17	BCL2,BIRC2,BLMH,BRCA1,DDB2,FBXO7,MYCBP2,RNF167,SKP1,STUB1,TRIM2,UBE2A,UBE2C,UBE2J1,UBE2L6,UBE3B,UBE3C
GO:BP	GO:0000302	Response To Reactive Oxygen Species	15	AKT1,APOE,CAT,EGFR,FOS,FYN,HIF1A,HMOX1,JUN,MAPK9,PTPRK,PXN,SQSTM1,STK25,TPM1
GO:BP	GO:0000377	RNA Splicing, Via Transesterification Reactions With Bulged Adenosine As Nucleophile	10	CASC3,HSPA8,HTATSF1,LSM5,LSM6,PIN1,PPIE,PRPF4,RBM6,RNPS1
GO:BP	GO:0000398	mRNA Splicing, Via Spliceosome	11	CASC3,HSPA8,HTATSF1,LSM5,LSM6,PIN1,PPIE,PRPF4,PUF60,RBM6,RNPS1
GO:BP	GO:0000470	Maturation Of LSU-rRNA	1	RBM34
GO:BP	GO:0001510	RNA Methylation	2	RBM15B,TARBP1
GO:BP	GO:0001558	Regulation Of Cell Growth	32	ADAM10,AKT1,BCL2,BRCA1,CCDC85B,CDC42,CDKN1A,CDKN1B,CDKN2A,CGRRF1,DNAJB2,EGFR,EIF4G1,ERBB2,EXOSC4,HSPA1A,JADE2,KIF14,PAK4,PAK6,PRKCQ,PSMD10,PSRC1,RB1,RPS6KA1,SMAD3,SMARCA4,SOCS2,SUPV3L1,TMEM97,TP53,VGLL4
GO:BP	GO:0001819	Positive Regulation Of Cytokine Production	31	APP,ARHGEF2,BRCA1,C5,CD40,CD58,EGR1,G3BP1,GAPDH,GATA3,HIF1A,HMOX1,HSPA1A,HSPD1,IKBKE,IL1B,MALT1,MAPK13,MAPK9,PNP,PRKCQ,PTGS2,PTPRC,S100A13,SERPINE1,STAT3,SYK,TICAM1,TLR4,TMED10,XBP1
GO:BP	GO:0001932	Regulation Of Protein Phosphorylation	33	AKT1,APP,AURKB,AXIN1,BIRC5,BMP4,CCNA2,CCND1,CCND3,CD40,CDKN1A,CHP1,CRKL,DAXX,EGFR,EPHB2,ERBB2,FAS,FYN,GPER1,HSPB1,IGFBP3,IL1B,ILK,LYN,PAK1,PDGFA,PIK3R3,PIN1,PTK2,RALB,TERF2IP,TESK1
GO:BP	GO:0001933	Negative Regulation Of Protein Phosphorylation	27	AKT1,CALM3,CDKN1A,CHP1,CRKL,EIF4G1,EPHB2,HSPB1,IGFBP3,ITGB1BP1,LYN,MVP,NCK1,NCK2,PPARG,PRKAG2,PRKCD,PTPN6,PTPRC,RB1,SFN,SNCA,SPRED2,TERF2IP,TESK1,TRIB1,TRIB3
GO:BP	GO:0001934	Positive Regulation Of Protein Phosphorylation	47	AKT1,APP,ARHGEF2,AURKB,AXIN1,BIRC5,BMP4,CAB39,CALM3,CCNA2,CCND1,CCND3,CD40,CD44,CDKN1A,CENPE,CRKL,DAXX,EGF,EGFR,EIF4G1,ERBB2,FAS,GHR,GPER1,HDAC6,IL1B,ILK,IQGAP1,LYN,PAK1,PDGFA,PIK3R3,PIN1,PLK1,PPARG,PRKAG2,PTK2,PTK2B,PTPRC,RALB,SNCA,SRC,TESK1,TGFB3,TGFBR2,TP53
GO:BP	GO:0001952	Regulation Of Cell-Matrix Adhesion	13	CASK,CDK6,CDKN2A,DUSP3,EPHA3,FUT1,FYN,MACF1,MAP4K4,PTK2,PTK2B,RASA1,RHOA
GO:BP	GO:0002762	Negative Regulation Of Myeloid Leukocyte Differentiation	4	CDK6,MYC,TCTA,TLR4
GO:BP	GO:0006090	Pyruvate Metabolic Process	11	ALDOC,DLD,GAPDH,HK1,ME2,PCK2,PDHX,PFKL,PGAM1,PGM1,VDAC1
GO:BP	GO:0006259	DNA Metabolic Process	39	BRCA1,CDC45,CDK1,CDK2,CHEK1,CSNK1E,DDB2,DFFB,GADD45A,GRWD1,INTS3,LIG1,MCM3,MNAT1,MSH6,ORC1,PARP1,PARP2,PDS5A,PNKP,POLB,POLE2,RAD51C,RAD9A,RFC2,RFC5,RPA1,RPA2,RPA3,RUVBL1,SMC1A,SUPV3L1,TENT4A,TERF2IP,TERT,TIMELESS,TOP2A,TOPBP1,UBE2A
GO:BP	GO:0006260	DNA Replication	13	CDK1,CDK2,CHEK1,GRWD1,PNKP,POLB,POLE2,POLG2,RFC2,RFC5,RPA1,RPA2,RPA3
GO:BP	GO:0006261	DNA-templated DNA Replication	11	CDC45,MCM3,ORC1,PNKP,POLB,POLE2,POLG2,RFC2,RFC5,RPA1,TOPBP1
GO:BP	GO:0006275	Regulation Of DNA Replication	10	CCNA2,EGF,EGFR,GLI2,GMNN,JADE2,PCNA,PDS5A,RUVBL1,SMC3
GO:BP	GO:0006281	DNA Repair	34	ASCC3,BRCA1,CDK1,CHEK1,CHEK2,CSNK1E,DDB2,GADD45A,HMGA2,INTS3,LIG1,MNAT1,MSH6,MTA1,PARP1,PARP2,PCNA,PDS5A,PNKP,POLB,POLE2,RAD51C,RAD9A,RFC2,RFC5,RPA1,RPA2,RPA3,SMC1A,TENT4A,TIMELESS,TOPBP1,TP53,UBE2A
GO:BP	GO:0006282	Regulation Of DNA Repair	12	BCL7B,BRCA1,EGFR,PARP1,PCNA,RUVBL1,SMARCA4,SMARCC1,SMARCD2,USP1,USP22,VPS72
GO:BP	GO:0006289	Nucleotide-Excision Repair	10	DDB2,PNKP,POLB,POLR2I,RPA1,RPA2,RPA3,TENT4A,TP53,USP7
GO:BP	GO:0006302	Double-Strand Break Repair	15	BRCA1,CHEK2,INTS3,MTA1,NPC1,PARP1,PARP2,PNKP,POLB,RAD51C,RPA1,RPA2,RPA3,TENT4A,TP53BP1
GO:BP	GO:0006325	Chromatin Organization	30	BCL7B,CHEK1,DAXX,EZH2,GET1,GRWD1,H2BC21,HAT1,HDAC2,HDGFL3,HMGA2,KAT6B,KDM5A,KDM5B,MTA1,MTF2,MYC,PAK1,PIH1D1,PSIP1,RB1,RUVBL1,SATB1,SKP1,SMARCA4,SMARCC1,SMARCD2,SOX2,SUV39H1,ZNF274
GO:BP	GO:0006338	Chromatin Remodeling	24	BCL7B,CHEK1,DAXX,GET1,HDAC2,HDAC6,HDGFL3,KDM5A,KDM5B,MTA1,MTF2,MYC,PAK1,PARP2,PIH1D1,PSIP1,RB1,RUVBL1,SATB1,SKP1,SMARCA4,SMARCC1,SMARCD2,ZNF274
GO:BP	GO:0006351	DNA-templated Transcription	26	CCNH,CDK7,CEBPD,DRAP1,ETV1,FOXO3,GTF2A2,GTF2E2,MNAT1,MRPL12,MTERF3,NFKBIB,PARP1,PAX8,POLR1C,POLR2I,POLR2K,PWP1,RNPS1,TBP,TBPL1,TCEA2,TCFL5,TFDP1,TP53,XBP1
GO:BP	GO:0006364	rRNA Processing	10	DDX10,EBNA1BP2,EXOSC4,LSM6,NOLC1,NVL,PIH1D1,POP4,RPS6,RRP12
GO:BP	GO:0006366	Transcription By RNA Polymerase II	21	CCNH,CDK7,CEBPD,CREB1,DRAP1,E2F2,ETV1,GTF2A2,GTF2E2,MNAT1,NR1H2,PARP1,POLR2I,POLR2K,PPARG,SKIC8,TBP,TBPL1,TCFL5,TFDP1,XBP1
GO:BP	GO:0006396	RNA Processing	16	AKAP8L,DNTTIP2,DUSP11,EXOSC4,FASTKD5,FBXO11,LSM5,LSM6,MBNL1,NOL3,PRKACA,PRPF4,RBM6,RNPS1,TCERG1,TENT4A
GO:BP	GO:0006397	mRNA Processing	14	CASC3,FBXO11,HSPA8,HTATSF1,LSM5,LSM6,PIN1,PPIE,PRKACA,PRPF4,RBM6,RNMT,RNPS1,TCERG1
GO:BP	GO:0006412	Translation	11	ABCF1,EIF4G1,EPRS1,IARS2,MRPL12,MRPL19,MRPS16,MRPS2,RPS5,RPS6,TNIP1
GO:BP	GO:0006417	Regulation Of Translation	21	APP,BZW2,CIRBP,EIF4G1,EIF5,ELAVL1,ELP1,EPRS1,ERBB2,FOXO3,GAPDH,GRB7,HSPB1,IFRD2,IGF2BP2,MAPKAPK5,NOLC1,RPS6KA1,SOX4,TRIM2,YTHDF1
GO:BP	GO:0006468	Protein Phosphorylation	79	ABL1,ADAM10,AKT1,APP,AURKA,AURKB,BECN1,BIRC5,BMP4,BTK,CAB39,CCL2,CDC25B,CDK1,CDK19,CDK2,CDK4,CDK5R1,CDK6,CHEK1,CHEK2,COQ8A,CREB1,CSK,CSNK1A1,CSNK1E,CSNK2A2,DDR1,DYRK3,EGFR,EPHA3,EPHB2,ERBB2,FAM20B,FGFR2,FGFR4,FYN,IGF1R,IGFBP3,IKBKB,IKBKE,ILK,KIT,LYN,MAP4K4,MAPK13,MAPK9,MAPKAPK2,MAPKAPK3,MAPKAPK5,MAST2,MELK,MKNK1,OXSR1,PAK1,PAK4,PAK6,PIK3C3,PIK3R4,PLK1,PRKACA,PRKAG2,PRKCD,PRKCH,PRKCQ,PRKX,PTK2,PTK2B,PTPN6,RPS6KA1,SRC,STK10,STK25,SYK,TBP,TGFBR2,TLK2,TLR4,TRIB1
GO:BP	GO:0006469	Negative Regulation Of Protein Kinase Activity	20	AKT1,CDKN1A,CDKN1B,CHP1,DUSP3,EPHB2,GADD45A,HSPB1,ITGB1BP1,MVP,PRKAG2,PTPN1,PTPRC,RB1,SFN,SH3BP5,SNCA,TESK1,TRIB1,TRIB3
GO:BP	GO:0006470	Protein Dephosphorylation	13	DUSP11,DUSP22,DUSP3,DUSP6,NCK1,PPP2R5A,PPP2R5E,PTPN1,PTPN12,PTPN6,PTPRC,PTPRF,PTPRK
GO:BP	GO:0006486	Protein Glycosylation	11	B4GAT1,COG7,FUT1,GFPT1,MLEC,NPC1,PLOD3,PMM2,PSMD2,ST3GAL5,ST6GALNAC2
GO:BP	GO:0006497	Protein Lipidation	3	PIGB,PIK3C3,ZDHHC6
GO:BP	GO:0006508	Proteolysis	21	ADAM10,BACE2,CAPN1,CASP2,CASP3,CASP7,CLPX,CNDP2,CTSD,CTSL,CXCR4,HTRA1,IDE,LGMN,MALT1,MBTPS1,MMP1,MMP2,NPEPL1,SENP6,XPNPEP1
GO:BP	GO:0006511	Ubiquitin-Dependent Protein Catabolic Process	35	APPBP2,AXIN1,BIRC2,CHMP4A,CHMP6,CNOT4,CSNK1A1,FBXO11,FBXO21,FBXO7,HERC6,HERPUD1,KCTD5,KEAP1,KIF14,KLHDC2,MTA1,NFE2L2,PSMD2,PSMD4,PSMD9,PSMF1,RNF167,SKP1,SQSTM1,STUB1,TRIM13,TRIM2,UBE2A,UBE2C,UBE2L6,UBE3B,UBE3C,VPS28,XBP1
GO:BP	GO:0006605	Protein Targeting	13	ATG3,EDEM1,FBXO7,FIS1,ICMT,MICALL1,PIK3R4,TIMM17B,TIMM9,TOMM34,TOMM70,TRAK2,ZDHHC6
GO:BP	GO:0006606	Protein Import Into Nucleus	10	AKT1,CBLB,IPO13,NUP133,NUP62,NUP85,NUP88,NUP93,STAT3,SYK
GO:BP	GO:0006626	Protein Targeting To Mitochondrion	10	DNAJC15,FBXO7,FIS1,HSPA4,HSPD1,TIMM17B,TIMM22,TIMM9,TOMM34,TOMM70
GO:BP	GO:0006796	Phosphate-Containing Compound Metabolic Process	19	AKT1,ALDOA,ALDOC,CERK,COQ8A,DUSP22,DUSP3,DUSP4,EPHB2,GFPT1,HK1,INPP1,INPP4B,PAK1,PFKL,PIK3CA,PLA2G15,PTPRC,STAT3
GO:BP	GO:0006816	Calcium Ion Transport	5	ATP2C1,FYN,MCOLN1,MCUR1,TMCO1
GO:BP	GO:0006839	Mitochondrial Transport	14	BAD,BCL2,BNIP3,FBXO7,FIS1,KIFBP,OXA1L,PMAIP1,SLC25A13,SLC25A4,TIMM17B,TIMM9,TOMM34,TOMM70
GO:BP	GO:0006874	Intracellular Calcium Ion Homeostasis	13	ATP1B1,ATP2C1,BAX,BCL2,CD40,CHERP,EDN1,GPER1,HERPUD1,PRKACA,TMCO1,VAPB,WFS1
GO:BP	GO:0006886	Intracellular Protein Transport	37	ACD,AKT1,ARFIP2,ARHGEF2,ARL4C,BAG3,C2CD5,CHP1,CLTC,COG7,COPB2,CTTN,DNAJC15,HDAC6,IPO13,NUP133,NUP62,NUP85,NUP88,NUP93,OXA1L,RAB21,RAB31,RTN2,SNX13,SNX6,STAT3,STX1A,STX4,STXBP1,STXBP2,SYK,TIMM17B,TMED10,TRAK2,VPS28,XPO7
GO:BP	GO:0006887	Exocytosis	9	RAB11FIP2,RAB27A,RAB31,SCRN1,SNAP25,STX1A,STX4,SYNGR3,TMED10
GO:BP	GO:0006897	Endocytosis	17	ADRB2,APOE,APP,CDC42,CLTC,CORO1A,CSNK1E,CTTN,DNM1,EPN2,HOOK2,IGF2R,JMJD6,MICALL1,PIK3C3,RAB11FIP2,TLR4
GO:BP	GO:0006898	Receptor-Mediated Endocytosis	15	ADRB2,APOE,CLTB,CLTC,CTSL,CTTN,DNM1,FCHO1,IGF2R,MICALL1,RAB31,RALA,RALB,SNCA,SYK
GO:BP	GO:0006915	Apoptotic Process	38	AKT1,APP,BAD,BAX,BCL2,BID,BNIP3,CASP10,CASP2,CASP3,CASP7,CFLAR,CHEK1,CXCR4,DDIT4,ERBB3,FAS,GADD45A,GAPDH,HSPD1,IER3,IL1B,MELK,MYC,NFKBIA,PAK4,PAK6,PARP1,PIK3CA,PLSCR1,PLSCR3,PMAIP1,PPARD,PRKCD,PTK2B,TGFBR2,TNFRSF21,VDAC1
GO:BP	GO:0006919	Activation Of Cysteine-Type Endopeptidase Activity Involved In Apoptotic Process	10	BAD,BAX,BID,CASP10,CASP2,CYCS,HSPD1,PPARG,SMAD3,SNCA
GO:BP	GO:0006954	Inflammatory Response	20	ADGRE5,CCL2,CD40,CD44,CXCL2,CXCR4,FOS,GATA3,IKBKB,IL1B,KIT,MAPK9,MAPKAPK2,NFATC3,NFATC4,NFKB2,RELB,STAT3,TBXA2R,TLR4
GO:BP	GO:0006974	DNA Damage Response	49	ABL1,BAX,BCL2,BID,BRCA1,CASP2,CCND1,CDK1,CDKN1A,CHEK1,CHEK2,CSNK1E,DDB2,GADD45A,IER3,IKBKE,INTS3,LIG1,LYN,MAPKAPK2,MNAT1,MSH6,MYC,PAK1,PARP1,PARP2,PDS5A,PNKP,POLB,POLE2,PRKCD,RAD51C,RAD9A,RFC2,RFC5,RPA1,RPA3,SFN,SMC1A,SUV39H1,TENT4A,TIMELESS,TLK2,TOP2A,TOPBP1,TP53,TP53BP1,UBE2A,VAV3
GO:BP	GO:0006986	Response To Unfolded Protein	11	BAX,DAXX,DNAJB1,DNAJB2,HERPUD1,HSPA1A,HSPA4,HSPA8,HSPB1,HSPD1,PTPN1
GO:BP	GO:0006996	Organelle Organization	43	APOE,CCL2,CDC42,CHMP4A,CHMP6,COG2,COG4,COG7,CSNK1A1,DNAJA3,DNM1L,DYRK3,GABPB1,HAT1,HSD17B10,KAT6A,KIF5C,MAST2,MCOLN1,MTFR1,MYC,NOL3,NOS3,PACSIN3,PAK4,PAK6,PARP1,PEX11A,RAB31,RB1,REEP5,SNX11,STX4,TERT,TMED10,TOR1A,TPM1,USP6NL,VAPB,WASF3,YME1L1,YTHDF1,ZW10
GO:BP	GO:0007005	Mitochondrion Organization	25	BAX,BID,BNIP3,BNIP3L,DNAJA3,DNM1L,FBXO7,FIS1,GABPB1,HSD17B10,HSPD1,MTFR1,NOS3,OXA1L,PARP1,SLC25A4,SLC25A46,SUPV3L1,TERT,TIMM17B,TIMM9,TOMM34,TOMM70,TRAK2,YME1L1
GO:BP	GO:0007010	Cytoskeleton Organization	10	APOE,CCL2,MAST2,NOL3,PACSIN3,PAK4,PAK6,PPP2R3C,TPM1,WASF3
GO:BP	GO:0007015	Actin Filament Organization	10	ALDOA,ARHGEF2,CARMIL1,CDC42,CORO1A,EVL,FAT1,PLS1,RAC2,TPM1
GO:BP	GO:0007030	Golgi Organization	10	CDC42,CDK1,COG2,COG4,COG7,CSNK1A1,STK25,TMED10,USP6NL,ZW10
GO:BP	GO:0007041	Lysosomal Transport	11	BECN1,CHMP4A,CHMP6,GRN,HOOK2,HSPA1A,IGF2R,NPC1,PIK3C3,PIK3R4,PLEKHM1
GO:BP	GO:0007052	Mitotic Spindle Organization	11	AURKA,AURKB,BIRC5,CCNB1,CENPE,CHEK2,PLK1,RHOA,SMC1A,SMC3,STMN1
GO:BP	GO:0007080	Mitotic Metaphase Plate Congression	12	BECN1,CCNB1,CENPE,CHMP4A,CHMP6,EML3,KIF14,KIF2C,NUP62,PSRC1,RRS1,ZW10
GO:BP	GO:0007088	Regulation Of Mitotic Nuclear Division	10	AURKA,BMP4,CCNB1,CHEK1,EDN1,EGF,IL1B,NUP62,NUSAP1,PIN1
GO:BP	GO:0007141	Male Meiosis I	2	CCNA1,FOXJ3
GO:BP	GO:0007160	Cell-Matrix Adhesion	10	CD44,CTTN,DDR1,ILK,ITGAE,ITGB1BP1,ITGB5,PTPRK,SRC,TIAM1
GO:BP	GO:0007162	Negative Regulation Of Cell Adhesion	12	ADAM10,EPHB2,ERBB3,FZD7,ITGB1BP1,MUC1,NOTCH1,PTK2,PTPRC,RASA1,RHOA,SERPINE1
GO:BP	GO:0007167	Enzyme-Linked Receptor Protein Signaling Pathway	12	DDR1,EGFR,ERBB2,ERBB3,FGFR2,FGFR4,FRS2,FYN,LYN,MPZL1,PTPRF,SYK
GO:BP	GO:0007169	Transmembrane Receptor Protein Tyrosine Kinase Signaling Pathway	47	ADRB2,AKT1,CASP3,CDK5R1,CEP57,CHN1,CRK,DDIT4,DDR1,EGFR,EPHA3,EPHB2,ERBB2,ERBB3,FGFR2,FGFR4,FOXO4,FRS2,FYN,GHR,GRB10,GRB7,IDE,IGF1R,KIT,LYN,MAPKAPK2,MAPKAPK3,MMP2,MPZL1,MVP,NFATC4,PAK1,PDGFA,PIK3CA,PIK3R3,PTK2,PTK2B,PXN,RASA1,SHC1,SOCS2,SRC,STAT3,STMN1,SYK,TIAM1
GO:BP	GO:0007173	Epidermal Growth Factor Receptor Signaling Pathway	12	AKT1,EGF,EGFR,ERBB2,GRB7,IQGAP1,NCK2,PIK3CA,PTK2,PTK2B,SHC1,SRC
GO:BP	GO:0007178	Transmembrane Receptor Protein Serine/Threonine Kinase Signaling Pathway	17	BAMBI,BMP4,FOS,ITGB5,JUN,NUP93,PPARG,PTK2,PTPRK,PXN,SMAD3,SRC,STAT3,STUB1,TGFB3,TGFBR2,ZMIZ1
GO:BP	GO:0007179	Transforming Growth Factor Beta Receptor Signaling Pathway	13	BAMBI,FOS,ITGB5,JUN,PTK2,PTPRK,PXN,SMAD3,SRC,STAT3,TGFB3,TGFBR2,ZMIZ1
GO:BP	GO:0007188	Adenylate Cyclase-Modulating G Protein-Coupled Receptor Signaling Pathway	10	ADGRE5,ADGRG1,ADRB2,GNA11,GNA15,GNAI1,GNAI2,GNAS,GPER1,TBXA2R
GO:BP	GO:0007229	Integrin-Mediated Signaling Pathway	10	ADAM10,CDC42,ILK,ITGAE,ITGB1BP1,ITGB5,PTK2,PTK2B,SRC,SYK
GO:BP	GO:0007264	Small GTPase Mediated Signal Transduction	19	ARFIP2,ARHGAP1,CCNA2,CDK2,CDKN1A,CDKN2A,CHP1,CRKL,G3BP1,HACD3,MAPKAPK5,NRAS,NUCB2,RALA,RALB,RALGDS,RB1,TIAM1,TP53
GO:BP	GO:0007265	Ras Protein Signal Transduction	20	ADGRG1,ARHGAP1,CCNA2,CDK2,CDKN1A,CDKN2A,CRKL,CTNNAL1,G3BP1,GARRE1,HACD3,MAPKAPK5,NRAS,RALA,RALB,RALGDS,RB1,RHOA,TIAM1,TP53
GO:BP	GO:0007268	Chemical Synaptic Transmission	9	APOE,PAFAH1B1,RPS6KA1,SLC1A4,SNAP25,SNCA,STXBP1,STXBP2,SYPL1
GO:BP	GO:0007346	Regulation Of Mitotic Cell Cycle	16	APP,AURKA,CCNB1,CDC20,CDC25B,CDKN1B,DUSP3,DYNLT3,EIF4EBP1,GMNN,IQGAP1,LGMN,PIN1,PLK1,RB1,USP22
GO:BP	GO:0007399	Nervous System Development	20	APP,ARNT2,CHAC1,CHERP,CXCR4,EGFR,EPHB2,ERBB2,ERBB3,EVL,FEZ2,HES1,IGF2BP2,MBNL1,MEF2C,PAFAH1B3,PAX8,SOX4,STAT3,TRAK2
GO:BP	GO:0007409	Axonogenesis	14	APP,CDK5R1,DAG1,EPHA3,EPHB2,FEZ2,FGFR2,FYN,GLI2,KIF5C,MYCBP2,NOTCH1,PRKCQ,PTK2
GO:BP	GO:0007411	Axon Guidance	13	CDK5R1,CHN1,DAG1,EPHA3,EPHB2,FEZ2,FYN,GLI2,KIF5C,MYCBP2,NOTCH1,PRKCQ,PTK2
GO:BP	GO:0007417	Central Nervous System Development	16	ABCB6,ADGRG1,APP,ARNT2,CDK5R1,COL4A1,CXCR4,DDIT4,LSR,PAFAH1B3,PAX8,PHGDH,SOX4,STAT3,TGFBR2,UFM1
GO:BP	GO:0007420	Brain Development	12	ABCB6,ADGRG1,ARNT2,CDK5R1,COL4A1,CXCR4,DDIT4,PAFAH1B1,PAFAH1B3,PHGDH,TGFBR2,UFM1
GO:BP	GO:0007498	Mesoderm Development	3	BTK,IKZF1,MEST
GO:BP	GO:0007507	Heart Development	14	BMP4,CDKN1A,CDKN1B,ERBB3,GLI2,ID2,MEF2C,NOTCH1,OXSR1,PDLIM1,PTK2,SOX4,TBX2,TGFBR2
GO:BP	GO:0007600	Sensory Perception	3	CCL2,GNAS,NIPSNAP1
GO:BP	GO:0008104	Protein Localization	29	ACD,ARFIP2,ARHGEF2,ARL4C,CLTC,COG7,COPB2,CTTN,DDX42,DNAJC15,EGFR,HDAC6,HOOK2,PTPRK,RAB21,RAB31,RRAGA,SNX13,SNX6,SQSTM1,STX1A,STX4,STXBP1,STXBP2,TIMM17B,TM9SF2,TM9SF3,TMED10,TP53
GO:BP	GO:0008203	Cholesterol Metabolic Process	10	ACLY,APOE,FDFT1,HMGCR,HMGCS1,INSIG1,LBR,NSDHL,PPARD,TSKU
GO:BP	GO:0008284	Positive Regulation Of Cell Population Proliferation	67	ADAM10,AKT1,BAD,BAMBI,BCL2,BCL7B,BIRC5,BMP4,CAPN1,CCNA2,CDC25B,CDK2,CDK4,CDK6,CDKN1A,CRKL,EAPP,EDN1,EGF,EGFR,ERBB2,ERBB3,EZH2,FGFR2,FGFR4,FOSL1,GNAI2,GPER1,GRN,HDAC2,HES1,HMGA2,HMOX1,ID2,IGF1R,IL1B,ITGB1BP1,KIF14,LGMN,LYN,MEF2C,MYC,NOTCH1,OXSR1,PAK1,PDGFA,PRKCH,PTK2,PTK2B,PTPN6,PTPRC,RPS6,S100A13,SHC1,SMARCA4,SMARCC1,SOX4,STAMBP,STAT1,STX4,TBX2,TERT,TGFB3,TGFBR2,TIAM1,TJP1,XBP1
GO:BP	GO:0008285	Negative Regulation Of Cell Population Proliferation	47	ADGRG1,APOE,APP,ATF5,BMP4,CDK6,CDKN1A,CDKN1B,CDKN2A,CEBPA,CGRRF1,CHERP,DNAJA3,DNAJB2,ETS1,FOXO4,GATA2,GATA3,GET1,GPER1,HES1,HMOX1,HSPA1A,IGFBP3,IL1B,ITGB1BP1,LYN,MYC,NCK2,NOS3,NOTCH1,NUP62,PAK1,PPARG,PTK2B,PTPN6,PTPRK,SMAD3,SOX2,SOX4,TES,TFAP2A,TFDP1,TGFB3,TP53,TRIB1,VGLL4
GO:BP	GO:0008593	Regulation Of Notch Signaling Pathway	10	AKT1,CHAC1,EPN2,GATA2,ITGB1BP1,NOS3,RFNG,SRC,STAT3,ZMIZ1
GO:BP	GO:0008630	Intrinsic Apoptotic Signaling Pathway In Response To DNA Damage	11	BAX,BCL2,BRCA1,CASP2,CHEK2,DDIT4,IKBKE,MSH6,SFN,TMEM109,TP53
GO:BP	GO:0008637	Apoptotic Mitochondrial Changes	10	ATG3,BAD,BAX,BCL2,BID,BNIP3,DNM1L,FIS1,HSPD1,SFN
GO:BP	GO:0009057	Macromolecule Catabolic Process	11	BECN1,CASP3,CASP7,CHEK2,DFFB,EXOSC4,IDE,LGMN,PIK3R4,SQSTM1,SUPV3L1
GO:BP	GO:0009059	Macromolecule Biosynthetic Process	12	ABCF1,ALAS1,APOE,B4GAT1,EIF4G1,EXT1,MRPL12,MRPS16,RPS5,RPS6,TERT,TNIP1
GO:BP	GO:0009101	Glycoprotein Biosynthetic Process	10	B4GAT1,CANT1,COG7,FAM20B,FUT1,NPC1,PMM2,ST3GAL5,ST6GALNAC2,TNIP1
GO:BP	GO:0009267	Cellular Response To Starvation	16	BECN1,CDKN1A,FAS,FOXO3,HSPA8,NPRL2,PIK3C3,PIK3R4,PMAIP1,RALB,RRAGA,RRP8,SESN1,SUV39H1,TP53,XBP1
GO:BP	GO:0009411	Response To UV	19	AURKB,CAT,CCND1,CDC25A,CIRBP,DDB2,EGFR,MAP3K4,MAPK13,MSH6,MYC,PARP1,PCNA,PRKCD,PTPRK,TENT4A,TP53,UBE2A,USP1
GO:BP	GO:0009893	Positive Regulation Of Metabolic Process	12	ADRB2,CXCR4,DECR1,ELOVL6,GNAS,GRB10,IGF1R,IL4R,KDM3A,MUC1,SMARCA4,SYK
GO:BP	GO:0009966	Regulation Of Signal Transduction	20	APP,CRK,CSK,ERBB3,FGFR2,FYN,GATA3,IGFBP3,ILK,ITGB1BP1,NCK1,NCK2,NUP62,PLSCR1,PTPN1,PXN,RFNG,RGS2,SOCS2,SRC
GO:BP	GO:0009967	Positive Regulation Of Signal Transduction	24	BAX,CDH3,CTSL,EPN2,FAS,FGFR2,GATA3,GPER1,GRB10,HIF1A,IL1B,ILK,ITGB1BP1,MACF1,NOS3,PIH1D1,PTK2B,PTPRC,SMARCA4,SRC,STAT3,TERT,XBP1,ZMIZ1
GO:BP	GO:0009968	Negative Regulation Of Signal Transduction	33	AKT1,BCL2,CHAC1,CSNK2A2,EPN2,ERBB3,EZH2,GATA2,GATA3,GPC1,GRB10,GRB7,IGFBP3,IL1B,LGMN,LRPAP1,LYN,NCK1,PIP4K2B,PPARG,PRKCD,PRKCQ,PTPN1,PTPN12,PTPRC,RB1,RGS2,SNCA,TLE1,TRIB1,TSKU,TSPAN6,VGLL4
GO:BP	GO:0010256	Endomembrane System Organization	19	CDC42,COG2,COG4,COG7,CSNK1A1,DNM1,DNM1L,HOOK2,NUP93,PLEKHJ1,REEP5,SQSTM1,TMED10,TOR1A,USP6NL,VAPB,WASHC4,WASHC5,ZW10
GO:BP	GO:0010389	Regulation Of G2/M Transition Of Mitotic Cell Cycle	11	CCNB1,CCND1,CDC25A,CDC25B,CDK1,CDK2,CDK4,CDK6,CDKN1A,KIF14,RAD51C
GO:BP	GO:0010467	Gene Expression	24	ABCF1,CASC3,CASP10,CASP3,CASP7,DNTTIP2,DUSP11,EIF4G1,EXOSC4,HSPD1,MBTPS1,MRPL12,MRPS16,NUP133,NUP85,NUP88,PRPF4,RAE1,RBM15B,RBM6,RPS5,RPS6,STUB1,TNIP1
GO:BP	GO:0010498	Proteasomal Protein Catabolic Process	20	APPBP2,ATF6,AXIN1,BIRC2,CSNK1A1,FBXO7,KCTD5,KIF14,KLHDC2,MTA1,NFE2L2,PMAIP1,PSMD2,PSMD4,SKP1,STUB1,TRIM13,TRIM2,UBE2A,XBP1
GO:BP	GO:0010506	Regulation Of Autophagy	33	AKT1,ATF6,ATP6V0B,ATP6V1D,BAD,BCL2,BECN1,BNIP3,CAPN1,CASP3,CDK5R1,CSNK2A2,DNM1L,EIF4G1,FOXO3,GAPDH,HDAC6,HSPB1,KEAP1,NPRL2,PIK3C3,PIK3R4,PIP4K2B,PRKACA,RRAGA,SNX6,SQSTM1,STAT3,TICAM1,TLK2,TRIB3,UBQLN2,VDAC1
GO:BP	GO:0010508	Positive Regulation Of Autophagy	12	ATF6,BAD,BECN1,BNIP3,BNIP3L,FBXO7,FOXO3,NPRL2,SESN1,SQSTM1,TICAM1,TRIM13
GO:BP	GO:0010557	Positive Regulation Of Macromolecule Biosynthetic Process	13	AKT1,CCL2,CIRBP,EGF,ELAVL1,ERBB2,FGFR4,IL1B,RFX5,SOX4,TLR4,XBP1,YTHDF1
GO:BP	GO:0010558	Negative Regulation Of Macromolecule Biosynthetic Process	10	CDKN1A,CLTC,EDN1,EPRS1,GAPDH,GRB7,HDAC2,IFRD2,IGF2BP2,TRIM2
GO:BP	GO:0010564	Regulation Of Cell Cycle Process	25	ATF5,AURKA,AURKB,BCL7B,BECN1,CALM3,CCP110,CDC42,CHEK1,FSD1,GPER1,HMGA2,KIF20A,KIF2C,KLHL21,KLHL9,MYC,PIK3C3,PIK3R4,PIN1,PLK1,RRP8,SMARCA4,SMARCC1,SMARCD2
GO:BP	GO:0010594	Regulation Of Endothelial Cell Migration	16	ABL1,AKT1,APOE,BMP4,EDN1,EGF,ETS1,FUT1,GATA3,GFUS,GRN,ITGB1BP1,PRCP,PTK2,PTK2B,SCARB1
GO:BP	GO:0010595	Positive Regulation Of Endothelial Cell Migration	19	ABL1,AKT1,BMP4,CD40,EDN1,EGF,ETS1,FUT1,GATA2,GATA3,GFUS,GRN,HIF1A,HSPB1,ITGB1BP1,LGMN,NOS3,PTK2B,SCARB1
GO:BP	GO:0010604	Positive Regulation Of Macromolecule Metabolic Process	44	AKT1,APP,BMP4,BRCA1,CDH3,DNMT1,EGF,EGR1,EIF4G1,EPHB2,ETS1,FGFR4,GATA2,GPER1,HIF1A,HMGA2,HOXA5,HSPA1A,ID2,IL1B,MAP2K5,MAPK9,MEF2C,MYC,NFE2L2,NFKBIA,NOS3,NOTCH1,NR1H2,OXSR1,PIK3R3,PLSCR1,PPARG,PTPN1,RAB27A,SMAD3,SNCA,STAT3,TFAP2A,TICAM1,TLE1,TLR4,TP53,WFS1
GO:BP	GO:0010605	Negative Regulation Of Macromolecule Metabolic Process	23	ADAM10,ANXA7,APOE,APP,AURKA,BMP4,CRKL,DAXX,DNMT1,EDN1,GATA2,GPER1,HIF1A,ID2,LGMN,MEF2C,NOTCH1,PPARG,RB1,SMAD3,STAT3,TERT,TIPARP
GO:BP	GO:0010628	Positive Regulation Of Gene Expression	47	AKT1,APP,BMP4,BRCA1,CDH3,CIRBP,DNMT1,EGF,EGR1,ELAVL1,EPHB2,ERBB2,ETS1,FGFR4,GAPDH,GATA2,GPER1,HIF1A,HMGA2,HOXA5,HSPA1A,ID2,IL1B,MAPK9,MEF2C,MYC,NFE2L2,NOS3,NOTCH1,OXSR1,PIK3R3,PLSCR1,PPARG,RAB27A,S100A13,SMAD3,SMARCA4,SOX4,STAT3,TENT4A,TFAP2A,TICAM1,TLE1,TLR4,TP53,VPS72,YTHDF1
GO:BP	GO:0010629	Negative Regulation Of Gene Expression	35	ADAM10,ANXA7,APOE,APP,AURKA,BMP4,CHEK1,CRKL,DAXX,DNMT1,EPRS1,EZH2,GAPDH,GATA2,GPER1,GRB7,HIF1A,HSPA1A,ID2,IFRD2,IGF2BP2,LGMN,LSM5,LSM6,MEF2C,NOTCH1,PPARG,RB1,RNH1,SMAD3,STAT3,TERT,TIPARP,TRIM2,ZFP36
GO:BP	GO:0010634	Positive Regulation Of Epithelial Cell Migration	18	ABL1,AKT1,BMP4,EDN1,EGF,ETS1,FUT1,GATA3,GFUS,GRN,HDAC6,HIF1A,ITGB1BP1,MAP4K4,PTK2,PTK2B,SCARB1,SRC
GO:BP	GO:0010717	Regulation Of Epithelial To Mesenchymal Transition	13	BAMBI,COL1A1,DAG1,EPHA3,EZH2,GATA3,IL1B,PTK2,SMAD3,SPRED2,TGFB3,TGFBR2,TIAM1
GO:BP	GO:0010718	Positive Regulation Of Epithelial To Mesenchymal Transition	10	BAMBI,COL1A1,EZH2,IL1B,NOTCH1,PTK2,SMAD3,TGFB3,TGFBR2,TIAM1
GO:BP	GO:0010811	Positive Regulation Of Cell-Substrate Adhesion	11	ABL1,CARMIL1,CDC42,CDK6,CRK,CRKL,FUT1,ILK,PTK2B,RSU1,TESK1
GO:BP	GO:0010822	Positive Regulation Of Mitochondrion Organization	14	AURKA,BAD,BAX,BID,BNIP3,DNM1L,FBXO7,FIS1,GPER1,MLLT11,PMAIP1,RALA,TP53,ZDHHC6
GO:BP	GO:0010975	Regulation Of Neuron Projection Development	19	AKT1,APOE,CAMSAP2,CDK5R1,CHN1,DDR1,EPHA3,FBXO7,FKBP4,FZD1,HDAC2,LYN,MYCBP2,NOL3,PAK1,PTK2B,TSKU,TWF2,YTHDF1
GO:BP	GO:0014066	Regulation Of Phosphatidylinositol 3-Kinase Signaling	13	BECN1,DDR1,EGF,EGFR,ERBB3,GPER1,IGF1R,KIT,PDGFA,PTK2,PTPN6,SRC,STAMBP
GO:BP	GO:0014068	Positive Regulation Of Phosphatidylinositol 3-Kinase Signaling	11	BECN1,DDR1,EGF,ERBB3,GPER1,IGF1R,KIT,PDGFA,PTK2,PTPN6,SRC
GO:BP	GO:0014070	Response To Organic Cyclic Compound	12	ALAS1,ATF1,CCL2,CREB1,FGFR4,IL1B,PMAIP1,SOCS2,SPP1,STAT3,STAT5B,TIPARP
GO:BP	GO:0015031	Protein Transport	26	ACD,APOE,ARFIP2,ARHGAP1,ARHGEF2,ARL4C,CLTC,COG7,COPB2,CTTN,DNAJC15,HDAC6,MACF1,MCOLN1,PPARG,RAB21,RAB31,SNX13,SNX6,SNX7,STX1A,STX4,STXBP1,STXBP2,TIMM17B,TMED10
GO:BP	GO:0015711	Organic Anion Transport	6	ABCC5,SLC25A4,SLC2A6,SLC35A1,SLC35A3,SLC35B1
GO:BP	GO:0016050	Vesicle Organization	12	CHMP4A,CHMP6,CORO1A,DNM1,HOOK2,PLEKHJ1,SNX11,SQSTM1,STX4,TRAPPC3,WASHC4,WASHC5
GO:BP	GO:0016052	Carbohydrate Catabolic Process	8	ALDOC,DERA,ENOSF1,GAPDH,HK1,PFKL,PGAM1,PGM1
GO:BP	GO:0016070	RNA Metabolic Process	8	DNTTIP2,DUSP11,EXOSC4,IGHMBP2,LAGE3,PRPF4,RBM6,SUPV3L1
GO:BP	GO:0016071	mRNA Metabolic Process	10	AKAP8L,FBXO11,HSPA1A,LSM5,LSM6,PRKACA,RNH1,TCERG1,TP53,ZFP36
GO:BP	GO:0016192	Vesicle-Mediated Transport	28	ADRB2,APP,ARHGAP1,BECN1,CDC42,CHMP4A,CHMP6,CSNK1E,CYTH1,DNM1,EPN2,HOOK2,MICALL1,PIK3C3,PIK3R4,RAB27A,RAB4A,SCRN1,SNAP25,SQSTM1,STX1A,STX4,STXBP1,STXBP2,TMED10,USP6NL,WASHC4,WASHC5
GO:BP	GO:0016197	Endosomal Transport	11	ARHGAP1,ARL4C,CLTC,MICALL1,PLEKHJ1,SNX6,SNX7,SQSTM1,WASHC4,WASHC5,YKT6
GO:BP	GO:0016236	Macroautophagy	10	BECN1,CHMP4A,CHMP6,PIK3C3,PIK3R4,PIP4K2B,PLEKHM1,SQSTM1,SRC,VPS28
GO:BP	GO:0016239	Positive Regulation Of Macroautophagy	10	BAG3,BNIP3,BNIP3L,PIP4K2B,RALB,SESN1,SLC25A4,SNX7,SPTLC2,TRIM13
GO:BP	GO:0016241	Regulation Of Macroautophagy	18	ATP6V0B,ATP6V1D,BECN1,BNIP3,BNIP3L,CAPN1,CASP3,CDK5R1,GAPDH,HDAC6,PIK3C3,PIK3CA,PIK3R4,PRKACA,SESN1,SNX6,TRIM13,UBQLN2
GO:BP	GO:0016310	Phosphorylation	67	ABL1,ADAM10,AKT1,APP,AURKA,AURKB,BECN1,BIRC5,BTK,CCL2,CDC25B,CDK1,CDK19,CDK2,CDK4,CDK6,CERK,CHEK1,CHEK2,COQ8A,CREB1,CSK,CSNK1A1,CSNK1E,CSNK2A2,DYRK3,EPHA3,EPHB2,ERBB2,FAM20B,FYN,HK1,IGFBP3,IKBKB,IKBKE,ILK,LYN,MAP4K4,MAPK9,MAPKAPK2,MAST2,MELK,MKNK1,OXSR1,PAK1,PAK4,PAK6,PIK3C3,PIK3CA,PIK3R4,PLK1,PRKACA,PRKAG2,PRKCD,PRKCH,PRKCQ,PTK2,PTK2B,RPS6KA1,STAT3,STK10,STK25,SYK,TBP,TGFBR2,TLK2,TRIB1
GO:BP	GO:0016311	Dephosphorylation	11	DUSP11,DUSP22,DUSP3,DUSP4,PPP2R5A,PPP2R5E,PTPN1,PTPN12,PTPN6,PTPRC,PTPRK
GO:BP	GO:0016567	Protein Ubiquitination	29	ATG3,BCL2,BIRC2,BLMH,BRCA1,CCNF,CNOT4,DDB2,FBXO11,FBXO7,HERC6,KEAP1,KLHL21,KLHL9,MYCBP2,NFE2L2,PLK1,RNF167,SKP1,STUB1,TRIM13,TRIM2,UBE2A,UBE2C,UBE2J1,UBE2L6,UBE3B,UBE3C,USP7
GO:BP	GO:0016579	Protein Deubiquitination	7	CDK1,MINDY1,STAMBP,USP1,USP14,USP22,USP7
GO:BP	GO:0017015	Regulation Of Transforming Growth Factor Beta Receptor Signaling Pathway	11	ARID4B,BAMBI,HDAC2,HSPA1A,PIN1,PPARG,SMAD3,SNX6,SPRED2,STUB1,ZNF451
GO:BP	GO:0017148	Negative Regulation Of Translation	10	EIF4EBP1,EIF4G1,EPRS1,GAPDH,GRB7,IFRD2,IGF2BP2,TRIM2,YTHDF1,ZFP36
GO:BP	GO:0018105	Peptidyl-Serine Phosphorylation	26	AURKA,CAB39,CDK1,CDK2,CDK5R1,CSNK1A1,CSNK1E,CSNK2A2,DYRK3,IKBKB,IKBKE,MAPK13,MAPK9,MAPKAPK2,MAPKAPK3,MAPKAPK5,MAST2,MKNK1,PLK1,PRKACA,PRKCD,PRKCH,PRKCQ,PRKX,TGFBR2,TLK2
GO:BP	GO:0018108	Peptidyl-Tyrosine Phosphorylation	17	ABL1,BTK,DDR1,EGFR,EPHA3,EPHB2,ERBB2,FGFR2,FGFR4,FYN,IGF1R,LYN,PTK2,PTK2B,PTPN6,SRC,SYK
GO:BP	GO:0018208	Peptidyl-Proline Modification	3	PIN1,PPIC,PPIE
GO:BP	GO:0018209	Peptidyl-Serine Modification	26	AURKA,CAB39,CDK1,CDK2,CDK5R1,CSNK1A1,CSNK1E,CSNK2A2,DYRK3,IKBKB,IKBKE,MAPK13,MAPK9,MAPKAPK2,MAPKAPK3,MAPKAPK5,MAST2,MKNK1,PLK1,PRKACA,PRKCD,PRKCH,PRKCQ,PRKX,TGFBR2,TLK2
GO:BP	GO:0018212	Peptidyl-Tyrosine Modification	15	ABL1,BTK,EGFR,EPHA3,EPHB2,ERBB2,FGFR2,FGFR4,FYN,LYN,PTK2,PTK2B,PTPN6,SRC,SYK
GO:BP	GO:0019221	Cytokine-Mediated Signaling Pathway	27	AKT1,BIRC2,CCL2,CEBPA,CXCL2,EGR1,FOXO3,GHR,IKBKB,IL13RA1,IL1B,IL4R,ILK,KIT,LYN,NFKBIA,PLP2,PRKACA,PTK2B,PTPN6,RRAGA,SRC,STAT1,STAT3,STAT5B,SYK,TP53
GO:BP	GO:0019511	Peptidyl-Proline Hydroxylation	2	P4HA2,P4HTM
GO:BP	GO:0019722	Calcium-Mediated Signaling	8	ATP1B1,BTK,CXCR4,EDN1,FIS1,PRKACA,PTPRC,STIMATE
GO:BP	GO:0019941	Modification-Dependent Protein Catabolic Process	18	CNOT4,FBXO11,FBXO21,FBXO7,HERC6,HERPUD1,KEAP1,PSMD9,PSMF1,RNF167,SQSTM1,STUB1,UBE2A,UBE2C,UBE2L6,UBE3B,UBE3C,XBP1
GO:BP	GO:0022603	Regulation Of Anatomical Structure Morphogenesis	11	CDK5R1,CHN1,DAG1,ERBB2,ETS1,FGFR2,HMOX1,MEF2C,NOL3,PAK1,RNH1
GO:BP	GO:0022607	Cellular Component Assembly	23	ACD,AXIN1,BECN1,CD40,CDC42,DNM1L,EPRS1,FAS,FZD1,HES1,MNAT1,PDGFA,PLS1,PTK2B,RHOA,SLC25A46,STK25,TIAM1,TP53,TSPAN4,WASF3,YTHDF1,ZW10
GO:BP	GO:0022618	protein-RNA Complex Assembly	8	DHX29,EIF5,KHDC4,NOL3,PUF60,RPS5,RRS1,TNIP1
GO:BP	GO:0030003	Intracellular Monoatomic Cation Homeostasis	10	APP,ATP1B1,ATP2C1,CD40,CHERP,EDN1,HMOX1,MYC,SLC11A2,VAPB
GO:BP	GO:0030071	Regulation Of Mitotic Metaphase/Anaphase Transition	10	BCL7B,CCNB1,CDC20,CENPE,PLK1,RB1,SMARCA4,SMARCC1,SMARCD2,UBE2C
GO:BP	GO:0030097	Hemopoiesis	11	BMP4,CEBPA,FGFR2,KAT6A,KIT,LYN,MELK,PRKX,PTPRC,TGFBR2,TP53
GO:BP	GO:0030100	Regulation Of Endocytosis	12	ABL1,APOE,EPHA3,LRPAP1,PACSIN3,PTPN1,PTPRC,RAB4A,SCARB1,SNCA,SRC,SYK
GO:BP	GO:0030111	Regulation Of Wnt Signaling Pathway	11	APP,FGFR2,FZD7,GRB10,MACF1,SMARCA4,TERT,TIAM1,TLE1,TSKU,VGLL4
GO:BP	GO:0030155	Regulation Of Cell Adhesion	20	ADAM10,ADGRG1,CXCR4,CYTH1,EPHB2,ERBB2,ERBB3,FUT1,ITGB1BP1,KIF14,LYN,PRKX,PTK2,PTK2B,RAC2,RASA1,RSU1,SRC,STX4,TPM1
GO:BP	GO:0030163	Protein Catabolic Process	16	APOE,BNIP3,BNIP3L,CASP3,CASP7,CHEK2,CLPX,CTSD,CTSL,HSPA8,IDE,LGMN,MALT1,PMAIP1,SQSTM1,YME1L1
GO:BP	GO:0030177	Positive Regulation Of Wnt Signaling Pathway	14	BAMBI,CDH3,COL1A1,CSNK1E,EGF,EGFR,FGFR2,ILK,MACF1,PIN1,RUVBL1,SMARCA4,SOX4,TERT
GO:BP	GO:0030182	Neuron Differentiation	15	CASP3,CDK5R1,CFLAR,DDIT4,ERBB2,FZD1,FZD7,GLI2,ID2,MEF2C,NGRN,PIN1,SOX4,UGDH,XBP1
GO:BP	GO:0030198	Extracellular Matrix Organization	10	ADAM10,APP,COL1A1,COL4A1,CRTAP,LOXL1,MMP1,MMP2,PLOD3,ST7
GO:BP	GO:0030262	Apoptotic Nuclear Changes	4	BLCAP,DFFB,GPER1,TOP2A
GO:BP	GO:0030307	Positive Regulation Of Cell Growth	13	AKT1,BCL2,CDC42,EDN1,EGFR,EIF4G1,ERBB2,EXOSC4,MACF1,PSMD10,RPS6KA1,SUPV3L1,TWF2
GO:BP	GO:0030308	Negative Regulation Of Cell Growth	14	BRCA1,CCDC85B,CDKN1A,CDKN1B,CDKN2A,CGRRF1,DNAJB2,HSPA1A,PSRC1,RB1,SMAD3,SMARCA4,TP53,VGLL4
GO:BP	GO:0030334	Regulation Of Cell Migration	48	ADAM10,AKT1,ARID4B,CARMIL1,CCNA2,CDC42,CLIC4,COL1A1,CPNE3,CXCR4,DAG1,DUSP22,DUSP3,EDN1,EGF,EGFR,EPHB2,FOXO3,FYN,GPER1,GRB7,GRN,HDAC2,IGF1R,IL1B,KIF14,KIT,MACF1,MAP4K4,MYLK,NOTCH1,PAK1,PDGFA,PIK3R3,PRKX,PTK2,PTK2B,PTPRK,RHOA,SERPINE1,SRC,STAT3,STX4,SYNE2,TIAM1,TJP1,TPM1,XBP1
GO:BP	GO:0030335	Positive Regulation Of Cell Migration	37	ADAM10,ARHGEF2,CARMIL1,CCNA2,CDC42,COL1A1,CPNE3,CRKL,CXCR4,EDN1,EGF,EGFR,EPHB2,GPER1,GRB7,GRN,HDAC6,HIF1A,IGF1R,IL1B,KIT,MAP4K4,MYLK,NOTCH1,PAK1,PDGFA,PIK3R3,PTK2,PTK2B,PTPRC,SRC,STAT3,STX4,SYNE2,TIAM1,TJP1,XBP1
GO:BP	GO:0030336	Negative Regulation Of Cell Migration	16	ADGRG1,ARID4B,CLIC4,DAG1,DUSP22,DUSP3,EVL,FOXO3,HDAC2,HMOX1,IGFBP3,ITGB1BP1,PTPRK,SERPINE1,TPM1,TRIB1
GO:BP	GO:0030512	Negative Regulation Of Transforming Growth Factor Beta Receptor Signaling Pathway	10	ARID4B,BAMBI,HDAC2,HSPA1A,PIN1,PPARG,SNX6,SPRED2,STUB1,ZNF451
GO:BP	GO:0030855	Epithelial Cell Differentiation	15	AKT1,ALDOC,ANXA7,BMP4,CBR1,CDK1,FGFR2,FZD7,GATA3,HDAC2,PCK2,PCNA,PIH1D1,PPARG,VDAC1
GO:BP	GO:0031032	Actomyosin Structure Organization	9	CSRP1,EPB41L2,ITGB5,MYL9,PDLIM1,RHOA,SRC,TJP1,TPM1
GO:BP	GO:0031175	Neuron Projection Development	18	APOE,APP,CAMSAP2,CDC42,CDK5R1,CTTN,EPHB2,HDGFL3,LYN,MAP4K4,MICALL1,NOL3,PAK1,RB1,SLC25A46,STMN1,TOR1A,TSKU
GO:BP	GO:0031325	Positive Regulation Of Cellular Metabolic Process	10	CBR1,CCNB1,CDK1,CDKN1A,GADD45A,GATA3,IFNAR1,PAX8,TGFBR2,TP53
GO:BP	GO:0031327	Negative Regulation Of Cellular Biosynthetic Process	13	BRCA1,CDKN1A,EPRS1,FYN,GAPDH,GRB7,IFRD2,IGF2BP2,PDGFA,TRIB3,TRIM2,USP7,WDTC1
GO:BP	GO:0031328	Positive Regulation Of Cellular Biosynthetic Process	20	AKT1,ARPP19,CDH3,CIRBP,EDN1,EGR1,ELAVL1,ERBB2,FGFR4,HIF1A,IL1B,LPGAT1,NR1H2,PTGS2,SCARB1,SMAD3,SNCA,SOX4,TLR4,YTHDF1
GO:BP	GO:0031331	Positive Regulation Of Cellular Catabolic Process	18	APOE,APP,ATF6,BAD,BECN1,BNIP3,FOXO3,HIF1A,IL1B,NPRL2,PACSIN3,PHKG2,PRKCD,PTPN1,SNCA,SQSTM1,SUPV3L1,TICAM1
GO:BP	GO:0031334	Positive Regulation Of Protein-Containing Complex Assembly	11	BAX,BID,BTK,EIF4G1,MMP1,SNCA,SRC,STUB1,SYK,TLR4,TP53
GO:BP	GO:0031346	Positive Regulation Of Cell Projection Organization	10	APOE,CARMIL1,DDR1,EPHA3,FZD1,LYN,METRN,PTK2B,TIAM1,TWF2
GO:BP	GO:0031348	Negative Regulation Of Defense Response	11	AKT1,APOE,AURKB,GATA3,GPER1,PARP1,PPARD,PPARG,PRKCD,RB1,STAT3
GO:BP	GO:0031349	Positive Regulation Of Defense Response	13	APP,CEBPA,ETS1,GRN,IL1B,MAPK13,MEF2C,NFKBIA,PLSCR1,SERPINE1,SNCA,TLR4,TNIP1
GO:BP	GO:0031396	Regulation Of Protein Ubiquitination	16	AKT1,AXIN1,BIRC2,BRCA1,CHP1,DAXX,DNAJB2,HSPA1A,MALT1,MYCBP2,PSMD10,SOX4,SQSTM1,STUB1,VPS28,WFS1
GO:BP	GO:0031398	Positive Regulation Of Protein Ubiquitination	13	AXIN1,BIRC2,BRCA1,DCUN1D4,MALT1,MTA1,MYCBP2,PIN1,PLK1,PSMD10,STUB1,TRIB3,WFS1
GO:BP	GO:0031401	Positive Regulation Of Protein Modification Process	33	AKT1,APP,AURKB,AXIN1,BIRC5,BMP4,CALM3,CCNA2,CCND1,CCND3,CD40,CDKN1A,CHP1,CRKL,DAXX,EGFR,EGR1,ERBB2,FAS,GPER1,IL1B,ILK,LYN,PAK1,PIK3R3,PIN1,PPP2R5A,PRKCD,PTK2,RALB,RRP8,SUV39H1,TESK1
GO:BP	GO:0032024	Positive Regulation Of Insulin Secretion	6	BAD,C2CD2L,GPER1,PSMD9,SOX4,STX4
GO:BP	GO:0032091	Negative Regulation Of Protein Binding	14	ADRB2,AKT1,AURKA,AURKB,BAX,CDKN1A,CSNK1E,DNAJB2,ITGB1BP1,LRPAP1,PIN1,PRKCD,PTPRF,RALB
GO:BP	GO:0032092	Positive Regulation Of Protein Binding	11	APOE,APP,BAMBI,BMP4,IDE,NVL,PIN1,RALB,TERT,TIAM1,TRIB3
GO:BP	GO:0032099	Negative Regulation Of Appetite	1	NENF
GO:BP	GO:0032102	Negative Regulation Of Response To External Stimulus	16	AKT1,APOE,AURKB,CASK,CRK,DUSP3,GATA3,GPER1,PARP1,PPARD,PPARG,PRKCD,RB1,SERPINE1,STAT3,TRIB1
GO:BP	GO:0032103	Positive Regulation Of Response To External Stimulus	13	APP,CEBPA,ETS1,GRN,IL1B,MAPK13,NFKBIA,PLSCR1,SERPINE1,SNCA,STX4,TLR4,TNIP1
GO:BP	GO:0032233	Positive Regulation Of Actin Filament Bundle Assembly	11	CARMIL1,CDC42,EVL,ITGB1BP1,PAK1,PXN,RHOA,SORBS3,TESK1,TGFB3,TPM1
GO:BP	GO:0032434	Regulation Of Proteasomal Ubiquitin-Dependent Protein Catabolic Process	16	AXIN1,CDK2,CEBPA,CSNK1A1,CSNK1E,DNAJB2,HERPUD1,HSPA1A,KEAP1,PLK1,PSMD10,STUB1,TLK2,TRIB1,TRIB3,USP7
GO:BP	GO:0032436	Positive Regulation Of Proteasomal Ubiquitin-Dependent Protein Catabolic Process	16	AXIN1,CDC20,CEBPA,CSNK1A1,CSNK1E,DNAJB2,HERPUD1,HSPA1A,KEAP1,NFE2L2,PLK1,PSMD10,STUB1,TRIB1,TRIB3,UBQLN2
GO:BP	GO:0032446	Protein Modification By Small Protein Conjugation	25	ATG3,BRCA1,CCNF,CNOT4,COPS7A,DCUN1D4,FBXO11,FBXO7,HERC6,KEAP1,KLHL21,KLHL9,MYCBP2,NFE2L2,PLK1,SKP1,STUB1,STX1A,TRIM13,UBE2C,UBE2L6,UFM1,USP7,ZMIZ1,ZNF451
GO:BP	GO:0032465	Regulation Of Cytokinesis	17	AURKA,AURKB,BECN1,CALM3,CCP110,CDC25B,CDC42,FSD1,KIF14,KIF20A,KLHL21,KLHL9,PIK3C3,PIK3R4,PIN1,PLK1,RHOA
GO:BP	GO:0032496	Response To Lipopolysaccharide	20	CASP7,CCL2,CXCL2,IFNAR1,IL1B,MAPKAPK2,MAPKAPK3,MEF2C,NFKBIB,NOS3,RHOA,SCARB1,SERPINE1,SNCA,TICAM1,TLR4,TNIP1,TRIB1,XBP1,ZFP36
GO:BP	GO:0032675	Regulation Of Interleukin-6 Production	11	APP,ARHGEF2,HSPD1,IL1B,MAPK13,MAPKAPK2,PTPN6,STAT3,SYK,TLR4,XBP1
GO:BP	GO:0032680	Regulation Of Tumor Necrosis Factor Production	11	APP,ARHGEF2,EPHB2,HSPB1,MAPKAPK2,PTPN6,PTPRC,STAT3,SYK,TLR4,ZFP36
GO:BP	GO:0032869	Cellular Response To Insulin Stimulus	17	AKT1,C2CD5,EPRS1,FOXO4,GRB10,GRB7,IDE,IGF1R,INSIG1,PARP1,PCK2,PIK3R3,PPARG,RAB31,SHC1,TRIB3,XBP1
GO:BP	GO:0032870	Cellular Response To Hormone Stimulus	14	CTSL,GHR,GPER1,HSPA1A,HSPA8,MEF2C,NCOA3,NR3C1,PAX8,SOCS2,SRC,STAT3,STAT5B,XBP1
GO:BP	GO:0032874	Positive Regulation Of Stress-Activated MAPK Cascade	10	APP,AXIN1,BMP4,FZD7,GADD45A,GADD45B,IL1B,MAP3K4,PTK2B,STK25
GO:BP	GO:0032956	Regulation Of Actin Cytoskeleton Organization	15	CARMIL1,CDC42,CORO1A,CRK,EPHA3,PAK1,PDGFA,PIK3CA,PRKCD,PTK2B,RALA,RHOA,RNH1,TESK1,TWF2
GO:BP	GO:0032970	Regulation Of Actin Filament-Based Process	11	CDC42,CORO1A,CRK,EPHA3,PAK1,PDGFA,PRKCD,RALA,RHOA,TESK1,TWF2
GO:BP	GO:0033135	Regulation Of Peptidyl-Serine Phosphorylation	11	AKT1,APP,AXIN1,CD44,EGFR,EIF4G1,HDAC6,NCK1,NCK2,PAK1,SNCA
GO:BP	GO:0033365	Protein Localization To Organelle	11	ATP6V1D,BMP4,COG7,COL1A1,GET1,MICALL1,PAK1,RPA1,RPA2,TOR1A,TRAM2
GO:BP	GO:0033673	Negative Regulation Of Kinase Activity	14	CDKN1B,CHP1,EPHB2,HSPB1,ITGB1BP1,NPRL2,PPP2R5A,PRKAG2,PTPRC,RB1,SFN,SNCA,TRIB1,TRIB3
GO:BP	GO:0033674	Positive Regulation Of Kinase Activity	17	AXIN1,CCNA2,CDKN1A,CENPE,DAXX,DDR1,EGFR,ERBB2,ERBB3,FGFR2,FGFR4,IGF1R,IQGAP1,PRKAG2,PTK2,PTK2B,PTPRC
GO:BP	GO:0033993	Response To Lipid	17	ALAS1,FGFR4,FOXO3,IFNAR1,IL1B,MAPKAPK2,MAPKAPK3,NOS3,PPARG,SNCA,SOCS2,SPP1,STAT3,STAT5B,SYK,TLR4,TRIB1
GO:BP	GO:0034097	Response To Cytokine	17	APP,BCL2,CASP3,CD40,CXCR4,IKBKE,IL1B,MAPKAPK2,MAPKAPK3,NFKB2,PLSCR1,RELB,RHOA,SNCA,SRC,STAT1,TIMP2
GO:BP	GO:0034470	ncRNA Processing	12	ADAT1,DDX10,EBNA1BP2,EXOSC4,INTS3,NOLC1,NVL,PIH1D1,POP4,RPS6,RRP12,TSEN2
GO:BP	GO:0034504	Protein Localization To Nucleus	15	AKT1,BMP4,COL1A1,IPO13,NUP133,NUP62,NUP85,NUP88,NUP93,PLK1,RRS1,SKP1,STAT3,SYK,TOR1A
GO:BP	GO:0034599	Cellular Response To Oxidative Stress	23	ABL1,AKT1,EGFR,FOS,FOXO3,HIF1A,HMOX1,HSPA1A,JUN,KEAP1,MAPK9,MSRA,NFE2L2,PARP1,PRKCD,PTPRK,PXN,PYCR1,SNCA,SQSTM1,STX4,TP53,TPM1
GO:BP	GO:0034612	Response To Tumor Necrosis Factor	16	ADAM10,AKT1,ARHGEF2,ASAH1,BRCA1,CASP3,CCL2,CD40,CD58,GATA3,GPER1,IKBKB,NFE2L2,NFKBIA,TNFRSF21,ZFP36
GO:BP	GO:0034614	Cellular Response To Reactive Oxygen Species	15	AKT1,EDN1,EGFR,FOS,FYN,HDAC6,JUN,MAPK13,MAPK9,NFE2L2,PRKCD,PTPRK,PXN,SQSTM1,TPM1
GO:BP	GO:0034644	Cellular Response To UV	14	AURKB,CDC25A,CDKN1A,DDB2,MAPK13,MMP1,MMP2,MYC,PARP1,PCNA,PRKCD,PTPRK,TENT4A,TP53
GO:BP	GO:0034976	Response To Endoplasmic Reticulum Stress	16	ATF6,BAX,BCL2,CHAC1,ERO1A,HERPUD1,HYOU1,JUN,MBTPS1,NCK1,TMCO1,TP53,TRIB3,UFM1,WFS1,XBP1
GO:BP	GO:0036294	Cellular Response To Decreased Oxygen Levels	16	ADO,BAD,BNIP3,BNIP3L,HIF1A,HMOX1,HYOU1,MYC,NOTCH1,PMAIP1,PPARG,PTGS2,STUB1,SUV39H1,TERT,TP53
GO:BP	GO:0036503	ERAD Pathway	11	ATF6,DNAJB2,EDEM1,HERPUD1,STUB1,TOR1A,TRIM13,UBE2J1,UBQLN2,WFS1,XBP1
GO:BP	GO:0038127	ERBB Signaling Pathway	14	AKT1,CPNE3,EGF,EGFR,GRB7,IQGAP1,MVP,NCK2,PIK3CA,PTK2,PTK2B,SHC1,SRC,STUB1
GO:BP	GO:0042060	Wound Healing	15	CFLAR,CHMP4A,CHMP6,ERBB2,ERBB3,FZD7,HMOX1,MACF1,PAK1,PDGFA,PRCP,SCARB1,SMAD3,TPM1,TSKU
GO:BP	GO:0042113	B Cell Activation	10	BCL2,BTK,CD40,EPHB2,HSPD1,KIT,MALT1,MEF2C,PIK3R3,PTPRC
GO:BP	GO:0042149	Cellular Response To Glucose Starvation	10	BECN1,FOXO3,PIK3C3,PIK3R4,PMAIP1,RRP8,SESN1,SUV39H1,TP53,XBP1
GO:BP	GO:0042176	Regulation Of Protein Catabolic Process	16	APOE,AXIN1,CDKN1B,CHEK2,CHMP6,EGFR,HMGCR,IDE,PIN1,PRKACA,PSME1,PSME2,TIPARP,USP14,VGLL4,VPS28
GO:BP	GO:0042254	Ribosome Biogenesis	16	DDX10,DHX29,DNTTIP2,EBNA1BP2,EXOSC4,GRWD1,HEATR1,NOLC1,NVL,PIH1D1,POP4,RPS5,RPS6,RRP12,RRS1,TNIP1
GO:BP	GO:0042325	Regulation Of Phosphorylation	15	APP,BMP4,CDKN1A,CDKN1B,CDKN2A,EGF,EGFR,FZD7,HSPB1,IKBKB,ILK,LYN,PIN1,PTK2,TESK1
GO:BP	GO:0042326	Negative Regulation Of Phosphorylation	12	BMP4,CDKN1A,CDKN1B,CDKN2A,CHP1,CRKL,EPHB2,IGFBP3,LYN,NPRL2,TERF2IP,TESK1
GO:BP	GO:0042327	Positive Regulation Of Phosphorylation	33	AKT1,APP,AURKB,AXIN1,BIRC5,BMP4,CCNA2,CCND1,CCND3,CD40,CDKN1A,CRKL,DAXX,DDR1,EGF,EGFR,ERBB2,ERBB3,FAS,FGFR2,FGFR4,FZD7,GPER1,IGF1R,IL1B,ILK,LYN,PAK1,PIK3R3,PIN1,PTK2,RALB,TESK1
GO:BP	GO:0042593	Glucose Homeostasis	12	BACE2,BAD,CEBPA,FGFR4,HIF1A,HK1,PPARG,PYGL,RPS6,SOX4,STAT3,WFS1
GO:BP	GO:0043065	Positive Regulation Of Apoptotic Process	43	ATF6,BAD,BAX,BCL2,BID,BMP4,BNIP3,BNIP3L,CASP2,CASP3,CDK5R1,CFLAR,CTSD,CTSL,DNM1L,DUSP6,FAS,FOXO3,GADD45A,GADD45B,GPER1,GRN,HOXA5,HSPD1,HTRA1,IGFBP3,JUN,MELK,MLLT11,PMAIP1,PRR7,RNPS1,RPS6,RRP1B,SNCA,SOX4,SPDEF,SQSTM1,TFAP2A,TGFB3,TOP2A,TP53,TP53BP2
GO:BP	GO:0043066	Negative Regulation Of Apoptotic Process	74	AKT1,APOE,ATF5,BAG3,BCL2,BIRC2,BIRC5,BMP4,BNIP3,BNIP3L,CASP2,CAT,CCL2,CD44,CDK1,CFLAR,CIAPIN1,CSNK2A2,DFFA,DNAJA3,DNAJB6,EGFR,ERBB2,ERBB3,FAS,FHL2,GRN,HDAC2,HMGA2,HSPA1A,HSPB1,HSPD1,IER3,IGF1R,KIF14,LGMN,MALT1,MAP2K5,MAP4K4,MEF2C,MYC,NFATC4,NOL3,NOTCH1,NUP62,OXSR1,PIK3CA,PIK3R3,PLK1,PRKCD,PRKCH,PSMD10,PTK2,PTK2B,RASA1,RB1,RPS6KA1,SFN,SHC1,SNCA,SNX6,SOCS2,SRC,SUPV3L1,TFAP2A,TGFB3,TJP1,TLE1,TP53,UFM1,VDAC1,WFS1,XBP1,YME1L1
GO:BP	GO:0043067	Regulation Of Programmed Cell Death	26	AKT1,ASAH1,BAX,BECN1,BIRC2,BMP4,BNIP3,BNIP3L,DDX42,DFFA,FAS,FBXO11,FYN,MALT1,NUP62,PAX8,PLSCR3,PTPN6,RUVBL1,STAT1,TMEM109,TOMM70,TP53,VPS72,WFS1,XPNPEP1
GO:BP	GO:0043068	Positive Regulation Of Programmed Cell Death	40	ATF6,BAD,BAX,BCL2,BID,BMP4,BNIP3,BNIP3L,CASP2,CASP3,CFLAR,CTSD,DNM1L,DUSP6,FAS,FOXO3,GADD45A,GADD45B,GPER1,HDAC6,HOXA5,HSPD1,HTRA1,IGFBP3,JUN,MELK,MLLT11,PMAIP1,PRR7,RNPS1,RPS6,RRP1B,SNCA,SOX4,SPDEF,SQSTM1,SYK,TGFB3,TOP2A,TP53
GO:BP	GO:0043069	Negative Regulation Of Programmed Cell Death	57	AKT1,ATF5,BAG3,BCL2,BECN1,BIRC2,BIRC5,BMP4,BNIP3,BNIP3L,CASP2,CAT,CD44,CDK1,CFLAR,CIAPIN1,DNAJA3,EGFR,ERBB2,ERBB3,FAS,FHL2,HDAC2,HMGA2,HSPA1A,HSPB1,HSPD1,IER3,IGF1R,KIF14,MALT1,MAP4K4,MYC,NOL3,NUP62,OXSR1,PLK1,PSMD10,PTK2,PTK2B,RASA1,RPS6KA1,SHC1,SNCA,SOCS2,SRC,SUPV3L1,TFAP2A,TJP1,TMEM109,TP53,UFM1,VDAC1,WFS1,XBP1,XPNPEP1,YME1L1
GO:BP	GO:0043087	Regulation Of GTPase Activity	20	CCL2,CD40,CHN1,CRK,EPHA3,ERBB2,EZH2,GNB5,ITGB1BP1,MAP4K4,PIN1,PTK2,RAB11FIP2,RALGDS,RAP1GAP,RRP1B,RSU1,SNX13,USP6NL,VAV3
GO:BP	GO:0043122	Regulation Of I-kappaB kinase/NF-kappaB Signaling	27	ATP2C1,BIRC2,CANT1,CASP10,CD40,CFLAR,GAPDH,GOLT1B,HMOX1,HSPB1,IKBKB,IKBKE,IL1B,MALT1,NUP62,PARP1,RHOA,S100A13,S100A4,SQSTM1,STAT1,TERF2IP,TICAM1,TLE1,TNIP1,TRIM13,TSPAN6
GO:BP	GO:0043123	Positive Regulation Of I-kappaB kinase/NF-kappaB Signaling	21	ATP2C1,BIRC2,CANT1,CASP10,CD40,CFLAR,GAPDH,GOLT1B,HMOX1,IKBKB,IKBKE,MALT1,NUP62,PARP1,RHOA,S100A13,S100A4,TERF2IP,TICAM1,TRIM13,TSPAN6
GO:BP	GO:0043161	Proteasome-Mediated Ubiquitin-Dependent Protein Catabolic Process	28	APPBP2,ASCC3,AXIN1,BIRC2,CCNF,CDC20,CSNK1A1,DNAJB2,EDEM1,FBXL12,FBXO7,HERPUD1,KCTD5,KIF14,KLHDC2,MTA1,NFE2L2,PSMD2,PSMD4,SKP1,STUB1,TRIM13,TRIM2,UBE2A,UBE2C,UBE2J1,UBQLN2,WFS1
GO:BP	GO:0043254	Regulation Of Protein-Containing Complex Assembly	12	APOE,BAX,BID,CDC42,HDAC6,HSPA8,MMP1,RALB,RB1,SRC,STXBP1,SYK
GO:BP	GO:0043280	Positive Regulation Of Cysteine-Type Endopeptidase Activity Involved In Apoptotic Process	19	BAD,BAX,BID,CASP10,CASP2,CTSD,CYCS,FAS,FIS1,GPER1,HSPD1,MALT1,MYC,PMAIP1,PPARG,PRR7,SMAD3,SNCA,SYK
GO:BP	GO:0043281	Regulation Of Cysteine-Type Endopeptidase Activity Involved In Apoptotic Process	18	AKT1,BAD,CD44,CTSD,CYCS,DNAJB6,FIS1,GPER1,MALT1,MAP2K5,MYC,PMAIP1,RPS6KA1,SFN,SNCA,SOX2,SRC,SYK
GO:BP	GO:0043393	Regulation Of Protein Binding	23	AKT1,APP,AURKA,AURKB,BAMBI,BAX,BMP4,CDKN1A,CRK,CSNK1E,DNAJB2,IDE,ITGB1BP1,LRPAP1,NVL,PIN1,PLK1,PRKACA,PRKCD,RALB,TERT,TIAM1,TRIB3
GO:BP	GO:0043405	Regulation Of MAP Kinase Activity	22	APOE,BMP4,CD40,EDN1,EGF,EGFR,ERBB2,EZH2,GHR,IL1B,KIT,LYN,MAP2K5,MEF2C,PDGFA,PPARG,PRKCD,PTPN1,RGS2,TLR4,TRIB1,TRIB3
GO:BP	GO:0043406	Positive Regulation Of MAP Kinase Activity	16	CD40,EDN1,EGF,EGFR,ERBB2,EZH2,GHR,IL1B,KIT,MAP2K5,MAP3K4,MEF2C,PAK1,PDGFA,PTPN1,TLR4
GO:BP	GO:0043408	Regulation Of MAPK Cascade	30	ADRB2,BMP4,CCNA2,DAG1,DUSP3,DUSP4,DUSP6,EGF,EGFR,ERBB2,FAS,FGFR2,GPER1,IGF1R,IL1B,IQGAP1,KIT,LYN,MAP4K4,PAK1,PAK4,PAK6,PDGFA,PSMD10,PTPN6,PTPRC,SHC1,SOX2,SPRED2,SYK
GO:BP	GO:0043409	Negative Regulation Of MAPK Cascade	23	APOE,BMP4,DAG1,DUSP3,DUSP4,DUSP6,EPHB2,GPER1,IGF1R,IL1B,ITGB1BP1,LYN,MYC,PIN1,PPARG,PRKCD,PSMD10,PTPN1,PTPRC,RGS2,SPRED2,TLR4,TNIP1
GO:BP	GO:0043410	Positive Regulation Of MAPK Cascade	33	ADRB2,APOE,APP,BMP4,CCL2,CD40,CD44,CRKL,DDR1,EDN1,EGF,EGFR,ERBB2,EZH2,FGFR2,FGFR4,GHR,GPER1,ICAM1,IGF1R,IL1B,IQGAP1,KIT,MAP2K5,MEF2C,NOTCH1,PDGFA,PTK2B,PTPRC,SHC1,SOX2,STK25,TLR4
GO:BP	GO:0043433	Negative Regulation Of DNA-binding Transcription Factor Activity	17	BHLHE40,CDKN2A,CHP1,E2F2,HDAC2,HES1,ID2,KEAP1,MAP2K5,NFKBIA,NFKBIE,PSMD10,RB1,TFDP1,TRIB1,USP7,WFS1
GO:BP	GO:0043484	Regulation Of RNA Splicing	6	HSPA1A,JMJD6,MBNL1,MBNL2,RRP1B,USP22
GO:BP	GO:0043523	Regulation Of Neuron Apoptotic Process	20	APOE,BAX,BCL2,CCL2,CDK5R1,EGR1,ERBB3,FOXO3,GRN,KIF14,LGMN,MEF2C,NFATC4,PTK2B,RASA1,SNX6,TFAP2A,TGFB3,TRIM2,WFS1
GO:BP	GO:0043524	Negative Regulation Of Neuron Apoptotic Process	15	APOE,BCL2,CCL2,ERBB3,GRN,HIF1A,KIF14,LGMN,MEF2C,NFATC4,PTK2B,RASA1,SNX6,TGFB3,WFS1
GO:BP	GO:0043535	Regulation Of Blood Vessel Endothelial Cell Migration	12	AKT1,APOE,CD40,ETS1,GADD45A,GATA2,HIF1A,HSPB1,MEF2C,NOS3,PPARG,PRCP
GO:BP	GO:0043542	Endothelial Cell Migration	7	LGALS8,NOS3,PIK3CA,PRKX,PXN,RHOA,STAT1
GO:BP	GO:0043547	Positive Regulation Of GTPase Activity	15	CCL2,CD40,ERBB2,EZH2,GNB5,MAP4K4,PIN1,RAB11FIP2,RALGDS,RAP1GAP,RSU1,SNX13,TBC1D9B,TIAM1,USP6NL
GO:BP	GO:0043549	Regulation Of Kinase Activity	10	CDKN1B,DDR1,EGFR,ERBB2,ERBB3,FGFR2,FGFR4,IGF1R,NPRL2,RB1
GO:BP	GO:0043933	Protein-Containing Complex Organization	16	AXIN1,BECN1,CD40,DNM1L,EPRS1,FAS,HES1,MNAT1,NUP133,PTK2B,SLC25A46,TIAM1,TP53,TSPAN4,WASF3,ZW10
GO:BP	GO:0044772	Mitotic Cell Cycle Phase Transition	26	ARPP19,AURKA,CCNA1,CCNA2,CCNB1,CCNB2,CCND1,CCND3,CCNE2,CCNF,CDC25A,CDC25B,CDK1,CDK2,CDK4,CDK6,CDKN1A,CDKN1B,CHEK2,CHMP4A,EIF4EBP1,MELK,MYC,PLK1,UBE2A,UBE2C
GO:BP	GO:0044773	Mitotic DNA Damage Checkpoint Signaling	12	BRCA1,CCND1,CDK1,CDK2,CDKN1A,CHEK1,CHEK2,PLK1,RAD9A,RPA2,TOPBP1,TP53
GO:BP	GO:0044839	Cell Cycle G2/M Phase Transition	15	AKAP8,AKAP8L,ARPP19,AURKA,AURKB,CCNA2,CCNB1,CDC25A,CDC25B,CDK1,CDK2,CHEK2,MELK,PLK1,UBE2A
GO:BP	GO:0044843	Cell Cycle G1/S Phase Transition	12	CCNA2,CCND1,CCND3,CCNE2,CDC25A,CDK2,CDK4,CDK6,CDKN1A,CDKN1B,EIF4EBP1,MYC
GO:BP	GO:0045324	Late Endosome To Vacuole Transport	4	CHMP4A,CHMP6,PIK3R4,TMEM50A
GO:BP	GO:0045582	Positive Regulation Of T Cell Differentiation	11	FOXO3,GATA3,GLI2,HLA-DRA,PNP,SMARCA4,SMARCC1,SMARCD2,SOX4,XBP1,ZMIZ1
GO:BP	GO:0045595	Regulation Of Cell Differentiation	23	BCL7B,BIRC2,CDK5R1,CDK6,CEBPD,DAG1,EPHA3,FGFR2,GATA3,HDAC2,ID2,MTA1,PRKACA,PTK2,RPS6KA1,SMARCA4,SMARCC1,SMARCD2,ST7,SUZ12,TCFL5,TFAP2A,TIAM1
GO:BP	GO:0045596	Negative Regulation Of Cell Differentiation	27	BAMBI,BCL7B,BMP4,CCDC85B,CDK6,EGFR,GATA3,GPER1,HES1,ID2,NFKBIA,NOTCH1,NR1H2,OXSR1,PPARG,PTK2B,RB1,SKIC8,SMAD3,SMARCA4,SMARCC1,SOX2,SOX4,SPRED2,SUZ12,TRIB3,TSKU
GO:BP	GO:0045597	Positive Regulation Of Cell Differentiation	33	AKT1,ARHGEF2,BAMBI,BMP4,CCNA2,COL1A1,CREB1,EZH2,GDPD5,GPC1,HOXA5,ID2,IGFBP3,IL1B,MAPK9,MEF2C,PAX8,PPARD,PPARG,PRKCH,PTK2,RHOA,RPS6KA1,SMAD3,SMARCA4,SMARCC1,SMARCD2,SOX4,TGFB3,TGFBR2,TIAM1,XBP1,ZFP36
GO:BP	GO:0045598	Regulation Of Fat Cell Differentiation	11	AKT1,CCDC85B,CREB1,GPER1,ID2,PPARD,PPARG,SMAD3,TRIB3,XBP1,ZFP36
GO:BP	GO:0045646	Regulation Of Erythrocyte Differentiation	11	CDK6,ETS1,FOXO3,HIF1A,HOXA5,HSPA1A,LYN,STAT1,STAT3,STAT5B,ZFP36
GO:BP	GO:0045667	Regulation Of Osteoblast Differentiation	10	BAMBI,BMP4,CCNA2,CDK6,FGFR2,MEF2C,NOTCH1,PPARG,PRKACA,PTK2
GO:BP	GO:0045739	Positive Regulation Of DNA Repair	11	BCL7B,BRCA1,EGFR,PARP1,PCNA,RUVBL1,SMARCA4,SMARCC1,SMARCD2,TIMELESS,USP1
GO:BP	GO:0045765	Regulation Of Angiogenesis	21	BRCA1,CD40,CEMIP2,ERBB2,ETS1,FOXO4,GATA2,GRN,HIF1A,HMGA2,HMOX1,HOXA5,HSPB1,IL1B,NOS3,PAK4,PPARG,RNH1,SERPINE1,STAT1,XBP1
GO:BP	GO:0045766	Positive Regulation Of Angiogenesis	16	BRCA1,CD40,ETS1,FUT1,GATA2,GRN,HIF1A,HMGA2,HMOX1,HSPB1,IL1B,NOS3,PAK4,SERPINE1,TJP1,XBP1
GO:BP	GO:0045786	Negative Regulation Of Cell Cycle	18	BMP4,BRCA1,CDK6,CDKN1A,CDKN1B,CDKN2A,CEBPA,GATA3,GMNN,GPER1,PLK1,PPP1R13B,PTPRK,RB1,RNF167,RRP8,SUV39H1,TP53BP2
GO:BP	GO:0045787	Positive Regulation Of Cell Cycle	16	AKT1,APP,AURKA,CCNB1,CCND1,CCND3,CDC25B,CHEK1,DUSP3,EGFR,EIF4EBP1,FGFR2,LGMN,PSMD10,PSRC1,USP22
GO:BP	GO:0045807	Positive Regulation Of Endocytosis	10	APOE,CDC42,GATA2,IL1B,RAB21,RAB27A,SERPINE1,SNCA,TOR1A,VPS28
GO:BP	GO:0045859	Regulation Of Protein Kinase Activity	20	AKT1,AXIN1,CCNA2,CDKN1A,CENPE,CHP1,DAXX,EPHB2,HSPB1,IQGAP1,ITGB1BP1,PRKAG2,PTK2,PTK2B,PTPRC,RB1,SFN,SNCA,TRIB1,TRIB3
GO:BP	GO:0045860	Positive Regulation Of Protein Kinase Activity	26	ADRB2,AXIN1,CAB39,CALM3,CCNA2,CDKN1A,CENPE,DAXX,EGR1,ERBB3,EZH2,HMGA2,IQGAP1,KIF14,PIH1D1,PRKAG2,PRKCD,PTK2,PTK2B,PTPN1,PTPRC,RALB,RHOA,SNCA,SRC,TGFBR2
GO:BP	GO:0045862	Positive Regulation Of Proteolysis	10	APOE,BAD,CTSL,FGFR4,HDAC2,IL1B,PACSIN3,PLK1,STUB1,TNIP1
GO:BP	GO:0045926	Negative Regulation Of Growth	14	BRCA1,CCDC85B,CDKN1A,CDKN1B,CDKN2A,CGRRF1,DNAJB2,HSPA1A,PSRC1,RB1,SMAD3,SMARCA4,TP53,VGLL4
GO:BP	GO:0045927	Positive Regulation Of Growth	11	AKT1,BCL2,CDC42,EGFR,EIF4G1,ERBB2,EXOSC4,PSMD10,RPS6KA1,SUPV3L1,WFS1
GO:BP	GO:0046328	Regulation Of JNK Cascade	11	APP,AXIN1,DUSP3,EGFR,FZD7,GADD45A,GADD45B,IGF1R,IL1B,MAP4K4,PTK2B
GO:BP	GO:0046777	Protein Autophosphorylation	27	ABL1,AKT1,AURKA,AURKB,CHEK2,DDR1,EGFR,ERBB2,FGFR2,FGFR4,FYN,IGF1R,KIT,LYN,MAPKAPK2,MAPKAPK3,MAPKAPK5,MELK,MKNK1,OXSR1,PAK1,PRKX,PTK2,PTK2B,SRC,STK10,STK25
GO:BP	GO:0048013	Ephrin Receptor Signaling Pathway	13	CDK5R1,CHN1,CRK,EPHA3,EPHB2,FYN,LYN,MMP2,PAK1,PTK2,RASA1,SRC,TIAM1
GO:BP	GO:0048015	Phosphatidylinositol-Mediated Signaling	10	EDN1,ERBB2,ERBB3,GATA3,IGF1R,PIK3C2B,PIK3C3,PIK3CA,PLCB3,STAT3
GO:BP	GO:0048193	Golgi Vesicle Transport	12	COG2,COG4,COG7,COPB2,HYOU1,KDELR2,TMED10,TRAPPC3,TRAPPC6A,VAPB,YKT6,ZW10
GO:BP	GO:0048662	Negative Regulation Of Smooth Muscle Cell Proliferation	12	APOE,BMP4,CDKN1A,CDKN1B,GPER1,HMOX1,IGFBP3,MEF2C,PPARG,TGFB3,TPM1,TRIB1
GO:BP	GO:0048666	Neuron Development	14	APOE,APP,CDK5R1,ETV1,GLI2,HDGFL3,LYN,MEF2C,MICALL1,RB1,STMN1,TOR1A,UGDH,XBP1
GO:BP	GO:0048699	Generation Of Neurons	12	CASP3,CDK5R1,CDK6,CFLAR,DDIT4,ERBB2,FZD1,FZD7,MEF2C,NGRN,PAFAH1B1,PIN1
GO:BP	GO:0048732	Gland Development	10	ARID5B,CEBPA,FGFR2,GLI2,HES1,LSR,PAX8,SOX2,TGFB3,XBP1
GO:BP	GO:0050671	Positive Regulation Of Lymphocyte Proliferation	11	BCL2,CD320,CD40,EPHB2,IL1B,MEF2C,NCK1,NCK2,PNP,PTPRC,VAV3
GO:BP	GO:0050678	Regulation Of Epithelial Cell Proliferation	12	BAD,BMP4,CDK6,EGFR,ERBB2,FGFR2,FUT1,GRN,MYC,OXSR1,SOX2,ZFP36
GO:BP	GO:0050679	Positive Regulation Of Epithelial Cell Proliferation	15	AKT1,BAD,BMP4,CDH3,EGF,EGFR,ERBB2,FGFR2,FZD7,GRN,HIF1A,MYC,NRAS,OXSR1,XBP1
GO:BP	GO:0050727	Regulation Of Inflammatory Response	22	APOE,APP,BIRC2,CEBPA,ETS1,GATA3,GPER1,GRN,IL1B,MAPK13,NFKBIA,PPARD,PPARG,PRKCD,PTGS2,RB1,SERPINE1,SNCA,SNX6,STAT3,TLR4,TNIP1
GO:BP	GO:0050728	Negative Regulation Of Inflammatory Response	14	APOE,FYN,GATA3,GPER1,GRN,LYN,PPARD,PPARG,PRKCD,PTPN6,RB1,SRC,STAT3,SYK
GO:BP	GO:0050729	Positive Regulation Of Inflammatory Response	11	APP,CEBPA,ETS1,GRN,IL1B,MAPK13,NFKBIA,SERPINE1,SNCA,TLR4,TNIP1
GO:BP	GO:0050730	Regulation Of Peptidyl-Tyrosine Phosphorylation	13	APP,ARHGEF2,CD44,EGFR,FYN,GHR,PDGFA,PRKCD,PTK2B,PTPN6,PTPRC,SRC,TP53
GO:BP	GO:0050731	Positive Regulation Of Peptidyl-Tyrosine Phosphorylation	14	ABL1,ARHGEF2,CD40,CD44,ERBB3,GHR,HES1,KIT,LYN,PTK2B,PTPN1,PTPRC,SRC,TP53
GO:BP	GO:0050767	Regulation Of Neurogenesis	8	BHLHE40,FAIM,GPER1,HES1,IL1B,NOTCH1,PRUNE1,SPEN
GO:BP	GO:0050806	Positive Regulation Of Synaptic Transmission	11	APP,CCL2,CLSTN1,EPHB2,GPER1,LGMN,NFATC4,NOL3,PTK2B,SQSTM1,STX4
GO:BP	GO:0050821	Protein Stabilization	24	ATP1B1,BAG3,CCNH,CDK7,CHEK2,CHP1,COG7,CREB1,CRTAP,CTNND1,GAPDH,GET1,GRN,HSPA1A,HSPD1,PIH1D1,PIN1,PRKCD,RAB21,RUVBL1,SOX4,STUB1,USP7,WFS1
GO:BP	GO:0050851	Antigen Receptor-Mediated Signaling Pathway	14	BCL2,BTK,CSK,FCHO1,FYN,GATA3,IKBKB,MALT1,MEF2C,PIK3CA,PTPRC,SYK,TNFRSF21,VAV3
GO:BP	GO:0050852	T Cell Receptor Signaling Pathway	10	BTK,CSK,FCHO1,FYN,GATA3,IKBKB,MALT1,PIK3CA,PTPRC,TNFRSF21
GO:BP	GO:0050870	Positive Regulation Of T Cell Activation	17	CCL2,FCHO1,GATA3,HLA-DMA,HLA-DRA,HSPD1,IL1B,NCK1,NCK2,PNP,PRKCQ,PTPRC,SMARCA4,SMARCC1,SMARCD2,XBP1,ZMIZ1
GO:BP	GO:0050871	Positive Regulation Of B Cell Activation	12	BCL2,BTK,CD320,CD40,EPHB2,MEF2C,PPP2R3C,PTPRC,SYK,TP53BP1,VAV3,XBP1
GO:BP	GO:0050999	Regulation Of Nitric-Oxide Synthase Activity	8	AKT1,APOE,EGFR,HIF1A,IL1B,NOSIP,SCARB1,TERT
GO:BP	GO:0051052	Regulation Of DNA Metabolic Process	11	BRCA1,CCNA2,GMNN,JADE2,MYC,PDGFA,RUVBL1,SMC3,TERF2IP,USP1,USP22
GO:BP	GO:0051054	Positive Regulation Of DNA Metabolic Process	11	ACD,BRCA1,EGF,EGFR,FGFR4,GLI2,MYC,PCNA,RUVBL1,TERF2IP,USP7
GO:BP	GO:0051091	Positive Regulation Of DNA-binding Transcription Factor Activity	28	AKT1,APP,ARHGEF2,ARID5B,BTK,CD40,CFLAR,EDN1,FZD1,HSPA1A,IKBKB,IKBKE,IL1B,KIT,MALT1,PPARG,PRKCH,PRKCQ,SMAD3,SMARCA4,STAT3,TERF2IP,TFDP1,TICAM1,TLR4,TP53BP1,TRIM13,USP14
GO:BP	GO:0051092	Positive Regulation Of NF-kappaB Transcription Factor Activity	17	APP,ARHGEF2,BTK,CD40,CFLAR,HSPA1A,IKBKB,IL1B,MALT1,PRKCH,PRKCQ,STAT3,TERF2IP,TICAM1,TLR4,TRIM13,USP14
GO:BP	GO:0051093	Negative Regulation Of Developmental Process	14	ARID4B,BCL7B,BMP4,BNIP3,CDK6,HDAC2,NOS3,NOTCH1,PARP1,PPARG,SMARCA4,SMARCC1,SUZ12,TBX2
GO:BP	GO:0051094	Positive Regulation Of Developmental Process	22	APOE,ARID4B,AURKA,BCL7B,BMP4,BNIP3,CDC20,DAG1,DNM1L,FIS1,HDAC2,NCOA3,PPARG,RALA,RPS6KA1,SMARCA4,SMARCC1,SMARCD2,SRC,TP53BP1,XBP1,ZDHHC6
GO:BP	GO:0051099	Positive Regulation Of Binding	16	APOE,APP,BAMBI,BMP4,EGF,GMNN,HES1,IDE,NVL,PIN1,PPARG,RALB,STMN1,TERT,TIAM1,TRIB3
GO:BP	GO:0051100	Negative Regulation Of Binding	15	AKT1,AURKA,AURKB,BAX,CDKN1A,CSNK1E,DNAJB2,HMGA2,ITGB1BP1,JUN,LRPAP1,NFKBIA,PIN1,PRKCD,RALB
GO:BP	GO:0051128	Regulation Of Cellular Component Organization	17	APOE,ATF5,AURKA,CAMSAP2,HSPA8,JADE2,KIF14,PACSIN3,PAK4,PAK6,PRKCQ,PTPN1,RAB4A,SOCS2,TJP1,TLK2,TMEM97
GO:BP	GO:0051129	Negative Regulation Of Cellular Component Organization	11	CARMIL1,CDC42,DNAJB1,DNAJB2,DNAJB6,EPHA3,HDAC6,HSPA1A,HSPA8,PACSIN3,SRC
GO:BP	GO:0051130	Positive Regulation Of Cellular Component Organization	11	APOE,BAX,BID,BNIP3,CDC20,IGF1R,MMP1,RB1,SNCA,SYK,TGFB3
GO:BP	GO:0051173	Positive Regulation Of Nitrogen Compound Metabolic Process	10	AKT1,APP,EGF,EIF4G1,GATA3,MAP2K5,NFKBIA,NR1H2,PAX8,WFS1
GO:BP	GO:0051240	Positive Regulation Of Multicellular Organismal Process	44	ADRB2,APOE,ARID4B,BAD,BAMBI,BCL7B,BMP4,COL1A1,CXCR4,DECR1,EGF,ELOVL6,EZH2,GAPDH,GHR,GNAS,GRB10,HDAC2,IGF1R,IL1B,IL4R,KDM3A,LRPAP1,MUC1,NCOA3,PAX8,PLEKHM1,PPARG,PRKCH,PTK2,S100A13,SERPINE1,SMAD3,SMARCA4,SMARCC1,SPP1,SYK,TBXA2R,TERT,TGFB3,TGFBR2,TIAM1,TSKU,XBP1
GO:BP	GO:0051241	Negative Regulation Of Multicellular Organismal Process	18	ARID4B,BMP4,EGFR,EVL,GATA3,GRN,HDAC2,HMGCR,IL1B,LRPAP1,MEF2C,NOTCH1,NR1H2,PARP1,RB1,RGS2,SPRED2,TLR4
GO:BP	GO:0051246	Regulation Of Protein Metabolic Process	15	AKT1,APOE,APP,CHEK2,CHMP6,EDN1,EIF4G1,ELP1,FOXO3,MAP2K5,MAPKAPK5,NFKBIA,NOLC1,NR1H2,WFS1
GO:BP	GO:0051247	Positive Regulation Of Protein Metabolic Process	25	AKT1,APOE,APP,AXIN1,BAD,CDKN1B,CIRBP,EIF4G1,ELAVL1,ERBB2,FGFR4,HDAC2,IDE,IL1B,MAP2K5,NFKBIA,NR1H2,PLK1,SOX4,STUB1,TIPARP,VGLL4,VPS28,WFS1,YTHDF1
GO:BP	GO:0051248	Negative Regulation Of Protein Metabolic Process	13	AKT1,APOE,EDN1,EGFR,EPRS1,GAPDH,GRB7,HDAC6,HMGCR,IFRD2,IGF2BP2,PIN1,TRIM2
GO:BP	GO:0051259	Protein Complex Oligomerization	10	DNM1L,ELAVL1,JMJD6,MAT2A,NOL3,OXA1L,SNCA,TP53BP1,UGDH,YME1L1
GO:BP	GO:0051260	Protein Homooligomerization	9	ALDOA,CRYZ,ELAVL1,HPRT1,HSD17B10,JMJD6,MCOLN1,NOL3,TP53BP1
GO:BP	GO:0051302	Regulation Of Cell Division	17	AURKA,AURKB,BECN1,CALM3,CCP110,FGFR2,FSD1,KIF20A,KLHL21,KLHL9,MYC,NCOA3,PIK3C3,PIK3R4,PIN1,PLK1,SFN
GO:BP	GO:0051310	Metaphase Plate Congression	12	BECN1,CCNB1,CENPE,CHMP4A,CHMP6,EML3,KIF14,KIF2C,NUP62,PSRC1,RRS1,ZW10
GO:BP	GO:0051345	Positive Regulation Of Hydrolase Activity	16	CALM3,CCL2,CD40,CTSL,ERBB2,EZH2,GNB5,MAP4K4,PIN1,RAB11FIP2,RALGDS,RAP1GAP,RHOA,RSU1,SNX13,USP6NL
GO:BP	GO:0051347	Positive Regulation Of Transferase Activity	25	APOE,AURKB,AXIN1,DCUN1D4,DDR1,EGFR,ERBB2,ERBB3,FGFR2,FGFR4,IGF1R,MAP3K4,MAPKAPK5,MYC,NVL,PCNA,PIN1,PLK1,PNKP,POLG2,PRKCQ,RFC2,RFC5,TNIP1,TRIB3
GO:BP	GO:0051492	Regulation Of Stress Fiber Assembly	13	CARMIL1,CDC42,EVL,ITGB1BP1,PAK1,PXN,RHOA,SORBS3,STMN1,TESK1,TGFB3,TJP1,TPM1
GO:BP	GO:0051493	Regulation Of Cytoskeleton Organization	15	CDC42,CLIC4,CORO1A,CRK,EPHA3,PAK1,PDGFA,PRKCD,PTK2,RALA,RHOA,SORBS3,TESK1,TJP1,TWF2
GO:BP	GO:0051496	Positive Regulation Of Stress Fiber Assembly	11	CARMIL1,CDC42,EVL,ITGB1BP1,PAK1,PXN,RHOA,SORBS3,TESK1,TGFB3,TPM1
GO:BP	GO:0051603	Proteolysis Involved In Protein Catabolic Process	10	CHMP4A,CLPX,CTSL,HDAC6,IDE,LGMN,MALT1,PMAIP1,STUB1,YME1L1
GO:BP	GO:0051607	Defense Response To Virus	14	BCL2,BNIP3,BNIP3L,CD40,DDIT4,EXOSC4,G3BP1,IKBKE,NCK1,PLSCR1,PMAIP1,PTPRC,STAT1,TRIM13
GO:BP	GO:0051726	Regulation Of Cell Cycle	38	BIRC2,BMP4,BRCA1,CCNF,CDC20,CDK4,CDK6,CDK7,CDKN1A,CDKN1B,CDKN2A,CHEK1,DYNLT3,FGFR2,GADD45A,GADD45B,GATA3,GMNN,GPER1,HMGA2,IQGAP1,JADE2,JUN,MYC,PLK1,PPP1R13B,PRKACA,PTPRC,PTPRK,RB1,RNF167,RRP8,RUVBL1,STAT3,SUV39H1,TP53,TP53BP2,VPS72
GO:BP	GO:0051893	Regulation Of Focal Adhesion Assembly	10	DUSP22,DUSP3,EPHA3,FYN,ITGB1BP1,MACF1,MAP4K4,PTK2,RHOA,SRC
GO:BP	GO:0051896	Regulation Of Protein Kinase B Signaling	11	DAG1,EGF,EGFR,GATA3,GPER1,IGF1R,ITGB1BP1,PDGFA,PIK3CA,PTK2,SRC
GO:BP	GO:0060236	Regulation Of Mitotic Spindle Organization	11	CHMP4A,CHMP6,CLTC,EML3,FSD1,GNAI1,HSPA1A,NUP62,PLK1,PSRC1,RAE1
GO:BP	GO:0060255	Regulation Of Macromolecule Metabolic Process	18	APOE,APP,ATP1B1,CDK2,CDK4,CDK6,CIAO3,DAXX,HIF1A,HMG20B,IGF2BP2,MYC,NPC1,PIN1,PTPRC,RASA1,SOX2,TSKU
GO:BP	GO:0060429	Epithelium Development	15	ALDOC,ANXA7,CBR1,CDK1,DAG1,FGFR2,OXSR1,PAX8,PCNA,PIH1D1,PPARG,STAT1,TBX2,TIMELESS,VDAC1
GO:BP	GO:0060548	Negative Regulation Of Cell Death	13	AKT1,BECN1,BNIP3,BNIP3L,CHMP4A,CHMP6,EIF4G1,FYN,NUP62,SNCA,TMEM109,WFS1,XPNPEP1
GO:BP	GO:0060828	Regulation Of Canonical Wnt Signaling Pathway	18	APOE,AXIN1,BAMBI,CDH3,COL1A1,CSNK1A1,CSNK1E,CTNND1,EGF,EGFR,FGFR2,FZD7,ILK,PIN1,RUVBL1,SOX2,SOX4,TLE1
GO:BP	GO:0061024	Membrane Organization	14	ATP2C1,CHMP4A,CHMP6,CHP1,DNM1L,EGFR,HSPA8,KIF20A,NPC1,NUP93,REEP5,TOR1A,VAPB,VPS28
GO:BP	GO:0061640	Cytoskeleton-Dependent Cytokinesis	10	AURKB,BIRC5,CHMP4A,KIF20A,NUSAP1,PLK1,RASA1,RHOA,STAMBP,STMN1
GO:BP	GO:0062197	Cellular Response To Chemical Stress	12	ABL1,FAS,FOXO3,HSPA1A,KEAP1,MSRA,NFE2L2,PARP1,PIK3CA,PYCR1,SNCA,STX4
GO:BP	GO:0065003	Protein-Containing Complex Assembly	40	ADRB2,AXIN1,BAD,BECN1,CD40,CENPE,CHMP4A,CLTC,COG4,DNM1L,EPRS1,FAS,FCHO1,HES1,HSPA1A,HSPA4,HSPD1,ITGB1BP1,MNAT1,NCK1,NCK2,NOL3,NPC1,PIH1D1,PSMG1,PTK2B,PXN,SLC25A46,SMAD3,SNCA,SRC,STXBP1,TIAM1,TMED10,TP53,TRAPPC3,TRAPPC6A,TSPAN4,WASF3,ZW10
GO:BP	GO:0070372	Regulation Of ERK1 And ERK2 Cascade	32	APOE,APP,CCL2,CCNA2,CD44,CRKL,DDR1,DUSP3,DUSP4,DUSP6,EGFR,EPHB2,ERBB2,FGFR2,FGFR4,GPER1,ICAM1,IL1B,ITGB1BP1,LYN,NOTCH1,PDGFA,PIN1,PTK2B,PTPN1,PTPN6,PTPRC,SHC1,SPRED2,SYK,TLR4,TNIP1
GO:BP	GO:0070373	Negative Regulation Of ERK1 And ERK2 Cascade	13	DUSP3,DUSP4,DUSP6,EPHB2,GPER1,ITGB1BP1,LYN,PIN1,PTPN1,PTPRC,SPRED2,TLR4,TNIP1
GO:BP	GO:0070374	Positive Regulation Of ERK1 And ERK2 Cascade	16	APOE,APP,CCL2,CD44,CRKL,DDR1,EGFR,FGFR2,FGFR4,GPER1,ICAM1,NOTCH1,PDGFA,PTK2B,PTPRC,SHC1
GO:BP	GO:0070925	Organelle Assembly	17	ABCB6,ATG3,ATP6V1D,BECN1,CHMP4A,CHMP6,CORO1A,HDAC6,KIAA0753,NOTCH1,NUDCD3,PIK3C3,TBC1D31,TCTN1,UBQLN2,VPS28,YTHDF1
GO:BP	GO:0071219	Cellular Response To Molecule Of Bacterial Origin	13	CASP7,CCL2,CXCL2,IL1B,MEF2C,NFKBIB,RHOA,SERPINE1,TICAM1,TLR4,TNIP1,XBP1,ZFP36
GO:BP	GO:0071222	Cellular Response To Lipopolysaccharide	14	CASP7,CCL2,CXCL2,IL1B,LYN,MEF2C,NFKBIB,RHOA,SERPINE1,TICAM1,TLR4,TNIP1,XBP1,ZFP36
GO:BP	GO:0071248	Cellular Response To Metal Ion	16	AKT1,BNIP3,CDKN1B,CLIC4,CPNE3,DAXX,EGFR,FOS,IQGAP1,JUN,LGMN,MAPK9,MCOLN1,MEF2C,SNCA,TFAP2A
GO:BP	GO:0071310	Cellular Response To Organic Substance	13	CCL2,CXCR4,EDN1,GHR,HDAC6,IL1B,NCOA3,RHOA,SOCS2,STAT3,STAT5B,SYK,TIPARP
GO:BP	GO:0071345	Cellular Response To Cytokine Stimulus	37	AKT1,ARHGEF2,ASAH1,BRCA1,CCL2,CD40,CD58,CEBPA,CXCR4,EGR1,EPRS1,GAPDH,GATA3,GHR,GPER1,HIF1A,IFNAR1,IKBKB,IL13RA1,IL1B,IL4R,KIT,MAPK13,NFE2L2,NFKBIA,OXSR1,PLP2,PRKACA,PTPN6,RHOA,STAT1,STAT3,STAT5B,TLR4,TNFRSF21,XBP1,ZFP36
GO:BP	GO:0071356	Cellular Response To Tumor Necrosis Factor	21	AKT1,ARHGEF2,ASAH1,BIRC2,BRCA1,CCL2,CD40,CD58,FOXO3,GATA3,GPER1,IKBKB,ILK,NFE2L2,NFKBIA,PTK2B,RRAGA,STAT1,TNFRSF21,TP53,ZFP36
GO:BP	GO:0071363	Cellular Response To Growth Factor Stimulus	26	AKT1,BMP4,CCL2,CD44,CPNE3,CRKL,DUSP22,DUSP3,EGFR,ERBB2,HSPB1,IQGAP1,ITGB1BP1,LGMN,MAP2K5,MAPKAPK2,MEF2C,NOTCH1,NR3C1,PTPN12,SHC1,SMAD3,STAT5B,TGFBR2,TWF2,ZFP36
GO:BP	GO:0071375	Cellular Response To Peptide Hormone Stimulus	13	AKT1,C2CD5,EPRS1,GPER1,INSIG1,PARP1,PCK2,PPARG,PRKCD,RAB31,SRC,TRIB3,XBP1
GO:BP	GO:0071396	Cellular Response To Lipid	30	CASP7,CCL2,CREB1,CXCL2,EGFR,EPHA3,FZD7,GNAI1,GPER1,HSPA1A,HSPA8,IL1B,INSIG1,LYN,MEF2C,NCOA3,NFKBIB,NR3C1,NRIP1,PTK2B,RHOA,SERPINE1,SPP1,SYK,TICAM1,TLR4,TNIP1,TWF2,XBP1,ZFP36
GO:BP	GO:0071407	Cellular Response To Organic Cyclic Compound	19	BRCA1,CASP3,CASP7,CCL2,CREB1,EGFR,EGR1,GNAI1,GPER1,HSPA1A,HSPA8,IL1B,INSIG1,MEF2C,NCOA3,NR3C1,NRIP1,SPP1,TIPARP
GO:BP	GO:0071456	Cellular Response To Hypoxia	16	ADO,BAD,BNIP3,BNIP3L,HIF1A,HMOX1,HYOU1,MYC,NOTCH1,PMAIP1,PPARG,PTGS2,STUB1,SUV39H1,TERT,TP53
GO:BP	GO:0071482	Cellular Response To Light Stimulus	11	AURKB,CDC25A,DDB2,MAPK13,MYC,PARP1,PCNA,PRKCD,PTPRK,TENT4A,TP53
GO:BP	GO:0071560	Cellular Response To Transforming Growth Factor Beta Stimulus	16	BAMBI,CRKL,FOS,ITGB5,JUN,MEF2C,NR3C1,PTK2,PTPRK,PXN,SMAD3,SRC,STAT3,TGFB3,TGFBR2,ZMIZ1
GO:BP	GO:0071900	Regulation Of Protein Serine/Threonine Kinase Activity	32	ADRB2,AKT1,CAB39,CALM3,CCNA1,CCNA2,CCNB1,CCNB2,CCND1,CCND3,CCNE2,CCNF,CCNH,CDC25A,CDK5R1,CDK7,CDKN1A,CDKN1B,CDKN2A,EZH2,GADD45A,HMGA2,MNAT1,PIH1D1,RALB,RB1,RHOA,SNCA,SRC,TESK1,TRIB1,TRIB3
GO:BP	GO:0071901	Negative Regulation Of Protein Serine/Threonine Kinase Activity	18	AKT1,APOE,BMP4,CDKN1A,CDKN1B,CDKN2A,CEBPA,GADD45A,IL1B,LYN,PKIG,PLK1,PPARG,PRKCD,PTPN1,RB1,RGS2,TESK1
GO:BP	GO:0071902	Positive Regulation Of Protein Serine/Threonine Kinase Activity	27	ADRB2,AKT1,CAB39,CALM3,CCND1,CCND3,CD40,EDN1,EGF,EGFR,ERBB2,EZH2,GHR,HMGA2,IL1B,KIT,MAP2K5,MEF2C,PDGFA,PIH1D1,PSMD10,PSRC1,RALB,RHOA,SNCA,SRC,TLR4
GO:BP	GO:0072359	Circulatory System Development	12	CDKN1A,CDKN1B,ERBB3,GLI2,ID2,MEF2C,NOTCH1,OXSR1,PDLIM1,PIK3CA,SOX4,TGFBR2
GO:BP	GO:0072594	Establishment Of Protein Localization To Organelle	11	AKT1,HK1,IPO13,NUP133,NUP62,NUP85,NUP88,NUP93,RALA,STAT3,SYK
GO:BP	GO:0072655	Establishment Of Protein Localization To Mitochondrion	11	AKT1,DNAJC15,FBXO7,FIS1,HK1,HSPD1,RALA,TIMM17B,TIMM9,TOMM34,TOMM70
GO:BP	GO:0072657	Protein Localization To Membrane	12	ATP1B1,BID,C2CD5,IKBKB,ITGB1BP1,LRPAP1,MAP7,NPC1,PSMD10,STXBP1,TM9SF2,TM9SF3
GO:BP	GO:0080135	Regulation Of Cellular Response To Stress	12	BRCA1,DNAJB1,DNAJB6,DYRK3,EIF4G1,MAPKAPK2,NFE2L2,RPA2,RUVBL1,SOX4,USP1,USP22
GO:BP	GO:0090068	Positive Regulation Of Cell Cycle Process	15	AURKA,AURKB,BIRC5,CDC25B,CDC42,EDN1,EGF,IL1B,KIF14,NCAPD2,NUP62,NUSAP1,PLSCR1,RHOA,SMC4
GO:BP	GO:0090101	Negative Regulation Of Transmembrane Receptor Protein Serine/Threonine Kinase Signaling Pathway	11	ARID4B,BAMBI,HDAC2,HSPA1A,NOTCH1,PIN1,PPARG,SNX6,SPRED2,STUB1,ZNF451
GO:BP	GO:0090199	Regulation Of Release Of Cytochrome C From Mitochondria	12	BAD,BAX,BID,BNIP3,DNM1L,GPER1,MLLT11,NOL3,PLSCR3,PMAIP1,PSMD10,TP53
GO:BP	GO:0090263	Positive Regulation Of Canonical Wnt Signaling Pathway	11	BAMBI,CDH3,COL1A1,CSNK1E,EGF,EGFR,FGFR2,ILK,PIN1,RUVBL1,SOX4
GO:BP	GO:0090316	Positive Regulation Of Intracellular Protein Transport	14	BAG3,C2CD5,CHP1,CSNK2A2,ERBB2,FIS1,FYN,IL1B,ITGB1BP1,NMT1,PIN1,PRKCD,RAC2,SMAD3
GO:BP	GO:0097191	Extrinsic Apoptotic Signaling Pathway	12	BAD,BAG3,BAX,BCL2,BID,CASP10,CASP2,DAXX,ERBB3,FAS,MLLT11,SMAD3
GO:BP	GO:0097193	Intrinsic Apoptotic Signaling Pathway	23	BAD,BAX,BCL2,BNIP3,BRCA1,CASP2,CASP3,CDKN1A,CHAC1,CHEK2,CYCS,ERO1A,IKBKE,MLLT11,MSH6,PMAIP1,PPP1R13B,PRKCD,RRP8,SFN,TP53,TP53BP2,TRIB3
GO:BP	GO:0097428	Protein Maturation By Iron-Sulfur Cluster Transfer	1	CISD1
GO:BP	GO:0097435	Supramolecular Fiber Organization	30	ALDOA,APP,ARHGEF2,BAX,BID,CAMSAP2,CARMIL1,CDC42,CHP1,COL1A1,CORO1A,CRTAP,DNAJB6,EVL,FAT1,FSD1,FYN,HDGFL3,HOOK2,KIF14,KIF2C,LOXL1,MYL9,PIN1,PLOD3,RAC2,RHOA,SNCA,STMN1,TPM1
GO:BP	GO:0097485	Neuron Projection Guidance	12	CDK5R1,DAG1,EPHA3,EPHB2,FEZ2,FYN,GLI2,KIF5C,MYCBP2,NOTCH1,PRKCQ,PTK2
GO:BP	GO:0098655	Monoatomic Cation Transmembrane Transport	10	ATP1B1,ATP2C1,ATP6V0B,ATP6V1D,DMAC2L,KCNK1,MCOLN1,NNT,SLC11A2,TMCO1
GO:BP	GO:0098662	Inorganic Cation Transmembrane Transport	10	ATP1B1,ATP2C1,ATP6V0B,ATP6V1D,DMAC2L,KCNK1,MCOLN1,NNT,SLC11A2,TMCO1
GO:BP	GO:0120031	Plasma Membrane Bounded Cell Projection Assembly	12	ARFIP2,ATP6V1D,CARMIL1,HDAC6,KIAA0753,KIT,MAP4K4,MYLK,NOTCH1,NUDCD3,TBC1D31,TCTN1
GO:BP	GO:0120036	Plasma Membrane Bounded Cell Projection Organization	13	APOE,APP,ARFIP2,CARMIL1,CDK5R1,CTTN,HDGFL3,LYN,MICALL1,RB1,STMN1,TOR1A,TPM1
GO:BP	GO:0120161	Regulation Of Cold-Induced Thermogenesis	16	ADRB2,CXCR4,DECR1,ELOVL6,GNAS,GRB10,IGF1R,IL4R,KDM3A,MUC1,NOTCH1,NR1H2,RB1,SMARCA4,SYK,TLR4
GO:BP	GO:0120162	Positive Regulation Of Cold-Induced Thermogenesis	12	ADRB2,CXCR4,DECR1,ELOVL6,GNAS,GRB10,IGF1R,IL4R,KDM3A,MUC1,SMARCA4,SYK
GO:BP	GO:0140546	Defense Response To Symbiont	12	BCL2,BNIP3,BNIP3L,CD40,DDIT4,EXOSC4,G3BP1,IKBKE,PLSCR1,PMAIP1,PTPRC,STAT1
GO:BP	GO:1901215	Negative Regulation Of Neuron Death	18	AKT1,APOE,BCL2,CCL2,EIF4G1,ERBB3,FBXO7,GRN,KIF14,LGMN,MEF2C,NFATC4,PTK2B,RASA1,SNCA,SNX6,TGFB3,WFS1
GO:BP	GO:1901565	Organonitrogen Compound Catabolic Process	10	AMDHD2,CASP3,CASP7,CHEK2,ETFB,GNPDA1,IDE,PLA2G15,PLA2G4A,SQSTM1
GO:BP	GO:1901653	Cellular Response To Peptide	14	ADRB2,APP,ARHGEF2,FYN,GPER1,ICAM1,IGF1R,LGMN,SNX6,SRC,TIMELESS,TLR4,TP53,XBP1
GO:BP	GO:1901701	Cellular Response To Oxygen-Containing Compound	42	AKT1,CASP7,CCL2,CDK2,CDKN1B,CLIC4,CPNE3,CREB1,CXCL2,EGFR,EGR1,EPHA3,FOS,FZD7,GPER1,IL1B,INSIG1,IQGAP1,JUN,LGMN,LYN,MAPK9,MCOLN1,MEF2C,NCOA3,NFKBIB,NRIP1,PRKCD,PTK2B,PTPRK,PXN,RHOA,RRAGA,SERPINE1,SQSTM1,TICAM1,TLR4,TNIP1,TPM1,TWF2,XBP1,ZFP36
GO:BP	GO:1901796	Regulation Of Signal Transduction By P53 Class Mediator	10	AURKA,AURKB,CHEK1,CHEK2,GET1,KAT6A,MAPKAPK5,RRS1,SOX4,USP7
GO:BP	GO:1901800	Positive Regulation Of Proteasomal Protein Catabolic Process	12	AXIN1,CEBPA,CSNK1A1,CSNK1E,DNAJB2,HSPA1A,KEAP1,PLK1,PSMD10,STUB1,TRIB1,TRIB3
GO:BP	GO:1901990	Regulation Of Mitotic Cell Cycle Phase Transition	23	AURKA,BCL7B,CCNH,CDK2,CDK4,CDK6,CDK7,CDKN1A,CDKN1B,CDKN2A,CENPE,ID2,KIF14,MNAT1,PLK1,PSME1,PSME2,PTPN6,SMARCA4,SMARCC1,SMARCD2,UBE2C,ZW10
GO:BP	GO:1901992	Positive Regulation Of Mitotic Cell Cycle Phase Transition	14	AKT1,CCNB1,CCND1,CDC20,CDC25A,CDC25B,CDK1,CDK4,EGFR,EIF4G1,RAD51C,RB1,TFDP1,UBE2C
GO:BP	GO:1902075	Cellular Response To Salt	11	CDKN1B,CLIC4,CPNE3,DAXX,EGR1,FYN,IQGAP1,LGMN,MAPK13,MCOLN1,MEF2C
GO:BP	GO:1902475	L-alpha-amino Acid Transmembrane Transport	3	PRAF2,SLC1A4,SLC25A13
GO:BP	GO:1902531	Regulation Of Intracellular Signal Transduction	28	AKT1,ARHGAP1,ARHGEF12,ARHGEF2,AURKA,AURKB,CHEK1,CHEK2,CHN1,CRK,EGFR,GNAI1,HSPB1,IL1B,JPT2,KAT6A,LYN,MAP4K4,MAPKAPK5,NFKBIA,PAK1,PAK4,PAK6,RRS1,SQSTM1,TIAM1,USP7,VAV3
GO:BP	GO:1902532	Negative Regulation Of Intracellular Signal Transduction	24	BCL2,DAG1,DDIT4,DUSP3,DUSP4,DUSP6,GPER1,HERPUD1,IGF1R,LYN,MAPKAPK5,NOL3,NPRL2,PPARG,PSMD10,RPS6KA1,SPRED2,SRC,STAMBP,STAT1,TLE1,TNIP1,TSPAN6,VGLL4
GO:BP	GO:1902806	Regulation Of Cell Cycle G1/S Phase Transition	17	BCL7B,CCNH,CDK7,CDKN1A,CDKN1B,CDKN2A,EZH2,ID2,KIF14,MNAT1,PSME1,PSME2,PTPN6,SMARCA4,SMARCC1,SMARCD2,SOX2
GO:BP	GO:1902893	Regulation Of miRNA Transcription	22	BMP4,EGFR,EGR1,ETS1,FOS,FOSL1,FOXO3,GATA2,GATA3,HIF1A,JUN,MYC,NFATC3,NFATC4,NR3C1,PPARD,PPARG,SMAD3,SMARCA4,STAT3,TERT,TP53
GO:BP	GO:1902895	Positive Regulation Of miRNA Transcription	18	EGFR,EGR1,ETS1,FOS,FOSL1,FOXO3,GATA2,GATA3,HIF1A,JUN,MYC,NR3C1,PPARG,SMAD3,SMARCA4,STAT3,TERT,TP53
GO:BP	GO:1902904	Negative Regulation Of Supramolecular Fiber Organization	11	APOE,ARHGEF2,CAMSAP2,CORO1A,HDGFL3,HSPA8,PIK3CA,PRKCD,SNCA,STMN1,TWF2
GO:BP	GO:1902905	Positive Regulation Of Supramolecular Fiber Organization	13	APOE,APP,CARMIL1,CDK5R1,CTTN,EDN1,EVL,NCK1,NCK2,PAK1,PSRC1,PTK2B,RB1
GO:BP	GO:1903076	Regulation Of Protein Localization To Plasma Membrane	12	AKT1,CLTC,EGFR,EPHA3,EPHB2,GPER1,LRPAP1,PLS1,PPP2R5A,PRKCH,SQSTM1,STX4
GO:BP	GO:1903078	Positive Regulation Of Protein Localization To Plasma Membrane	10	AKT1,ATP2C1,EGFR,EPHA3,EPHB2,GPER1,PLS1,PRKCH,SQSTM1,STX4
GO:BP	GO:1903322	Positive Regulation Of Protein Modification By Small Protein Conjugation Or Removal	10	AXIN1,BIRC2,BRCA1,DCUN1D4,MALT1,MYCBP2,PSMD10,STUB1,TNIP1,WFS1
GO:BP	GO:1903506	Regulation Of Nucleic Acid-Templated Transcription	40	APBB2,ARNT2,ATF5,BHLHE40,CEBPA,CHEK2,DAXX,DMTF1,EZH2,FOXO4,FZD7,HIF1A,HMGA2,JADE2,KAT6A,KAT6B,MEF2C,MTF2,MYCBP,NFIL3,NFKB2,NOTCH1,NR3C1,PAK6,PPIE,PRKCQ,RB1,RUVBL1,SMAD3,SOX2,SOX4,SSBP2,STAT3,TCFL5,TERF2IP,TP53,VPS72,ZMIZ1,ZNF274,ZNF395
GO:BP	GO:1903507	Negative Regulation Of Nucleic Acid-Templated Transcription	54	ARID5B,ATF5,BHLHE40,BIRC5,BMP4,BRCA1,CCDC85B,CDK5R1,CDKN1B,CDKN2A,CEBPA,DAXX,DNMT3A,EED,EZH2,GATA3,GMNN,HDAC2,HDAC6,HES1,HMGA2,HSPA8,ID2,IKZF1,JUN,KAT6A,KAT6B,MTA1,MTERF3,NFIL3,NOTCH1,NR1H2,NR3C1,PARP1,PPARD,PPARG,PTPRK,RB1,RBM15B,RRP8,SHC1,SMARCA4,SNX6,SPEN,SUV39H1,TBX2,TFAP2A,TIMELESS,TLE1,TP53,TRIB3,VGLL4,ZMYM2,ZNF318
GO:BP	GO:1904018	Positive Regulation Of Vasculature Development	14	BRCA1,CD40,ETS1,GATA2,GRN,HIF1A,HMGA2,HMOX1,HSPB1,IL1B,NOS3,PAK4,SERPINE1,XBP1
GO:BP	GO:1904029	Regulation Of Cyclin-Dependent Protein Kinase Activity	17	CCNA1,CCNA2,CCNB1,CCNB2,CCND1,CCND3,CCNE2,CCNF,CCNH,CDC25A,CDK5R1,CDK7,CDKN1A,CDKN1B,CDKN2A,GADD45A,MNAT1
GO:BP	GO:1904377	Positive Regulation Of Protein Localization To Cell Periphery	11	AKT1,EGFR,EPB41L2,EPHA3,EPHB2,GNAI1,GPER1,PLS1,PRKCH,SQSTM1,STX4
GO:BP	GO:1904705	Regulation Of Vascular Associated Smooth Muscle Cell Proliferation	11	BMP4,CDKN1A,CDKN1B,DNMT1,GPER1,JUN,MEF2C,MMP2,PPARG,TGFB3,TPM1
GO:BP	GO:1905477	Positive Regulation Of Protein Localization To Membrane	16	AKT1,C2CD5,CHP1,EGFR,EPHA3,EPHB2,ERBB2,FIS1,FYN,GPER1,ITGB1BP1,NMT1,PLS1,PRKCH,SQSTM1,STX4
GO:BP	GO:2000045	Regulation Of G1/S Transition Of Mitotic Cell Cycle	21	AKT1,BCL7B,CCL2,CCNH,CDK7,CDKN1A,CDKN1B,CDKN2A,EGFR,EIF4G1,ID2,KIF14,MNAT1,PSME1,PSME2,PTPN6,RB1,SMARCA4,SMARCC1,SMARCD2,TFDP1
GO:BP	GO:2000060	Positive Regulation Of Ubiquitin-Dependent Protein Catabolic Process	13	AXIN1,CEBPA,CSNK1A1,CSNK1E,DNAJB2,HSPA1A,KEAP1,PLK1,PSMD10,PTK2,STUB1,TRIB1,TRIB3
GO:BP	GO:2000145	Regulation Of Cell Motility	11	ABL1,AKT1,CDK6,CRK,FYN,GATA3,KIF14,MACF1,PIN1,PRKX,RHOA
GO:BP	GO:2000146	Negative Regulation Of Cell Motility	13	ARID4B,CLIC4,CRK,DAG1,DUSP22,DUSP3,FOXO3,GATA3,HDAC2,PIN1,PTPRK,SERPINE1,TPM1
GO:BP	GO:2000147	Positive Regulation Of Cell Motility	31	ADAM10,CARMIL1,CCNA2,CDC42,COL1A1,CPNE3,CXCR4,EDN1,EGF,EGFR,EPHB2,GPER1,GRB7,GRN,IGF1R,IL1B,KIT,MAP4K4,MYLK,NOTCH1,PAK1,PDGFA,PIK3R3,PTK2,PTK2B,STAT3,STX4,SYNE2,TIAM1,TJP1,XBP1
GO:BP	GO:2000273	Positive Regulation Of Signaling Receptor Activity	10	ADRB2,CCL2,EDN1,EGF,EPHB2,HDAC2,HDAC6,HIF1A,NCOA3,NOL3
GO:BP	GO:2000573	Positive Regulation Of DNA Biosynthetic Process	14	AURKB,FGFR4,MAP3K4,MAPKAPK5,MYC,NVL,PCNA,PNKP,POLG2,PRKCQ,RFC2,RFC5,TNIP1,USP1
GO:BP	GO:2000630	Positive Regulation Of miRNA Metabolic Process	18	EGFR,EGR1,ETS1,FOS,FOSL1,FOXO3,GATA2,GATA3,HIF1A,JUN,MYC,NR3C1,PPARG,SMAD3,SMARCA4,STAT3,TERT,TP53
GO:BP	GO:2000779	Regulation Of Double-Strand Break Repair	10	BCL7B,CHEK1,RPA2,RUVBL1,SMARCA4,SMARCC1,SMARCD2,TERF2IP,TIMELESS,VPS72
GO:BP	GO:2001056	Positive Regulation Of Cysteine-Type Endopeptidase Activity	11	BAD,CTSD,CYCS,FIS1,FYN,GPER1,LGMN,MALT1,MYC,PMAIP1,SYK
GO:BP	GO:2001234	Negative Regulation Of Apoptotic Signaling Pathway	13	AKT1,BCL2,BMP4,CFLAR,CSNK2A2,HERPUD1,HSPA1A,NOL3,PIH1D1,PSMD10,RB1,SLC25A4,SRC
GO:BP	GO:2001235	Positive Regulation Of Apoptotic Signaling Pathway	11	BAX,BECN1,BID,CTSL,DNM1L,FAS,FIS1,GPER1,PMAIP1,TLR4,TP53
GO:BP	GO:2001237	Negative Regulation Of Extrinsic Apoptotic Signaling Pathway	17	AKT1,ARHGEF2,BCL2,BMP4,BRCA1,CFLAR,FAIM,HMOX1,HSPA1A,ICAM1,IL1B,MAP2K5,NOL3,NOS3,SERPINE1,SRC,TERT
GO:BP	GO:2001242	Regulation Of Intrinsic Apoptotic Signaling Pathway	10	BCL2,BECN1,BID,DNM1L,FIS1,HERPUD1,NOL3,PMAIP1,SRC,TP53
GO:BP	GO:2001243	Negative Regulation Of Intrinsic Apoptotic Signaling Pathway	12	AKT1,ARHGEF2,BCL2,HERPUD1,HSPA1A,HSPB1,HYOU1,NFE2L2,NOL3,PTPN1,SRC,XBP1
Reactome	R-HSA-109581	Apoptosis	33	AKT1,BAD,BAX,BCL2,BID,BIRC2,CASP3,CASP7,CDKN2A,CFLAR,CYCS,DFFA,DFFB,DNM1L,DSG2,FAS,NMT1,PMAIP1,PPP1R13B,PRKCD,PRKCQ,PSMD2,PTK2,SATB1,SFN,SPTAN1,STAT3,TFDP1,TICAM1,TJP1,TLR4,TP53,TP53BP2
Reactome	R-HSA-109606	Intrinsic Pathway for Apoptosis	17	AKT1,BAD,BAX,BCL2,BID,CASP3,CASP7,CDKN2A,CYCS,NMT1,PMAIP1,PPP1R13B,SFN,STAT3,TFDP1,TP53,TP53BP2
Reactome	R-HSA-110373	Resolution of AP sites via the multiple-nucleotide patch replacement pathway	12	LIG1,PARP1,PARP2,PCNA,POLB,POLD4,POLE2,RFC2,RFC5,RPA1,RPA2,RPA3
Reactome	R-HSA-111465	Apoptotic cleavage of cellular proteins	10	BIRC2,CASP3,CASP7,DSG2,PRKCD,PRKCQ,PTK2,SATB1,SPTAN1,TJP1
Reactome	R-HSA-111885	Opioid Signalling	11	CREB1,GNA11,GNA15,GNAI1,GNAI2,GNB5,PLA2G4A,PLCB3,PRKACA,PRKCD,PRKX
Reactome	R-HSA-112040	G-protein mediated events	10	CREB1,GNA11,GNA15,GNAI1,GNAI2,PLA2G4A,PLCB3,PRKACA,PRKCD,PRKX
Reactome	R-HSA-112314	Neurotransmitter receptors and postsynaptic signal transmission	13	CASK,CREB1,GNAI1,GNAI2,GNB5,NRAS,PLCB3,PRKACA,PRKAG2,PRKX,RPS6KA1,SRC,TUBB6
Reactome	R-HSA-112315	Transmission across Chemical Synapses	17	CASK,CREB1,GNAI1,GNAI2,GNB5,HSPA8,NRAS,PLCB3,PRKACA,PRKAG2,PRKX,RPS6KA1,SNAP25,SRC,STX1A,STXBP1,TUBB6
Reactome	R-HSA-112316	Neuronal System	21	CASK,CREB1,EPB41L2,GNAI1,GNAI2,GNB5,HOMER2,HSPA8,KCNK1,NRAS,PLCB3,PRKACA,PRKAG2,PRKX,PTPRF,RPS6KA1,SNAP25,SRC,STX1A,STXBP1,TUBB6
Reactome	R-HSA-114452	Activation of BH3-only proteins	10	AKT1,BAD,BCL2,BID,PMAIP1,PPP1R13B,SFN,TFDP1,TP53,TP53BP2
Reactome	R-HSA-114604	GPVI-mediated activation cascade	11	CDC42,COL1A1,FYN,LYN,PIK3CA,PIK3R3,PTPN6,RAC2,RHOA,SYK,VAV3
Reactome	R-HSA-114608	Platelet degranulation	10	ALDOA,APP,CALU,EGF,PDGFA,PROS1,SCCPDH,SERPINE1,STXBP2,TGFB3
Reactome	R-HSA-1169408	ISG15 antiviral mechanism	11	BECN1,EIF4G1,NUP133,NUP62,NUP85,NUP88,NUP93,PIN1,RAE1,STAT1,UBE2L6
Reactome	R-HSA-1169410	Antimicrobial mechanism of IFN-stimulated genes	22	BECN1,CDK1,EIF4G1,HSPA1A,HSPA8,IKBKB,NCK1,NUP133,NUP62,NUP85,NUP88,NUP93,PIN1,PPP2R5A,RAE1,SFN,SNCA,STAT1,STAT3,TP53,TUBB6,UBE2L6
Reactome	R-HSA-1226099	Signaling by FGFR in disease	11	FGFR2,FGFR4,FRS2,NRAS,PIK3CA,POLR2I,POLR2K,STAT1,STAT3,STAT5B,ZMYM2
Reactome	R-HSA-1227986	Signaling by ERBB2	15	AKT1,EGF,EGFR,ERBB2,ERBB3,FYN,GRB7,NRAS,PIK3CA,PRKCD,PTPN12,RHOA,SHC1,SRC,STUB1
Reactome	R-HSA-1236975	Antigen processing-Cross presentation	11	BTK,CTSL,IKBKB,ITGB5,PSMB10,PSMB8,PSMD2,PSME1,PSME2,STX4,TLR4
Reactome	R-HSA-1257604	PIP3 activates AKT signaling	41	AKT1,BAD,CDKN1A,CDKN1B,CREB1,CSNK2A2,EED,EGF,EGFR,EGR1,ERBB2,ERBB3,EZH2,FGFR2,FGFR4,FOXO3,FOXO4,FRS2,FYN,HDAC2,IER3,JUN,KIT,MTA1,PDGFA,PIK3CA,PIK3R3,PIP4K2B,PPARG,PPP2R5A,PPP2R5E,PSMD2,RAC2,RHEB,RRAGA,SRC,STUB1,SUZ12,TP53,TRIB3,USP7
Reactome	R-HSA-141424	Amplification of signal from the kinetochores	13	AURKB,BIRC5,BUB1B,CDC20,CENPE,KIF2C,NUP133,NUP85,PAFAH1B1,PLK1,PPP2R5A,PPP2R5E,ZW10
Reactome	R-HSA-141444	Amplification  of signal from unattached  kinetochores via a MAD2  inhibitory signal	13	AURKB,BIRC5,BUB1B,CDC20,CENPE,KIF2C,NUP133,NUP85,PAFAH1B1,PLK1,PPP2R5A,PPP2R5E,ZW10
Reactome	R-HSA-1428517	Aerobic respiration and respiratory electron transport	17	CYCS,DLD,DMAC2L,ETFB,GSTZ1,ME2,MPC2,NNT,OXA1L,PDHX,SDHB,SIRT3,SLC25A13,SLC25A14,SLC25A4,TRAP1,VDAC1
Reactome	R-HSA-1433557	Signaling by SCF-KIT	14	CHEK1,FYN,GRB10,GRB7,KIT,LYN,NRAS,PIK3CA,PIK3R3,PTPN6,SRC,STAT1,STAT3,STAT5B
Reactome	R-HSA-1474165	Reproduction	17	ACD,BMP4,BRCA1,CDK2,CDK4,CXCR4,H2AZ2,H2BC12,H2BC21,RAD51C,RPA1,RPA2,RPA3,SMC1A,SMC3,SYNE2,TERF2IP
Reactome	R-HSA-1474228	Degradation of the extracellular matrix	15	ADAM10,CAPN1,CASP3,CAST,CD44,COL1A1,COL4A1,CTSD,CTSL,HTRA1,LAMA3,MMP1,MMP2,SPP1,TIMP2
Reactome	R-HSA-1474244	Extracellular matrix organization	32	ADAM10,APP,BMP4,CAPN1,CASK,CASP3,CAST,CD44,COL1A1,COL4A1,CRTAP,CTSD,CTSL,DAG1,DDR1,HTRA1,ICAM1,ICAM3,ITGAE,ITGB5,LAMA3,LOXL1,MMP1,MMP2,P4HA2,PDGFA,PLOD3,SERPINE1,SGCB,SPP1,TGFB3,TIMP2
Reactome	R-HSA-1483255	PI Metabolism	10	GDPD5,INPP4B,PIK3C2B,PIK3C3,PIK3CA,PIK3R3,PIK3R4,PIP4K2B,RAB4A,SACM1L
Reactome	R-HSA-1483257	Phospholipid metabolism	17	ABHD4,CPNE3,CSNK2A2,GDPD5,INPP4B,LPGAT1,MBOAT7,PIK3C2B,PIK3C3,PIK3CA,PIK3R3,PIK3R4,PIP4K2B,PLA2G15,PLA2G4A,RAB4A,SACM1L
Reactome	R-HSA-1500620	Meiosis	15	ACD,BRCA1,CDK2,CDK4,H2AZ2,H2BC12,H2BC21,RAD51C,RPA1,RPA2,RPA3,SMC1A,SMC3,SYNE2,TERF2IP
Reactome	R-HSA-1500931	Cell-Cell communication	39	BIRC2,CASK,CDC42,CDH3,CSNK2A2,CTNND1,CTSL,EED,EZH2,FYN,H2AZ2,H2BC12,H2BC21,HDAC2,ILK,IQGAP1,LAMA3,MYC,NCK1,NCK2,PIK3CA,PSMD2,PTK2,PTK2B,PTPN6,PXN,RB1,RPN1,RSU1,SMARCA4,SPTAN1,SRC,STAT3,SUZ12,TESK1,TFAP2A,TIAM1,TLE1,ZMYM2
Reactome	R-HSA-1538133	G0 and Early G1	11	CCNA1,CCNA2,CCNE2,CDC25A,CDK1,CDK2,MYBL2,MYC,PCNA,TFDP1,TOP2A
Reactome	R-HSA-157118	Signaling by NOTCH	26	ADAM10,AKT1,CCND1,CREB1,EGF,EGFR,H2AZ2,H2BC12,H2BC21,HDAC2,HDAC6,HES1,HIF1A,IKZF1,JUN,MAMLD1,MYC,NOTCH1,PSMD2,RFNG,SKP1,SMAD3,STAT1,TFDP1,TLE1,TP53
Reactome	R-HSA-157579	Telomere Maintenance	21	ACD,CCNA1,CCNA2,CDK2,DAXX,H2AZ2,H2BC12,H2BC21,LIG1,PCNA,POLD4,POLR2I,POLR2K,RFC2,RFC5,RPA1,RPA2,RPA3,RUVBL1,TERF2IP,TERT
Reactome	R-HSA-15869	Metabolism of nucleotides	8	DCK,DCTD,GLRX,HPRT1,NUDT9,PAICS,PNP,TXNRD1
Reactome	R-HSA-162587	HIV Life Cycle	22	CCNH,CDK7,CHMP4A,CHMP6,CXCR4,GTF2A2,GTF2E2,LIG1,MNAT1,NMT1,NUP133,NUP62,NUP85,NUP88,NUP93,POLR2I,POLR2K,PSIP1,RAE1,RNMT,TBP,VPS28
Reactome	R-HSA-162599	Late Phase of HIV Life Cycle	19	CCNH,CDK7,CHMP4A,CHMP6,GTF2A2,GTF2E2,MNAT1,NMT1,NUP133,NUP62,NUP85,NUP88,NUP93,POLR2I,POLR2K,RAE1,RNMT,TBP,VPS28
Reactome	R-HSA-162906	HIV Infection	26	CCNH,CDK7,CHMP4A,CHMP6,CXCR4,FYN,GTF2A2,GTF2E2,LIG1,MNAT1,NMT1,NUP133,NUP62,NUP85,NUP88,NUP93,POLR2I,POLR2K,PSIP1,PSMD2,RAE1,RNMT,SKP1,SLC25A4,TBP,VPS28
Reactome	R-HSA-162909	Host Interactions of HIV factors	11	FYN,NUP133,NUP62,NUP85,NUP88,NUP93,PSIP1,PSMD2,RAE1,SKP1,SLC25A4
Reactome	R-HSA-1632852	Macroautophagy	18	ATG3,BECN1,CHMP4A,CHMP6,CSNK2A2,HDAC6,HSPA8,MTERF3,PIK3C3,PIK3R4,PRKAG2,RHEB,RRAGA,SQSTM1,SRC,TOMM70,TUBB6,VDAC1
Reactome	R-HSA-163685	Integration of energy metabolism	14	ACLY,GNA11,GNA15,GNAI1,GNAI2,GNAS,GNB5,IQGAP1,PLCB3,PRKACA,PRKAG2,SNAP25,STX1A,STXBP1
Reactome	R-HSA-163841	Gamma carboxylation, hypusinylation, hydroxylation, and arylsulfatase activation	5	DPH2,ICMT,JMJD6,PROS1,RPS6
Reactome	R-HSA-166016	Toll Like Receptor 4 (TLR4) Cascade	26	APP,ATF1,BIRC2,BTK,CREB1,DNM1,DUSP3,DUSP4,DUSP6,FOS,IKBKB,IKBKE,JUN,MAPK9,MAPKAPK2,MAPKAPK3,MEF2C,NFKB2,NFKBIA,NFKBIB,RPS6KA1,SKP1,TICAM1,TLR4,TP53,USP14
Reactome	R-HSA-166058	MyD88:MAL(TIRAP) cascade initiated on plasma membrane	22	APP,ATF1,BTK,CREB1,DUSP3,DUSP4,DUSP6,FOS,IKBKB,JUN,MAPK9,MAPKAPK2,MAPKAPK3,MEF2C,NFKB2,NFKBIA,NFKBIB,RPS6KA1,SKP1,TLR4,TP53,USP14
Reactome	R-HSA-166166	MyD88-independent TLR4 cascade	24	APP,ATF1,BIRC2,CREB1,DUSP3,DUSP4,DUSP6,FOS,IKBKB,IKBKE,JUN,MAPK9,MAPKAPK2,MAPKAPK3,MEF2C,NFKB2,NFKBIA,NFKBIB,RPS6KA1,SKP1,TICAM1,TLR4,TP53,USP14
Reactome	R-HSA-166520	Signaling by NTRKs	34	ATF1,BAX,CDK5R1,CLTC,CREB1,CRK,CRKL,DNM1,DUSP3,DUSP4,DUSP6,EGR1,FOS,FOSL1,FRS2,FYN,ID2,MAP2K5,MAPK13,MAPKAPK2,MAPKAPK3,MEF2C,NRAS,PIK3CA,RALA,RALB,RALGDS,RHOA,RPS6KA1,SHC1,SRC,STAT3,TIAM1,TRIB1
Reactome	R-HSA-168138	Toll Like Receptor 9 (TLR9) Cascade	24	APP,ATF1,CREB1,DUSP3,DUSP4,DUSP6,FOS,IKBKB,JUN,MAPK9,MAPKAPK2,MAPKAPK3,MEF2C,NFKB2,NFKBIA,NFKBIB,PIK3C3,PIK3R4,RPS6KA1,SKP1,TICAM1,TLR4,TP53,USP14
Reactome	R-HSA-168142	Toll Like Receptor 10 (TLR10) Cascade	20	APP,ATF1,CREB1,DUSP3,DUSP4,DUSP6,FOS,IKBKB,JUN,MAPK9,MAPKAPK2,MAPKAPK3,MEF2C,NFKB2,NFKBIA,NFKBIB,RPS6KA1,SKP1,TP53,USP14
Reactome	R-HSA-168164	Toll Like Receptor 3 (TLR3) Cascade	23	APP,ATF1,BIRC2,CREB1,DUSP3,DUSP4,DUSP6,FOS,IKBKB,IKBKE,JUN,MAPK9,MAPKAPK2,MAPKAPK3,MEF2C,NFKB2,NFKBIA,NFKBIB,RPS6KA1,SKP1,TICAM1,TP53,USP14
Reactome	R-HSA-168176	Toll Like Receptor 5 (TLR5) Cascade	20	APP,ATF1,CREB1,DUSP3,DUSP4,DUSP6,FOS,IKBKB,JUN,MAPK9,MAPKAPK2,MAPKAPK3,MEF2C,NFKB2,NFKBIA,NFKBIB,RPS6KA1,SKP1,TP53,USP14
Reactome	R-HSA-168179	Toll Like Receptor TLR1:TLR2 Cascade	22	APP,ATF1,BTK,CREB1,DUSP3,DUSP4,DUSP6,FOS,IKBKB,JUN,MAPK9,MAPKAPK2,MAPKAPK3,MEF2C,NFKB2,NFKBIA,NFKBIB,RPS6KA1,SKP1,TLR4,TP53,USP14
Reactome	R-HSA-168181	Toll Like Receptor 7/8 (TLR7/8) Cascade	22	APP,ATF1,CREB1,DUSP3,DUSP4,DUSP6,FOS,IKBKB,JUN,MAPK9,MAPKAPK2,MAPKAPK3,MEF2C,NFKB2,NFKBIA,NFKBIB,RPS6KA1,SKP1,TICAM1,TLR4,TP53,USP14
Reactome	R-HSA-168188	Toll Like Receptor TLR6:TLR2 Cascade	22	APP,ATF1,BTK,CREB1,DUSP3,DUSP4,DUSP6,FOS,IKBKB,JUN,MAPK9,MAPKAPK2,MAPKAPK3,MEF2C,NFKB2,NFKBIA,NFKBIB,RPS6KA1,SKP1,TLR4,TP53,USP14
Reactome	R-HSA-168255	Influenza Infection	15	CLTC,CPSF4,HSPA1A,NUP133,NUP62,NUP85,NUP88,NUP93,PARP1,POLR2I,POLR2K,RAE1,RPL39L,RPS5,RPS6
Reactome	R-HSA-168273	Influenza Viral RNA Transcription and Replication	12	NUP133,NUP62,NUP85,NUP88,NUP93,PARP1,POLR2I,POLR2K,RAE1,RPL39L,RPS5,RPS6
Reactome	R-HSA-168898	Toll-like Receptor Cascades	31	APP,ATF1,BIRC2,BTK,CNPY3,CREB1,CTSL,DNM1,DUSP3,DUSP4,DUSP6,FOS,IKBKB,IKBKE,JUN,LGMN,MAPK9,MAPKAPK2,MAPKAPK3,MEF2C,NFKB2,NFKBIA,NFKBIB,PIK3C3,PIK3R4,RPS6KA1,SKP1,TICAM1,TLR4,TP53,USP14
Reactome	R-HSA-168928	DDX58/IFIH1-mediated induction of interferon-alpha/beta	10	APP,CASP10,IKBKB,IKBKE,NFKB2,NFKBIA,NFKBIB,PIN1,TOMM70,UBE2L6
Reactome	R-HSA-170834	Signaling by TGF-beta Receptor Complex	12	BAMBI,ITGB5,MYC,PARP1,RHOA,SERPINE1,SMAD3,STAT1,STUB1,TFDP1,TGFB3,TGFBR2
Reactome	R-HSA-174143	APC/C-mediated degradation of cell cycle proteins	14	AURKA,AURKB,BUB1B,CCNA1,CCNA2,CCNB1,CDC20,CDK1,CDK2,PLK1,PSMD2,RB1,SKP1,UBE2C
Reactome	R-HSA-174417	Telomere C-strand (Lagging Strand) Synthesis	10	ACD,LIG1,PCNA,POLD4,RFC2,RFC5,RPA1,RPA2,RPA3,TERF2IP
Reactome	R-HSA-174824	Plasma lipoprotein assembly, remodeling, and clearance	9	APOE,CLTC,LIPA,LSR,MBTPS1,NPC1,NR1H2,PRKACA,SCARB1
Reactome	R-HSA-176187	Activation of ATR in response to replication stress	12	CDC25A,CDC45,CDK2,CHEK1,MCM3,ORC1,RAD9A,RFC2,RFC5,RPA1,RPA2,RPA3
Reactome	R-HSA-176408	Regulation of APC/C activators between G1/S and early anaphase	11	BUB1B,CCNA1,CCNA2,CCNB1,CDC20,CDK1,CDK2,PLK1,PSMD2,SKP1,UBE2C
Reactome	R-HSA-177929	Signaling by EGFR	12	ADAM10,CDC42,CSK,EGF,EGFR,NRAS,PIK3CA,PTPN12,PTPRK,PXN,SHC1,SRC
Reactome	R-HSA-180786	Extension of Telomeres	15	ACD,CCNA1,CCNA2,CDK2,LIG1,PCNA,POLD4,RFC2,RFC5,RPA1,RPA2,RPA3,RUVBL1,TERF2IP,TERT
Reactome	R-HSA-181438	Toll Like Receptor 2 (TLR2) Cascade	22	APP,ATF1,BTK,CREB1,DUSP3,DUSP4,DUSP6,FOS,IKBKB,JUN,MAPK9,MAPKAPK2,MAPKAPK3,MEF2C,NFKB2,NFKBIA,NFKBIB,RPS6KA1,SKP1,TLR4,TP53,USP14
Reactome	R-HSA-1852241	Organelle biogenesis and maintenance	20	ALAS1,CCP110,CDK1,CEP57,CREB1,CSNK1E,CYCS,DMAC2L,GABPB1,HDAC6,MEF2C,PAFAH1B1,PCM1,PLK1,POLG2,PRKACA,PRKAG2,SIRT3,TCTN1,TUBB6
Reactome	R-HSA-186763	Downstream signal transduction	13	CRK,CRKL,GRB7,NCK1,NCK2,NRAS,PDGFA,PIK3CA,RASA1,SRC,STAT1,STAT3,STAT5B
Reactome	R-HSA-186797	Signaling by PDGF	16	COL4A1,CRK,CRKL,GRB7,NCK1,NCK2,NRAS,PDGFA,PIK3CA,PTPN12,RASA1,SPP1,SRC,STAT1,STAT3,STAT5B
Reactome	R-HSA-187037	Signaling by NTRK1 (TRKA)	31	ATF1,CDK5R1,CLTC,CREB1,CRK,CRKL,DNM1,DUSP3,DUSP4,DUSP6,EGR1,FOS,FOSL1,FRS2,ID2,MAP2K5,MAPK13,MAPKAPK2,MAPKAPK3,MEF2C,NRAS,PIK3CA,RALA,RALB,RALGDS,RHOA,RPS6KA1,SHC1,SRC,STAT3,TRIB1
Reactome	R-HSA-187577	SCF(Skp2)-mediated degradation of p27/p21	10	CCNA1,CCNA2,CCND1,CCNE2,CDK2,CDK4,CDKN1A,CDKN1B,PSMD2,SKP1
Reactome	R-HSA-187687	Signalling to ERKs	12	CRK,CRKL,FRS2,MAPK13,MAPKAPK2,MAPKAPK3,NRAS,RALA,RALB,RALGDS,SHC1,SRC
Reactome	R-HSA-189445	Metabolism of porphyrins	4	ALAS1,BLVRA,HMOX1,PPOX
Reactome	R-HSA-190236	Signaling by FGFR	11	FGFR2,FGFR4,FRS2,MKNK1,NRAS,PIK3CA,POLR2I,POLR2K,SHC1,SPRED2,SRC
Reactome	R-HSA-1912422	Pre-NOTCH Expression and Processing	10	CCND1,H2AZ2,H2BC12,H2BC21,JUN,MAMLD1,NOTCH1,RFNG,TFDP1,TP53
Reactome	R-HSA-193704	p75 NTR receptor-mediated signalling	13	ARHGEF12,ARHGEF2,BAD,CASP2,CASP3,HDAC2,IKBKB,NET1,NFKBIA,RHOA,SQSTM1,TIAM1,VAV3
Reactome	R-HSA-194138	Signaling by VEGF	27	AKT1,CDC42,CRK,CTNND1,FYN,HSPB1,MAPK13,MAPKAPK2,MAPKAPK3,NCK1,NCK2,NOS3,NRAS,PAK1,PIK3CA,PRKACA,PRKCD,PTK2,PTK2B,PXN,RASA1,RHOA,SHB,SRC,TRIB3,VAV3,WASF3
Reactome	R-HSA-195258	RHO GTPase Effectors	41	ABL1,AURKB,BIRC5,BTK,BUB1B,CDC20,CDC42,CDKN1B,CENPE,CTTN,EVL,H2AZ2,H2BC12,H2BC21,IQGAP1,KIF14,KIF2C,KTN1,MYL9,MYLK,NCK1,NUP133,NUP85,PAFAH1B1,PAK1,PIK3C3,PIK3R4,PIN1,PLK1,PPP2R5A,PPP2R5E,PRKCD,PTK2,RAC2,RHOA,SFN,SRC,TUBB6,WASF3,WIPF2,ZW10
Reactome	R-HSA-195721	Signaling by WNT	27	AKT1,AXIN1,CLTB,CLTC,CSNK1A1,CSNK1E,CSNK2A2,FZD1,FZD7,GNB5,H2AZ2,H2BC12,H2BC21,MYC,PLCB3,PPP2R5A,PPP2R5E,PSMD2,RAC2,RHOA,RUVBL1,SKP1,SMARCA4,SOX2,SOX4,TERT,TLE1
Reactome	R-HSA-196854	Metabolism of vitamins and cofactors	13	AKT1,APOE,CD320,COASY,COQ8A,FPGS,GPC1,LRP10,MTHFD2,NOS3,PCCB,SLC5A6,SPR
Reactome	R-HSA-1980143	Signaling by NOTCH1	10	ADAM10,HDAC2,HDAC6,HES1,HIF1A,MAMLD1,MYC,NOTCH1,SKP1,TLE1
Reactome	R-HSA-198725	Nuclear Events (kinase and transcription factor activation)	14	ATF1,CDK5R1,CREB1,DUSP3,DUSP4,DUSP6,EGR1,FOS,FOSL1,ID2,MAPKAPK2,MEF2C,RPS6KA1,TRIB1
Reactome	R-HSA-198933	Immunoregulatory interactions between a Lymphoid and a non-Lymphoid cell	5	CD40,COL1A1,ICAM1,ICAM3,NPDC1
Reactome	R-HSA-1989781	PPARA activates gene expression	14	ALAS1,ARNT2,CDK19,FDFT1,FHL2,HMGCR,HMGCS1,NCOA3,NR1H2,PEX11A,PPARG,TNFRSF21,TRIB3,TXNRD1
Reactome	R-HSA-199418	Negative regulation of the PI3K/AKT network	20	AKT1,EGF,EGFR,ERBB2,ERBB3,FGFR2,FGFR4,FRS2,FYN,IER3,KIT,PDGFA,PIK3CA,PIK3R3,PIP4K2B,PPP2R5A,PPP2R5E,RAC2,SRC,TRIB3
Reactome	R-HSA-199977	ER to Golgi Anterograde Transport	11	COG2,COG4,COG7,COPB2,KDELR2,SPTAN1,TMED10,TRAPPC3,TRAPPC6A,TUBB6,YKT6
Reactome	R-HSA-199992	trans-Golgi Network Vesicle Budding	7	ACBD3,APP,CLTB,CLTC,HSPA8,IGF2R,STX4
Reactome	R-HSA-201556	Signaling by ALK	10	DNMT1,FRS2,HDAC2,HIF1A,MYC,PIK3CA,PTPN6,SHC1,SRC,STAT3
Reactome	R-HSA-201681	TCF dependent signaling in response to WNT	19	AKT1,AXIN1,CSNK1A1,CSNK1E,CSNK2A2,FZD1,H2AZ2,H2BC12,H2BC21,MYC,PPP2R5A,PPP2R5E,PSMD2,RUVBL1,SMARCA4,SOX2,SOX4,TERT,TLE1
Reactome	R-HSA-202403	TCR signaling	13	CSK,EVL,HLA-DRA,IKBKB,MALT1,NCK1,NFKBIA,PAK1,PIK3CA,PRKCQ,PSMD2,PTPRC,SKP1
Reactome	R-HSA-202733	Cell surface interactions at the vascular wall	16	ATP1B1,CD44,CD58,COL1A1,FYN,GPC1,GRB7,LYN,MIF,MMP1,NRAS,PIK3CA,PROS1,PTPN6,SHC1,SRC
Reactome	R-HSA-2029480	Fcgamma receptor (FCGR) dependent phagocytosis	17	ABL1,BTK,CDC42,CRK,FYN,LYN,MYO10,NCK1,PAK1,PIK3CA,PRKCD,PTK2,SRC,SYK,VAV3,WASF3,WIPF2
Reactome	R-HSA-2029482	Regulation of actin dynamics for phagocytic cup formation	12	ABL1,BTK,CDC42,CRK,MYO10,NCK1,PAK1,PTK2,SYK,VAV3,WASF3,WIPF2
Reactome	R-HSA-211859	Biological oxidations	11	ADH5,AKR7A2,ARNT2,BPHL,CBR3,CHAC1,CNDP2,GSTM2,GSTZ1,MAT2A,UGDH
Reactome	R-HSA-212165	Epigenetic regulation of gene expression	32	ABL1,AKAP8L,ARID4B,BCL7B,CCNH,CDK7,CEBPA,DNMT1,DNMT3A,EED,EZH2,H2AZ2,H2BC12,H2BC21,HDAC2,MNAT1,MTA1,MTF2,NCOA3,PEX11A,POLR1C,POLR2K,PPARG,PSIP1,RB1,RRP8,SMARCA4,SMARCC1,SMARCD2,SUV39H1,SUZ12,TBP
Reactome	R-HSA-2132295	MHC class II antigen presentation	12	CENPE,CLTC,CTSD,CTSL,DNM1,HLA-DMA,HLA-DRA,KIF20A,KIF2C,KIF5C,LGMN,TUBB6
Reactome	R-HSA-2219528	PI3K/AKT Signaling in Cancer	21	AKT1,BAD,CDKN1A,CDKN1B,CREB1,EGF,EGFR,ERBB2,ERBB3,FGFR2,FGFR4,FOXO3,FOXO4,FRS2,FYN,KIT,PDGFA,PIK3CA,PIK3R3,RAC2,SRC
Reactome	R-HSA-2219530	Constitutive Signaling by Aberrant PI3K in Cancer	14	EGF,EGFR,ERBB2,ERBB3,FGFR2,FGFR4,FRS2,FYN,KIT,PDGFA,PIK3CA,PIK3R3,RAC2,SRC
Reactome	R-HSA-2404192	Signaling by Type 1 Insulin-like Growth Factor 1 Receptor (IGF1R)	10	FGFR2,FGFR4,FRS2,IGF1R,NRAS,PIK3C3,PIK3CA,PIK3R4,SHC1,TRIB3
Reactome	R-HSA-2428924	IGF1R signaling cascade	10	FGFR2,FGFR4,FRS2,IGF1R,NRAS,PIK3C3,PIK3CA,PIK3R4,SHC1,TRIB3
Reactome	R-HSA-2454202	Fc epsilon receptor (FCERI) signaling	19	BTK,FOS,FYN,IKBKB,JUN,LYN,MALT1,MAPK9,NFATC3,NFKBIA,NRAS,PAK1,PIK3CA,PRKCQ,PSMD2,SHC1,SKP1,SYK,VAV3
Reactome	R-HSA-2467813	Separation of Sister Chromatids	19	AURKB,BIRC5,BUB1B,CDC20,CENPE,KIF2C,NUP133,NUP85,PAFAH1B1,PDS5A,PLK1,PPP2R5A,PPP2R5E,PSMD2,SMC1A,SMC3,TUBB6,UBE2C,ZW10
Reactome	R-HSA-2500257	Resolution of Sister Chromatid Cohesion	20	AURKB,BIRC5,BUB1B,CCNB1,CCNB2,CDC20,CDK1,CENPE,KIF2C,NUP133,NUP85,PAFAH1B1,PDS5A,PLK1,PPP2R5A,PPP2R5E,SMC1A,SMC3,TUBB6,ZW10
Reactome	R-HSA-2555396	Mitotic Metaphase and Anaphase	27	AURKB,BIRC5,BUB1B,CCNB1,CCNB2,CDC20,CDK1,CENPE,CHMP4A,CHMP6,KIF2C,LBR,NUP133,NUP62,NUP85,NUP93,PAFAH1B1,PDS5A,PLK1,PPP2R5A,PPP2R5E,PSMD2,SMC1A,SMC3,TUBB6,UBE2C,ZW10
Reactome	R-HSA-2559580	Oxidative Stress Induced Senescence	19	CDK4,CDK6,CDKN2A,E2F2,EED,EZH2,FOS,H2AZ2,H2BC12,H2BC21,JUN,MAP4K4,MAPK9,MAPKAPK2,MAPKAPK3,MAPKAPK5,SUZ12,TFDP1,TP53
Reactome	R-HSA-2559582	Senescence-Associated Secretory Phenotype (SASP)	16	CCNA1,CCNA2,CDK2,CDK4,CDK6,CDKN1A,CDKN1B,CDKN2A,FOS,H2AZ2,H2BC12,H2BC21,JUN,RPS6KA1,STAT3,UBE2C
Reactome	R-HSA-2559583	Cellular Senescence	33	ACD,CCNA1,CCNA2,CCNE2,CDK2,CDK4,CDK6,CDKN1A,CDKN1B,CDKN2A,E2F2,EED,ETS1,EZH2,FOS,H2AZ2,H2BC12,H2BC21,HMGA2,JUN,MAP4K4,MAPK9,MAPKAPK2,MAPKAPK3,MAPKAPK5,RB1,RPS6KA1,STAT3,SUZ12,TERF2IP,TFDP1,TP53,UBE2C
Reactome	R-HSA-2559586	DNA Damage/Telomere Stress Induced Senescence	14	ACD,CCNA1,CCNA2,CCNE2,CDK2,CDKN1A,CDKN1B,H2AZ2,H2BC12,H2BC21,HMGA2,RB1,TERF2IP,TP53
Reactome	R-HSA-2565942	Regulation of PLK1 Activity at G2/M Transition	12	AURKA,CCNB1,CCNB2,CCP110,CDK1,CEP57,CSNK1E,PAFAH1B1,PCM1,PLK1,PRKACA,SKP1
Reactome	R-HSA-2682334	EPH-Ephrin signaling	19	ADAM10,CDC42,CLTB,CLTC,DNM1,EPHA3,EPHB2,FYN,LYN,MMP2,MYL9,NCK2,PAK1,PTK2,RASA1,RHOA,SRC,TIAM1,VAV3
Reactome	R-HSA-2980766	Nuclear Envelope Breakdown	10	CCNB1,CCNB2,CDK1,NUP133,NUP62,NUP85,NUP88,NUP93,PLK1,RAE1
Reactome	R-HSA-2990846	SUMOylation	34	AURKA,AURKB,BIRC5,BRCA1,CDKN2A,DAXX,DNMT1,DNMT3A,HDAC2,IKBKE,MTA1,NFKB2,NFKBIA,NR1H2,NR3C1,NRIP1,NUP133,NUP62,NUP85,NUP88,NUP93,PARP1,PCNA,PPARG,RAE1,RPA1,SATB1,SMC1A,SMC3,SUZ12,TFAP2A,TOP2A,TP53,TP53BP1
Reactome	R-HSA-2995410	Nuclear Envelope (NE) Reassembly	11	CCNB1,CCNB2,CDK1,CHMP4A,CHMP6,LBR,NUP133,NUP62,NUP85,NUP93,TUBB6
Reactome	R-HSA-3108214	SUMOylation of DNA damage response and repair proteins	12	BRCA1,CDKN2A,NUP133,NUP62,NUP85,NUP88,NUP93,PARP1,RAE1,RPA1,SMC1A,SMC3
Reactome	R-HSA-3108232	SUMO E3 ligases SUMOylate target proteins	34	AURKA,AURKB,BIRC5,BRCA1,CDKN2A,DAXX,DNMT1,DNMT3A,HDAC2,IKBKE,MTA1,NFKB2,NFKBIA,NR1H2,NR3C1,NRIP1,NUP133,NUP62,NUP85,NUP88,NUP93,PARP1,PCNA,PPARG,RAE1,RPA1,SATB1,SMC1A,SMC3,SUZ12,TFAP2A,TOP2A,TP53,TP53BP1
Reactome	R-HSA-3214847	HATs acetylate histones	10	ELP1,H2BC12,H2BC21,HAT1,JADE2,KAT6A,KAT6B,RUVBL1,USP22,VPS72
Reactome	R-HSA-3247509	Chromatin modifying enzymes	31	ARID4B,ARID5B,CCND1,CDK4,DNMT3A,EED,ELP1,EZH2,H2AZ2,H2BC12,H2BC21,HAT1,HDAC2,HMG20B,JADE2,JMJD6,KAT6A,KAT6B,KDM3A,KDM5A,KDM5B,MTA1,NFKB2,RUVBL1,SMARCA4,SMARCC1,SMARCD2,SUV39H1,SUZ12,USP22,VPS72
Reactome	R-HSA-3371453	Regulation of HSF1-mediated heat shock response	19	BAG3,DNAJB1,DNAJB6,FKBP4,HSPA1A,HSPA4,HSPA8,HSPB1,MAPKAPK2,NUP133,NUP62,NUP85,NUP88,NUP93,RAE1,RPA1,RPA2,RPA3,TNFRSF21
Reactome	R-HSA-3371511	HSF1 activation	10	DNAJB1,DNAJB6,FKBP4,HDAC6,HSPA1A,HSPB1,RPA1,RPA2,RPA3,TNFRSF21
Reactome	R-HSA-3371556	Cellular response to heat stress	20	BAG3,DNAJB1,DNAJB6,FKBP4,HDAC6,HSPA1A,HSPA4,HSPA8,HSPB1,MAPKAPK2,NUP133,NUP62,NUP85,NUP88,NUP93,RAE1,RPA1,RPA2,RPA3,TNFRSF21
Reactome	R-HSA-3700989	Transcriptional Regulation by TP53	64	AKT1,AURKA,AURKB,BAX,BID,BIRC5,BNIP3L,BRCA1,CASP10,CASP2,CCNA1,CCNA2,CCNB1,CCNE2,CCNH,CDK1,CDK2,CDK5R1,CDK7,CDKN1A,CDKN1B,CDKN2A,CHEK1,CHEK2,CNOT4,CSNK2A2,CYCS,DAXX,DDB2,DDIT4,FAS,FOS,GADD45A,HDAC2,IGFBP3,JUN,KAT6A,MAPKAPK5,MNAT1,PCNA,PIN1,PIP4K2B,PMAIP1,POLR2I,POLR2K,PPP1R13B,PRKAG2,RAD9A,RFC2,RFC5,RHEB,RPA1,RPA2,RPA3,RRAGA,SESN1,SFN,TBP,TFDP1,TOPBP1,TP53,TP53BP2,TXNRD1,USP7
Reactome	R-HSA-373076	Class A/1 (Rhodopsin-like receptors)	11	ADRB2,APP,C5,CCL2,CXCL2,CXCR4,EDN1,GPER1,HEBP1,LPAR2,TBXA2R
Reactome	R-HSA-373760	L1CAM interactions	11	CLTC,CSNK2A2,DNM1,EGFR,EPHB2,HSPA8,PAK1,RPS6KA1,SPTAN1,SRC,TUBB6
Reactome	R-HSA-376176	Signaling by ROBO receptors	21	ABL1,CASC3,CDC42,CXCR4,DAG1,EIF4G1,EVL,GPC1,NCK1,NCK2,PAK1,PAK4,PAK6,PRKACA,PSMD2,RHOA,RNPS1,RPL39L,RPS5,RPS6,SRC
Reactome	R-HSA-3781865	Diseases of glycosylation	11	B4GAT1,DAG1,DHDDS,EXT1,GALE,GFPT1,GPC1,MUC1,NOTCH1,PGM1,PMM2
Reactome	R-HSA-381119	Unfolded Protein Response (UPR)	14	ATF6,CCL2,EDEM1,EXOSC4,FKBP14,GFPT1,HERPUD1,HYOU1,MBTPS1,PDIA5,SHC1,TATDN2,WFS1,XBP1
Reactome	R-HSA-381426	Regulation of Insulin-like Growth Factor (IGF) transport and uptake by Insulin-like Growth Factor Binding Proteins (IGFBPs)	13	ADAM10,APOE,APP,BMP4,CALU,IGFBP3,KTN1,MBTPS1,MMP1,MMP2,PRSS23,SPP1,WFS1
Reactome	R-HSA-383280	Nuclear Receptor transcription pathway	5	NR1H2,NR2F6,NR3C1,PPARD,PPARG
Reactome	R-HSA-3858494	Beta-catenin independent WNT signaling	10	CLTB,CLTC,FZD1,FZD7,GNB5,MYC,PLCB3,PSMD2,RAC2,RHOA
Reactome	R-HSA-388841	Regulation of T cell activation by CD28 family	35	AKT1,CCND1,CDC42,CDK4,CSK,CSNK2A2,EED,EZH2,FOS,FYN,H2AZ2,H2BC12,H2BC21,HIF1A,HLA-DRA,JUN,LYN,MYC,NFE2L2,NFKB2,PAK1,PIK3CA,PIK3R3,PPP2R5A,PPP2R5E,PRKAG2,PSMD2,PTPN6,RPN1,SKP1,SRC,STAT1,STAT3,SUZ12,TRIB3
Reactome	R-HSA-389356	Co-stimulation by CD28	11	AKT1,CDC42,FYN,LYN,PAK1,PIK3CA,PIK3R3,PPP2R5A,PPP2R5E,SRC,TRIB3
Reactome	R-HSA-389948	Co-inhibition by PD-1	24	CCND1,CDK4,CSK,CSNK2A2,EED,EZH2,FOS,H2AZ2,H2BC12,H2BC21,HIF1A,HLA-DRA,JUN,MYC,NFE2L2,NFKB2,PRKAG2,PSMD2,PTPN6,RPN1,SKP1,STAT1,STAT3,SUZ12
Reactome	R-HSA-3928662	EPHB-mediated forward signaling	10	CDC42,EPHB2,FYN,LYN,PAK1,PTK2,RASA1,RHOA,SRC,TIAM1
Reactome	R-HSA-3928665	EPH-ephrin mediated repulsion of cells	12	ADAM10,CLTB,CLTC,DNM1,EPHA3,EPHB2,FYN,LYN,MMP2,SRC,TIAM1,VAV3
Reactome	R-HSA-397014	Muscle contraction	10	ATP1B1,ITGB5,KCNK1,MYL9,MYLK,PAK1,PRKACA,PXN,SORBS3,TPM1
Reactome	R-HSA-400206	Regulation of lipid metabolism by PPARalpha	14	ALAS1,ARNT2,CDK19,FDFT1,FHL2,HMGCR,HMGCS1,NCOA3,NR1H2,PEX11A,PPARG,TNFRSF21,TRIB3,TXNRD1
Reactome	R-HSA-416476	G alpha (q) signalling events	20	ABHD6,APP,BTK,CREB1,EDN1,EGFR,GNA11,GNA15,GNB5,LPAR2,NRAS,PIK3CA,PIK3R3,PLCB3,PRKCD,PRKCH,PRKCQ,RGS2,RPS6KA1,TBXA2R
Reactome	R-HSA-418594	G alpha (i) signalling events	20	APP,C5,CREB1,CXCL2,CXCR4,GNA11,GNA15,GNAI1,GNAI2,GNAS,GNB5,GPER1,HEBP1,LPAR2,PLA2G4A,PLCB3,PRKACA,PRKCD,PRKX,SRC
Reactome	R-HSA-418990	Adherens junctions interactions	25	BIRC2,CDC42,CDH3,CSNK2A2,CTNND1,CTSL,EED,EZH2,FYN,H2AZ2,H2BC12,H2BC21,HDAC2,MYC,PSMD2,RB1,RPN1,SMARCA4,SRC,STAT3,SUZ12,TFAP2A,TIAM1,TLE1,ZMYM2
Reactome	R-HSA-421270	Cell-cell junction organization	25	BIRC2,CDC42,CDH3,CSNK2A2,CTNND1,CTSL,EED,EZH2,FYN,H2AZ2,H2BC12,H2BC21,HDAC2,MYC,PSMD2,RB1,RPN1,SMARCA4,SRC,STAT3,SUZ12,TFAP2A,TIAM1,TLE1,ZMYM2
Reactome	R-HSA-422356	Regulation of insulin secretion	12	GNA11,GNA15,GNAI1,GNAI2,GNAS,GNB5,IQGAP1,PLCB3,PRKACA,SNAP25,STX1A,STXBP1
Reactome	R-HSA-425407	SLC-mediated transmembrane transport	7	SLC11A2,SLC1A4,SLC25A4,SLC2A6,SLC35A1,SLC35A3,SLC5A6
Reactome	R-HSA-427413	NoRC negatively regulates rRNA expression	12	ARID4B,CCNH,CDK7,DNMT1,H2AZ2,H2BC12,H2BC21,HDAC2,MNAT1,POLR1C,POLR2K,TBP
Reactome	R-HSA-429914	Deadenylation-dependent mRNA decay	8	CNOT4,EIF4G1,EXOSC4,LSM5,LSM6,PAN2,SKIC2,SKIC8
Reactome	R-HSA-4420097	VEGFA-VEGFR2 Pathway	27	AKT1,CDC42,CRK,CTNND1,FYN,HSPB1,MAPK13,MAPKAPK2,MAPKAPK3,NCK1,NCK2,NOS3,NRAS,PAK1,PIK3CA,PRKACA,PRKCD,PTK2,PTK2B,PXN,RASA1,RHOA,SHB,SRC,TRIB3,VAV3,WASF3
Reactome	R-HSA-446203	Asparagine N-linked glycosylation	24	AMDHD2,COG2,COG4,COG7,COPB2,DHDDS,EDEM1,GFPT1,GFUS,HK1,KDELR2,MLEC,PMM2,RPN1,SLC35A1,SPTAN1,ST3GAL5,ST6GALNAC2,TMED10,TRAPPC3,TRAPPC6A,TRIM13,TUBB6,YKT6
Reactome	R-HSA-446652	Interleukin-1 family signaling	15	APP,IKBKB,IL1B,NFKB2,NFKBIA,NFKBIB,PSMD2,PTPN12,PTPN6,SKP1,SMAD3,SQSTM1,STAT3,TP53,USP14
Reactome	R-HSA-446728	Cell junction organization	30	BIRC2,CDC42,CDH3,CSNK2A2,CTNND1,CTSL,EED,EZH2,FYN,H2AZ2,H2BC12,H2BC21,HDAC2,ILK,LAMA3,MYC,PSMD2,PXN,RB1,RPN1,RSU1,SMARCA4,SRC,STAT3,SUZ12,TESK1,TFAP2A,TIAM1,TLE1,ZMYM2
Reactome	R-HSA-448424	Interleukin-17 signaling	14	ATF1,CREB1,DUSP3,DUSP4,DUSP6,FOS,IKBKB,JUN,MAPK9,MAPKAPK2,MAPKAPK3,MEF2C,RPS6KA1,SKP1
Reactome	R-HSA-449147	Signaling by Interleukins	73	AKT1,APP,ATF1,BCL2,BIRC5,CASP3,CCL2,CCND1,CDC42,CDKN1A,CEBPD,CREB1,CRK,CRKL,CXCL2,DUSP3,DUSP4,DUSP6,FOS,FOXO3,FYN,GATA3,HIF1A,HMOX1,HSPA8,ICAM1,IKBKB,IL13RA1,IL1B,IL4R,JUN,LYN,MAPK9,MAPKAPK2,MAPKAPK3,MEF2C,MIF,MMP1,MMP2,MUC1,MYC,NFKB2,NFKBIA,NFKBIB,PIK3CA,PIK3R3,PRKACA,PSMD2,PSME2,PTGS2,PTK2B,PTPN12,PTPN6,RALA,RPS6KA1,SHC1,SKP1,SMAD3,SMARCA4,SNAP25,SOCS2,SOX2,SQSTM1,STAT1,STAT3,STAT5B,STX1A,STX4,STXBP2,SYK,TP53,TXLNA,USP14
Reactome	R-HSA-450282	MAPK targets/ Nuclear events mediated by MAP kinases	11	ATF1,CREB1,DUSP3,DUSP4,DUSP6,FOS,JUN,MAPK9,MAPKAPK2,MEF2C,RPS6KA1
Reactome	R-HSA-450294	MAP kinase activation	14	ATF1,CREB1,DUSP3,DUSP4,DUSP6,FOS,IKBKB,JUN,MAPK9,MAPKAPK2,MAPKAPK3,MEF2C,RPS6KA1,SKP1
Reactome	R-HSA-450531	Regulation of mRNA stability by proteins that bind AU-rich elements	11	AKT1,EIF4G1,ELAVL1,EXOSC4,HSPA1A,HSPA8,HSPB1,MAPKAPK2,PRKCD,PSMD2,ZFP36
Reactome	R-HSA-453274	Mitotic G2-G2/M phases	25	AURKA,CCNA1,CCNA2,CCNB1,CCNB2,CCNH,CCP110,CDC25A,CDC25B,CDK1,CDK2,CDK7,CDKN1A,CEP57,CSNK1E,MNAT1,MYBL2,PAFAH1B1,PCM1,PLK1,PRKACA,PSMD2,SKP1,TP53,TUBB6
Reactome	R-HSA-453276	Regulation of mitotic cell cycle	14	AURKA,AURKB,BUB1B,CCNA1,CCNA2,CCNB1,CDC20,CDK1,CDK2,PLK1,PSMD2,RB1,SKP1,UBE2C
Reactome	R-HSA-453279	Mitotic G1 phase and G1/S transition	38	ABL1,AKT1,CCNA1,CCNA2,CCNB1,CCND1,CCND3,CCNE2,CCNH,CDC25A,CDC45,CDK1,CDK2,CDK4,CDK6,CDK7,CDKN1A,CDKN1B,CDKN2A,E2F2,GMNN,LYN,MCM3,MNAT1,MYBL2,MYC,ORC1,PCNA,POLE2,PSMD2,RB1,RPA1,RPA2,RPA3,SKP1,SRC,TFDP1,TOP2A
Reactome	R-HSA-4615885	SUMOylation of DNA replication proteins	11	AURKA,AURKB,BIRC5,NUP133,NUP62,NUP85,NUP88,NUP93,PCNA,RAE1,TOP2A
Reactome	R-HSA-4839726	Chromatin organization	40	ARID4B,ARID5B,BCL7B,CCND1,CDK4,CHERP,DDX42,DNMT3A,EED,ELP1,EZH2,H2AZ2,H2BC12,H2BC21,HAT1,HDAC2,HMG20B,IKZF1,JADE2,JMJD6,KAT6A,KAT6B,KDM3A,KDM5A,KDM5B,MTA1,NFE2L2,NFKB2,PAF1,PUF60,RUVBL1,SKIC8,SMARCA4,SMARCC1,SMARCD2,SMNDC1,SUV39H1,SUZ12,USP22,VPS72
Reactome	R-HSA-500792	GPCR ligand binding	16	ADGRE5,ADRB2,APP,C5,CCL2,CXCL2,CXCR4,EDN1,FZD1,FZD7,GNAS,GNB5,GPER1,HEBP1,LPAR2,TBXA2R
Reactome	R-HSA-512988	Interleukin-3, Interleukin-5 and GM-CSF signaling	11	CRK,CRKL,FYN,LYN,PIK3CA,PIK3R3,PRKACA,PTPN6,SHC1,STAT5B,SYK
Reactome	R-HSA-5173105	O-linked glycosylation	6	B4GAT1,DAG1,MUC1,RXYLT1,SLC35A1,ST6GALNAC2
Reactome	R-HSA-5218859	Regulated Necrosis	11	BAX,BIRC2,CASP3,CFLAR,CHMP4A,CHMP6,CYCS,FAS,IL1B,STUB1,TP53
Reactome	R-HSA-5250941	Negative epigenetic regulation of rRNA expression	14	ARID4B,CCNH,CDK7,DNMT1,H2AZ2,H2BC12,H2BC21,HDAC2,MNAT1,POLR1C,POLR2K,RRP8,SUV39H1,TBP
Reactome	R-HSA-5357801	Programmed Cell Death	37	AKT1,BAD,BAX,BCL2,BID,BIRC2,CASP3,CASP7,CDKN2A,CFLAR,CHMP4A,CHMP6,CYCS,DFFA,DFFB,DNM1L,DSG2,FAS,IL1B,NMT1,PMAIP1,PPP1R13B,PRKCD,PRKCQ,PSMD2,PTK2,SATB1,SFN,SPTAN1,STAT3,STUB1,TFDP1,TICAM1,TJP1,TLR4,TP53,TP53BP2
Reactome	R-HSA-5607764	CLEC7A (Dectin-1) signaling	12	IKBKB,IL1B,MALT1,NFATC3,NFKB2,NFKBIA,PRKCD,PSMD2,RELB,SKP1,SRC,SYK
Reactome	R-HSA-5617472	Activation of anterior HOX genes in hindbrain development during early embryogenesis	10	EED,EZH2,H2AZ2,H2BC12,H2BC21,JUN,NCOA3,POLR2I,POLR2K,SUZ12
Reactome	R-HSA-5617833	Cilium Assembly	11	CCP110,CDK1,CEP57,CSNK1E,HDAC6,PAFAH1B1,PCM1,PLK1,PRKACA,TCTN1,TUBB6
Reactome	R-HSA-5619102	SLC transporter disorders	10	HK1,NUP133,NUP62,NUP85,NUP88,NUP93,RAE1,SLC11A2,SLC35A1,SLC35A3
Reactome	R-HSA-5619115	Disorders of transmembrane transporters	12	ABCB6,HK1,NUP133,NUP62,NUP85,NUP88,NUP93,PSMD2,RAE1,SLC11A2,SLC35A1,SLC35A3
Reactome	R-HSA-5619507	Activation of HOX genes during differentiation	10	EED,EZH2,H2AZ2,H2BC12,H2BC21,JUN,NCOA3,POLR2I,POLR2K,SUZ12
Reactome	R-HSA-5621481	C-type lectin receptors (CLRs)	19	FYN,ICAM3,IKBKB,IL1B,LYN,MALT1,MUC1,NFATC3,NFKB2,NFKBIA,NRAS,PAK1,PRKACA,PRKCD,PSMD2,RELB,SKP1,SRC,SYK
Reactome	R-HSA-5628897	TP53 Regulates Metabolic Genes	10	AKT1,CYCS,DDIT4,PRKAG2,RHEB,RRAGA,SESN1,SFN,TP53,TXNRD1
Reactome	R-HSA-5633007	Regulation of TP53 Activity	32	AKT1,AURKA,AURKB,BRCA1,CCNA1,CCNA2,CDK1,CDK2,CDK5R1,CDKN2A,CHEK1,CHEK2,CSNK2A2,DAXX,HDAC2,KAT6A,MAPKAPK5,PIN1,PIP4K2B,PPP1R13B,PRKAG2,RAD9A,RFC2,RFC5,RPA1,RPA2,RPA3,TBP,TOPBP1,TP53,TP53BP2,USP7
Reactome	R-HSA-5633008	TP53 Regulates Transcription of Cell Death Genes	12	BAX,BID,BIRC5,BNIP3L,CASP10,CASP2,FAS,IGFBP3,PMAIP1,PPP1R13B,TP53,TP53BP2
Reactome	R-HSA-5651801	PCNA-Dependent Long Patch Base Excision Repair	10	LIG1,PCNA,POLB,POLD4,POLE2,RFC2,RFC5,RPA1,RPA2,RPA3
Reactome	R-HSA-5663202	Diseases of signal transduction by growth factor receptors and second messengers	61	ADAM10,AKT1,AXIN1,BAD,CCNB1,CDKN1A,CDKN1B,CLTC,CREB1,CSK,CSNK1A1,DNMT1,DUSP6,EGF,EGFR,ERBB2,ERBB3,FGFR2,FGFR4,FOXO3,FOXO4,FRS2,FYN,HDAC2,HDAC6,HES1,IQGAP1,JUN,KIT,LYN,MAMLD1,MAPK9,MYC,NOTCH1,NRAS,PDGFA,PIK3CA,PIK3R3,POLR2I,POLR2K,PPP2R5A,PPP2R5E,PSMD2,PTPN12,PTPN6,RAC2,RB1,RPS6,SHC1,SKP1,SMAD3,SPRED2,SQSTM1,SRC,STAT1,STAT3,STAT5B,TENT4A,TGFBR2,TP53,ZMYM2
Reactome	R-HSA-5663220	RHO GTPases Activate Formins	18	AURKB,BIRC5,BUB1B,CDC20,CDC42,CENPE,EVL,KIF2C,NUP133,NUP85,PAFAH1B1,PLK1,PPP2R5A,PPP2R5E,RHOA,SRC,TUBB6,ZW10
Reactome	R-HSA-5668914	Diseases of metabolism	19	B4GAT1,CD320,DAG1,DHDDS,DLD,EXT1,GAA,GALE,GFPT1,GPC1,HPRT1,MUC1,NOTCH1,PCCB,PGM1,PMM2,PNP,RPIA,SLC37A4
Reactome	R-HSA-5673001	RAF/MAP kinase cascade	29	CSK,DUSP4,DUSP6,EGF,EGFR,ERBB2,ERBB3,FGFR2,FGFR4,FRS2,FYN,ICMT,IQGAP1,KIT,LYPLA1,NRAS,PDGFA,PIK3CA,PPP2R5A,PPP2R5E,PRKCQ,PSMD2,PTK2,RALGDS,RASA1,SHC1,SPRED2,SPTAN1,SRC
Reactome	R-HSA-5676934	Protein repair	2	MSRA,PCMT1
Reactome	R-HSA-5683057	MAPK family signaling cascades	42	CCND3,CDC42,CDK1,CSK,DNAJB1,DUSP4,DUSP6,EGF,EGFR,ERBB2,ERBB3,FGFR2,FGFR4,FOXO3,FRS2,FYN,HSPB1,ICMT,IQGAP1,JUN,KIT,LYPLA1,MAPKAPK5,MMP2,MYC,NCOA3,NRAS,PAK1,PDGFA,PIK3CA,PPP2R5A,PPP2R5E,PRKACA,PRKCQ,PSMD2,PTK2,RALGDS,RASA1,SHC1,SPRED2,SPTAN1,SRC
Reactome	R-HSA-5684996	MAPK1/MAPK3 signaling	30	CDK1,CSK,DUSP4,DUSP6,EGF,EGFR,ERBB2,ERBB3,FGFR2,FGFR4,FRS2,FYN,ICMT,IQGAP1,KIT,LYPLA1,NRAS,PDGFA,PIK3CA,PPP2R5A,PPP2R5E,PRKCQ,PSMD2,PTK2,RALGDS,RASA1,SHC1,SPRED2,SPTAN1,SRC
Reactome	R-HSA-5685938	HDR through Single Strand Annealing (SSA)	10	ABL1,BRCA1,LIG1,RAD9A,RFC2,RFC5,RPA1,RPA2,RPA3,TOPBP1
Reactome	R-HSA-5685942	HDR through Homologous Recombination (HRR)	13	BRCA1,CHEK1,PCNA,POLD4,POLE2,RAD51C,RAD9A,RFC2,RFC5,RPA1,RPA2,RPA3,TOPBP1
Reactome	R-HSA-5687128	MAPK6/MAPK4 signaling	14	CCND3,CDC42,CDK1,DNAJB1,FOXO3,HSPB1,JUN,MAPKAPK5,MMP2,MYC,NCOA3,PAK1,PRKACA,PSMD2
Reactome	R-HSA-5688426	Deubiquitination	35	ADRB2,AXIN1,BECN1,BIRC2,BRCA1,CCNA1,CCNA2,CCP110,CDC20,CDC25A,CDK1,DDB2,FOXO4,GATA3,H2BC12,H2BC21,HIF1A,IDE,KEAP1,MYC,NFKBIA,POLB,PSMD2,RHOA,RUVBL1,SMAD3,STAMBP,TGFBR2,TNIP1,TOMM70,TP53,USP14,USP22,USP7,VDAC1
Reactome	R-HSA-5689880	Ub-specific processing proteases	29	ADRB2,AXIN1,BECN1,BIRC2,CCNA1,CCNA2,CCP110,CDC20,CDC25A,DDB2,FOXO4,GATA3,H2BC12,H2BC21,HIF1A,IDE,KEAP1,MYC,NFKBIA,POLB,PSMD2,RUVBL1,SMAD3,TOMM70,TP53,USP14,USP22,USP7,VDAC1
Reactome	R-HSA-5693532	DNA Double-Strand Break Repair	26	ABL1,BRCA1,CCNA1,CCNA2,CDK2,CHEK1,CHEK2,H2BC12,H2BC21,LIG1,PARP1,PARP2,PCNA,POLD4,POLE2,RAD51C,RAD9A,RFC2,RFC5,RPA1,RPA2,RPA3,TIMELESS,TOPBP1,TP53,TP53BP1
Reactome	R-HSA-5693538	Homology Directed Repair	24	ABL1,BRCA1,CCNA1,CCNA2,CDK2,CHEK1,H2BC12,H2BC21,LIG1,PARP1,PARP2,PCNA,POLD4,POLE2,RAD51C,RAD9A,RFC2,RFC5,RPA1,RPA2,RPA3,TIMELESS,TOPBP1,TP53BP1
Reactome	R-HSA-5693567	HDR through Homologous Recombination (HRR) or Single Strand Annealing (SSA)	22	ABL1,BRCA1,CCNA1,CCNA2,CDK2,CHEK1,H2BC12,H2BC21,LIG1,PCNA,POLD4,POLE2,RAD51C,RAD9A,RFC2,RFC5,RPA1,RPA2,RPA3,TIMELESS,TOPBP1,TP53BP1
Reactome	R-HSA-5693579	Homologous DNA Pairing and Strand Exchange	10	BRCA1,CHEK1,RAD51C,RAD9A,RFC2,RFC5,RPA1,RPA2,RPA3,TOPBP1
Reactome	R-HSA-5693607	Processing of DNA double-strand break ends	16	BRCA1,CCNA1,CCNA2,CDK2,CHEK1,H2BC12,H2BC21,RAD9A,RFC2,RFC5,RPA1,RPA2,RPA3,TIMELESS,TOPBP1,TP53BP1
Reactome	R-HSA-5693616	Presynaptic phase of homologous DNA pairing and strand exchange	10	BRCA1,CHEK1,RAD51C,RAD9A,RFC2,RFC5,RPA1,RPA2,RPA3,TOPBP1
Reactome	R-HSA-5696398	Nucleotide Excision Repair	21	CCNH,CDK7,COPS7A,DDB2,LIG1,MNAT1,PARP1,PARP2,PCNA,POLD4,POLE2,POLR2I,POLR2K,PPIE,RFC2,RFC5,RPA1,RPA2,RPA3,RUVBL1,USP7
Reactome	R-HSA-5696399	Global Genome Nucleotide Excision Repair (GG-NER)	17	CCNH,CDK7,COPS7A,DDB2,LIG1,MNAT1,PARP1,PARP2,PCNA,POLD4,POLE2,RFC2,RFC5,RPA1,RPA2,RPA3,RUVBL1
Reactome	R-HSA-5696400	Dual Incision in GG-NER	11	DDB2,PARP1,PARP2,PCNA,POLD4,POLE2,RFC2,RFC5,RPA1,RPA2,RPA3
Reactome	R-HSA-674695	RNA Polymerase II Pre-transcription Events	10	CCNH,CDK7,GTF2A2,GTF2E2,MNAT1,PAF1,POLR2I,POLR2K,SKIC8,TBP
Reactome	R-HSA-6781827	Transcription-Coupled Nucleotide Excision Repair (TC-NER)	17	CCNH,CDK7,COPS7A,LIG1,MNAT1,PCNA,POLD4,POLE2,POLR2I,POLR2K,PPIE,RFC2,RFC5,RPA1,RPA2,RPA3,USP7
Reactome	R-HSA-6782135	Dual incision in TC-NER	15	CCNH,CDK7,MNAT1,PCNA,POLD4,POLE2,POLR2I,POLR2K,PPIE,RFC2,RFC5,RPA1,RPA2,RPA3,USP7
Reactome	R-HSA-6782210	Gap-filling DNA repair synthesis and ligation in TC-NER	16	CCNH,CDK7,LIG1,MNAT1,PCNA,POLD4,POLE2,POLR2I,POLR2K,PPIE,RFC2,RFC5,RPA1,RPA2,RPA3,USP7
Reactome	R-HSA-6784531	tRNA processing in the nucleus	11	CPSF4,ELAC2,NUP133,NUP62,NUP85,NUP88,NUP93,POP4,RAE1,RPP38,TSEN2
Reactome	R-HSA-6785807	Interleukin-4 and Interleukin-13 signaling	26	AKT1,BCL2,BIRC5,CCL2,CCND1,CDKN1A,CEBPD,FOS,FOXO3,GATA3,HIF1A,HMOX1,HSPA8,ICAM1,IL13RA1,IL1B,IL4R,MMP1,MMP2,MUC1,MYC,PTGS2,SOX2,STAT1,STAT3,TP53
Reactome	R-HSA-6791226	Major pathway of rRNA processing in the nucleolus and cytosol	10	CSNK1E,EBNA1BP2,EXOSC4,HEATR1,RPL39L,RPP38,RPS5,RPS6,TEX10,UTP14A
Reactome	R-HSA-6791312	TP53 Regulates Transcription of Cell Cycle Genes	16	AURKA,BAX,CCNA1,CCNA2,CCNB1,CCNE2,CDK1,CDK2,CDKN1A,CDKN1B,CNOT4,GADD45A,PCNA,SFN,TFDP1,TP53
Reactome	R-HSA-6796648	TP53 Regulates Transcription of DNA Repair Genes	11	BRCA1,CCNH,CDK7,CHEK1,DDB2,FOS,JUN,MNAT1,POLR2I,POLR2K,TP53
Reactome	R-HSA-6798695	Neutrophil degranulation	51	ACAA1,ACLY,ADAM10,ADGRE5,AGL,ALDOA,ALDOC,ASAH1,ATP11B,ATP6V1D,CAB39,CANT1,CAPN1,CAT,CD44,CD58,CPNE3,CREG1,CTSD,DERA,GAA,GRN,HSPA1A,HSPA8,IGF2R,IQGAP1,MAN2B1,MIF,MLEC,MVP,NRAS,PFKL,PGAM1,PGM1,PGRMC1,PNP,PPIE,PRCP,PRKCD,PSMD2,PTPN6,PTPRC,PYGL,RAB27A,RAB31,RHOA,SNAP25,SPTAN1,STK10,TIMP2,VAT1
Reactome	R-HSA-6804756	Regulation of TP53 Activity through Phosphorylation	22	AURKA,AURKB,BRCA1,CCNA1,CCNA2,CDK2,CDK5R1,CHEK1,CHEK2,CSNK2A2,MAPKAPK5,PIN1,PRKAG2,RAD9A,RFC2,RFC5,RPA1,RPA2,RPA3,TBP,TOPBP1,TP53
Reactome	R-HSA-6804757	Regulation of TP53 Degradation	10	AKT1,CCNA1,CCNA2,CDK1,CDK2,CDKN2A,CHEK2,DAXX,TP53,USP7
Reactome	R-HSA-6806003	Regulation of TP53 Expression and Degradation	10	AKT1,CCNA1,CCNA2,CDK1,CDK2,CDKN2A,CHEK2,DAXX,TP53,USP7
Reactome	R-HSA-6806834	Signaling by MET	12	COL1A1,CRK,CRKL,LAMA3,NRAS,PIK3CA,PTK2,PTPN1,RAB4A,SHC1,SRC,STAT3
Reactome	R-HSA-6807070	PTEN Regulation	16	AKT1,CSNK2A2,EED,EGR1,EZH2,HDAC2,JUN,MTA1,PPARG,PSMD2,RHEB,RRAGA,STUB1,SUZ12,TP53,USP7
Reactome	R-HSA-6811442	Intra-Golgi and retrograde Golgi-to-ER traffic	20	ARFIP2,CENPE,COG2,COG4,COG7,COPB2,CYTH1,IGF2R,KDELR2,KIF20A,KIF2C,KIF5C,PAFAH1B1,PAFAH1B3,PLA2G4A,TMED10,TUBB6,USP6NL,YKT6,ZW10
Reactome	R-HSA-6811558	PI5P, PP2A and IER3 Regulate PI3K/AKT Signaling	19	AKT1,EGF,EGFR,ERBB2,ERBB3,FGFR2,FGFR4,FRS2,FYN,IER3,KIT,PDGFA,PIK3CA,PIK3R3,PIP4K2B,PPP2R5A,PPP2R5E,RAC2,SRC
Reactome	R-HSA-68875	Mitotic Prophase	16	ARPP19,CCNB1,CCNB2,CDK1,H2AZ2,H2BC12,H2BC21,NUP133,NUP62,NUP85,NUP88,NUP93,PLK1,RAE1,RB1,SMC4
Reactome	R-HSA-68877	Mitotic Prometaphase	28	AURKB,BIRC5,BUB1B,CCNB1,CCNB2,CCP110,CDC20,CDK1,CENPE,CEP57,CSNK1E,CSNK2A2,KIF2C,NCAPD2,NUP133,NUP85,PAFAH1B1,PCM1,PDS5A,PLK1,PPP2R5A,PPP2R5E,PRKACA,SMC1A,SMC3,SMC4,TUBB6,ZW10
Reactome	R-HSA-68882	Mitotic Anaphase	27	AURKB,BIRC5,BUB1B,CCNB1,CCNB2,CDC20,CDK1,CENPE,CHMP4A,CHMP6,KIF2C,LBR,NUP133,NUP62,NUP85,NUP93,PAFAH1B1,PDS5A,PLK1,PPP2R5A,PPP2R5E,PSMD2,SMC1A,SMC3,TUBB6,UBE2C,ZW10
Reactome	R-HSA-68886	M Phase	43	ARPP19,AURKB,BIRC5,BUB1B,CCNB1,CCNB2,CCP110,CDC20,CDK1,CENPE,CEP57,CHMP4A,CHMP6,CSNK1E,CSNK2A2,H2AZ2,H2BC12,H2BC21,KIF20A,KIF2C,LBR,NCAPD2,NUP133,NUP62,NUP85,NUP88,NUP93,PAFAH1B1,PCM1,PDS5A,PLK1,PPP2R5A,PPP2R5E,PRKACA,PSMD2,RAE1,RB1,SMC1A,SMC3,SMC4,TUBB6,UBE2C,ZW10
Reactome	R-HSA-69002	DNA Replication Pre-Initiation	14	CDC45,CDK2,GMNN,H2AZ2,H2BC12,H2BC21,MCM3,ORC1,POLE2,PSMD2,RPA1,RPA2,RPA3,UBE2C
Reactome	R-HSA-69052	Switching of origins to a post-replicative state	10	CCNA1,CCNA2,CCNE2,CDK2,GMNN,MCM3,ORC1,PSMD2,SKP1,UBE2C
Reactome	R-HSA-69190	DNA strand elongation	10	CDC45,LIG1,MCM3,PCNA,POLD4,RFC2,RFC5,RPA1,RPA2,RPA3
Reactome	R-HSA-69202	Cyclin E associated events during G1/S transition	18	AKT1,CCNA1,CCNA2,CCND1,CCNE2,CCNH,CDC25A,CDK2,CDK4,CDK7,CDKN1A,CDKN1B,MNAT1,MYC,PSMD2,RB1,SKP1,TFDP1
Reactome	R-HSA-69206	G1/S Transition	29	AKT1,CCNA1,CCNA2,CCNB1,CCND1,CCNE2,CCNH,CDC25A,CDC45,CDK1,CDK2,CDK4,CDK7,CDKN1A,CDKN1B,GMNN,MCM3,MNAT1,MYC,ORC1,PCNA,POLE2,PSMD2,RB1,RPA1,RPA2,RPA3,SKP1,TFDP1
Reactome	R-HSA-69231	Cyclin D associated events in G1	19	ABL1,CCND1,CCND3,CCNE2,CCNH,CDK2,CDK4,CDK6,CDK7,CDKN1A,CDKN1B,CDKN2A,E2F2,LYN,MNAT1,RB1,SKP1,SRC,TFDP1
Reactome	R-HSA-69236	G1 Phase	19	ABL1,CCND1,CCND3,CCNE2,CCNH,CDK2,CDK4,CDK6,CDK7,CDKN1A,CDKN1B,CDKN2A,E2F2,LYN,MNAT1,RB1,SKP1,SRC,TFDP1
Reactome	R-HSA-69239	Synthesis of DNA	20	CCNA1,CCNA2,CCNE2,CDC45,CDK2,GMNN,LIG1,MCM3,ORC1,PCNA,POLD4,POLE2,PSMD2,RFC2,RFC5,RPA1,RPA2,RPA3,SKP1,UBE2C
Reactome	R-HSA-69242	S Phase	36	AKT1,CCNA1,CCNA2,CCND1,CCNE2,CCNH,CDC25A,CDC25B,CDC45,CDK2,CDK4,CDK7,CDKN1A,CDKN1B,GMNN,LIG1,MCM3,MNAT1,MYC,ORC1,PCNA,PDS5A,POLD4,POLE2,PSMD2,RB1,RFC2,RFC5,RPA1,RPA2,RPA3,SKP1,SMC1A,SMC3,TFDP1,UBE2C
Reactome	R-HSA-69273	Cyclin A/B1/B2 associated events during G2/M transition	12	CCNA1,CCNA2,CCNB1,CCNB2,CCNH,CDC25A,CDC25B,CDK1,CDK2,CDK7,MNAT1,PLK1
Reactome	R-HSA-69275	G2/M Transition	25	AURKA,CCNA1,CCNA2,CCNB1,CCNB2,CCNH,CCP110,CDC25A,CDC25B,CDK1,CDK2,CDK7,CDKN1A,CEP57,CSNK1E,MNAT1,MYBL2,PAFAH1B1,PCM1,PLK1,PRKACA,PSMD2,SKP1,TP53,TUBB6
Reactome	R-HSA-69306	DNA Replication	24	CCNA1,CCNA2,CCNE2,CDC45,CDK2,GMNN,H2AZ2,H2BC12,H2BC21,LIG1,MCM3,ORC1,PCNA,POLD4,POLE2,POLG2,PSMD2,RFC2,RFC5,RPA1,RPA2,RPA3,SKP1,UBE2C
Reactome	R-HSA-69473	G2/M DNA damage checkpoint	19	BRCA1,CCNA1,CCNA2,CCNB1,CDK1,CHEK1,CHEK2,H2BC12,H2BC21,RAD9A,RFC2,RFC5,RPA1,RPA2,RPA3,SFN,TOPBP1,TP53,TP53BP1
Reactome	R-HSA-69481	G2/M Checkpoints	26	BRCA1,CCNA1,CCNA2,CCNB1,CCNB2,CDC25A,CDC45,CDK1,CDK2,CHEK1,CHEK2,H2BC12,H2BC21,MCM3,ORC1,PSMD2,RAD9A,RFC2,RFC5,RPA1,RPA2,RPA3,SFN,TOPBP1,TP53,TP53BP1
Reactome	R-HSA-69563	p53-Dependent G1 DNA Damage Response	10	CCNA1,CCNA2,CCNE2,CDK2,CDKN1A,CDKN1B,CDKN2A,CHEK2,PSMD2,TP53
Reactome	R-HSA-69580	p53-Dependent G1/S DNA damage checkpoint	10	CCNA1,CCNA2,CCNE2,CDK2,CDKN1A,CDKN1B,CDKN2A,CHEK2,PSMD2,TP53
Reactome	R-HSA-69615	G1/S DNA Damage Checkpoints	15	CCNA1,CCNA2,CCNE2,CDC25A,CDK2,CDKN1A,CDKN1B,CDKN2A,CHEK1,CHEK2,CSNK1A1,CSNK1E,PSMD2,SKP1,TP53
Reactome	R-HSA-69618	Mitotic Spindle Checkpoint	14	AURKB,BIRC5,BUB1B,CDC20,CENPE,KIF2C,NUP133,NUP85,PAFAH1B1,PLK1,PPP2R5A,PPP2R5E,UBE2C,ZW10
Reactome	R-HSA-69620	Cell Cycle Checkpoints	47	AURKB,BIRC5,BRCA1,BUB1B,CCNA1,CCNA2,CCNB1,CCNB2,CCNE2,CDC20,CDC25A,CDC45,CDK1,CDK2,CDKN1A,CDKN1B,CDKN2A,CENPE,CHEK1,CHEK2,CSNK1A1,CSNK1E,H2BC12,H2BC21,KIF2C,MCM3,NUP133,NUP85,ORC1,PAFAH1B1,PLK1,PPP2R5A,PPP2R5E,PSMD2,RAD9A,RFC2,RFC5,RPA1,RPA2,RPA3,SFN,SKP1,TOPBP1,TP53,TP53BP1,UBE2C,ZW10
Reactome	R-HSA-69656	Cyclin A:Cdk2-associated events at S phase entry	19	AKT1,CCNA1,CCNA2,CCND1,CCNE2,CCNH,CDC25A,CDC25B,CDK2,CDK4,CDK7,CDKN1A,CDKN1B,MNAT1,MYC,PSMD2,RB1,SKP1,TFDP1
Reactome	R-HSA-70171	Glycolysis	14	ALDOA,ALDOC,GAPDH,GNPDA1,HK1,NUP133,NUP62,NUP85,NUP88,NUP93,PFKL,PGAM1,PRKACA,RAE1
Reactome	R-HSA-70326	Glucose metabolism	16	ALDOA,ALDOC,GAPDH,GNPDA1,HK1,NUP133,NUP62,NUP85,NUP88,NUP93,PCK2,PFKL,PGAM1,PRKACA,RAE1,SLC37A4
Reactome	R-HSA-71291	Metabolism of amino acids and derivatives	21	ADI1,ADO,ALDH7A1,DLD,ENOPH1,EPRS1,FAH,GSTZ1,HSD17B10,PCBD1,PHGDH,PSMD2,PXMP2,PYCR1,RPL39L,RPS5,RPS6,SLC25A13,SQOR,TP53,TXNRD1
Reactome	R-HSA-71387	Metabolism of carbohydrates and carbohydrate derivatives	38	ABCC5,AGL,ALDOA,ALDOC,B4GAT1,CD44,CHP1,CTSL,DERA,EXT1,FAM20B,FUT1,GAA,GALE,GAPDH,GNPDA1,GPC1,HK1,HS2ST1,MAN2B1,NUP133,NUP62,NUP85,NUP88,NUP93,PCK2,PFKL,PGAM1,PGM1,PHKA1,PHKB,PHKG2,PRKACA,PYGL,RAE1,RBKS,RPIA,SLC37A4
Reactome	R-HSA-72163	mRNA Splicing - Major Pathway	15	CASC3,CHERP,DDX42,HSPA8,HTATSF1,LSM5,LSM6,POLR2I,POLR2K,PPIE,PRPF4,PUF60,RNPS1,SMNDC1,TCERG1
Reactome	R-HSA-72172	mRNA Splicing	15	CASC3,CHERP,DDX42,HSPA8,HTATSF1,LSM5,LSM6,POLR2I,POLR2K,PPIE,PRPF4,PUF60,RNPS1,SMNDC1,TCERG1
Reactome	R-HSA-72187	mRNA 3'-end processing	11	CASC3,CHERP,CPSF4,DDX42,HTATSF1,POLR2I,POLR2K,PUF60,RNPS1,SMNDC1,TCERG1
Reactome	R-HSA-72203	Processing of Capped Intron-Containing Pre-mRNA	22	CASC3,CHERP,CPSF4,DDX42,HSPA8,HTATSF1,LSM5,LSM6,NUP133,NUP62,NUP85,NUP88,NUP93,POLR2I,POLR2K,PPIE,PRPF4,PUF60,RAE1,RNPS1,SMNDC1,TCERG1
Reactome	R-HSA-72306	tRNA processing	15	ADAT1,CPSF4,ELAC2,EPRS1,HSD17B10,LAGE3,NUP133,NUP62,NUP85,NUP88,NUP93,POP4,RAE1,RPP38,TSEN2
Reactome	R-HSA-72312	rRNA processing	14	CSNK1E,EBNA1BP2,ELAC2,EXOSC4,HEATR1,HSD17B10,MTERF3,NGRN,RPL39L,RPP38,RPS5,RPS6,TEX10,UTP14A
Reactome	R-HSA-72766	Translation	17	AARS1,ASCC3,EIF4EBP1,EIF4G1,EIF5,EPRS1,IARS2,MRPL12,MRPL19,MRPS16,MRPS2,OXA1L,PSMD2,RPL39L,RPN1,RPS5,RPS6
Reactome	R-HSA-73854	RNA Polymerase I Promoter Clearance	11	CCNH,CDK7,H2AZ2,H2BC12,H2BC21,HDAC2,MNAT1,MTA1,POLR1C,POLR2K,TBP
Reactome	R-HSA-73864	RNA Polymerase I Transcription	11	CCNH,CDK7,H2AZ2,H2BC12,H2BC21,HDAC2,MNAT1,MTA1,POLR1C,POLR2K,TBP
Reactome	R-HSA-73884	Base Excision Repair	18	ACD,H2AZ2,H2BC12,H2BC21,LIG1,PARP1,PARP2,PCNA,PNKP,POLB,POLD4,POLE2,RFC2,RFC5,RPA1,RPA2,RPA3,TERF2IP
Reactome	R-HSA-73886	Chromosome Maintenance	21	ACD,CCNA1,CCNA2,CDK2,DAXX,H2AZ2,H2BC12,H2BC21,LIG1,PCNA,POLD4,POLR2I,POLR2K,RFC2,RFC5,RPA1,RPA2,RPA3,RUVBL1,TERF2IP,TERT
Reactome	R-HSA-73887	Death Receptor Signaling	20	ARHGEF12,ARHGEF2,BAD,BIRC2,CASP10,CASP2,CASP3,CFLAR,FAS,HDAC2,IKBKB,IKBKE,MAPKAPK2,NET1,NFKBIA,RHOA,SQSTM1,STUB1,TIAM1,VAV3
Reactome	R-HSA-73893	DNA Damage Bypass	10	PCNA,POLD4,POLE2,RFC2,RFC5,RPA1,RPA2,RPA3,UBE2L6,USP1
Reactome	R-HSA-73894	DNA Repair	45	ABL1,ACD,ASCC3,BRCA1,CCNA1,CCNA2,CCNH,CDK2,CDK7,CHEK1,CHEK2,COPS7A,DDB2,H2AZ2,H2BC12,H2BC21,LIG1,MNAT1,MSH6,PARP1,PARP2,PCNA,PNKP,POLB,POLD4,POLE2,POLR2I,POLR2K,PPIE,RAD51C,RAD9A,RFC2,RFC5,RPA1,RPA2,RPA3,RUVBL1,TERF2IP,TIMELESS,TOPBP1,TP53,TP53BP1,UBE2L6,USP1,USP7
Reactome	R-HSA-73933	Resolution of Abasic Sites (AP sites)	13	LIG1,PARP1,PARP2,PCNA,PNKP,POLB,POLD4,POLE2,RFC2,RFC5,RPA1,RPA2,RPA3
Reactome	R-HSA-74751	Insulin receptor signalling cascade	10	FGFR2,FGFR4,FRS2,GRB10,NRAS,PIK3C3,PIK3CA,PIK3R4,SHC1,TRIB3
Reactome	R-HSA-74752	Signaling by Insulin receptor	16	ATP6V0B,ATP6V1D,CTSD,FGFR2,FGFR4,FRS2,GRB10,IDE,NRAS,PIK3C3,PIK3CA,PIK3R4,PTPN1,PTPRF,SHC1,TRIB3
Reactome	R-HSA-75153	Apoptotic execution phase	13	BIRC2,CASP3,CASP7,DFFA,DFFB,DNM1L,DSG2,PRKCD,PRKCQ,PTK2,SATB1,SPTAN1,TJP1
Reactome	R-HSA-76002	Platelet activation, signaling and aggregation	40	ABHD6,AKT1,ALDOA,APP,CALU,CDC42,COL1A1,CRK,CSK,EGF,FYN,GNA11,GNA15,GNAI1,GNAI2,GNB5,LYN,PDGFA,PIK3CA,PIK3R3,PLA2G4A,PRKCD,PRKCH,PRKCQ,PROS1,PTK2,PTPN1,PTPN6,RAC2,RHOA,SCCPDH,SERPINE1,SHC1,SRC,STX4,STXBP2,SYK,TBXA2R,TGFB3,VAV3
Reactome	R-HSA-76005	Response to elevated platelet cytosolic Ca2+	11	ALDOA,APP,CALU,EGF,PDGFA,PROS1,SCCPDH,SERPINE1,STX4,STXBP2,TGFB3
Reactome	R-HSA-8848021	Signaling by PTK6	19	AKT1,CCND1,CDK2,CDK4,CDKN1B,CRK,EGF,EGFR,ERBB2,ERBB3,HIF1A,NR3C1,NRAS,PTPN1,PXN,RASA1,RHOA,STAP2,STAT3
Reactome	R-HSA-8856688	Golgi-to-ER retrograde transport	12	CENPE,COPB2,KDELR2,KIF20A,KIF2C,KIF5C,PAFAH1B1,PAFAH1B3,PLA2G4A,TMED10,TUBB6,ZW10
Reactome	R-HSA-8856825	Cargo recognition for clathrin-mediated endocytosis	11	ADRB2,CLTB,CLTC,COPS7A,EGF,EGFR,EPN2,FCHO1,IGF2R,TOR1A,UBQLN2
Reactome	R-HSA-8856828	Clathrin-mediated endocytosis	15	ADRB2,CLTB,CLTC,COPS7A,CTTN,DNM1,EGF,EGFR,EPN2,FCHO1,HSPA8,IGF2R,PACSIN3,TOR1A,UBQLN2
Reactome	R-HSA-8864260	Transcriptional regulation by the AP-2 (TFAP2) family of transcription factors	10	APOE,CDKN1A,EGFR,ERBB2,HSPD1,KDM5B,KIT,MYBL2,MYC,TFAP2A
Reactome	R-HSA-8868773	rRNA processing in the nucleus and cytosol	10	CSNK1E,EBNA1BP2,EXOSC4,HEATR1,RPL39L,RPP38,RPS5,RPS6,TEX10,UTP14A
Reactome	R-HSA-8878159	Transcriptional regulation by RUNX3	13	CCND1,CDKN1A,CDKN2A,FOXO3,HES1,MAMLD1,MYC,NOTCH1,PSMD2,SMAD3,SPP1,SRC,TP53
Reactome	R-HSA-8878166	Transcriptional regulation by RUNX2	19	ABL1,AKT1,BAX,CCNB1,CCND1,CDK1,CDK4,CDKN1A,COL1A1,GLI2,HDAC6,HES1,NR3C1,PSMD2,RB1,SKP1,SRC,STAT1,STUB1
Reactome	R-HSA-8878171	Transcriptional regulation by RUNX1	23	ABL1,AXIN1,CCND1,CCND3,CCNH,CDK6,CDK7,CSNK2A2,CTSL,GATA2,GATA3,H2AZ2,H2BC12,H2BC21,MNAT1,MYL9,PRKCQ,PSMD2,SMARCA4,SMARCC1,SMARCD2,SRC,TJP1
Reactome	R-HSA-8939211	ESR-mediated signaling	39	AKT1,AXIN1,BCL2,CCND1,CDKN1B,CREB1,CTSD,EGF,EGFR,FKBP4,FOS,FOXO3,GATA3,GNAI1,GNAI2,GNB5,GTF2A2,H2AZ2,H2BC12,H2BC21,HSPB1,IGF1R,JUN,MMP2,MYC,NCOA3,NOS3,NRAS,NRIP1,PIK3CA,PIK3R3,POLR2I,POLR2K,PTK2,SHC1,SMC1A,SMC3,SRC,TBP
Reactome	R-HSA-8939236	RUNX1 regulates transcription of genes involved in differentiation of HSCs	10	ABL1,CCNH,CDK7,GATA2,GATA3,H2AZ2,H2BC12,H2BC21,MNAT1,PSMD2
Reactome	R-HSA-8943724	Regulation of PTEN gene transcription	11	EED,EGR1,EZH2,HDAC2,JUN,MTA1,PPARG,RHEB,RRAGA,SUZ12,TP53
Reactome	R-HSA-8951664	Neddylation	22	BIRC5,BRCA1,CCNF,CDKN1A,COPS7A,DCUN1D4,DDB2,FBXL12,FBXO11,FBXO21,FBXO7,HIF1A,KEAP1,KLHL21,KLHL9,LRRC41,NFE2L2,PSMD2,SKP1,SOCS2,SQSTM1,WDTC1
Reactome	R-HSA-8957275	Post-translational protein phosphorylation	11	ADAM10,APOE,APP,BMP4,CALU,IGFBP3,KTN1,MBTPS1,PRSS23,SPP1,WFS1
Reactome	R-HSA-8957322	Metabolism of steroids	13	ACAT2,EBP,ELOVL6,FDFT1,HMGCR,HMGCS1,HSD17B11,INSIG1,LBR,LGMN,MBTPS1,NSDHL,SCP2
Reactome	R-HSA-8978868	Fatty acid metabolism	17	ACAA1,ACLY,ACOT9,CBR1,DECR1,ELOVL6,HACD3,HADH,MAPKAPK2,PCCB,PECR,PLA2G4A,PPARD,PRKAG2,PTGS2,SCP2,SLC27A3
Reactome	R-HSA-8980692	RHOA GTPase cycle	13	ARHGAP1,ARHGEF12,ARHGEF2,IQGAP1,KTN1,LBR,NET1,RHOA,STK10,TIAM1,VAPB,VAV3,YKT6
Reactome	R-HSA-8986944	Transcriptional Regulation by MECP2	10	AURKB,CREB1,HDAC2,LBR,MEF2C,NOTCH1,PPARG,PRKACA,PTPN1,SOX2
Reactome	R-HSA-9006925	Intracellular signaling by second messengers	44	AKT1,BAD,CDKN1A,CDKN1B,CREB1,CSNK2A2,EED,EGF,EGFR,EGR1,ERBB2,ERBB3,EZH2,FGFR2,FGFR4,FOXO3,FOXO4,FRS2,FYN,HDAC2,IER3,JUN,KIT,MTA1,PDGFA,PIK3CA,PIK3R3,PIP4K2B,PPARG,PPP2R5A,PPP2R5E,PRKACA,PRKCD,PRKX,PSMD2,RAC2,RHEB,RRAGA,SRC,STUB1,SUZ12,TP53,TRIB3,USP7
Reactome	R-HSA-9006927	Signaling by Non-Receptor Tyrosine Kinases	19	AKT1,CCND1,CDK2,CDK4,CDKN1B,CRK,EGF,EGFR,ERBB2,ERBB3,HIF1A,NR3C1,NRAS,PTPN1,PXN,RASA1,RHOA,STAP2,STAT3
Reactome	R-HSA-9006931	Signaling by Nuclear Receptors	46	AKT1,APOE,ARL4C,AXIN1,BCL2,CCND1,CDKN1B,CREB1,CTSD,DLD,EGF,EGFR,FKBP4,FOS,FOXO3,GATA3,GNAI1,GNAI2,GNB5,GTF2A2,H2AZ2,H2BC12,H2BC21,HSPB1,IGF1R,JUN,KDM3A,MMP2,MYC,NCOA3,NOS3,NR1H2,NRAS,NRIP1,PDHX,PIK3CA,PIK3R3,POLR2I,POLR2K,PPARD,PTK2,SHC1,SMC1A,SMC3,SRC,TBP
Reactome	R-HSA-9006936	Signaling by TGFB family members	14	BAMBI,DRAP1,ITGB5,MYC,PARP1,RHOA,SERPINE1,SMAD3,STAT1,STUB1,TFDP1,TGFB3,TGFBR2,TIMP2
Reactome	R-HSA-9007101	Rab regulation of trafficking	8	AKT1,DENND2D,RAB21,RAB27A,RAB31,RAB4A,TRAPPC3,TRAPPC6A
Reactome	R-HSA-9009391	Extra-nuclear estrogen signaling	22	AKT1,BCL2,CCND1,CDKN1B,CREB1,EGF,EGFR,FOS,FOXO3,GNAI1,GNAI2,GNB5,HSPB1,IGF1R,MMP2,NOS3,NRAS,PIK3CA,PIK3R3,PTK2,SHC1,SRC
Reactome	R-HSA-9012999	RHO GTPase cycle	39	ARHGAP1,ARHGEF12,ARHGEF2,CCP110,CDC42,CHN1,CLTC,CSK,DSG2,FRS2,GARRE1,GFOD1,GRB7,IQGAP1,KIF14,KTN1,LBR,NCK1,NCK2,NET1,NISCH,PAK1,PAK4,PAK6,PIK3CA,PIK3R3,PTK2B,RAC2,RHOA,SPEN,SPTAN1,SRC,STK10,TIAM1,VAPB,VAV3,WASF3,WIPF2,YKT6
Reactome	R-HSA-9013148	CDC42 GTPase cycle	14	ARHGAP1,ARHGEF12,CDC42,CHN1,IQGAP1,KTN1,LBR,PAK1,PAK4,PAK6,TIAM1,VAV3,WIPF2,YKT6
Reactome	R-HSA-9013149	RAC1 GTPase cycle	18	ARHGAP1,CDC42,CHN1,GARRE1,IQGAP1,KTN1,LBR,NISCH,PAK1,PAK4,PAK6,PIK3CA,PIK3R3,TIAM1,VAV3,WASF3,WIPF2,YKT6
Reactome	R-HSA-9013404	RAC2 GTPase cycle	14	ARHGAP1,CDC42,DSG2,GARRE1,IQGAP1,LBR,PAK1,PAK4,PIK3CA,PIK3R3,RAC2,TIAM1,VAPB,VAV3
Reactome	R-HSA-9013408	RHOG GTPase cycle	10	ARHGAP1,CDC42,DSG2,GARRE1,KTN1,LBR,PAK4,VAPB,VAV3,YKT6
Reactome	R-HSA-9013420	RHOU GTPase cycle	10	CDC42,CLTC,IQGAP1,NCK1,NCK2,PAK1,PAK4,PTK2B,SPTAN1,SRC
Reactome	R-HSA-9013424	RHOV GTPase cycle	10	CCP110,CDC42,CLTC,IQGAP1,NCK1,NCK2,PAK1,PAK4,PAK6,SPTAN1
Reactome	R-HSA-9018519	Estrogen-dependent gene expression	20	AXIN1,BCL2,CCND1,CTSD,FKBP4,FOS,GATA3,GTF2A2,H2AZ2,H2BC12,H2BC21,JUN,MYC,NCOA3,NRIP1,POLR2I,POLR2K,SMC1A,SMC3,TBP
Reactome	R-HSA-9020702	Interleukin-1 signaling	11	APP,IKBKB,IL1B,NFKB2,NFKBIA,NFKBIB,PSMD2,SKP1,SQSTM1,TP53,USP14
Reactome	R-HSA-912446	Meiotic recombination	10	BRCA1,CDK2,CDK4,H2AZ2,H2BC12,H2BC21,RAD51C,RPA1,RPA2,RPA3
Reactome	R-HSA-913531	Interferon Signaling	33	ATF6,BECN1,CD44,CDK1,EGR1,EIF4G1,HLA-DRA,HSPA1A,HSPA8,ICAM1,IFNAR1,IKBKB,NCK1,NUP133,NUP62,NUP85,NUP88,NUP93,PIN1,PPP2R5A,PRKCD,PSMB8,PTPN1,PTPN6,RAE1,SFN,SNCA,STAT1,STAT3,TP53,TRIM2,TUBB6,UBE2L6
Reactome	R-HSA-937061	TRIF (TICAM1)-mediated TLR4 signaling	24	APP,ATF1,BIRC2,CREB1,DUSP3,DUSP4,DUSP6,FOS,IKBKB,IKBKE,JUN,MAPK9,MAPKAPK2,MAPKAPK3,MEF2C,NFKB2,NFKBIA,NFKBIB,RPS6KA1,SKP1,TICAM1,TLR4,TP53,USP14
Reactome	R-HSA-948021	Transport to the Golgi and subsequent modification	11	COG2,COG4,COG7,COPB2,KDELR2,SPTAN1,TMED10,TRAPPC3,TRAPPC6A,TUBB6,YKT6
Reactome	R-HSA-9607240	FLT3 Signaling	11	AKT1,CDKN1B,CSK,FOXO3,FYN,GRB10,NRAS,PIK3CA,SOCS2,STAT5B,SYK
Reactome	R-HSA-9609507	Protein localization	20	ACAA1,APP,CAT,ECH1,FIS1,GET1,HMOX1,HSPD1,IDE,PECR,PXMP2,SCP2,SLC25A13,SLC25A4,STX1A,TIMM17B,TIMM22,TIMM9,TOMM70,VDAC1
Reactome	R-HSA-9609646	HCMV Infection	19	CEBPD,CHMP4A,CHMP6,CREB1,DAXX,EED,EGFR,EZH2,H2BC12,H2BC21,NUP133,NUP62,NUP85,NUP88,NUP93,RAE1,SUZ12,TUBB6,VPS28
Reactome	R-HSA-9609690	HCMV Early Events	15	CREB1,DAXX,EED,EGFR,EZH2,H2BC12,H2BC21,NUP133,NUP62,NUP85,NUP88,NUP93,RAE1,SUZ12,TUBB6
Reactome	R-HSA-9610379	HCMV Late Events	12	CEBPD,CHMP4A,CHMP6,H2BC12,H2BC21,NUP133,NUP62,NUP85,NUP88,NUP93,RAE1,VPS28
Reactome	R-HSA-9612973	Autophagy	19	ATG3,BECN1,CHMP4A,CHMP6,CSNK2A2,HDAC6,HSPA8,MTERF3,PIK3C3,PIK3R4,PRKAG2,RHEB,RRAGA,SQSTM1,SRC,TOMM70,TUBB6,VDAC1,VPS28
Reactome	R-HSA-9614085	FOXO-mediated transcription	12	AKT1,CAT,CDKN1A,CDKN1B,FOXO3,FOXO4,GADD45A,HDAC2,NR3C1,SFN,SIRT3,SMAD3
Reactome	R-HSA-9616222	Transcriptional regulation of granulopoiesis	12	CDK2,CDK4,CDKN1A,CEBPA,CREB1,GATA2,H2AZ2,H2BC12,H2BC21,MYC,STAT3,TFDP1
Reactome	R-HSA-9634638	Estrogen-dependent nuclear events downstream of ESR-membrane signaling	10	AKT1,BCL2,CCND1,CDKN1B,CREB1,EGF,EGFR,FOS,FOXO3,PTK2
Reactome	R-HSA-9645723	Diseases of programmed cell death	18	APP,CAPN1,CAST,CDC25A,CDC25B,CDK5R1,CDKN2A,DNMT1,DNMT3A,EED,EZH2,FOXO3,H2AZ2,H2BC12,H2BC21,JUN,SUZ12,TP53
Reactome	R-HSA-9648025	EML4 and NUDC in mitotic spindle formation	14	AURKB,BIRC5,BUB1B,CDC20,CENPE,KIF2C,NUP133,NUP85,PAFAH1B1,PLK1,PPP2R5A,PPP2R5E,TUBB6,ZW10
Reactome	R-HSA-9658195	Leishmania infection	27	ABL1,APP,BTK,CDC42,CREB1,CRK,FYN,FZD7,GNAI1,GNAI2,GNAS,GNB5,HMOX1,IL1B,JUN,LYN,MYO10,NCK1,NFKB2,PRKACA,PRKX,PTK2,SRC,SYK,VAV3,WASF3,WIPF2
Reactome	R-HSA-9659787	Aberrant regulation of mitotic G1/S transition in cancer due to RB1 defects	11	CCND1,CCND3,CCNE2,CDK2,CDK4,CDK6,CDKN1A,CDKN1B,E2F2,RB1,TFDP1
Reactome	R-HSA-9661069	Defective binding of RB1 mutants to E2F1,(E2F2, E2F3)	11	CCND1,CCND3,CCNE2,CDK2,CDK4,CDK6,CDKN1A,CDKN1B,E2F2,RB1,TFDP1
Reactome	R-HSA-9662851	Anti-inflammatory response favouring Leishmania parasite infection	11	CREB1,FYN,GNAI1,GNAI2,GNAS,GNB5,LYN,PRKACA,PRKX,SRC,SYK
Reactome	R-HSA-9663891	Selective autophagy	10	CSNK2A2,HDAC6,HSPA8,MTERF3,PRKAG2,SQSTM1,SRC,TOMM70,TUBB6,VDAC1
Reactome	R-HSA-9664407	Parasite infection	14	ABL1,BTK,CDC42,CRK,FYN,LYN,MYO10,NCK1,PTK2,SRC,SYK,VAV3,WASF3,WIPF2
Reactome	R-HSA-9664417	Leishmania phagocytosis	14	ABL1,BTK,CDC42,CRK,FYN,LYN,MYO10,NCK1,PTK2,SRC,SYK,VAV3,WASF3,WIPF2
Reactome	R-HSA-9664422	FCGR3A-mediated phagocytosis	14	ABL1,BTK,CDC42,CRK,FYN,LYN,MYO10,NCK1,PTK2,SRC,SYK,VAV3,WASF3,WIPF2
Reactome	R-HSA-9664433	Leishmania parasite growth and survival	11	CREB1,FYN,GNAI1,GNAI2,GNAS,GNB5,LYN,PRKACA,PRKX,SRC,SYK
Reactome	R-HSA-9669938	Signaling by KIT in disease	10	FYN,KIT,LYN,NRAS,PIK3CA,PIK3R3,SRC,STAT1,STAT3,STAT5B
Reactome	R-HSA-9670439	Signaling by phosphorylated juxtamembrane, extracellular and kinase domain KIT mutants	10	FYN,KIT,LYN,NRAS,PIK3CA,PIK3R3,SRC,STAT1,STAT3,STAT5B
Reactome	R-HSA-9675126	Diseases of mitotic cell cycle	13	CCND1,CCND3,CCNE2,CDK2,CDK4,CDK6,CDKN1A,CDKN1B,DAXX,E2F2,RB1,TFDP1,UBE2C
Reactome	R-HSA-9675135	Diseases of DNA repair	10	BRCA1,MSH6,RAD51C,RAD9A,RFC2,RFC5,RPA1,RPA2,RPA3,TOPBP1
Reactome	R-HSA-9678108	SARS-CoV-1 Infection	16	BECN1,CHMP4A,CHMP6,CTSL,IKBKE,NFKBIA,PIK3C3,PIK3R4,RB1,RPS5,RPS6,SERPINE1,SFN,SMAD3,ST6GALNAC2,TOMM70
Reactome	R-HSA-9679191	Potential therapeutics for SARS	13	ARID4B,ATP1B1,BTK,FKBP4,HDAC2,HMG20B,IFNAR1,KEAP1,MTA1,NCK1,NFE2L2,NR3C1,SYK
Reactome	R-HSA-9687139	Aberrant regulation of mitotic cell cycle due to RB1 defects	12	CCND1,CCND3,CCNE2,CDK2,CDK4,CDK6,CDKN1A,CDKN1B,E2F2,RB1,TFDP1,UBE2C
Reactome	R-HSA-9694516	SARS-CoV-2 Infection	30	AKT1,ANO10,BECN1,CHMP4A,CHMP6,CSNK1A1,CTSL,G3BP1,GPC1,IFNAR1,IKBKB,IKBKE,NUP133,NUP62,NUP85,NUP88,NUP93,PIK3C3,PIK3R4,PTPN6,RAE1,RB1,RPN1,RPS5,RPS6,SFN,ST6GALNAC2,STAT1,TJP1,TOMM70
Reactome	R-HSA-9700206	Signaling by ALK in cancer	18	CCNB1,CDKN1A,CLTC,DNMT1,FRS2,JUN,MAPK9,NOTCH1,PIK3CA,PTPN6,RB1,RPS6,SHC1,SKP1,SQSTM1,STAT1,STAT3,TP53
Reactome	R-HSA-9705671	SARS-CoV-2 activates/modulates innate and adaptive immune responses	16	BECN1,G3BP1,IFNAR1,IKBKB,IKBKE,NUP133,NUP62,NUP85,NUP88,NUP93,PIK3C3,PIK3R4,PTPN6,RAE1,STAT1,TOMM70
Reactome	R-HSA-9705683	SARS-CoV-2-host interactions	21	AKT1,BECN1,G3BP1,IFNAR1,IKBKB,IKBKE,NUP133,NUP62,NUP85,NUP88,NUP93,PIK3C3,PIK3R4,PTPN6,RAE1,RPS5,RPS6,SFN,STAT1,TJP1,TOMM70
Reactome	R-HSA-9711097	Cellular response to starvation	10	ATP6V0B,ATP6V1D,NPRL2,RHEB,RPL39L,RPS5,RPS6,RRAGA,SESN1,TRIB3
Reactome	R-HSA-9711123	Cellular response to chemical stress	26	AKT1,BCL2,BLVRA,BRCA1,CAT,CCL2,CDKN1A,CDKN2A,CSNK2A2,CYCS,EGF,ERO1A,HMOX1,KEAP1,MYC,NFE2L2,NOTCH1,PDGFA,PRKCD,PSMD2,SESN1,SKP1,SQSTM1,STAP2,STAT3,TXNRD1
Reactome	R-HSA-9725370	Signaling by ALK fusions and activated point mutants	18	CCNB1,CDKN1A,CLTC,DNMT1,FRS2,JUN,MAPK9,NOTCH1,PIK3CA,PTPN6,RB1,RPS6,SHC1,SKP1,SQSTM1,STAT1,STAT3,TP53
Reactome	R-HSA-9730414	MITF-M-regulated melanocyte development	29	ASAH1,ATP6V0B,ATP6V1D,BCL2,BCL7B,BRCA1,CCNB1,CCND1,CDC25B,CDK2,CDKN1A,CDKN2A,CREB1,EDN1,EPRS1,KIT,LIG1,PLK1,PXN,RAB27A,RPS6KA1,SERPINE1,SMARCA4,SMARCC1,SMARCD2,SOX2,TBX2,TERT,TFAP2A
Reactome	R-HSA-9734009	Defective Intrinsic Pathway for Apoptosis	10	APP,CAPN1,CAST,CDC25A,CDC25B,CDK5R1,CDKN2A,FOXO3,JUN,TP53
Reactome	R-HSA-975138	TRAF6 mediated induction of NFkB and MAP kinases upon TLR7/8 or 9 activation	22	APP,ATF1,CREB1,DUSP3,DUSP4,DUSP6,FOS,IKBKB,JUN,MAPK9,MAPKAPK2,MAPKAPK3,MEF2C,NFKB2,NFKBIA,NFKBIB,RPS6KA1,SKP1,TICAM1,TLR4,TP53,USP14
Reactome	R-HSA-975155	MyD88 dependent cascade initiated on endosome	22	APP,ATF1,CREB1,DUSP3,DUSP4,DUSP6,FOS,IKBKB,JUN,MAPK9,MAPKAPK2,MAPKAPK3,MEF2C,NFKB2,NFKBIA,NFKBIB,RPS6KA1,SKP1,TICAM1,TLR4,TP53,USP14
Reactome	R-HSA-9755511	KEAP1-NFE2L2 pathway	20	AKT1,BCL2,BRCA1,CCL2,CDKN1A,CDKN2A,CSNK2A2,EGF,HMOX1,KEAP1,MYC,NFE2L2,NOTCH1,PDGFA,PRKCD,PSMD2,SESN1,SKP1,SQSTM1,TXNRD1
Reactome	R-HSA-975871	MyD88 cascade initiated on plasma membrane	20	APP,ATF1,CREB1,DUSP3,DUSP4,DUSP6,FOS,IKBKB,JUN,MAPK9,MAPKAPK2,MAPKAPK3,MEF2C,NFKB2,NFKBIA,NFKBIB,RPS6KA1,SKP1,TP53,USP14
Reactome	R-HSA-9759194	Nuclear events mediated by NFE2L2	14	BCL2,CCL2,CDKN2A,EGF,HMOX1,KEAP1,MYC,NFE2L2,NOTCH1,PDGFA,PSMD2,SKP1,SQSTM1,TXNRD1
Reactome	R-HSA-9759476	Regulation of Homotypic Cell-Cell Adhesion	20	CSNK2A2,CTNND1,CTSL,EED,EZH2,FYN,H2AZ2,H2BC12,H2BC21,HDAC2,MYC,PSMD2,RB1,RPN1,SMARCA4,SRC,SUZ12,TFAP2A,TLE1,ZMYM2
Reactome	R-HSA-9764265	Regulation of CDH1 Expression and Function	20	CSNK2A2,CTNND1,CTSL,EED,EZH2,FYN,H2AZ2,H2BC12,H2BC21,HDAC2,MYC,PSMD2,RB1,RPN1,SMARCA4,SRC,SUZ12,TFAP2A,TLE1,ZMYM2
Reactome	R-HSA-9764274	Regulation of Expression and Function of Type I Classical Cadherins	20	CSNK2A2,CTNND1,CTSL,EED,EZH2,FYN,H2AZ2,H2BC12,H2BC21,HDAC2,MYC,PSMD2,RB1,RPN1,SMARCA4,SRC,SUZ12,TFAP2A,TLE1,ZMYM2
Reactome	R-HSA-9764560	Regulation of CDH1 Gene Transcription	12	EED,EZH2,H2AZ2,H2BC12,H2BC21,HDAC2,RB1,SMARCA4,SUZ12,TFAP2A,TLE1,ZMYM2
Reactome	R-HSA-9764725	Negative Regulation of CDH1 Gene Transcription	10	EED,EZH2,H2AZ2,H2BC12,H2BC21,HDAC2,SMARCA4,SUZ12,TLE1,ZMYM2
Reactome	R-HSA-9820952	Respiratory Syncytial Virus Infection Pathway	10	BECN1,CDK19,CSNK2A2,EGFR,GPC1,HSPA8,IFNAR1,IGF1R,TLR4,UBE2L6
Reactome	R-HSA-9824443	Parasitic Infection Pathways	27	ABL1,APP,BTK,CDC42,CREB1,CRK,FYN,FZD7,GNAI1,GNAI2,GNAS,GNB5,HMOX1,IL1B,JUN,LYN,MYO10,NCK1,NFKB2,PRKACA,PRKX,PTK2,SRC,SYK,VAV3,WASF3,WIPF2
Reactome	R-HSA-983168	Antigen processing: Ubiquitination & Proteasome degradation	22	BLMH,CBLB,CCNF,CDC20,FBXL12,FBXO11,FBXO21,FBXO7,HERC6,KEAP1,KLHL21,KLHL9,LRRC41,PSMD2,SKP1,STUB1,UBE2A,UBE2C,UBE2J1,UBE2L6,UBE3B,UBE3C
Reactome	R-HSA-983169	Class I MHC mediated antigen processing & presentation	35	BECN1,BLMH,BTK,CBLB,CCNF,CDC20,CTSL,FBXL12,FBXO11,FBXO21,FBXO7,HERC6,IKBKB,ITGB5,KEAP1,KLHL21,KLHL9,LRRC41,PIK3C3,PIK3R4,PSMB10,PSMB8,PSMD2,PSME1,PSME2,SKP1,STUB1,STX4,TLR4,UBE2A,UBE2C,UBE2J1,UBE2L6,UBE3B,UBE3C
Reactome	R-HSA-983231	Factors involved in megakaryocyte development and platelet production	16	ABL1,CARMIL1,CDC42,CDK2,CENPE,GATA2,GATA3,HDAC2,HMG20B,KIF20A,KIF2C,KIF5C,PRKACA,RAD51C,TP53,TUBB6
Reactome	R-HSA-9833482	PKR-mediated signaling	12	CDK1,HSPA1A,HSPA8,IKBKB,NCK1,PPP2R5A,SNCA,STAT1,STAT3,TP53,TUBB6,UBE2L6
Reactome	R-HSA-983705	Signaling by the B Cell Receptor (BCR)	15	BTK,FYN,IKBKB,LYN,MALT1,NCK1,NFATC3,NFKBIA,NFKBIB,NFKBIE,NRAS,PSMD2,PTPN6,SKP1,SYK
Reactome	R-HSA-983712	Ion channel transport	8	ANO10,ATP11B,ATP1B1,ATP2C1,ATP6V0B,ATP6V1D,MCOLN1,TSC22D3
Reactome	R-HSA-9837999	Mitochondrial protein degradation	19	ALAS1,APP,BDH1,CLPX,DLD,ECH1,HADH,HSD17B10,HSPD1,IARS2,ME2,MRPL12,MRPS2,OXCT1,PCCB,PRKACA,TIMM22,TIMM9,YME1L1
Reactome	R-HSA-9839923	Dengue Virus Infection	33	BECN1,CHERP,CPSF4,DAXX,DDX42,EIF4G1,ELAVL1,GPC1,H2BC12,H2BC21,HSPA1A,HSPA8,HYOU1,IKBKE,LYN,NFKBIA,NFKBIB,NMT1,P4HA2,PAF1,PIK3C3,PIK3R4,POLR2I,POLR2K,PPIE,PROS1,PUF60,RNPS1,RPN1,SKIC8,SMNDC1,TJP1,TLR4
Reactome	R-HSA-9842860	Regulation of endogenous retroelements	10	BCL7B,DNMT3A,H2AZ2,H2BC12,H2BC21,HDAC2,MTA1,SMARCA4,SMARCC1,SMARCD2
Reactome	R-HSA-9845323	Regulation of endogenous retroelements by Piwi-interacting RNAs (piRNAs)	10	BCL7B,DNMT3A,H2AZ2,H2BC12,H2BC21,HDAC2,MTA1,SMARCA4,SMARCC1,SMARCD2
Reactome	R-HSA-9855142	Cellular responses to mechanical stimuli	16	ABL1,AKT1,FYN,GNA11,GNAS,GNB5,IKBKB,IKBKE,NFKBIA,NOS3,PIK3CA,PRKACA,PTK2,PTPN1,SPP1,STAT1
Reactome	R-HSA-9856651	MITF-M-dependent gene expression	25	ASAH1,ATP6V0B,ATP6V1D,BCL2,BCL7B,BRCA1,CCNB1,CCND1,CDC25B,CDK2,CDKN1A,CDKN2A,CREB1,LIG1,PLK1,PXN,RAB27A,SERPINE1,SMARCA4,SMARCC1,SMARCD2,SOX2,TBX2,TERT,TFAP2A
Reactome	R-HSA-9860931	Response of endothelial cells to shear stress	15	ABL1,AKT1,FYN,GNA11,GNAS,GNB5,IKBKB,IKBKE,NFKBIA,NOS3,PIK3CA,PRKACA,PTK2,PTPN1,STAT1
Reactome	R-HSA-9907900	Proteasome assembly	10	PSMB10,PSMB8,PSMD10,PSMD2,PSMD4,PSMD9,PSME1,PSME2,PSMF1,PSMG1
Reactome	R-HSA-9909648	Regulation of PD-L1(CD274) expression	21	CCND1,CDK4,CSNK2A2,EED,EZH2,FOS,H2AZ2,H2BC12,H2BC21,HIF1A,JUN,MYC,NFE2L2,NFKB2,PRKAG2,PSMD2,RPN1,SKP1,STAT1,STAT3,SUZ12
Reactome	R-HSA-9909649	Regulation of PD-L1(CD274) transcription	14	EED,EZH2,FOS,H2AZ2,H2BC12,H2BC21,HIF1A,JUN,MYC,NFE2L2,NFKB2,STAT1,STAT3,SUZ12
Reactome	R-HSA-9917777	Epigenetic regulation by WDR5-containing histone modifying complexes	11	ABL1,AKAP8L,CEBPA,H2AZ2,H2BC12,H2BC21,NCOA3,PEX11A,PPARG,PSIP1,RB1
Reactome	R-HSA-9918481	Dengue Virus-Host Interactions	25	BECN1,CHERP,CPSF4,DAXX,DDX42,ELAVL1,GPC1,H2BC12,H2BC21,HSPA8,IKBKE,NFKBIA,NFKBIB,PAF1,PIK3C3,PIK3R4,POLR2I,POLR2K,PPIE,PUF60,RNPS1,SKIC8,SMNDC1,TJP1,TLR4
Reactome	R-HSA-9932444	ATP-dependent chromatin remodelers	17	BCL7B,CHERP,DDX42,H2AZ2,H2BC12,H2BC21,HDAC2,IKZF1,MTA1,NFE2L2,PAF1,PUF60,SKIC8,SMARCA4,SMARCC1,SMARCD2,SMNDC1
Reactome	R-HSA-9937848	CHD chromatin remodelers	13	CHERP,DDX42,H2AZ2,H2BC12,H2BC21,HDAC2,IKZF1,MTA1,NFE2L2,PAF1,PUF60,SKIC8,SMNDC1
Reactome	R-HSA-9945266	Differentiation of T cells	14	ETS1,FOS,GATA3,HDAC2,HDAC6,IL4R,JUN,MAMLD1,MTA1,NOTCH1,SATB1,SMARCA4,STAT1,STAT5B
Reactome	R-HSA-9975921	Assembly of the 9+0 primary cilium	11	CCP110,CDK1,CEP57,CSNK1E,HDAC6,PAFAH1B1,PCM1,PLK1,PRKACA,TCTN1,TUBB6
Reactome	R-HSA-9976102	Differentiation of naive CD4+ T cells to T helper 2 cells (Th2 cells)	13	ETS1,FOS,GATA3,HDAC2,HDAC6,IL4R,JUN,MAMLD1,MTA1,NOTCH1,SATB1,SMARCA4,STAT5B
